run_id,experiment_stage,eligible_for_final_claims,evaluation_role,freeze_commit,freeze_tag,dataset_fingerprint,config_hash,pack_id,pack_hash,hierarchy,fold,horizon,context,base_model,seed,summing_matrix_hash,wall_train_sec_sum,top_mae_independent,reconciliation_method,nonnegative,coherence_error_before,coherence_error_after,is_coherent_after,top_mae,bottom_mae_mean,source_pack
base__memory_um__f0__h1__persistence__s0__independent__nn0,final,True,outer_evaluation,9f1bebb5d5998aab24fbffe33b048fd16b8095a6,experiment-freeze-v2,bf06dc0e7fe6ff5e,998ed4d20a8987d6,memory_classical,23f54983a9093bc0,memory_um,0,1,32,persistence,0,abe0cd1cb9555ccb,0.0001522509992355,1294154012.0869985,independent,False,0.0,0.0,True,1294154012.0869985,228518221.43809983,memory_classical
base__memory_um__f0__h1__persistence__s0__bottom_up__nn0,final,True,outer_evaluation,9f1bebb5d5998aab24fbffe33b048fd16b8095a6,experiment-freeze-v2,bf06dc0e7fe6ff5e,998ed4d20a8987d6,memory_classical,23f54983a9093bc0,memory_um,0,1,32,persistence,0,abe0cd1cb9555ccb,0.0001522509992355,1294154012.0869985,bottom_up,False,0.0,0.0,True,1294154012.0869985,228518221.43809983,memory_classical
base__memory_um__f0__h1__persistence__s0__wls__nn0,final,True,outer_evaluation,9f1bebb5d5998aab24fbffe33b048fd16b8095a6,experiment-freeze-v2,bf06dc0e7fe6ff5e,998ed4d20a8987d6,memory_classical,23f54983a9093bc0,memory_um,0,1,32,persistence,0,abe0cd1cb9555ccb,0.0001522509992355,1294154012.0869985,wls,False,0.0,0.0,True,1294154012.0865586,228518221.4388193,memory_classical
base__memory_um__f0__h1__persistence__s0__mint__nn0,final,True,outer_evaluation,9f1bebb5d5998aab24fbffe33b048fd16b8095a6,experiment-freeze-v2,bf06dc0e7fe6ff5e,998ed4d20a8987d6,memory_classical,23f54983a9093bc0,memory_um,0,1,32,persistence,0,abe0cd1cb9555ccb,0.0001522509992355,1294154012.0869985,mint,False,0.0,0.0,True,1294154012.0890834,228518221.43409243,memory_classical
base__memory_um__f0__h1__ridge__s0__independent__nn0,final,True,outer_evaluation,9f1bebb5d5998aab24fbffe33b048fd16b8095a6,experiment-freeze-v2,bf06dc0e7fe6ff5e,998ed4d20a8987d6,memory_classical,23f54983a9093bc0,memory_um,0,1,32,ridge,0,abe0cd1cb9555ccb,0.0082818350010711,1358694507.6124406,independent,False,465104157.5826315,465104157.5826315,False,1358694507.6124406,261733944.41832024,memory_classical
base__memory_um__f0__h1__ridge__s0__bottom_up__nn0,final,True,outer_evaluation,9f1bebb5d5998aab24fbffe33b048fd16b8095a6,experiment-freeze-v2,bf06dc0e7fe6ff5e,998ed4d20a8987d6,memory_classical,23f54983a9093bc0,memory_um,0,1,32,ridge,0,abe0cd1cb9555ccb,0.0082818350010711,1358694507.6124406,bottom_up,False,465104157.5826315,0.0,True,1263401149.574385,261733944.41832024,memory_classical
base__memory_um__f0__h1__ridge__s0__wls__nn0,final,True,outer_evaluation,9f1bebb5d5998aab24fbffe33b048fd16b8095a6,experiment-freeze-v2,bf06dc0e7fe6ff5e,998ed4d20a8987d6,memory_classical,23f54983a9093bc0,memory_um,0,1,32,ridge,0,abe0cd1cb9555ccb,0.0082818350010711,1358694507.6124406,wls,False,465104157.5826315,0.0,True,1272483790.1684682,262021246.0064301,memory_classical
base__memory_um__f0__h1__ridge__s0__mint__nn0,final,True,outer_evaluation,9f1bebb5d5998aab24fbffe33b048fd16b8095a6,experiment-freeze-v2,bf06dc0e7fe6ff5e,998ed4d20a8987d6,memory_classical,23f54983a9093bc0,memory_um,0,1,32,ridge,0,abe0cd1cb9555ccb,0.0082818350010711,1358694507.6124406,mint,False,465104157.5826315,0.0,True,1269417331.1720374,261697154.58173132,memory_classical
base__memory_um__f0__h1__lightgbm__s0__independent__nn0,final,True,outer_evaluation,9f1bebb5d5998aab24fbffe33b048fd16b8095a6,experiment-freeze-v2,bf06dc0e7fe6ff5e,998ed4d20a8987d6,memory_classical,23f54983a9093bc0,memory_um,0,1,32,lightgbm,0,abe0cd1cb9555ccb,1.2331542080000872,1848635679.4026904,independent,False,1491534985.8369813,1491534985.8369813,False,1848635679.4026904,506790526.9619207,memory_classical
base__memory_um__f0__h1__lightgbm__s0__bottom_up__nn0,final,True,outer_evaluation,9f1bebb5d5998aab24fbffe33b048fd16b8095a6,experiment-freeze-v2,bf06dc0e7fe6ff5e,998ed4d20a8987d6,memory_classical,23f54983a9093bc0,memory_um,0,1,32,lightgbm,0,abe0cd1cb9555ccb,1.2331542080000872,1848635679.4026904,bottom_up,False,1491534985.8369813,0.0,True,2075080793.3826785,506790526.9619207,memory_classical
base__memory_um__f0__h1__lightgbm__s0__wls__nn0,final,True,outer_evaluation,9f1bebb5d5998aab24fbffe33b048fd16b8095a6,experiment-freeze-v2,bf06dc0e7fe6ff5e,998ed4d20a8987d6,memory_classical,23f54983a9093bc0,memory_um,0,1,32,lightgbm,0,abe0cd1cb9555ccb,1.2331542080000872,1848635679.4026904,wls,False,1491534985.8369813,0.0,True,1868845404.0685005,522887013.1767534,memory_classical
base__memory_um__f0__h1__lightgbm__s0__mint__nn0,final,True,outer_evaluation,9f1bebb5d5998aab24fbffe33b048fd16b8095a6,experiment-freeze-v2,bf06dc0e7fe6ff5e,998ed4d20a8987d6,memory_classical,23f54983a9093bc0,memory_um,0,1,32,lightgbm,0,abe0cd1cb9555ccb,1.2331542080000872,1848635679.4026904,mint,False,1491534985.8369813,0.0,True,1832887965.928543,536030867.676578,memory_classical
base__memory_um__f0__h8__persistence__s0__independent__nn0,final,True,outer_evaluation,9f1bebb5d5998aab24fbffe33b048fd16b8095a6,experiment-freeze-v2,bf06dc0e7fe6ff5e,998ed4d20a8987d6,memory_classical,23f54983a9093bc0,memory_um,0,8,32,persistence,0,abe0cd1cb9555ccb,0.0002297510000062,1291570370.298706,independent,False,0.0,0.0,True,1291570370.298706,228173977.45051223,memory_classical
base__memory_um__f0__h8__persistence__s0__independent__nn1,final,True,outer_evaluation,9f1bebb5d5998aab24fbffe33b048fd16b8095a6,experiment-freeze-v2,bf06dc0e7fe6ff5e,998ed4d20a8987d6,memory_classical,23f54983a9093bc0,memory_um,0,8,32,persistence,0,abe0cd1cb9555ccb,0.0002297510000062,1291570370.298706,independent,True,0.0,0.0,True,1291570370.298706,228173977.45051223,memory_classical
base__memory_um__f0__h8__persistence__s0__bottom_up__nn0,final,True,outer_evaluation,9f1bebb5d5998aab24fbffe33b048fd16b8095a6,experiment-freeze-v2,bf06dc0e7fe6ff5e,998ed4d20a8987d6,memory_classical,23f54983a9093bc0,memory_um,0,8,32,persistence,0,abe0cd1cb9555ccb,0.0002297510000062,1291570370.298706,bottom_up,False,0.0,0.0,True,1291570370.298706,228173977.45051223,memory_classical
base__memory_um__f0__h8__persistence__s0__bottom_up__nn1,final,True,outer_evaluation,9f1bebb5d5998aab24fbffe33b048fd16b8095a6,experiment-freeze-v2,bf06dc0e7fe6ff5e,998ed4d20a8987d6,memory_classical,23f54983a9093bc0,memory_um,0,8,32,persistence,0,abe0cd1cb9555ccb,0.0002297510000062,1291570370.298706,bottom_up,True,0.0,0.0,True,1291570370.298706,228173977.45051223,memory_classical
base__memory_um__f0__h8__persistence__s0__wls__nn0,final,True,outer_evaluation,9f1bebb5d5998aab24fbffe33b048fd16b8095a6,experiment-freeze-v2,bf06dc0e7fe6ff5e,998ed4d20a8987d6,memory_classical,23f54983a9093bc0,memory_um,0,8,32,persistence,0,abe0cd1cb9555ccb,0.0002297510000062,1291570370.298706,wls,False,0.0,0.0,True,1291570370.298315,228173977.45110172,memory_classical
base__memory_um__f0__h8__persistence__s0__wls__nn1,final,True,outer_evaluation,9f1bebb5d5998aab24fbffe33b048fd16b8095a6,experiment-freeze-v2,bf06dc0e7fe6ff5e,998ed4d20a8987d6,memory_classical,23f54983a9093bc0,memory_um,0,8,32,persistence,0,abe0cd1cb9555ccb,0.0002297510000062,1291570370.298706,wls,True,0.0,0.0,True,1291570370.298315,228173977.45110172,memory_classical
base__memory_um__f0__h8__persistence__s0__mint__nn0,final,True,outer_evaluation,9f1bebb5d5998aab24fbffe33b048fd16b8095a6,experiment-freeze-v2,bf06dc0e7fe6ff5e,998ed4d20a8987d6,memory_classical,23f54983a9093bc0,memory_um,0,8,32,persistence,0,abe0cd1cb9555ccb,0.0002297510000062,1291570370.298706,mint,False,0.0,0.0,True,1291570370.2984016,228173977.45096025,memory_classical
base__memory_um__f0__h8__persistence__s0__mint__nn1,final,True,outer_evaluation,9f1bebb5d5998aab24fbffe33b048fd16b8095a6,experiment-freeze-v2,bf06dc0e7fe6ff5e,998ed4d20a8987d6,memory_classical,23f54983a9093bc0,memory_um,0,8,32,persistence,0,abe0cd1cb9555ccb,0.0002297510000062,1291570370.298706,mint,True,0.0,0.0,True,1291570370.2984016,228173977.45096025,memory_classical
base__memory_um__f0__h8__persistence__s0__ols__nn0,final,True,outer_evaluation,9f1bebb5d5998aab24fbffe33b048fd16b8095a6,experiment-freeze-v2,bf06dc0e7fe6ff5e,998ed4d20a8987d6,memory_classical,23f54983a9093bc0,memory_um,0,8,32,persistence,0,abe0cd1cb9555ccb,0.0002297510000062,1291570370.298706,ols,False,0.0,0.0,True,1291570370.298708,228173977.4505115,memory_classical
base__memory_um__f0__h8__persistence__s0__ols__nn1,final,True,outer_evaluation,9f1bebb5d5998aab24fbffe33b048fd16b8095a6,experiment-freeze-v2,bf06dc0e7fe6ff5e,998ed4d20a8987d6,memory_classical,23f54983a9093bc0,memory_um,0,8,32,persistence,0,abe0cd1cb9555ccb,0.0002297510000062,1291570370.298706,ols,True,0.0,0.0,True,1291570370.298708,228173977.4505115,memory_classical
base__memory_um__f0__h8__ridge__s0__independent__nn0,final,True,outer_evaluation,9f1bebb5d5998aab24fbffe33b048fd16b8095a6,experiment-freeze-v2,bf06dc0e7fe6ff5e,998ed4d20a8987d6,memory_classical,23f54983a9093bc0,memory_um,0,8,32,ridge,0,abe0cd1cb9555ccb,0.0364387500021621,1357156730.239117,independent,False,464923296.3696819,464923296.3696819,False,1357156730.239117,261400373.5963501,memory_classical
base__memory_um__f0__h8__ridge__s0__independent__nn1,final,True,outer_evaluation,9f1bebb5d5998aab24fbffe33b048fd16b8095a6,experiment-freeze-v2,bf06dc0e7fe6ff5e,998ed4d20a8987d6,memory_classical,23f54983a9093bc0,memory_um,0,8,32,ridge,0,abe0cd1cb9555ccb,0.0364387500021621,1357156730.239117,independent,True,464923296.3696819,0.0,True,1261466683.145857,261400373.5963501,memory_classical
base__memory_um__f0__h8__ridge__s0__bottom_up__nn0,final,True,outer_evaluation,9f1bebb5d5998aab24fbffe33b048fd16b8095a6,experiment-freeze-v2,bf06dc0e7fe6ff5e,998ed4d20a8987d6,memory_classical,23f54983a9093bc0,memory_um,0,8,32,ridge,0,abe0cd1cb9555ccb,0.0364387500021621,1357156730.239117,bottom_up,False,464923296.3696819,0.0,True,1261466683.145857,261400373.5963501,memory_classical
base__memory_um__f0__h8__ridge__s0__bottom_up__nn1,final,True,outer_evaluation,9f1bebb5d5998aab24fbffe33b048fd16b8095a6,experiment-freeze-v2,bf06dc0e7fe6ff5e,998ed4d20a8987d6,memory_classical,23f54983a9093bc0,memory_um,0,8,32,ridge,0,abe0cd1cb9555ccb,0.0364387500021621,1357156730.239117,bottom_up,True,464923296.3696819,0.0,True,1261466683.145857,261400373.5963501,memory_classical
base__memory_um__f0__h8__ridge__s0__wls__nn0,final,True,outer_evaluation,9f1bebb5d5998aab24fbffe33b048fd16b8095a6,experiment-freeze-v2,bf06dc0e7fe6ff5e,998ed4d20a8987d6,memory_classical,23f54983a9093bc0,memory_um,0,8,32,ridge,0,abe0cd1cb9555ccb,0.0364387500021621,1357156730.239117,wls,False,464923296.3696819,0.0,True,1277394243.230091,267470159.40056887,memory_classical
base__memory_um__f0__h8__ridge__s0__wls__nn1,final,True,outer_evaluation,9f1bebb5d5998aab24fbffe33b048fd16b8095a6,experiment-freeze-v2,bf06dc0e7fe6ff5e,998ed4d20a8987d6,memory_classical,23f54983a9093bc0,memory_um,0,8,32,ridge,0,abe0cd1cb9555ccb,0.0364387500021621,1357156730.239117,wls,True,464923296.3696819,0.0,True,1277394243.230091,267470159.40056887,memory_classical
base__memory_um__f0__h8__ridge__s0__mint__nn0,final,True,outer_evaluation,9f1bebb5d5998aab24fbffe33b048fd16b8095a6,experiment-freeze-v2,bf06dc0e7fe6ff5e,998ed4d20a8987d6,memory_classical,23f54983a9093bc0,memory_um,0,8,32,ridge,0,abe0cd1cb9555ccb,0.0364387500021621,1357156730.239117,mint,False,464923296.3696819,0.0,True,1273086565.0781949,265875886.39355135,memory_classical
base__memory_um__f0__h8__ridge__s0__mint__nn1,final,True,outer_evaluation,9f1bebb5d5998aab24fbffe33b048fd16b8095a6,experiment-freeze-v2,bf06dc0e7fe6ff5e,998ed4d20a8987d6,memory_classical,23f54983a9093bc0,memory_um,0,8,32,ridge,0,abe0cd1cb9555ccb,0.0364387500021621,1357156730.239117,mint,True,464923296.3696819,0.0,True,1273086565.0781949,265875886.39355135,memory_classical
base__memory_um__f0__h8__ridge__s0__ols__nn0,final,True,outer_evaluation,9f1bebb5d5998aab24fbffe33b048fd16b8095a6,experiment-freeze-v2,bf06dc0e7fe6ff5e,998ed4d20a8987d6,memory_classical,23f54983a9093bc0,memory_um,0,8,32,ridge,0,abe0cd1cb9555ccb,0.0364387500021621,1357156730.239117,ols,False,464923296.3696819,0.0,True,1334852101.8108466,281120921.002738,memory_classical
base__memory_um__f0__h8__ridge__s0__ols__nn1,final,True,outer_evaluation,9f1bebb5d5998aab24fbffe33b048fd16b8095a6,experiment-freeze-v2,bf06dc0e7fe6ff5e,998ed4d20a8987d6,memory_classical,23f54983a9093bc0,memory_um,0,8,32,ridge,0,abe0cd1cb9555ccb,0.0364387500021621,1357156730.239117,ols,True,464923296.3696819,0.0,True,1334852101.8108466,281120921.002738,memory_classical
base__memory_um__f0__h8__lightgbm__s0__independent__nn0,final,True,outer_evaluation,9f1bebb5d5998aab24fbffe33b048fd16b8095a6,experiment-freeze-v2,bf06dc0e7fe6ff5e,998ed4d20a8987d6,memory_classical,23f54983a9093bc0,memory_um,0,8,32,lightgbm,0,abe0cd1cb9555ccb,9.930978084000344,1526324191.3500135,independent,False,1792691829.1344185,1792691829.1344185,False,1526324191.3500135,506382941.607602,memory_classical
base__memory_um__f0__h8__lightgbm__s0__independent__nn1,final,True,outer_evaluation,9f1bebb5d5998aab24fbffe33b048fd16b8095a6,experiment-freeze-v2,bf06dc0e7fe6ff5e,998ed4d20a8987d6,memory_classical,23f54983a9093bc0,memory_um,0,8,32,lightgbm,0,abe0cd1cb9555ccb,9.930978084000344,1526324191.3500135,independent,True,1792691829.1344185,0.0,True,2008866215.1720128,506382941.607602,memory_classical
base__memory_um__f0__h8__lightgbm__s0__bottom_up__nn0,final,True,outer_evaluation,9f1bebb5d5998aab24fbffe33b048fd16b8095a6,experiment-freeze-v2,bf06dc0e7fe6ff5e,998ed4d20a8987d6,memory_classical,23f54983a9093bc0,memory_um,0,8,32,lightgbm,0,abe0cd1cb9555ccb,9.930978084000344,1526324191.3500135,bottom_up,False,1792691829.1344185,0.0,True,2008866215.1720128,506382941.607602,memory_classical
base__memory_um__f0__h8__lightgbm__s0__bottom_up__nn1,final,True,outer_evaluation,9f1bebb5d5998aab24fbffe33b048fd16b8095a6,experiment-freeze-v2,bf06dc0e7fe6ff5e,998ed4d20a8987d6,memory_classical,23f54983a9093bc0,memory_um,0,8,32,lightgbm,0,abe0cd1cb9555ccb,9.930978084000344,1526324191.3500135,bottom_up,True,1792691829.1344185,0.0,True,2008866215.1720128,506382941.607602,memory_classical
base__memory_um__f0__h8__lightgbm__s0__wls__nn0,final,True,outer_evaluation,9f1bebb5d5998aab24fbffe33b048fd16b8095a6,experiment-freeze-v2,bf06dc0e7fe6ff5e,998ed4d20a8987d6,memory_classical,23f54983a9093bc0,memory_um,0,8,32,lightgbm,0,abe0cd1cb9555ccb,9.930978084000344,1526324191.3500135,wls,False,1792691829.1344185,0.0,True,1616183556.0337863,535715187.2514022,memory_classical
base__memory_um__f0__h8__lightgbm__s0__wls__nn1,final,True,outer_evaluation,9f1bebb5d5998aab24fbffe33b048fd16b8095a6,experiment-freeze-v2,bf06dc0e7fe6ff5e,998ed4d20a8987d6,memory_classical,23f54983a9093bc0,memory_um,0,8,32,lightgbm,0,abe0cd1cb9555ccb,9.930978084000344,1526324191.3500135,wls,True,1792691829.1344185,0.0,True,1616183556.0337863,535715187.2514022,memory_classical
base__memory_um__f0__h8__lightgbm__s0__mint__nn0,final,True,outer_evaluation,9f1bebb5d5998aab24fbffe33b048fd16b8095a6,experiment-freeze-v2,bf06dc0e7fe6ff5e,998ed4d20a8987d6,memory_classical,23f54983a9093bc0,memory_um,0,8,32,lightgbm,0,abe0cd1cb9555ccb,9.930978084000344,1526324191.3500135,mint,False,1792691829.1344185,0.0,True,1758572960.419478,528429739.88751686,memory_classical
base__memory_um__f0__h8__lightgbm__s0__mint__nn1,final,True,outer_evaluation,9f1bebb5d5998aab24fbffe33b048fd16b8095a6,experiment-freeze-v2,bf06dc0e7fe6ff5e,998ed4d20a8987d6,memory_classical,23f54983a9093bc0,memory_um,0,8,32,lightgbm,0,abe0cd1cb9555ccb,9.930978084000344,1526324191.3500135,mint,True,1792691829.1344185,0.0,True,1758572960.419478,528429739.88751686,memory_classical
base__memory_um__f0__h8__lightgbm__s0__ols__nn0,final,True,outer_evaluation,9f1bebb5d5998aab24fbffe33b048fd16b8095a6,experiment-freeze-v2,bf06dc0e7fe6ff5e,998ed4d20a8987d6,memory_classical,23f54983a9093bc0,memory_um,0,8,32,lightgbm,0,abe0cd1cb9555ccb,9.930978084000344,1526324191.3500135,ols,False,1792691829.1344185,0.0,True,1440844663.2613654,567332226.1989976,memory_classical
base__memory_um__f0__h8__lightgbm__s0__ols__nn1,final,True,outer_evaluation,9f1bebb5d5998aab24fbffe33b048fd16b8095a6,experiment-freeze-v2,bf06dc0e7fe6ff5e,998ed4d20a8987d6,memory_classical,23f54983a9093bc0,memory_um,0,8,32,lightgbm,0,abe0cd1cb9555ccb,9.930978084000344,1526324191.3500135,ols,True,1792691829.1344185,0.0,True,1440844663.2613654,567332226.1989976,memory_classical
base__memory_um__f0__h16__persistence__s0__independent__nn0,final,True,outer_evaluation,9f1bebb5d5998aab24fbffe33b048fd16b8095a6,experiment-freeze-v2,bf06dc0e7fe6ff5e,998ed4d20a8987d6,memory_classical,23f54983a9093bc0,memory_um,0,16,32,persistence,0,abe0cd1cb9555ccb,0.0002973730006488,1285438902.927975,independent,False,0.0,0.0,True,1285438902.927975,227277894.74342436,memory_classical
base__memory_um__f0__h16__persistence__s0__bottom_up__nn0,final,True,outer_evaluation,9f1bebb5d5998aab24fbffe33b048fd16b8095a6,experiment-freeze-v2,bf06dc0e7fe6ff5e,998ed4d20a8987d6,memory_classical,23f54983a9093bc0,memory_um,0,16,32,persistence,0,abe0cd1cb9555ccb,0.0002973730006488,1285438902.927975,bottom_up,False,0.0,0.0,True,1285438902.927975,227277894.74342436,memory_classical
base__memory_um__f0__h16__persistence__s0__wls__nn0,final,True,outer_evaluation,9f1bebb5d5998aab24fbffe33b048fd16b8095a6,experiment-freeze-v2,bf06dc0e7fe6ff5e,998ed4d20a8987d6,memory_classical,23f54983a9093bc0,memory_um,0,16,32,persistence,0,abe0cd1cb9555ccb,0.0002973730006488,1285438902.927975,wls,False,0.0,0.0,True,1285438902.9279616,227277894.7426948,memory_classical
base__memory_um__f0__h16__persistence__s0__mint__nn0,final,True,outer_evaluation,9f1bebb5d5998aab24fbffe33b048fd16b8095a6,experiment-freeze-v2,bf06dc0e7fe6ff5e,998ed4d20a8987d6,memory_classical,23f54983a9093bc0,memory_um,0,16,32,persistence,0,abe0cd1cb9555ccb,0.0002973730006488,1285438902.927975,mint,False,0.0,0.0,True,1285438902.9279926,227277894.74295175,memory_classical
base__memory_um__f0__h16__ridge__s0__independent__nn0,final,True,outer_evaluation,9f1bebb5d5998aab24fbffe33b048fd16b8095a6,experiment-freeze-v2,bf06dc0e7fe6ff5e,998ed4d20a8987d6,memory_classical,23f54983a9093bc0,memory_um,0,16,32,ridge,0,abe0cd1cb9555ccb,0.0737911659989549,1353419666.8608923,independent,False,464949215.46992654,464949215.46992654,False,1353419666.8608923,260710830.93452504,memory_classical
base__memory_um__f0__h16__ridge__s0__bottom_up__nn0,final,True,outer_evaluation,9f1bebb5d5998aab24fbffe33b048fd16b8095a6,experiment-freeze-v2,bf06dc0e7fe6ff5e,998ed4d20a8987d6,memory_classical,23f54983a9093bc0,memory_um,0,16,32,ridge,0,abe0cd1cb9555ccb,0.0737911659989549,1353419666.8608923,bottom_up,False,464949215.46992654,0.0,True,1257283240.376119,260710830.93452504,memory_classical
base__memory_um__f0__h16__ridge__s0__wls__nn0,final,True,outer_evaluation,9f1bebb5d5998aab24fbffe33b048fd16b8095a6,experiment-freeze-v2,bf06dc0e7fe6ff5e,998ed4d20a8987d6,memory_classical,23f54983a9093bc0,memory_um,0,16,32,ridge,0,abe0cd1cb9555ccb,0.0737911659989549,1353419666.8608923,wls,False,464949215.46992654,0.0,True,1273487701.6344788,266823319.9246361,memory_classical
base__memory_um__f0__h16__ridge__s0__mint__nn0,final,True,outer_evaluation,9f1bebb5d5998aab24fbffe33b048fd16b8095a6,experiment-freeze-v2,bf06dc0e7fe6ff5e,998ed4d20a8987d6,memory_classical,23f54983a9093bc0,memory_um,0,16,32,ridge,0,abe0cd1cb9555ccb,0.0737911659989549,1353419666.8608923,mint,False,464949215.46992654,0.0,True,1269524914.210364,265376802.99344355,memory_classical
base__memory_um__f0__h16__lightgbm__s0__independent__nn0,final,True,outer_evaluation,9f1bebb5d5998aab24fbffe33b048fd16b8095a6,experiment-freeze-v2,bf06dc0e7fe6ff5e,998ed4d20a8987d6,memory_classical,23f54983a9093bc0,memory_um,0,16,32,lightgbm,0,abe0cd1cb9555ccb,19.173385248999693,1735274052.5911322,independent,False,1522331834.1169596,1522331834.1169596,False,1735274052.5911322,493552141.9963023,memory_classical
base__memory_um__f0__h16__lightgbm__s0__bottom_up__nn0,final,True,outer_evaluation,9f1bebb5d5998aab24fbffe33b048fd16b8095a6,experiment-freeze-v2,bf06dc0e7fe6ff5e,998ed4d20a8987d6,memory_classical,23f54983a9093bc0,memory_um,0,16,32,lightgbm,0,abe0cd1cb9555ccb,19.173385248999693,1735274052.5911322,bottom_up,False,1522331834.1169596,0.0,True,2111881147.9847877,493552141.9963023,memory_classical
base__memory_um__f0__h16__lightgbm__s0__wls__nn0,final,True,outer_evaluation,9f1bebb5d5998aab24fbffe33b048fd16b8095a6,experiment-freeze-v2,bf06dc0e7fe6ff5e,998ed4d20a8987d6,memory_classical,23f54983a9093bc0,memory_um,0,16,32,lightgbm,0,abe0cd1cb9555ccb,19.173385248999693,1735274052.5911322,wls,False,1522331834.1169596,0.0,True,1841620625.639331,517959041.81285065,memory_classical
base__memory_um__f0__h16__lightgbm__s0__mint__nn0,final,True,outer_evaluation,9f1bebb5d5998aab24fbffe33b048fd16b8095a6,experiment-freeze-v2,bf06dc0e7fe6ff5e,998ed4d20a8987d6,memory_classical,23f54983a9093bc0,memory_um,0,16,32,lightgbm,0,abe0cd1cb9555ccb,19.173385248999693,1735274052.5911322,mint,False,1522331834.1169596,0.0,True,1896120912.491208,514972121.9736704,memory_classical
base__memory_um__f1__h1__persistence__s0__independent__nn0,final,True,outer_evaluation,9f1bebb5d5998aab24fbffe33b048fd16b8095a6,experiment-freeze-v2,bf06dc0e7fe6ff5e,998ed4d20a8987d6,memory_classical,23f54983a9093bc0,memory_um,1,1,32,persistence,0,abe0cd1cb9555ccb,0.0002085819996864,843922661.6452392,independent,False,0.0,0.0,True,843922661.6452392,157294732.34661326,memory_classical
base__memory_um__f1__h1__persistence__s0__bottom_up__nn0,final,True,outer_evaluation,9f1bebb5d5998aab24fbffe33b048fd16b8095a6,experiment-freeze-v2,bf06dc0e7fe6ff5e,998ed4d20a8987d6,memory_classical,23f54983a9093bc0,memory_um,1,1,32,persistence,0,abe0cd1cb9555ccb,0.0002085819996864,843922661.6452392,bottom_up,False,0.0,0.0,True,843922661.6452392,157294732.34661326,memory_classical
base__memory_um__f1__h1__persistence__s0__wls__nn0,final,True,outer_evaluation,9f1bebb5d5998aab24fbffe33b048fd16b8095a6,experiment-freeze-v2,bf06dc0e7fe6ff5e,998ed4d20a8987d6,memory_classical,23f54983a9093bc0,memory_um,1,1,32,persistence,0,abe0cd1cb9555ccb,0.0002085819996864,843922661.6452392,wls,False,0.0,0.0,True,843922661.6454324,157294732.34648773,memory_classical
base__memory_um__f1__h1__persistence__s0__mint__nn0,final,True,outer_evaluation,9f1bebb5d5998aab24fbffe33b048fd16b8095a6,experiment-freeze-v2,bf06dc0e7fe6ff5e,998ed4d20a8987d6,memory_classical,23f54983a9093bc0,memory_um,1,1,32,persistence,0,abe0cd1cb9555ccb,0.0002085819996864,843922661.6452392,mint,False,0.0,0.0,True,843922661.6447572,157294732.34227806,memory_classical
base__memory_um__f1__h1__ridge__s0__independent__nn0,final,True,outer_evaluation,9f1bebb5d5998aab24fbffe33b048fd16b8095a6,experiment-freeze-v2,bf06dc0e7fe6ff5e,998ed4d20a8987d6,memory_classical,23f54983a9093bc0,memory_um,1,1,32,ridge,0,abe0cd1cb9555ccb,0.009547998999551,834422178.6472346,independent,False,301581705.2888302,301581705.2888302,False,834422178.6472346,178183129.56075722,memory_classical
base__memory_um__f1__h1__ridge__s0__bottom_up__nn0,final,True,outer_evaluation,9f1bebb5d5998aab24fbffe33b048fd16b8095a6,experiment-freeze-v2,bf06dc0e7fe6ff5e,998ed4d20a8987d6,memory_classical,23f54983a9093bc0,memory_um,1,1,32,ridge,0,abe0cd1cb9555ccb,0.009547998999551,834422178.6472346,bottom_up,False,301581705.2888302,0.0,True,792068860.7184273,178183129.56075722,memory_classical
base__memory_um__f1__h1__ridge__s0__wls__nn0,final,True,outer_evaluation,9f1bebb5d5998aab24fbffe33b048fd16b8095a6,experiment-freeze-v2,bf06dc0e7fe6ff5e,998ed4d20a8987d6,memory_classical,23f54983a9093bc0,memory_um,1,1,32,ridge,0,abe0cd1cb9555ccb,0.009547998999551,834422178.6472346,wls,False,301581705.2888302,0.0,True,787020827.6599429,177628446.42540455,memory_classical
base__memory_um__f1__h1__ridge__s0__mint__nn0,final,True,outer_evaluation,9f1bebb5d5998aab24fbffe33b048fd16b8095a6,experiment-freeze-v2,bf06dc0e7fe6ff5e,998ed4d20a8987d6,memory_classical,23f54983a9093bc0,memory_um,1,1,32,ridge,0,abe0cd1cb9555ccb,0.009547998999551,834422178.6472346,mint,False,301581705.2888302,0.0,True,787248084.4787565,177520776.7147126,memory_classical
base__memory_um__f1__h1__lightgbm__s0__independent__nn0,final,True,outer_evaluation,9f1bebb5d5998aab24fbffe33b048fd16b8095a6,experiment-freeze-v2,bf06dc0e7fe6ff5e,998ed4d20a8987d6,memory_classical,23f54983a9093bc0,memory_um,1,1,32,lightgbm,0,abe0cd1cb9555ccb,1.349383542000396,1352577183.857901,independent,False,732754784.1564883,732754784.1564883,False,1352577183.857901,238395087.0982274,memory_classical
base__memory_um__f1__h1__lightgbm__s0__bottom_up__nn0,final,True,outer_evaluation,9f1bebb5d5998aab24fbffe33b048fd16b8095a6,experiment-freeze-v2,bf06dc0e7fe6ff5e,998ed4d20a8987d6,memory_classical,23f54983a9093bc0,memory_um,1,1,32,lightgbm,0,abe0cd1cb9555ccb,1.349383542000396,1352577183.857901,bottom_up,False,732754784.1564883,0.0,True,1196299637.4371316,238395087.0982274,memory_classical
base__memory_um__f1__h1__lightgbm__s0__wls__nn0,final,True,outer_evaluation,9f1bebb5d5998aab24fbffe33b048fd16b8095a6,experiment-freeze-v2,bf06dc0e7fe6ff5e,998ed4d20a8987d6,memory_classical,23f54983a9093bc0,memory_um,1,1,32,lightgbm,0,abe0cd1cb9555ccb,1.349383542000396,1352577183.857901,wls,False,732754784.1564883,0.0,True,1221869948.131101,246352054.7894912,memory_classical
base__memory_um__f1__h1__lightgbm__s0__mint__nn0,final,True,outer_evaluation,9f1bebb5d5998aab24fbffe33b048fd16b8095a6,experiment-freeze-v2,bf06dc0e7fe6ff5e,998ed4d20a8987d6,memory_classical,23f54983a9093bc0,memory_um,1,1,32,lightgbm,0,abe0cd1cb9555ccb,1.349383542000396,1352577183.857901,mint,False,732754784.1564883,0.0,True,1220404550.4824648,246949233.4340988,memory_classical
base__memory_um__f1__h8__persistence__s0__independent__nn0,final,True,outer_evaluation,9f1bebb5d5998aab24fbffe33b048fd16b8095a6,experiment-freeze-v2,bf06dc0e7fe6ff5e,998ed4d20a8987d6,memory_classical,23f54983a9093bc0,memory_um,1,8,32,persistence,0,abe0cd1cb9555ccb,0.0002951259994006,844465442.1477809,independent,False,0.0,0.0,True,844465442.1477809,157380669.84724358,memory_classical
base__memory_um__f1__h8__persistence__s0__independent__nn1,final,True,outer_evaluation,9f1bebb5d5998aab24fbffe33b048fd16b8095a6,experiment-freeze-v2,bf06dc0e7fe6ff5e,998ed4d20a8987d6,memory_classical,23f54983a9093bc0,memory_um,1,8,32,persistence,0,abe0cd1cb9555ccb,0.0002951259994006,844465442.1477809,independent,True,0.0,0.0,True,844465442.1477809,157380669.84724358,memory_classical
base__memory_um__f1__h8__persistence__s0__bottom_up__nn0,final,True,outer_evaluation,9f1bebb5d5998aab24fbffe33b048fd16b8095a6,experiment-freeze-v2,bf06dc0e7fe6ff5e,998ed4d20a8987d6,memory_classical,23f54983a9093bc0,memory_um,1,8,32,persistence,0,abe0cd1cb9555ccb,0.0002951259994006,844465442.1477809,bottom_up,False,0.0,0.0,True,844465442.1477809,157380669.84724358,memory_classical
base__memory_um__f1__h8__persistence__s0__bottom_up__nn1,final,True,outer_evaluation,9f1bebb5d5998aab24fbffe33b048fd16b8095a6,experiment-freeze-v2,bf06dc0e7fe6ff5e,998ed4d20a8987d6,memory_classical,23f54983a9093bc0,memory_um,1,8,32,persistence,0,abe0cd1cb9555ccb,0.0002951259994006,844465442.1477809,bottom_up,True,0.0,0.0,True,844465442.1477809,157380669.84724358,memory_classical
base__memory_um__f1__h8__persistence__s0__wls__nn0,final,True,outer_evaluation,9f1bebb5d5998aab24fbffe33b048fd16b8095a6,experiment-freeze-v2,bf06dc0e7fe6ff5e,998ed4d20a8987d6,memory_classical,23f54983a9093bc0,memory_um,1,8,32,persistence,0,abe0cd1cb9555ccb,0.0002951259994006,844465442.1477809,wls,False,0.0,0.0,True,844465442.1480584,157380669.84928608,memory_classical
base__memory_um__f1__h8__persistence__s0__wls__nn1,final,True,outer_evaluation,9f1bebb5d5998aab24fbffe33b048fd16b8095a6,experiment-freeze-v2,bf06dc0e7fe6ff5e,998ed4d20a8987d6,memory_classical,23f54983a9093bc0,memory_um,1,8,32,persistence,0,abe0cd1cb9555ccb,0.0002951259994006,844465442.1477809,wls,True,0.0,0.0,True,844465442.1480584,157380669.84928608,memory_classical
base__memory_um__f1__h8__persistence__s0__mint__nn0,final,True,outer_evaluation,9f1bebb5d5998aab24fbffe33b048fd16b8095a6,experiment-freeze-v2,bf06dc0e7fe6ff5e,998ed4d20a8987d6,memory_classical,23f54983a9093bc0,memory_um,1,8,32,persistence,0,abe0cd1cb9555ccb,0.0002951259994006,844465442.1477809,mint,False,0.0,0.0,True,844465442.1479094,157380669.84873253,memory_classical
base__memory_um__f1__h8__persistence__s0__mint__nn1,final,True,outer_evaluation,9f1bebb5d5998aab24fbffe33b048fd16b8095a6,experiment-freeze-v2,bf06dc0e7fe6ff5e,998ed4d20a8987d6,memory_classical,23f54983a9093bc0,memory_um,1,8,32,persistence,0,abe0cd1cb9555ccb,0.0002951259994006,844465442.1477809,mint,True,0.0,0.0,True,844465442.1479094,157380669.84873253,memory_classical
base__memory_um__f1__h8__persistence__s0__ols__nn0,final,True,outer_evaluation,9f1bebb5d5998aab24fbffe33b048fd16b8095a6,experiment-freeze-v2,bf06dc0e7fe6ff5e,998ed4d20a8987d6,memory_classical,23f54983a9093bc0,memory_um,1,8,32,persistence,0,abe0cd1cb9555ccb,0.0002951259994006,844465442.1477809,ols,False,0.0,0.0,True,844465442.1477814,157380669.84724268,memory_classical
base__memory_um__f1__h8__persistence__s0__ols__nn1,final,True,outer_evaluation,9f1bebb5d5998aab24fbffe33b048fd16b8095a6,experiment-freeze-v2,bf06dc0e7fe6ff5e,998ed4d20a8987d6,memory_classical,23f54983a9093bc0,memory_um,1,8,32,persistence,0,abe0cd1cb9555ccb,0.0002951259994006,844465442.1477809,ols,True,0.0,0.0,True,844465442.1477814,157380669.84724268,memory_classical
base__memory_um__f1__h8__ridge__s0__independent__nn0,final,True,outer_evaluation,9f1bebb5d5998aab24fbffe33b048fd16b8095a6,experiment-freeze-v2,bf06dc0e7fe6ff5e,998ed4d20a8987d6,memory_classical,23f54983a9093bc0,memory_um,1,8,32,ridge,0,abe0cd1cb9555ccb,0.0562701649996597,835005834.3233938,independent,False,301967643.2167778,301967643.2167778,False,835005834.3233938,178261117.22330353,memory_classical
base__memory_um__f1__h8__ridge__s0__independent__nn1,final,True,outer_evaluation,9f1bebb5d5998aab24fbffe33b048fd16b8095a6,experiment-freeze-v2,bf06dc0e7fe6ff5e,998ed4d20a8987d6,memory_classical,23f54983a9093bc0,memory_um,1,8,32,ridge,0,abe0cd1cb9555ccb,0.0562701649996597,835005834.3233938,independent,True,301967643.2167778,0.0,True,792793346.5996116,178261117.22330353,memory_classical
base__memory_um__f1__h8__ridge__s0__bottom_up__nn0,final,True,outer_evaluation,9f1bebb5d5998aab24fbffe33b048fd16b8095a6,experiment-freeze-v2,bf06dc0e7fe6ff5e,998ed4d20a8987d6,memory_classical,23f54983a9093bc0,memory_um,1,8,32,ridge,0,abe0cd1cb9555ccb,0.0562701649996597,835005834.3233938,bottom_up,False,301967643.2167778,0.0,True,792793346.5996116,178261117.22330353,memory_classical
base__memory_um__f1__h8__ridge__s0__bottom_up__nn1,final,True,outer_evaluation,9f1bebb5d5998aab24fbffe33b048fd16b8095a6,experiment-freeze-v2,bf06dc0e7fe6ff5e,998ed4d20a8987d6,memory_classical,23f54983a9093bc0,memory_um,1,8,32,ridge,0,abe0cd1cb9555ccb,0.0562701649996597,835005834.3233938,bottom_up,True,301967643.2167778,0.0,True,792793346.5996116,178261117.22330353,memory_classical
base__memory_um__f1__h8__ridge__s0__wls__nn0,final,True,outer_evaluation,9f1bebb5d5998aab24fbffe33b048fd16b8095a6,experiment-freeze-v2,bf06dc0e7fe6ff5e,998ed4d20a8987d6,memory_classical,23f54983a9093bc0,memory_um,1,8,32,ridge,0,abe0cd1cb9555ccb,0.0562701649996597,835005834.3233938,wls,False,301967643.2167778,0.0,True,787653614.2190269,177698230.19479868,memory_classical
base__memory_um__f1__h8__ridge__s0__wls__nn1,final,True,outer_evaluation,9f1bebb5d5998aab24fbffe33b048fd16b8095a6,experiment-freeze-v2,bf06dc0e7fe6ff5e,998ed4d20a8987d6,memory_classical,23f54983a9093bc0,memory_um,1,8,32,ridge,0,abe0cd1cb9555ccb,0.0562701649996597,835005834.3233938,wls,True,301967643.2167778,0.0,True,787653614.2190269,177698230.19479868,memory_classical
base__memory_um__f1__h8__ridge__s0__mint__nn0,final,True,outer_evaluation,9f1bebb5d5998aab24fbffe33b048fd16b8095a6,experiment-freeze-v2,bf06dc0e7fe6ff5e,998ed4d20a8987d6,memory_classical,23f54983a9093bc0,memory_um,1,8,32,ridge,0,abe0cd1cb9555ccb,0.0562701649996597,835005834.3233938,mint,False,301967643.2167778,0.0,True,787864181.2173144,177587842.28029156,memory_classical
base__memory_um__f1__h8__ridge__s0__mint__nn1,final,True,outer_evaluation,9f1bebb5d5998aab24fbffe33b048fd16b8095a6,experiment-freeze-v2,bf06dc0e7fe6ff5e,998ed4d20a8987d6,memory_classical,23f54983a9093bc0,memory_um,1,8,32,ridge,0,abe0cd1cb9555ccb,0.0562701649996597,835005834.3233938,mint,True,301967643.2167778,0.0,True,787864181.2173144,177587842.28029156,memory_classical
base__memory_um__f1__h8__ridge__s0__ols__nn0,final,True,outer_evaluation,9f1bebb5d5998aab24fbffe33b048fd16b8095a6,experiment-freeze-v2,bf06dc0e7fe6ff5e,998ed4d20a8987d6,memory_classical,23f54983a9093bc0,memory_um,1,8,32,ridge,0,abe0cd1cb9555ccb,0.0562701649996597,835005834.3233938,ols,False,301967643.2167778,0.0,True,821309487.7842588,188477389.08515844,memory_classical
base__memory_um__f1__h8__ridge__s0__ols__nn1,final,True,outer_evaluation,9f1bebb5d5998aab24fbffe33b048fd16b8095a6,experiment-freeze-v2,bf06dc0e7fe6ff5e,998ed4d20a8987d6,memory_classical,23f54983a9093bc0,memory_um,1,8,32,ridge,0,abe0cd1cb9555ccb,0.0562701649996597,835005834.3233938,ols,True,301967643.2167778,0.0,True,821309487.7842588,188477389.08515844,memory_classical
base__memory_um__f1__h8__lightgbm__s0__independent__nn0,final,True,outer_evaluation,9f1bebb5d5998aab24fbffe33b048fd16b8095a6,experiment-freeze-v2,bf06dc0e7fe6ff5e,998ed4d20a8987d6,memory_classical,23f54983a9093bc0,memory_um,1,8,32,lightgbm,0,abe0cd1cb9555ccb,10.648379502002172,1349230704.7903304,independent,False,799168503.5116102,799168503.5116102,False,1349230704.7903304,255925025.03682604,memory_classical
base__memory_um__f1__h8__lightgbm__s0__independent__nn1,final,True,outer_evaluation,9f1bebb5d5998aab24fbffe33b048fd16b8095a6,experiment-freeze-v2,bf06dc0e7fe6ff5e,998ed4d20a8987d6,memory_classical,23f54983a9093bc0,memory_um,1,8,32,lightgbm,0,abe0cd1cb9555ccb,10.648379502002172,1349230704.7903304,independent,True,799168503.5116102,0.0,True,1340514100.6138046,255925025.03682604,memory_classical
base__memory_um__f1__h8__lightgbm__s0__bottom_up__nn0,final,True,outer_evaluation,9f1bebb5d5998aab24fbffe33b048fd16b8095a6,experiment-freeze-v2,bf06dc0e7fe6ff5e,998ed4d20a8987d6,memory_classical,23f54983a9093bc0,memory_um,1,8,32,lightgbm,0,abe0cd1cb9555ccb,10.648379502002172,1349230704.7903304,bottom_up,False,799168503.5116102,0.0,True,1340514100.6138046,255925025.03682604,memory_classical
base__memory_um__f1__h8__lightgbm__s0__bottom_up__nn1,final,True,outer_evaluation,9f1bebb5d5998aab24fbffe33b048fd16b8095a6,experiment-freeze-v2,bf06dc0e7fe6ff5e,998ed4d20a8987d6,memory_classical,23f54983a9093bc0,memory_um,1,8,32,lightgbm,0,abe0cd1cb9555ccb,10.648379502002172,1349230704.7903304,bottom_up,True,799168503.5116102,0.0,True,1340514100.6138046,255925025.03682604,memory_classical
base__memory_um__f1__h8__lightgbm__s0__wls__nn0,final,True,outer_evaluation,9f1bebb5d5998aab24fbffe33b048fd16b8095a6,experiment-freeze-v2,bf06dc0e7fe6ff5e,998ed4d20a8987d6,memory_classical,23f54983a9093bc0,memory_um,1,8,32,lightgbm,0,abe0cd1cb9555ccb,10.648379502002172,1349230704.7903304,wls,False,799168503.5116102,0.0,True,1316136713.382926,260569657.43985084,memory_classical
base__memory_um__f1__h8__lightgbm__s0__wls__nn1,final,True,outer_evaluation,9f1bebb5d5998aab24fbffe33b048fd16b8095a6,experiment-freeze-v2,bf06dc0e7fe6ff5e,998ed4d20a8987d6,memory_classical,23f54983a9093bc0,memory_um,1,8,32,lightgbm,0,abe0cd1cb9555ccb,10.648379502002172,1349230704.7903304,wls,True,799168503.5116102,0.0,True,1316136713.382926,260569657.43985084,memory_classical
base__memory_um__f1__h8__lightgbm__s0__mint__nn0,final,True,outer_evaluation,9f1bebb5d5998aab24fbffe33b048fd16b8095a6,experiment-freeze-v2,bf06dc0e7fe6ff5e,998ed4d20a8987d6,memory_classical,23f54983a9093bc0,memory_um,1,8,32,lightgbm,0,abe0cd1cb9555ccb,10.648379502002172,1349230704.7903304,mint,False,799168503.5116102,0.0,True,1316686002.217671,261977288.54998517,memory_classical
base__memory_um__f1__h8__lightgbm__s0__mint__nn1,final,True,outer_evaluation,9f1bebb5d5998aab24fbffe33b048fd16b8095a6,experiment-freeze-v2,bf06dc0e7fe6ff5e,998ed4d20a8987d6,memory_classical,23f54983a9093bc0,memory_um,1,8,32,lightgbm,0,abe0cd1cb9555ccb,10.648379502002172,1349230704.7903304,mint,True,799168503.5116102,0.0,True,1316686002.217671,261977288.54998517,memory_classical
base__memory_um__f1__h8__lightgbm__s0__ols__nn0,final,True,outer_evaluation,9f1bebb5d5998aab24fbffe33b048fd16b8095a6,experiment-freeze-v2,bf06dc0e7fe6ff5e,998ed4d20a8987d6,memory_classical,23f54983a9093bc0,memory_um,1,8,32,lightgbm,0,abe0cd1cb9555ccb,10.648379502002172,1349230704.7903304,ols,False,799168503.5116102,0.0,True,1331571667.075231,295763737.8926946,memory_classical
base__memory_um__f1__h8__lightgbm__s0__ols__nn1,final,True,outer_evaluation,9f1bebb5d5998aab24fbffe33b048fd16b8095a6,experiment-freeze-v2,bf06dc0e7fe6ff5e,998ed4d20a8987d6,memory_classical,23f54983a9093bc0,memory_um,1,8,32,lightgbm,0,abe0cd1cb9555ccb,10.648379502002172,1349230704.7903304,ols,True,799168503.5116102,0.0,True,1331571667.075231,295763737.8926946,memory_classical
base__memory_um__f1__h16__persistence__s0__independent__nn0,final,True,outer_evaluation,9f1bebb5d5998aab24fbffe33b048fd16b8095a6,experiment-freeze-v2,bf06dc0e7fe6ff5e,998ed4d20a8987d6,memory_classical,23f54983a9093bc0,memory_um,1,16,32,persistence,0,abe0cd1cb9555ccb,0.0004721270015579,844976853.3901465,independent,False,0.0,0.0,True,844976853.3901465,157471415.92404935,memory_classical
base__memory_um__f1__h16__persistence__s0__bottom_up__nn0,final,True,outer_evaluation,9f1bebb5d5998aab24fbffe33b048fd16b8095a6,experiment-freeze-v2,bf06dc0e7fe6ff5e,998ed4d20a8987d6,memory_classical,23f54983a9093bc0,memory_um,1,16,32,persistence,0,abe0cd1cb9555ccb,0.0004721270015579,844976853.3901465,bottom_up,False,0.0,0.0,True,844976853.3901465,157471415.92404935,memory_classical
base__memory_um__f1__h16__persistence__s0__wls__nn0,final,True,outer_evaluation,9f1bebb5d5998aab24fbffe33b048fd16b8095a6,experiment-freeze-v2,bf06dc0e7fe6ff5e,998ed4d20a8987d6,memory_classical,23f54983a9093bc0,memory_um,1,16,32,persistence,0,abe0cd1cb9555ccb,0.0004721270015579,844976853.3901465,wls,False,0.0,0.0,True,844976853.390347,157471415.9286682,memory_classical
base__memory_um__f1__h16__persistence__s0__mint__nn0,final,True,outer_evaluation,9f1bebb5d5998aab24fbffe33b048fd16b8095a6,experiment-freeze-v2,bf06dc0e7fe6ff5e,998ed4d20a8987d6,memory_classical,23f54983a9093bc0,memory_um,1,16,32,persistence,0,abe0cd1cb9555ccb,0.0004721270015579,844976853.3901465,mint,False,0.0,0.0,True,844976853.3903192,157471415.92744425,memory_classical
base__memory_um__f1__h16__ridge__s0__independent__nn0,final,True,outer_evaluation,9f1bebb5d5998aab24fbffe33b048fd16b8095a6,experiment-freeze-v2,bf06dc0e7fe6ff5e,998ed4d20a8987d6,memory_classical,23f54983a9093bc0,memory_um,1,16,32,ridge,0,abe0cd1cb9555ccb,0.1427020000000993,835539072.0094448,independent,False,301682596.29424995,301682596.29424995,False,835539072.0094448,178285454.22070652,memory_classical
base__memory_um__f1__h16__ridge__s0__bottom_up__nn0,final,True,outer_evaluation,9f1bebb5d5998aab24fbffe33b048fd16b8095a6,experiment-freeze-v2,bf06dc0e7fe6ff5e,998ed4d20a8987d6,memory_classical,23f54983a9093bc0,memory_um,1,16,32,ridge,0,abe0cd1cb9555ccb,0.1427020000000993,835539072.0094448,bottom_up,False,301682596.29424995,0.0,True,792886360.3036158,178285454.22070652,memory_classical
base__memory_um__f1__h16__ridge__s0__wls__nn0,final,True,outer_evaluation,9f1bebb5d5998aab24fbffe33b048fd16b8095a6,experiment-freeze-v2,bf06dc0e7fe6ff5e,998ed4d20a8987d6,memory_classical,23f54983a9093bc0,memory_um,1,16,32,ridge,0,abe0cd1cb9555ccb,0.1427020000000993,835539072.0094448,wls,False,301682596.29424995,0.0,True,787972211.0399096,177692845.99600843,memory_classical
base__memory_um__f1__h16__ridge__s0__mint__nn0,final,True,outer_evaluation,9f1bebb5d5998aab24fbffe33b048fd16b8095a6,experiment-freeze-v2,bf06dc0e7fe6ff5e,998ed4d20a8987d6,memory_classical,23f54983a9093bc0,memory_um,1,16,32,ridge,0,abe0cd1cb9555ccb,0.1427020000000993,835539072.0094448,mint,False,301682596.29424995,0.0,True,788200179.1092962,177595965.74185032,memory_classical
base__memory_um__f1__h16__lightgbm__s0__independent__nn0,final,True,outer_evaluation,9f1bebb5d5998aab24fbffe33b048fd16b8095a6,experiment-freeze-v2,bf06dc0e7fe6ff5e,998ed4d20a8987d6,memory_classical,23f54983a9093bc0,memory_um,1,16,32,lightgbm,0,abe0cd1cb9555ccb,21.55464358500012,1348125215.317614,independent,False,787283428.9104376,787283428.9104376,False,1348125215.317614,265230185.9482822,memory_classical
base__memory_um__f1__h16__lightgbm__s0__bottom_up__nn0,final,True,outer_evaluation,9f1bebb5d5998aab24fbffe33b048fd16b8095a6,experiment-freeze-v2,bf06dc0e7fe6ff5e,998ed4d20a8987d6,memory_classical,23f54983a9093bc0,memory_um,1,16,32,lightgbm,0,abe0cd1cb9555ccb,21.55464358500012,1348125215.317614,bottom_up,False,787283428.9104376,0.0,True,1398288473.5837512,265230185.9482822,memory_classical
base__memory_um__f1__h16__lightgbm__s0__wls__nn0,final,True,outer_evaluation,9f1bebb5d5998aab24fbffe33b048fd16b8095a6,experiment-freeze-v2,bf06dc0e7fe6ff5e,998ed4d20a8987d6,memory_classical,23f54983a9093bc0,memory_um,1,16,32,lightgbm,0,abe0cd1cb9555ccb,21.55464358500012,1348125215.317614,wls,False,787283428.9104376,0.0,True,1354999717.5109816,269224669.04179174,memory_classical
base__memory_um__f1__h16__lightgbm__s0__mint__nn0,final,True,outer_evaluation,9f1bebb5d5998aab24fbffe33b048fd16b8095a6,experiment-freeze-v2,bf06dc0e7fe6ff5e,998ed4d20a8987d6,memory_classical,23f54983a9093bc0,memory_um,1,16,32,lightgbm,0,abe0cd1cb9555ccb,21.55464358500012,1348125215.317614,mint,False,787283428.9104376,0.0,True,1355061135.6553676,271808252.7808545,memory_classical
base__memory_um__f2__h1__persistence__s0__independent__nn0,final,True,outer_evaluation,9f1bebb5d5998aab24fbffe33b048fd16b8095a6,experiment-freeze-v2,bf06dc0e7fe6ff5e,998ed4d20a8987d6,memory_classical,23f54983a9093bc0,memory_um,2,1,32,persistence,0,abe0cd1cb9555ccb,0.0002037940012087,1042314122.8689456,independent,False,0.0,0.0,True,1042314122.8689456,190911648.209273,memory_classical
base__memory_um__f2__h1__persistence__s0__bottom_up__nn0,final,True,outer_evaluation,9f1bebb5d5998aab24fbffe33b048fd16b8095a6,experiment-freeze-v2,bf06dc0e7fe6ff5e,998ed4d20a8987d6,memory_classical,23f54983a9093bc0,memory_um,2,1,32,persistence,0,abe0cd1cb9555ccb,0.0002037940012087,1042314122.8689456,bottom_up,False,0.0,0.0,True,1042314122.8689456,190911648.209273,memory_classical
base__memory_um__f2__h1__persistence__s0__wls__nn0,final,True,outer_evaluation,9f1bebb5d5998aab24fbffe33b048fd16b8095a6,experiment-freeze-v2,bf06dc0e7fe6ff5e,998ed4d20a8987d6,memory_classical,23f54983a9093bc0,memory_um,2,1,32,persistence,0,abe0cd1cb9555ccb,0.0002037940012087,1042314122.8689456,wls,False,0.0,0.0,True,1042314122.8677672,190911648.21055385,memory_classical
base__memory_um__f2__h1__persistence__s0__mint__nn0,final,True,outer_evaluation,9f1bebb5d5998aab24fbffe33b048fd16b8095a6,experiment-freeze-v2,bf06dc0e7fe6ff5e,998ed4d20a8987d6,memory_classical,23f54983a9093bc0,memory_um,2,1,32,persistence,0,abe0cd1cb9555ccb,0.0002037940012087,1042314122.8689456,mint,False,0.0,0.0,True,1042314122.8727452,190911648.2057,memory_classical
base__memory_um__f2__h1__ridge__s0__independent__nn0,final,True,outer_evaluation,9f1bebb5d5998aab24fbffe33b048fd16b8095a6,experiment-freeze-v2,bf06dc0e7fe6ff5e,998ed4d20a8987d6,memory_classical,23f54983a9093bc0,memory_um,2,1,32,ridge,0,abe0cd1cb9555ccb,0.0119784170028651,1062872941.5920458,independent,False,427789448.3116636,427789448.3116636,False,1062872941.5920458,224063327.55073184,memory_classical
base__memory_um__f2__h1__ridge__s0__bottom_up__nn0,final,True,outer_evaluation,9f1bebb5d5998aab24fbffe33b048fd16b8095a6,experiment-freeze-v2,bf06dc0e7fe6ff5e,998ed4d20a8987d6,memory_classical,23f54983a9093bc0,memory_um,2,1,32,ridge,0,abe0cd1cb9555ccb,0.0119784170028651,1062872941.5920458,bottom_up,False,427789448.3116636,0.0,True,1104382836.436448,224063327.55073184,memory_classical
base__memory_um__f2__h1__ridge__s0__wls__nn0,final,True,outer_evaluation,9f1bebb5d5998aab24fbffe33b048fd16b8095a6,experiment-freeze-v2,bf06dc0e7fe6ff5e,998ed4d20a8987d6,memory_classical,23f54983a9093bc0,memory_um,2,1,32,ridge,0,abe0cd1cb9555ccb,0.0119784170028651,1062872941.5920458,wls,False,427789448.3116636,0.0,True,1063609034.760056,222852884.5840256,memory_classical
base__memory_um__f2__h1__ridge__s0__mint__nn0,final,True,outer_evaluation,9f1bebb5d5998aab24fbffe33b048fd16b8095a6,experiment-freeze-v2,bf06dc0e7fe6ff5e,998ed4d20a8987d6,memory_classical,23f54983a9093bc0,memory_um,2,1,32,ridge,0,abe0cd1cb9555ccb,0.0119784170028651,1062872941.5920458,mint,False,427789448.3116636,0.0,True,1063028098.595265,221996840.723512,memory_classical
base__memory_um__f2__h1__lightgbm__s0__independent__nn0,final,True,outer_evaluation,9f1bebb5d5998aab24fbffe33b048fd16b8095a6,experiment-freeze-v2,bf06dc0e7fe6ff5e,998ed4d20a8987d6,memory_classical,23f54983a9093bc0,memory_um,2,1,32,lightgbm,0,abe0cd1cb9555ccb,1.5325789589987835,1263368437.7287288,independent,False,763501987.9491076,763501987.9491076,False,1263368437.7287288,232768082.75907645,memory_classical
base__memory_um__f2__h1__lightgbm__s0__bottom_up__nn0,final,True,outer_evaluation,9f1bebb5d5998aab24fbffe33b048fd16b8095a6,experiment-freeze-v2,bf06dc0e7fe6ff5e,998ed4d20a8987d6,memory_classical,23f54983a9093bc0,memory_um,2,1,32,lightgbm,0,abe0cd1cb9555ccb,1.5325789589987835,1263368437.7287288,bottom_up,False,763501987.9491076,0.0,True,1173657905.0886176,232768082.75907645,memory_classical
base__memory_um__f2__h1__lightgbm__s0__wls__nn0,final,True,outer_evaluation,9f1bebb5d5998aab24fbffe33b048fd16b8095a6,experiment-freeze-v2,bf06dc0e7fe6ff5e,998ed4d20a8987d6,memory_classical,23f54983a9093bc0,memory_um,2,1,32,lightgbm,0,abe0cd1cb9555ccb,1.5325789589987835,1263368437.7287288,wls,False,763501987.9491076,0.0,True,1167809504.6159296,240270211.25762352,memory_classical
base__memory_um__f2__h1__lightgbm__s0__mint__nn0,final,True,outer_evaluation,9f1bebb5d5998aab24fbffe33b048fd16b8095a6,experiment-freeze-v2,bf06dc0e7fe6ff5e,998ed4d20a8987d6,memory_classical,23f54983a9093bc0,memory_um,2,1,32,lightgbm,0,abe0cd1cb9555ccb,1.5325789589987835,1263368437.7287288,mint,False,763501987.9491076,0.0,True,1166472261.9314036,234949607.0931168,memory_classical
base__memory_um__f2__h8__persistence__s0__independent__nn0,final,True,outer_evaluation,9f1bebb5d5998aab24fbffe33b048fd16b8095a6,experiment-freeze-v2,bf06dc0e7fe6ff5e,998ed4d20a8987d6,memory_classical,23f54983a9093bc0,memory_um,2,8,32,persistence,0,abe0cd1cb9555ccb,0.000378042000193,1043003720.7891682,independent,False,0.0,0.0,True,1043003720.7891682,191036776.90411717,memory_classical
base__memory_um__f2__h8__persistence__s0__independent__nn1,final,True,outer_evaluation,9f1bebb5d5998aab24fbffe33b048fd16b8095a6,experiment-freeze-v2,bf06dc0e7fe6ff5e,998ed4d20a8987d6,memory_classical,23f54983a9093bc0,memory_um,2,8,32,persistence,0,abe0cd1cb9555ccb,0.000378042000193,1043003720.7891682,independent,True,0.0,0.0,True,1043003720.7891682,191036776.90411717,memory_classical
base__memory_um__f2__h8__persistence__s0__bottom_up__nn0,final,True,outer_evaluation,9f1bebb5d5998aab24fbffe33b048fd16b8095a6,experiment-freeze-v2,bf06dc0e7fe6ff5e,998ed4d20a8987d6,memory_classical,23f54983a9093bc0,memory_um,2,8,32,persistence,0,abe0cd1cb9555ccb,0.000378042000193,1043003720.7891682,bottom_up,False,0.0,0.0,True,1043003720.7891682,191036776.90411717,memory_classical
base__memory_um__f2__h8__persistence__s0__bottom_up__nn1,final,True,outer_evaluation,9f1bebb5d5998aab24fbffe33b048fd16b8095a6,experiment-freeze-v2,bf06dc0e7fe6ff5e,998ed4d20a8987d6,memory_classical,23f54983a9093bc0,memory_um,2,8,32,persistence,0,abe0cd1cb9555ccb,0.000378042000193,1043003720.7891682,bottom_up,True,0.0,0.0,True,1043003720.7891682,191036776.90411717,memory_classical
base__memory_um__f2__h8__persistence__s0__wls__nn0,final,True,outer_evaluation,9f1bebb5d5998aab24fbffe33b048fd16b8095a6,experiment-freeze-v2,bf06dc0e7fe6ff5e,998ed4d20a8987d6,memory_classical,23f54983a9093bc0,memory_um,2,8,32,persistence,0,abe0cd1cb9555ccb,0.000378042000193,1043003720.7891682,wls,False,0.0,0.0,True,1043003720.7889508,191036776.90459737,memory_classical
base__memory_um__f2__h8__persistence__s0__wls__nn1,final,True,outer_evaluation,9f1bebb5d5998aab24fbffe33b048fd16b8095a6,experiment-freeze-v2,bf06dc0e7fe6ff5e,998ed4d20a8987d6,memory_classical,23f54983a9093bc0,memory_um,2,8,32,persistence,0,abe0cd1cb9555ccb,0.000378042000193,1043003720.7891682,wls,True,0.0,0.0,True,1043003720.7889508,191036776.90459737,memory_classical
base__memory_um__f2__h8__persistence__s0__mint__nn0,final,True,outer_evaluation,9f1bebb5d5998aab24fbffe33b048fd16b8095a6,experiment-freeze-v2,bf06dc0e7fe6ff5e,998ed4d20a8987d6,memory_classical,23f54983a9093bc0,memory_um,2,8,32,persistence,0,abe0cd1cb9555ccb,0.000378042000193,1043003720.7891682,mint,False,0.0,0.0,True,1043003720.7896672,191036776.90357807,memory_classical
base__memory_um__f2__h8__persistence__s0__mint__nn1,final,True,outer_evaluation,9f1bebb5d5998aab24fbffe33b048fd16b8095a6,experiment-freeze-v2,bf06dc0e7fe6ff5e,998ed4d20a8987d6,memory_classical,23f54983a9093bc0,memory_um,2,8,32,persistence,0,abe0cd1cb9555ccb,0.000378042000193,1043003720.7891682,mint,True,0.0,0.0,True,1043003720.7896672,191036776.90357807,memory_classical
base__memory_um__f2__h8__persistence__s0__ols__nn0,final,True,outer_evaluation,9f1bebb5d5998aab24fbffe33b048fd16b8095a6,experiment-freeze-v2,bf06dc0e7fe6ff5e,998ed4d20a8987d6,memory_classical,23f54983a9093bc0,memory_um,2,8,32,persistence,0,abe0cd1cb9555ccb,0.000378042000193,1043003720.7891682,ols,False,0.0,0.0,True,1043003720.7891706,191036776.9041163,memory_classical
base__memory_um__f2__h8__persistence__s0__ols__nn1,final,True,outer_evaluation,9f1bebb5d5998aab24fbffe33b048fd16b8095a6,experiment-freeze-v2,bf06dc0e7fe6ff5e,998ed4d20a8987d6,memory_classical,23f54983a9093bc0,memory_um,2,8,32,persistence,0,abe0cd1cb9555ccb,0.000378042000193,1043003720.7891682,ols,True,0.0,0.0,True,1043003720.7891706,191036776.9041163,memory_classical
base__memory_um__f2__h8__ridge__s0__independent__nn0,final,True,outer_evaluation,9f1bebb5d5998aab24fbffe33b048fd16b8095a6,experiment-freeze-v2,bf06dc0e7fe6ff5e,998ed4d20a8987d6,memory_classical,23f54983a9093bc0,memory_um,2,8,32,ridge,0,abe0cd1cb9555ccb,0.0777400820006732,1063739741.8137752,independent,False,428265056.35127103,428265056.35127103,False,1063739741.8137752,224244437.99396488,memory_classical
base__memory_um__f2__h8__ridge__s0__independent__nn1,final,True,outer_evaluation,9f1bebb5d5998aab24fbffe33b048fd16b8095a6,experiment-freeze-v2,bf06dc0e7fe6ff5e,998ed4d20a8987d6,memory_classical,23f54983a9093bc0,memory_um,2,8,32,ridge,0,abe0cd1cb9555ccb,0.0777400820006732,1063739741.8137752,independent,True,428265056.35127103,0.0,True,1105377507.130977,224244437.99396488,memory_classical
base__memory_um__f2__h8__ridge__s0__bottom_up__nn0,final,True,outer_evaluation,9f1bebb5d5998aab24fbffe33b048fd16b8095a6,experiment-freeze-v2,bf06dc0e7fe6ff5e,998ed4d20a8987d6,memory_classical,23f54983a9093bc0,memory_um,2,8,32,ridge,0,abe0cd1cb9555ccb,0.0777400820006732,1063739741.8137752,bottom_up,False,428265056.35127103,0.0,True,1105377507.130977,224244437.99396488,memory_classical
base__memory_um__f2__h8__ridge__s0__bottom_up__nn1,final,True,outer_evaluation,9f1bebb5d5998aab24fbffe33b048fd16b8095a6,experiment-freeze-v2,bf06dc0e7fe6ff5e,998ed4d20a8987d6,memory_classical,23f54983a9093bc0,memory_um,2,8,32,ridge,0,abe0cd1cb9555ccb,0.0777400820006732,1063739741.8137752,bottom_up,True,428265056.35127103,0.0,True,1105377507.130977,224244437.99396488,memory_classical
base__memory_um__f2__h8__ridge__s0__wls__nn0,final,True,outer_evaluation,9f1bebb5d5998aab24fbffe33b048fd16b8095a6,experiment-freeze-v2,bf06dc0e7fe6ff5e,998ed4d20a8987d6,memory_classical,23f54983a9093bc0,memory_um,2,8,32,ridge,0,abe0cd1cb9555ccb,0.0777400820006732,1063739741.8137752,wls,False,428265056.35127103,0.0,True,1064527863.0082308,223031947.13097057,memory_classical
base__memory_um__f2__h8__ridge__s0__wls__nn1,final,True,outer_evaluation,9f1bebb5d5998aab24fbffe33b048fd16b8095a6,experiment-freeze-v2,bf06dc0e7fe6ff5e,998ed4d20a8987d6,memory_classical,23f54983a9093bc0,memory_um,2,8,32,ridge,0,abe0cd1cb9555ccb,0.0777400820006732,1063739741.8137752,wls,True,428265056.35127103,0.0,True,1064527863.0082308,223031947.13097057,memory_classical
base__memory_um__f2__h8__ridge__s0__mint__nn0,final,True,outer_evaluation,9f1bebb5d5998aab24fbffe33b048fd16b8095a6,experiment-freeze-v2,bf06dc0e7fe6ff5e,998ed4d20a8987d6,memory_classical,23f54983a9093bc0,memory_um,2,8,32,ridge,0,abe0cd1cb9555ccb,0.0777400820006732,1063739741.8137752,mint,False,428265056.35127103,0.0,True,1063940225.901815,222174121.57506785,memory_classical
base__memory_um__f2__h8__ridge__s0__mint__nn1,final,True,outer_evaluation,9f1bebb5d5998aab24fbffe33b048fd16b8095a6,experiment-freeze-v2,bf06dc0e7fe6ff5e,998ed4d20a8987d6,memory_classical,23f54983a9093bc0,memory_um,2,8,32,ridge,0,abe0cd1cb9555ccb,0.0777400820006732,1063739741.8137752,mint,True,428265056.35127103,0.0,True,1063940225.901815,222174121.57506785,memory_classical
base__memory_um__f2__h8__ridge__s0__ols__nn0,final,True,outer_evaluation,9f1bebb5d5998aab24fbffe33b048fd16b8095a6,experiment-freeze-v2,bf06dc0e7fe6ff5e,998ed4d20a8987d6,memory_classical,23f54983a9093bc0,memory_um,2,8,32,ridge,0,abe0cd1cb9555ccb,0.0777400820006732,1063739741.8137752,ols,False,428265056.35127103,0.0,True,1056590027.3318183,240968884.0585515,memory_classical
base__memory_um__f2__h8__ridge__s0__ols__nn1,final,True,outer_evaluation,9f1bebb5d5998aab24fbffe33b048fd16b8095a6,experiment-freeze-v2,bf06dc0e7fe6ff5e,998ed4d20a8987d6,memory_classical,23f54983a9093bc0,memory_um,2,8,32,ridge,0,abe0cd1cb9555ccb,0.0777400820006732,1063739741.8137752,ols,True,428265056.35127103,0.0,True,1056590027.3318183,240968884.0585515,memory_classical
base__memory_um__f2__h8__lightgbm__s0__independent__nn0,final,True,outer_evaluation,9f1bebb5d5998aab24fbffe33b048fd16b8095a6,experiment-freeze-v2,bf06dc0e7fe6ff5e,998ed4d20a8987d6,memory_classical,23f54983a9093bc0,memory_um,2,8,32,lightgbm,0,abe0cd1cb9555ccb,11.916132167000796,1262294522.4928114,independent,False,767941323.936843,767941323.936843,False,1262294522.4928114,232323552.07860935,memory_classical
base__memory_um__f2__h8__lightgbm__s0__independent__nn1,final,True,outer_evaluation,9f1bebb5d5998aab24fbffe33b048fd16b8095a6,experiment-freeze-v2,bf06dc0e7fe6ff5e,998ed4d20a8987d6,memory_classical,23f54983a9093bc0,memory_um,2,8,32,lightgbm,0,abe0cd1cb9555ccb,11.916132167000796,1262294522.4928114,independent,True,767941323.936843,0.0,True,1167561614.072031,232323552.07860935,memory_classical
base__memory_um__f2__h8__lightgbm__s0__bottom_up__nn0,final,True,outer_evaluation,9f1bebb5d5998aab24fbffe33b048fd16b8095a6,experiment-freeze-v2,bf06dc0e7fe6ff5e,998ed4d20a8987d6,memory_classical,23f54983a9093bc0,memory_um,2,8,32,lightgbm,0,abe0cd1cb9555ccb,11.916132167000796,1262294522.4928114,bottom_up,False,767941323.936843,0.0,True,1167561614.072031,232323552.07860935,memory_classical
base__memory_um__f2__h8__lightgbm__s0__bottom_up__nn1,final,True,outer_evaluation,9f1bebb5d5998aab24fbffe33b048fd16b8095a6,experiment-freeze-v2,bf06dc0e7fe6ff5e,998ed4d20a8987d6,memory_classical,23f54983a9093bc0,memory_um,2,8,32,lightgbm,0,abe0cd1cb9555ccb,11.916132167000796,1262294522.4928114,bottom_up,True,767941323.936843,0.0,True,1167561614.072031,232323552.07860935,memory_classical
base__memory_um__f2__h8__lightgbm__s0__wls__nn0,final,True,outer_evaluation,9f1bebb5d5998aab24fbffe33b048fd16b8095a6,experiment-freeze-v2,bf06dc0e7fe6ff5e,998ed4d20a8987d6,memory_classical,23f54983a9093bc0,memory_um,2,8,32,lightgbm,0,abe0cd1cb9555ccb,11.916132167000796,1262294522.4928114,wls,False,767941323.936843,0.0,True,1162557010.7609544,240670947.22559813,memory_classical
base__memory_um__f2__h8__lightgbm__s0__wls__nn1,final,True,outer_evaluation,9f1bebb5d5998aab24fbffe33b048fd16b8095a6,experiment-freeze-v2,bf06dc0e7fe6ff5e,998ed4d20a8987d6,memory_classical,23f54983a9093bc0,memory_um,2,8,32,lightgbm,0,abe0cd1cb9555ccb,11.916132167000796,1262294522.4928114,wls,True,767941323.936843,0.0,True,1162557010.7609544,240670947.22559813,memory_classical
base__memory_um__f2__h8__lightgbm__s0__mint__nn0,final,True,outer_evaluation,9f1bebb5d5998aab24fbffe33b048fd16b8095a6,experiment-freeze-v2,bf06dc0e7fe6ff5e,998ed4d20a8987d6,memory_classical,23f54983a9093bc0,memory_um,2,8,32,lightgbm,0,abe0cd1cb9555ccb,11.916132167000796,1262294522.4928114,mint,False,767941323.936843,0.0,True,1160263172.3851843,235799166.0215833,memory_classical
base__memory_um__f2__h8__lightgbm__s0__mint__nn1,final,True,outer_evaluation,9f1bebb5d5998aab24fbffe33b048fd16b8095a6,experiment-freeze-v2,bf06dc0e7fe6ff5e,998ed4d20a8987d6,memory_classical,23f54983a9093bc0,memory_um,2,8,32,lightgbm,0,abe0cd1cb9555ccb,11.916132167000796,1262294522.4928114,mint,True,767941323.936843,0.0,True,1160263172.3851843,235799166.0215833,memory_classical
base__memory_um__f2__h8__lightgbm__s0__ols__nn0,final,True,outer_evaluation,9f1bebb5d5998aab24fbffe33b048fd16b8095a6,experiment-freeze-v2,bf06dc0e7fe6ff5e,998ed4d20a8987d6,memory_classical,23f54983a9093bc0,memory_um,2,8,32,lightgbm,0,abe0cd1cb9555ccb,11.916132167000796,1262294522.4928114,ols,False,767941323.936843,0.0,True,1232192925.0790453,276136972.5404003,memory_classical
base__memory_um__f2__h8__lightgbm__s0__ols__nn1,final,True,outer_evaluation,9f1bebb5d5998aab24fbffe33b048fd16b8095a6,experiment-freeze-v2,bf06dc0e7fe6ff5e,998ed4d20a8987d6,memory_classical,23f54983a9093bc0,memory_um,2,8,32,lightgbm,0,abe0cd1cb9555ccb,11.916132167000796,1262294522.4928114,ols,True,767941323.936843,0.0,True,1232192925.0790453,276136972.5404003,memory_classical
base__memory_um__f2__h16__persistence__s0__independent__nn0,final,True,outer_evaluation,9f1bebb5d5998aab24fbffe33b048fd16b8095a6,experiment-freeze-v2,bf06dc0e7fe6ff5e,998ed4d20a8987d6,memory_classical,23f54983a9093bc0,memory_um,2,16,32,persistence,0,abe0cd1cb9555ccb,0.0006237510015125,1043733133.2584704,independent,False,0.0,0.0,True,1043733133.2584704,191170063.50656897,memory_classical
base__memory_um__f2__h16__persistence__s0__bottom_up__nn0,final,True,outer_evaluation,9f1bebb5d5998aab24fbffe33b048fd16b8095a6,experiment-freeze-v2,bf06dc0e7fe6ff5e,998ed4d20a8987d6,memory_classical,23f54983a9093bc0,memory_um,2,16,32,persistence,0,abe0cd1cb9555ccb,0.0006237510015125,1043733133.2584704,bottom_up,False,0.0,0.0,True,1043733133.2584704,191170063.50656897,memory_classical
base__memory_um__f2__h16__persistence__s0__wls__nn0,final,True,outer_evaluation,9f1bebb5d5998aab24fbffe33b048fd16b8095a6,experiment-freeze-v2,bf06dc0e7fe6ff5e,998ed4d20a8987d6,memory_classical,23f54983a9093bc0,memory_um,2,16,32,persistence,0,abe0cd1cb9555ccb,0.0006237510015125,1043733133.2584704,wls,False,0.0,0.0,True,1043733133.258181,191170063.5071413,memory_classical
base__memory_um__f2__h16__persistence__s0__mint__nn0,final,True,outer_evaluation,9f1bebb5d5998aab24fbffe33b048fd16b8095a6,experiment-freeze-v2,bf06dc0e7fe6ff5e,998ed4d20a8987d6,memory_classical,23f54983a9093bc0,memory_um,2,16,32,persistence,0,abe0cd1cb9555ccb,0.0006237510015125,1043733133.2584704,mint,False,0.0,0.0,True,1043733133.2576348,191170063.50865695,memory_classical
base__memory_um__f2__h16__ridge__s0__independent__nn0,final,True,outer_evaluation,9f1bebb5d5998aab24fbffe33b048fd16b8095a6,experiment-freeze-v2,bf06dc0e7fe6ff5e,998ed4d20a8987d6,memory_classical,23f54983a9093bc0,memory_um,2,16,32,ridge,0,abe0cd1cb9555ccb,0.1526815859997441,1065098498.0995754,independent,False,428885072.4161675,428885072.4161675,False,1065098498.0995754,224455614.59220657,memory_classical
base__memory_um__f2__h16__ridge__s0__bottom_up__nn0,final,True,outer_evaluation,9f1bebb5d5998aab24fbffe33b048fd16b8095a6,experiment-freeze-v2,bf06dc0e7fe6ff5e,998ed4d20a8987d6,memory_classical,23f54983a9093bc0,memory_um,2,16,32,ridge,0,abe0cd1cb9555ccb,0.1526815859997441,1065098498.0995754,bottom_up,False,428885072.4161675,0.0,True,1106800962.842381,224455614.59220657,memory_classical
base__memory_um__f2__h16__ridge__s0__wls__nn0,final,True,outer_evaluation,9f1bebb5d5998aab24fbffe33b048fd16b8095a6,experiment-freeze-v2,bf06dc0e7fe6ff5e,998ed4d20a8987d6,memory_classical,23f54983a9093bc0,memory_um,2,16,32,ridge,0,abe0cd1cb9555ccb,0.1526815859997441,1065098498.0995754,wls,False,428885072.4161675,0.0,True,1065919806.8753792,223245201.7651642,memory_classical
base__memory_um__f2__h16__ridge__s0__mint__nn0,final,True,outer_evaluation,9f1bebb5d5998aab24fbffe33b048fd16b8095a6,experiment-freeze-v2,bf06dc0e7fe6ff5e,998ed4d20a8987d6,memory_classical,23f54983a9093bc0,memory_um,2,16,32,ridge,0,abe0cd1cb9555ccb,0.1526815859997441,1065098498.0995754,mint,False,428885072.4161675,0.0,True,1065340507.2458456,222383878.84618917,memory_classical
base__memory_um__f2__h16__lightgbm__s0__independent__nn0,final,True,outer_evaluation,9f1bebb5d5998aab24fbffe33b048fd16b8095a6,experiment-freeze-v2,bf06dc0e7fe6ff5e,998ed4d20a8987d6,memory_classical,23f54983a9093bc0,memory_um,2,16,32,lightgbm,0,abe0cd1cb9555ccb,23.573858418000786,1266339742.2184117,independent,False,780548531.5914713,780548531.5914713,False,1266339742.2184117,228151917.36735824,memory_classical
base__memory_um__f2__h16__lightgbm__s0__bottom_up__nn0,final,True,outer_evaluation,9f1bebb5d5998aab24fbffe33b048fd16b8095a6,experiment-freeze-v2,bf06dc0e7fe6ff5e,998ed4d20a8987d6,memory_classical,23f54983a9093bc0,memory_um,2,16,32,lightgbm,0,abe0cd1cb9555ccb,23.573858418000786,1266339742.2184117,bottom_up,False,780548531.5914713,0.0,True,1130609376.3134103,228151917.36735824,memory_classical
base__memory_um__f2__h16__lightgbm__s0__wls__nn0,final,True,outer_evaluation,9f1bebb5d5998aab24fbffe33b048fd16b8095a6,experiment-freeze-v2,bf06dc0e7fe6ff5e,998ed4d20a8987d6,memory_classical,23f54983a9093bc0,memory_um,2,16,32,lightgbm,0,abe0cd1cb9555ccb,23.573858418000786,1266339742.2184117,wls,False,780548531.5914713,0.0,True,1135057345.1545937,237802041.6769665,memory_classical
base__memory_um__f2__h16__lightgbm__s0__mint__nn0,final,True,outer_evaluation,9f1bebb5d5998aab24fbffe33b048fd16b8095a6,experiment-freeze-v2,bf06dc0e7fe6ff5e,998ed4d20a8987d6,memory_classical,23f54983a9093bc0,memory_um,2,16,32,lightgbm,0,abe0cd1cb9555ccb,23.573858418000786,1266339742.2184117,mint,False,780548531.5914713,0.0,True,1128115358.949221,231715380.6134359,memory_classical
base__memory_um__f0__h1__dlinear__s0__independent__nn0,final,True,outer_evaluation,9f1bebb5d5998aab24fbffe33b048fd16b8095a6,experiment-freeze-v2,bf06dc0e7fe6ff5e,998ed4d20a8987d6,memory_dlinear,f9aab59b953446a1,memory_um,0,1,32,dlinear,0,abe0cd1cb9555ccb,2.177500207999401,1288970217.5265772,independent,False,405896187.4710493,405896187.4710493,False,1288970217.5265772,269954482.4285871,memory_dlinear
base__memory_um__f0__h1__dlinear__s0__bottom_up__nn0,final,True,outer_evaluation,9f1bebb5d5998aab24fbffe33b048fd16b8095a6,experiment-freeze-v2,bf06dc0e7fe6ff5e,998ed4d20a8987d6,memory_dlinear,f9aab59b953446a1,memory_um,0,1,32,dlinear,0,abe0cd1cb9555ccb,2.177500207999401,1288970217.5265772,bottom_up,False,405896187.4710493,0.0,True,1294588434.3318503,269954482.4285871,memory_dlinear
base__memory_um__f0__h1__dlinear__s0__wls__nn0,final,True,outer_evaluation,9f1bebb5d5998aab24fbffe33b048fd16b8095a6,experiment-freeze-v2,bf06dc0e7fe6ff5e,998ed4d20a8987d6,memory_dlinear,f9aab59b953446a1,memory_um,0,1,32,dlinear,0,abe0cd1cb9555ccb,2.177500207999401,1288970217.5265772,wls,False,405896187.4710493,0.0,True,1272621477.3740215,270074328.9517489,memory_dlinear
base__memory_um__f0__h1__dlinear__s0__mint__nn0,final,True,outer_evaluation,9f1bebb5d5998aab24fbffe33b048fd16b8095a6,experiment-freeze-v2,bf06dc0e7fe6ff5e,998ed4d20a8987d6,memory_dlinear,f9aab59b953446a1,memory_um,0,1,32,dlinear,0,abe0cd1cb9555ccb,2.177500207999401,1288970217.5265772,mint,False,405896187.4710493,0.0,True,1274651157.037978,269953063.9497292,memory_dlinear
base__memory_um__f0__h8__dlinear__s0__independent__nn0,final,True,outer_evaluation,9f1bebb5d5998aab24fbffe33b048fd16b8095a6,experiment-freeze-v2,bf06dc0e7fe6ff5e,998ed4d20a8987d6,memory_dlinear,f9aab59b953446a1,memory_um,0,8,32,dlinear,0,abe0cd1cb9555ccb,1.2366267499983223,1351523873.7521622,independent,False,411277892.719184,411277892.719184,False,1351523873.7521622,262265333.2811841,memory_dlinear
base__memory_um__f0__h8__dlinear__s0__bottom_up__nn0,final,True,outer_evaluation,9f1bebb5d5998aab24fbffe33b048fd16b8095a6,experiment-freeze-v2,bf06dc0e7fe6ff5e,998ed4d20a8987d6,memory_dlinear,f9aab59b953446a1,memory_um,0,8,32,dlinear,0,abe0cd1cb9555ccb,1.2366267499983223,1351523873.7521622,bottom_up,False,411277892.719184,0.0,True,1250599025.5425315,262265333.2811841,memory_dlinear
base__memory_um__f0__h8__dlinear__s0__wls__nn0,final,True,outer_evaluation,9f1bebb5d5998aab24fbffe33b048fd16b8095a6,experiment-freeze-v2,bf06dc0e7fe6ff5e,998ed4d20a8987d6,memory_dlinear,f9aab59b953446a1,memory_um,0,8,32,dlinear,0,abe0cd1cb9555ccb,1.2366267499983223,1351523873.7521622,wls,False,411277892.719184,0.0,True,1273168433.9610877,267428650.1525541,memory_dlinear
base__memory_um__f0__h8__dlinear__s0__mint__nn0,final,True,outer_evaluation,9f1bebb5d5998aab24fbffe33b048fd16b8095a6,experiment-freeze-v2,bf06dc0e7fe6ff5e,998ed4d20a8987d6,memory_dlinear,f9aab59b953446a1,memory_um,0,8,32,dlinear,0,abe0cd1cb9555ccb,1.2366267499983223,1351523873.7521622,mint,False,411277892.719184,0.0,True,1266422328.8764336,265909607.69162023,memory_dlinear
base__memory_um__f0__h16__dlinear__s0__independent__nn0,final,True,outer_evaluation,9f1bebb5d5998aab24fbffe33b048fd16b8095a6,experiment-freeze-v2,bf06dc0e7fe6ff5e,998ed4d20a8987d6,memory_dlinear,f9aab59b953446a1,memory_um,0,16,32,dlinear,0,abe0cd1cb9555ccb,1.1813521669992042,1349931371.2096462,independent,False,414229236.4238867,414229236.4238867,False,1349931371.2096462,261870716.21953335,memory_dlinear
base__memory_um__f0__h16__dlinear__s0__bottom_up__nn0,final,True,outer_evaluation,9f1bebb5d5998aab24fbffe33b048fd16b8095a6,experiment-freeze-v2,bf06dc0e7fe6ff5e,998ed4d20a8987d6,memory_dlinear,f9aab59b953446a1,memory_um,0,16,32,dlinear,0,abe0cd1cb9555ccb,1.1813521669992042,1349931371.2096462,bottom_up,False,414229236.4238867,0.0,True,1245082125.597914,261870716.21953335,memory_dlinear
base__memory_um__f0__h16__dlinear__s0__wls__nn0,final,True,outer_evaluation,9f1bebb5d5998aab24fbffe33b048fd16b8095a6,experiment-freeze-v2,bf06dc0e7fe6ff5e,998ed4d20a8987d6,memory_dlinear,f9aab59b953446a1,memory_um,0,16,32,dlinear,0,abe0cd1cb9555ccb,1.1813521669992042,1349931371.2096462,wls,False,414229236.4238867,0.0,True,1268714690.5064025,267048263.310882,memory_dlinear
base__memory_um__f0__h16__dlinear__s0__mint__nn0,final,True,outer_evaluation,9f1bebb5d5998aab24fbffe33b048fd16b8095a6,experiment-freeze-v2,bf06dc0e7fe6ff5e,998ed4d20a8987d6,memory_dlinear,f9aab59b953446a1,memory_um,0,16,32,dlinear,0,abe0cd1cb9555ccb,1.1813521669992042,1349931371.2096462,mint,False,414229236.4238867,0.0,True,1262612695.810649,265480675.0801792,memory_dlinear
base__memory_um__f1__h1__dlinear__s0__independent__nn0,final,True,outer_evaluation,9f1bebb5d5998aab24fbffe33b048fd16b8095a6,experiment-freeze-v2,bf06dc0e7fe6ff5e,998ed4d20a8987d6,memory_dlinear,f9aab59b953446a1,memory_um,1,1,32,dlinear,0,abe0cd1cb9555ccb,2.185940041000322,836589801.3086051,independent,False,303539149.51929253,303539149.51929253,False,836589801.3086051,178494246.02162883,memory_dlinear
base__memory_um__f1__h1__dlinear__s0__bottom_up__nn0,final,True,outer_evaluation,9f1bebb5d5998aab24fbffe33b048fd16b8095a6,experiment-freeze-v2,bf06dc0e7fe6ff5e,998ed4d20a8987d6,memory_dlinear,f9aab59b953446a1,memory_um,1,1,32,dlinear,0,abe0cd1cb9555ccb,2.185940041000322,836589801.3086051,bottom_up,False,303539149.51929253,0.0,True,799487870.2696177,178494246.02162883,memory_dlinear
base__memory_um__f1__h1__dlinear__s0__wls__nn0,final,True,outer_evaluation,9f1bebb5d5998aab24fbffe33b048fd16b8095a6,experiment-freeze-v2,bf06dc0e7fe6ff5e,998ed4d20a8987d6,memory_dlinear,f9aab59b953446a1,memory_um,1,1,32,dlinear,0,abe0cd1cb9555ccb,2.185940041000322,836589801.3086051,wls,False,303539149.51929253,0.0,True,792786911.0619098,177809120.0540493,memory_dlinear
base__memory_um__f1__h1__dlinear__s0__mint__nn0,final,True,outer_evaluation,9f1bebb5d5998aab24fbffe33b048fd16b8095a6,experiment-freeze-v2,bf06dc0e7fe6ff5e,998ed4d20a8987d6,memory_dlinear,f9aab59b953446a1,memory_um,1,1,32,dlinear,0,abe0cd1cb9555ccb,2.185940041000322,836589801.3086051,mint,False,303539149.51929253,0.0,True,792890342.5107149,177528654.64329857,memory_dlinear
base__memory_um__f1__h8__dlinear__s0__independent__nn0,final,True,outer_evaluation,9f1bebb5d5998aab24fbffe33b048fd16b8095a6,experiment-freeze-v2,bf06dc0e7fe6ff5e,998ed4d20a8987d6,memory_dlinear,f9aab59b953446a1,memory_um,1,8,32,dlinear,0,abe0cd1cb9555ccb,2.1205852510001932,836114125.5450646,independent,False,287605532.3304146,287605532.3304146,False,836114125.5450646,177605775.0677328,memory_dlinear
base__memory_um__f1__h8__dlinear__s0__bottom_up__nn0,final,True,outer_evaluation,9f1bebb5d5998aab24fbffe33b048fd16b8095a6,experiment-freeze-v2,bf06dc0e7fe6ff5e,998ed4d20a8987d6,memory_dlinear,f9aab59b953446a1,memory_um,1,8,32,dlinear,0,abe0cd1cb9555ccb,2.1205852510001932,836114125.5450646,bottom_up,False,287605532.3304146,0.0,True,798545078.7047428,177605775.0677328,memory_dlinear
base__memory_um__f1__h8__dlinear__s0__wls__nn0,final,True,outer_evaluation,9f1bebb5d5998aab24fbffe33b048fd16b8095a6,experiment-freeze-v2,bf06dc0e7fe6ff5e,998ed4d20a8987d6,memory_dlinear,f9aab59b953446a1,memory_um,1,8,32,dlinear,0,abe0cd1cb9555ccb,2.1205852510001932,836114125.5450646,wls,False,287605532.3304146,0.0,True,794256307.6040021,177383673.798938,memory_dlinear
base__memory_um__f1__h8__dlinear__s0__mint__nn0,final,True,outer_evaluation,9f1bebb5d5998aab24fbffe33b048fd16b8095a6,experiment-freeze-v2,bf06dc0e7fe6ff5e,998ed4d20a8987d6,memory_dlinear,f9aab59b953446a1,memory_um,1,8,32,dlinear,0,abe0cd1cb9555ccb,2.1205852510001932,836114125.5450646,mint,False,287605532.3304146,0.0,True,794415111.9192388,177276521.15879196,memory_dlinear
base__memory_um__f1__h16__dlinear__s0__independent__nn0,final,True,outer_evaluation,9f1bebb5d5998aab24fbffe33b048fd16b8095a6,experiment-freeze-v2,bf06dc0e7fe6ff5e,998ed4d20a8987d6,memory_dlinear,f9aab59b953446a1,memory_um,1,16,32,dlinear,0,abe0cd1cb9555ccb,1.9594209159995444,846438532.3283072,independent,False,298993412.82859784,298993412.82859784,False,846438532.3283072,178379845.79303184,memory_dlinear
base__memory_um__f1__h16__dlinear__s0__bottom_up__nn0,final,True,outer_evaluation,9f1bebb5d5998aab24fbffe33b048fd16b8095a6,experiment-freeze-v2,bf06dc0e7fe6ff5e,998ed4d20a8987d6,memory_dlinear,f9aab59b953446a1,memory_um,1,16,32,dlinear,0,abe0cd1cb9555ccb,1.9594209159995444,846438532.3283072,bottom_up,False,298993412.82859784,0.0,True,805620111.2654964,178379845.79303184,memory_dlinear
base__memory_um__f1__h16__dlinear__s0__wls__nn0,final,True,outer_evaluation,9f1bebb5d5998aab24fbffe33b048fd16b8095a6,experiment-freeze-v2,bf06dc0e7fe6ff5e,998ed4d20a8987d6,memory_dlinear,f9aab59b953446a1,memory_um,1,16,32,dlinear,0,abe0cd1cb9555ccb,1.9594209159995444,846438532.3283072,wls,False,298993412.82859784,0.0,True,800705804.6421564,177859003.6910645,memory_dlinear
base__memory_um__f1__h16__dlinear__s0__mint__nn0,final,True,outer_evaluation,9f1bebb5d5998aab24fbffe33b048fd16b8095a6,experiment-freeze-v2,bf06dc0e7fe6ff5e,998ed4d20a8987d6,memory_dlinear,f9aab59b953446a1,memory_um,1,16,32,dlinear,0,abe0cd1cb9555ccb,1.9594209159995444,846438532.3283072,mint,False,298993412.82859784,0.0,True,800943702.60157,177837218.94399452,memory_dlinear
base__memory_um__f2__h1__dlinear__s0__independent__nn0,final,True,outer_evaluation,9f1bebb5d5998aab24fbffe33b048fd16b8095a6,experiment-freeze-v2,bf06dc0e7fe6ff5e,998ed4d20a8987d6,memory_dlinear,f9aab59b953446a1,memory_um,2,1,32,dlinear,0,abe0cd1cb9555ccb,2.7709184160003133,1048733686.1079496,independent,False,446698754.89137936,446698754.89137936,False,1048733686.1079496,222412737.13792375,memory_dlinear
base__memory_um__f2__h1__dlinear__s0__bottom_up__nn0,final,True,outer_evaluation,9f1bebb5d5998aab24fbffe33b048fd16b8095a6,experiment-freeze-v2,bf06dc0e7fe6ff5e,998ed4d20a8987d6,memory_dlinear,f9aab59b953446a1,memory_um,2,1,32,dlinear,0,abe0cd1cb9555ccb,2.7709184160003133,1048733686.1079496,bottom_up,False,446698754.89137936,0.0,True,1087821698.7668452,222412737.13792375,memory_dlinear
base__memory_um__f2__h1__dlinear__s0__wls__nn0,final,True,outer_evaluation,9f1bebb5d5998aab24fbffe33b048fd16b8095a6,experiment-freeze-v2,bf06dc0e7fe6ff5e,998ed4d20a8987d6,memory_dlinear,f9aab59b953446a1,memory_um,2,1,32,dlinear,0,abe0cd1cb9555ccb,2.7709184160003133,1048733686.1079496,wls,False,446698754.89137936,0.0,True,1045026092.8781724,220735988.842688,memory_dlinear
base__memory_um__f2__h1__dlinear__s0__mint__nn0,final,True,outer_evaluation,9f1bebb5d5998aab24fbffe33b048fd16b8095a6,experiment-freeze-v2,bf06dc0e7fe6ff5e,998ed4d20a8987d6,memory_dlinear,f9aab59b953446a1,memory_um,2,1,32,dlinear,0,abe0cd1cb9555ccb,2.7709184160003133,1048733686.1079496,mint,False,446698754.89137936,0.0,True,1044144042.2036036,219747163.00494167,memory_dlinear
base__memory_um__f2__h8__dlinear__s0__independent__nn0,final,True,outer_evaluation,9f1bebb5d5998aab24fbffe33b048fd16b8095a6,experiment-freeze-v2,bf06dc0e7fe6ff5e,998ed4d20a8987d6,memory_dlinear,f9aab59b953446a1,memory_um,2,8,32,dlinear,0,abe0cd1cb9555ccb,2.6922087909988477,1047041227.013701,independent,False,422773609.62416166,422773609.62416166,False,1047041227.013701,226639661.50603175,memory_dlinear
base__memory_um__f2__h8__dlinear__s0__bottom_up__nn0,final,True,outer_evaluation,9f1bebb5d5998aab24fbffe33b048fd16b8095a6,experiment-freeze-v2,bf06dc0e7fe6ff5e,998ed4d20a8987d6,memory_dlinear,f9aab59b953446a1,memory_um,2,8,32,dlinear,0,abe0cd1cb9555ccb,2.6922087909988477,1047041227.013701,bottom_up,False,422773609.62416166,0.0,True,1102962664.1543586,226639661.50603175,memory_dlinear
base__memory_um__f2__h8__dlinear__s0__wls__nn0,final,True,outer_evaluation,9f1bebb5d5998aab24fbffe33b048fd16b8095a6,experiment-freeze-v2,bf06dc0e7fe6ff5e,998ed4d20a8987d6,memory_dlinear,f9aab59b953446a1,memory_um,2,8,32,dlinear,0,abe0cd1cb9555ccb,2.6922087909988477,1047041227.013701,wls,False,422773609.62416166,0.0,True,1057524495.8382838,224774257.35124716,memory_dlinear
base__memory_um__f2__h8__dlinear__s0__mint__nn0,final,True,outer_evaluation,9f1bebb5d5998aab24fbffe33b048fd16b8095a6,experiment-freeze-v2,bf06dc0e7fe6ff5e,998ed4d20a8987d6,memory_dlinear,f9aab59b953446a1,memory_um,2,8,32,dlinear,0,abe0cd1cb9555ccb,2.6922087909988477,1047041227.013701,mint,False,422773609.62416166,0.0,True,1055903452.2580508,224103729.42082828,memory_dlinear
base__memory_um__f2__h16__dlinear__s0__independent__nn0,final,True,outer_evaluation,9f1bebb5d5998aab24fbffe33b048fd16b8095a6,experiment-freeze-v2,bf06dc0e7fe6ff5e,998ed4d20a8987d6,memory_dlinear,f9aab59b953446a1,memory_um,2,16,32,dlinear,0,abe0cd1cb9555ccb,2.707794043000831,1056253575.3982916,independent,False,442752201.4274765,442752201.4274765,False,1056253575.3982916,228959976.162846,memory_dlinear
base__memory_um__f2__h16__dlinear__s0__bottom_up__nn0,final,True,outer_evaluation,9f1bebb5d5998aab24fbffe33b048fd16b8095a6,experiment-freeze-v2,bf06dc0e7fe6ff5e,998ed4d20a8987d6,memory_dlinear,f9aab59b953446a1,memory_um,2,16,32,dlinear,0,abe0cd1cb9555ccb,2.707794043000831,1056253575.3982916,bottom_up,False,442752201.4274765,0.0,True,1114268869.93706,228959976.162846,memory_dlinear
base__memory_um__f2__h16__dlinear__s0__wls__nn0,final,True,outer_evaluation,9f1bebb5d5998aab24fbffe33b048fd16b8095a6,experiment-freeze-v2,bf06dc0e7fe6ff5e,998ed4d20a8987d6,memory_dlinear,f9aab59b953446a1,memory_um,2,16,32,dlinear,0,abe0cd1cb9555ccb,2.707794043000831,1056253575.3982916,wls,False,442752201.4274765,0.0,True,1065327935.1031616,226909603.9732956,memory_dlinear
base__memory_um__f2__h16__dlinear__s0__mint__nn0,final,True,outer_evaluation,9f1bebb5d5998aab24fbffe33b048fd16b8095a6,experiment-freeze-v2,bf06dc0e7fe6ff5e,998ed4d20a8987d6,memory_dlinear,f9aab59b953446a1,memory_um,2,16,32,dlinear,0,abe0cd1cb9555ccb,2.707794043000831,1056253575.3982916,mint,False,442752201.4274765,0.0,True,1063840218.9395489,226014500.40097895,memory_dlinear
base__cpu_core_weighted__f0__h1__persistence__s0__independent__nn0,final,True,outer_evaluation,9f1bebb5d5998aab24fbffe33b048fd16b8095a6,experiment-freeze-v2,bf06dc0e7fe6ff5e,998ed4d20a8987d6,cpu_classical,2f512f20b8ecc6ec,cpu_core_weighted,0,1,32,persistence,0,abe0cd1cb9555ccb,0.0001773749982021,335.22221582881184,independent,False,0.0,0.0,True,335.22221582881184,61.877598731082216,cpu_classical
base__cpu_core_weighted__f0__h1__persistence__s0__bottom_up__nn0,final,True,outer_evaluation,9f1bebb5d5998aab24fbffe33b048fd16b8095a6,experiment-freeze-v2,bf06dc0e7fe6ff5e,998ed4d20a8987d6,cpu_classical,2f512f20b8ecc6ec,cpu_core_weighted,0,1,32,persistence,0,abe0cd1cb9555ccb,0.0001773749982021,335.22221582881184,bottom_up,False,0.0,0.0,True,335.22221582881184,61.877598731082216,cpu_classical
base__cpu_core_weighted__f0__h1__persistence__s0__wls__nn0,final,True,outer_evaluation,9f1bebb5d5998aab24fbffe33b048fd16b8095a6,experiment-freeze-v2,bf06dc0e7fe6ff5e,998ed4d20a8987d6,cpu_classical,2f512f20b8ecc6ec,cpu_core_weighted,0,1,32,persistence,0,abe0cd1cb9555ccb,0.0001773749982021,335.22221582881184,wls,False,0.0,0.0,True,335.222215828822,61.877598731082394,cpu_classical
base__cpu_core_weighted__f0__h1__persistence__s0__mint__nn0,final,True,outer_evaluation,9f1bebb5d5998aab24fbffe33b048fd16b8095a6,experiment-freeze-v2,bf06dc0e7fe6ff5e,998ed4d20a8987d6,cpu_classical,2f512f20b8ecc6ec,cpu_core_weighted,0,1,32,persistence,0,abe0cd1cb9555ccb,0.0001773749982021,335.22221582881184,mint,False,0.0,0.0,True,335.2222158287891,61.877598731082024,cpu_classical
base__cpu_core_weighted__f0__h1__ridge__s0__independent__nn0,final,True,outer_evaluation,9f1bebb5d5998aab24fbffe33b048fd16b8095a6,experiment-freeze-v2,bf06dc0e7fe6ff5e,998ed4d20a8987d6,cpu_classical,2f512f20b8ecc6ec,cpu_core_weighted,0,1,32,ridge,0,abe0cd1cb9555ccb,0.0111302490004163,315.4751253809486,independent,False,123.4773595323048,123.4773595323048,False,315.4751253809486,55.52292184941572,cpu_classical
base__cpu_core_weighted__f0__h1__ridge__s0__bottom_up__nn0,final,True,outer_evaluation,9f1bebb5d5998aab24fbffe33b048fd16b8095a6,experiment-freeze-v2,bf06dc0e7fe6ff5e,998ed4d20a8987d6,cpu_classical,2f512f20b8ecc6ec,cpu_core_weighted,0,1,32,ridge,0,abe0cd1cb9555ccb,0.0111302490004163,315.4751253809486,bottom_up,False,123.4773595323048,0.0,True,283.41274004138853,55.52292184941572,cpu_classical
base__cpu_core_weighted__f0__h1__ridge__s0__wls__nn0,final,True,outer_evaluation,9f1bebb5d5998aab24fbffe33b048fd16b8095a6,experiment-freeze-v2,bf06dc0e7fe6ff5e,998ed4d20a8987d6,cpu_classical,2f512f20b8ecc6ec,cpu_core_weighted,0,1,32,ridge,0,abe0cd1cb9555ccb,0.0111302490004163,315.4751253809486,wls,False,123.4773595323048,0.0,True,288.3102374059366,56.701270976366175,cpu_classical
base__cpu_core_weighted__f0__h1__ridge__s0__mint__nn0,final,True,outer_evaluation,9f1bebb5d5998aab24fbffe33b048fd16b8095a6,experiment-freeze-v2,bf06dc0e7fe6ff5e,998ed4d20a8987d6,cpu_classical,2f512f20b8ecc6ec,cpu_core_weighted,0,1,32,ridge,0,abe0cd1cb9555ccb,0.0111302490004163,315.4751253809486,mint,False,123.4773595323048,0.0,True,284.9077082678715,55.82074415092769,cpu_classical
base__cpu_core_weighted__f0__h1__lightgbm__s0__independent__nn0,final,True,outer_evaluation,9f1bebb5d5998aab24fbffe33b048fd16b8095a6,experiment-freeze-v2,bf06dc0e7fe6ff5e,998ed4d20a8987d6,cpu_classical,2f512f20b8ecc6ec,cpu_core_weighted,0,1,32,lightgbm,0,abe0cd1cb9555ccb,6.654239291001431,261.83698941467105,independent,False,172.09132864608608,172.09132864608608,False,261.83698941467105,46.61391014236892,cpu_classical
base__cpu_core_weighted__f0__h1__lightgbm__s0__bottom_up__nn0,final,True,outer_evaluation,9f1bebb5d5998aab24fbffe33b048fd16b8095a6,experiment-freeze-v2,bf06dc0e7fe6ff5e,998ed4d20a8987d6,cpu_classical,2f512f20b8ecc6ec,cpu_core_weighted,0,1,32,lightgbm,0,abe0cd1cb9555ccb,6.654239291001431,261.83698941467105,bottom_up,False,172.09132864608608,0.0,True,237.4052437168076,46.61391014236892,cpu_classical
base__cpu_core_weighted__f0__h1__lightgbm__s0__wls__nn0,final,True,outer_evaluation,9f1bebb5d5998aab24fbffe33b048fd16b8095a6,experiment-freeze-v2,bf06dc0e7fe6ff5e,998ed4d20a8987d6,cpu_classical,2f512f20b8ecc6ec,cpu_core_weighted,0,1,32,lightgbm,0,abe0cd1cb9555ccb,6.654239291001431,261.83698941467105,wls,False,172.09132864608608,0.0,True,235.9759663566457,48.36474936530754,cpu_classical
base__cpu_core_weighted__f0__h1__lightgbm__s0__mint__nn0,final,True,outer_evaluation,9f1bebb5d5998aab24fbffe33b048fd16b8095a6,experiment-freeze-v2,bf06dc0e7fe6ff5e,998ed4d20a8987d6,cpu_classical,2f512f20b8ecc6ec,cpu_core_weighted,0,1,32,lightgbm,0,abe0cd1cb9555ccb,6.654239291001431,261.83698941467105,mint,False,172.09132864608608,0.0,True,235.46737748408017,48.25110440351016,cpu_classical
base__cpu_core_weighted__f0__h8__persistence__s0__independent__nn0,final,True,outer_evaluation,9f1bebb5d5998aab24fbffe33b048fd16b8095a6,experiment-freeze-v2,bf06dc0e7fe6ff5e,998ed4d20a8987d6,cpu_classical,2f512f20b8ecc6ec,cpu_core_weighted,0,8,32,persistence,0,abe0cd1cb9555ccb,0.0002356250006414,328.197531965878,independent,False,0.0,0.0,True,328.197531965878,60.61827917311816,cpu_classical
base__cpu_core_weighted__f0__h8__persistence__s0__independent__nn1,final,True,outer_evaluation,9f1bebb5d5998aab24fbffe33b048fd16b8095a6,experiment-freeze-v2,bf06dc0e7fe6ff5e,998ed4d20a8987d6,cpu_classical,2f512f20b8ecc6ec,cpu_core_weighted,0,8,32,persistence,0,abe0cd1cb9555ccb,0.0002356250006414,328.197531965878,independent,True,0.0,0.0,True,328.197531965878,60.61827917311816,cpu_classical
base__cpu_core_weighted__f0__h8__persistence__s0__bottom_up__nn0,final,True,outer_evaluation,9f1bebb5d5998aab24fbffe33b048fd16b8095a6,experiment-freeze-v2,bf06dc0e7fe6ff5e,998ed4d20a8987d6,cpu_classical,2f512f20b8ecc6ec,cpu_core_weighted,0,8,32,persistence,0,abe0cd1cb9555ccb,0.0002356250006414,328.197531965878,bottom_up,False,0.0,0.0,True,328.197531965878,60.61827917311816,cpu_classical
base__cpu_core_weighted__f0__h8__persistence__s0__bottom_up__nn1,final,True,outer_evaluation,9f1bebb5d5998aab24fbffe33b048fd16b8095a6,experiment-freeze-v2,bf06dc0e7fe6ff5e,998ed4d20a8987d6,cpu_classical,2f512f20b8ecc6ec,cpu_core_weighted,0,8,32,persistence,0,abe0cd1cb9555ccb,0.0002356250006414,328.197531965878,bottom_up,True,0.0,0.0,True,328.197531965878,60.61827917311816,cpu_classical
base__cpu_core_weighted__f0__h8__persistence__s0__wls__nn0,final,True,outer_evaluation,9f1bebb5d5998aab24fbffe33b048fd16b8095a6,experiment-freeze-v2,bf06dc0e7fe6ff5e,998ed4d20a8987d6,cpu_classical,2f512f20b8ecc6ec,cpu_core_weighted,0,8,32,persistence,0,abe0cd1cb9555ccb,0.0002356250006414,328.197531965878,wls,False,0.0,0.0,True,328.19753196590693,60.61827917311856,cpu_classical
base__cpu_core_weighted__f0__h8__persistence__s0__wls__nn1,final,True,outer_evaluation,9f1bebb5d5998aab24fbffe33b048fd16b8095a6,experiment-freeze-v2,bf06dc0e7fe6ff5e,998ed4d20a8987d6,cpu_classical,2f512f20b8ecc6ec,cpu_core_weighted,0,8,32,persistence,0,abe0cd1cb9555ccb,0.0002356250006414,328.197531965878,wls,True,0.0,0.0,True,328.19753196590693,60.61827917311856,cpu_classical
base__cpu_core_weighted__f0__h8__persistence__s0__mint__nn0,final,True,outer_evaluation,9f1bebb5d5998aab24fbffe33b048fd16b8095a6,experiment-freeze-v2,bf06dc0e7fe6ff5e,998ed4d20a8987d6,cpu_classical,2f512f20b8ecc6ec,cpu_core_weighted,0,8,32,persistence,0,abe0cd1cb9555ccb,0.0002356250006414,328.197531965878,mint,False,0.0,0.0,True,328.19753196588806,60.61827917311826,cpu_classical
base__cpu_core_weighted__f0__h8__persistence__s0__mint__nn1,final,True,outer_evaluation,9f1bebb5d5998aab24fbffe33b048fd16b8095a6,experiment-freeze-v2,bf06dc0e7fe6ff5e,998ed4d20a8987d6,cpu_classical,2f512f20b8ecc6ec,cpu_core_weighted,0,8,32,persistence,0,abe0cd1cb9555ccb,0.0002356250006414,328.197531965878,mint,True,0.0,0.0,True,328.19753196588806,60.61827917311826,cpu_classical
base__cpu_core_weighted__f0__h8__persistence__s0__ols__nn0,final,True,outer_evaluation,9f1bebb5d5998aab24fbffe33b048fd16b8095a6,experiment-freeze-v2,bf06dc0e7fe6ff5e,998ed4d20a8987d6,cpu_classical,2f512f20b8ecc6ec,cpu_core_weighted,0,8,32,persistence,0,abe0cd1cb9555ccb,0.0002356250006414,328.197531965878,ols,False,0.0,0.0,True,328.19753196587817,60.61827917311818,cpu_classical
base__cpu_core_weighted__f0__h8__persistence__s0__ols__nn1,final,True,outer_evaluation,9f1bebb5d5998aab24fbffe33b048fd16b8095a6,experiment-freeze-v2,bf06dc0e7fe6ff5e,998ed4d20a8987d6,cpu_classical,2f512f20b8ecc6ec,cpu_core_weighted,0,8,32,persistence,0,abe0cd1cb9555ccb,0.0002356250006414,328.197531965878,ols,True,0.0,0.0,True,328.19753196587817,60.61827917311818,cpu_classical
base__cpu_core_weighted__f0__h8__ridge__s0__independent__nn0,final,True,outer_evaluation,9f1bebb5d5998aab24fbffe33b048fd16b8095a6,experiment-freeze-v2,bf06dc0e7fe6ff5e,998ed4d20a8987d6,cpu_classical,2f512f20b8ecc6ec,cpu_core_weighted,0,8,32,ridge,0,abe0cd1cb9555ccb,0.0356153329994413,308.1622967950762,independent,False,122.7085416830396,122.7085416830396,False,308.1622967950762,54.534957770351674,cpu_classical
base__cpu_core_weighted__f0__h8__ridge__s0__independent__nn1,final,True,outer_evaluation,9f1bebb5d5998aab24fbffe33b048fd16b8095a6,experiment-freeze-v2,bf06dc0e7fe6ff5e,998ed4d20a8987d6,cpu_classical,2f512f20b8ecc6ec,cpu_core_weighted,0,8,32,ridge,0,abe0cd1cb9555ccb,0.0356153329994413,308.1622967950762,independent,True,122.7085416830396,0.0,True,272.20503991195517,53.2602126733816,cpu_classical
base__cpu_core_weighted__f0__h8__ridge__s0__bottom_up__nn0,final,True,outer_evaluation,9f1bebb5d5998aab24fbffe33b048fd16b8095a6,experiment-freeze-v2,bf06dc0e7fe6ff5e,998ed4d20a8987d6,cpu_classical,2f512f20b8ecc6ec,cpu_core_weighted,0,8,32,ridge,0,abe0cd1cb9555ccb,0.0356153329994413,308.1622967950762,bottom_up,False,122.7085416830396,0.0,True,276.2211454609803,54.534957770351674,cpu_classical
base__cpu_core_weighted__f0__h8__ridge__s0__bottom_up__nn1,final,True,outer_evaluation,9f1bebb5d5998aab24fbffe33b048fd16b8095a6,experiment-freeze-v2,bf06dc0e7fe6ff5e,998ed4d20a8987d6,cpu_classical,2f512f20b8ecc6ec,cpu_core_weighted,0,8,32,ridge,0,abe0cd1cb9555ccb,0.0356153329994413,308.1622967950762,bottom_up,True,122.7085416830396,0.0,True,272.20503991195517,53.2602126733816,cpu_classical
base__cpu_core_weighted__f0__h8__ridge__s0__wls__nn0,final,True,outer_evaluation,9f1bebb5d5998aab24fbffe33b048fd16b8095a6,experiment-freeze-v2,bf06dc0e7fe6ff5e,998ed4d20a8987d6,cpu_classical,2f512f20b8ecc6ec,cpu_core_weighted,0,8,32,ridge,0,abe0cd1cb9555ccb,0.0356153329994413,308.1622967950762,wls,False,122.7085416830396,0.0,True,282.14124186245385,55.98129137233576,cpu_classical
base__cpu_core_weighted__f0__h8__ridge__s0__wls__nn1,final,True,outer_evaluation,9f1bebb5d5998aab24fbffe33b048fd16b8095a6,experiment-freeze-v2,bf06dc0e7fe6ff5e,998ed4d20a8987d6,cpu_classical,2f512f20b8ecc6ec,cpu_core_weighted,0,8,32,ridge,0,abe0cd1cb9555ccb,0.0356153329994413,308.1622967950762,wls,True,122.7085416830396,0.0,True,279.1913342620631,54.75023062744244,cpu_classical
base__cpu_core_weighted__f0__h8__ridge__s0__mint__nn0,final,True,outer_evaluation,9f1bebb5d5998aab24fbffe33b048fd16b8095a6,experiment-freeze-v2,bf06dc0e7fe6ff5e,998ed4d20a8987d6,cpu_classical,2f512f20b8ecc6ec,cpu_core_weighted,0,8,32,ridge,0,abe0cd1cb9555ccb,0.0356153329994413,308.1622967950762,mint,False,122.7085416830396,0.0,True,277.8642510464726,54.84857757629696,cpu_classical
base__cpu_core_weighted__f0__h8__ridge__s0__mint__nn1,final,True,outer_evaluation,9f1bebb5d5998aab24fbffe33b048fd16b8095a6,experiment-freeze-v2,bf06dc0e7fe6ff5e,998ed4d20a8987d6,cpu_classical,2f512f20b8ecc6ec,cpu_core_weighted,0,8,32,ridge,0,abe0cd1cb9555ccb,0.0356153329994413,308.1622967950762,mint,True,122.7085416830396,0.0,True,274.4655103278821,53.634046386412635,cpu_classical
base__cpu_core_weighted__f0__h8__ridge__s0__ols__nn0,final,True,outer_evaluation,9f1bebb5d5998aab24fbffe33b048fd16b8095a6,experiment-freeze-v2,bf06dc0e7fe6ff5e,998ed4d20a8987d6,cpu_classical,2f512f20b8ecc6ec,cpu_core_weighted,0,8,32,ridge,0,abe0cd1cb9555ccb,0.0356153329994413,308.1622967950762,ols,False,122.7085416830396,0.0,True,301.0465132856539,60.04010055055688,cpu_classical
base__cpu_core_weighted__f0__h8__ridge__s0__ols__nn1,final,True,outer_evaluation,9f1bebb5d5998aab24fbffe33b048fd16b8095a6,experiment-freeze-v2,bf06dc0e7fe6ff5e,998ed4d20a8987d6,cpu_classical,2f512f20b8ecc6ec,cpu_core_weighted,0,8,32,ridge,0,abe0cd1cb9555ccb,0.0356153329994413,308.1622967950762,ols,True,122.7085416830396,0.0,True,298.4735953367077,58.710120005073406,cpu_classical
base__cpu_core_weighted__f0__h8__lightgbm__s0__independent__nn0,final,True,outer_evaluation,9f1bebb5d5998aab24fbffe33b048fd16b8095a6,experiment-freeze-v2,bf06dc0e7fe6ff5e,998ed4d20a8987d6,cpu_classical,2f512f20b8ecc6ec,cpu_core_weighted,0,8,32,lightgbm,0,abe0cd1cb9555ccb,52.36379783400207,257.1867695524892,independent,False,171.44483583057644,171.44483583057644,False,257.1867695524892,46.43133409300681,cpu_classical
base__cpu_core_weighted__f0__h8__lightgbm__s0__independent__nn1,final,True,outer_evaluation,9f1bebb5d5998aab24fbffe33b048fd16b8095a6,experiment-freeze-v2,bf06dc0e7fe6ff5e,998ed4d20a8987d6,cpu_classical,2f512f20b8ecc6ec,cpu_core_weighted,0,8,32,lightgbm,0,abe0cd1cb9555ccb,52.36379783400207,257.1867695524892,independent,True,171.44483583057644,0.0,True,235.12029702688912,46.259788160549775,cpu_classical
base__cpu_core_weighted__f0__h8__lightgbm__s0__bottom_up__nn0,final,True,outer_evaluation,9f1bebb5d5998aab24fbffe33b048fd16b8095a6,experiment-freeze-v2,bf06dc0e7fe6ff5e,998ed4d20a8987d6,cpu_classical,2f512f20b8ecc6ec,cpu_core_weighted,0,8,32,lightgbm,0,abe0cd1cb9555ccb,52.36379783400207,257.1867695524892,bottom_up,False,171.44483583057644,0.0,True,235.18592707315997,46.43133409300681,cpu_classical
base__cpu_core_weighted__f0__h8__lightgbm__s0__bottom_up__nn1,final,True,outer_evaluation,9f1bebb5d5998aab24fbffe33b048fd16b8095a6,experiment-freeze-v2,bf06dc0e7fe6ff5e,998ed4d20a8987d6,cpu_classical,2f512f20b8ecc6ec,cpu_core_weighted,0,8,32,lightgbm,0,abe0cd1cb9555ccb,52.36379783400207,257.1867695524892,bottom_up,True,171.44483583057644,0.0,True,235.12029702688912,46.259788160549775,cpu_classical
base__cpu_core_weighted__f0__h8__lightgbm__s0__wls__nn0,final,True,outer_evaluation,9f1bebb5d5998aab24fbffe33b048fd16b8095a6,experiment-freeze-v2,bf06dc0e7fe6ff5e,998ed4d20a8987d6,cpu_classical,2f512f20b8ecc6ec,cpu_core_weighted,0,8,32,lightgbm,0,abe0cd1cb9555ccb,52.36379783400207,257.1867695524892,wls,False,171.44483583057644,0.0,True,232.7808041374207,48.13533315680387,cpu_classical
base__cpu_core_weighted__f0__h8__lightgbm__s0__wls__nn1,final,True,outer_evaluation,9f1bebb5d5998aab24fbffe33b048fd16b8095a6,experiment-freeze-v2,bf06dc0e7fe6ff5e,998ed4d20a8987d6,cpu_classical,2f512f20b8ecc6ec,cpu_core_weighted,0,8,32,lightgbm,0,abe0cd1cb9555ccb,52.36379783400207,257.1867695524892,wls,True,171.44483583057644,0.0,True,234.03961977780116,47.58559718065043,cpu_classical
base__cpu_core_weighted__f0__h8__lightgbm__s0__mint__nn0,final,True,outer_evaluation,9f1bebb5d5998aab24fbffe33b048fd16b8095a6,experiment-freeze-v2,bf06dc0e7fe6ff5e,998ed4d20a8987d6,cpu_classical,2f512f20b8ecc6ec,cpu_core_weighted,0,8,32,lightgbm,0,abe0cd1cb9555ccb,52.36379783400207,257.1867695524892,mint,False,171.44483583057644,0.0,True,231.3121134957916,47.52517354815662,cpu_classical
base__cpu_core_weighted__f0__h8__lightgbm__s0__mint__nn1,final,True,outer_evaluation,9f1bebb5d5998aab24fbffe33b048fd16b8095a6,experiment-freeze-v2,bf06dc0e7fe6ff5e,998ed4d20a8987d6,cpu_classical,2f512f20b8ecc6ec,cpu_core_weighted,0,8,32,lightgbm,0,abe0cd1cb9555ccb,52.36379783400207,257.1867695524892,mint,True,171.44483583057644,0.0,True,232.31810647062375,47.12864087551481,cpu_classical
base__cpu_core_weighted__f0__h8__lightgbm__s0__ols__nn0,final,True,outer_evaluation,9f1bebb5d5998aab24fbffe33b048fd16b8095a6,experiment-freeze-v2,bf06dc0e7fe6ff5e,998ed4d20a8987d6,cpu_classical,2f512f20b8ecc6ec,cpu_core_weighted,0,8,32,lightgbm,0,abe0cd1cb9555ccb,52.36379783400207,257.1867695524892,ols,False,171.44483583057644,0.0,True,248.4489929397295,56.711932722623814,cpu_classical
base__cpu_core_weighted__f0__h8__lightgbm__s0__ols__nn1,final,True,outer_evaluation,9f1bebb5d5998aab24fbffe33b048fd16b8095a6,experiment-freeze-v2,bf06dc0e7fe6ff5e,998ed4d20a8987d6,cpu_classical,2f512f20b8ecc6ec,cpu_core_weighted,0,8,32,lightgbm,0,abe0cd1cb9555ccb,52.36379783400207,257.1867695524892,ols,True,171.44483583057644,0.0,True,247.44991236195776,54.71282883777546,cpu_classical
base__cpu_core_weighted__f0__h16__persistence__s0__independent__nn0,final,True,outer_evaluation,9f1bebb5d5998aab24fbffe33b048fd16b8095a6,experiment-freeze-v2,bf06dc0e7fe6ff5e,998ed4d20a8987d6,cpu_classical,2f512f20b8ecc6ec,cpu_core_weighted,0,16,32,persistence,0,abe0cd1cb9555ccb,0.0002891679996537,331.82240938623585,independent,False,0.0,0.0,True,331.82240938623585,60.84073744925883,cpu_classical
base__cpu_core_weighted__f0__h16__persistence__s0__bottom_up__nn0,final,True,outer_evaluation,9f1bebb5d5998aab24fbffe33b048fd16b8095a6,experiment-freeze-v2,bf06dc0e7fe6ff5e,998ed4d20a8987d6,cpu_classical,2f512f20b8ecc6ec,cpu_core_weighted,0,16,32,persistence,0,abe0cd1cb9555ccb,0.0002891679996537,331.82240938623585,bottom_up,False,0.0,0.0,True,331.82240938623585,60.84073744925883,cpu_classical
base__cpu_core_weighted__f0__h16__persistence__s0__wls__nn0,final,True,outer_evaluation,9f1bebb5d5998aab24fbffe33b048fd16b8095a6,experiment-freeze-v2,bf06dc0e7fe6ff5e,998ed4d20a8987d6,cpu_classical,2f512f20b8ecc6ec,cpu_core_weighted,0,16,32,persistence,0,abe0cd1cb9555ccb,0.0002891679996537,331.82240938623585,wls,False,0.0,0.0,True,331.8224093862685,60.840737449259734,cpu_classical
base__cpu_core_weighted__f0__h16__persistence__s0__mint__nn0,final,True,outer_evaluation,9f1bebb5d5998aab24fbffe33b048fd16b8095a6,experiment-freeze-v2,bf06dc0e7fe6ff5e,998ed4d20a8987d6,cpu_classical,2f512f20b8ecc6ec,cpu_core_weighted,0,16,32,persistence,0,abe0cd1cb9555ccb,0.0002891679996537,331.82240938623585,mint,False,0.0,0.0,True,331.8224093862479,60.84073744925925,cpu_classical
base__cpu_core_weighted__f0__h16__ridge__s0__independent__nn0,final,True,outer_evaluation,9f1bebb5d5998aab24fbffe33b048fd16b8095a6,experiment-freeze-v2,bf06dc0e7fe6ff5e,998ed4d20a8987d6,cpu_classical,2f512f20b8ecc6ec,cpu_core_weighted,0,16,32,ridge,0,abe0cd1cb9555ccb,0.0662069989994051,314.0604074649231,independent,False,122.31013155674466,122.31013155674466,False,314.0604074649231,54.87527013709591,cpu_classical
base__cpu_core_weighted__f0__h16__ridge__s0__bottom_up__nn0,final,True,outer_evaluation,9f1bebb5d5998aab24fbffe33b048fd16b8095a6,experiment-freeze-v2,bf06dc0e7fe6ff5e,998ed4d20a8987d6,cpu_classical,2f512f20b8ecc6ec,cpu_core_weighted,0,16,32,ridge,0,abe0cd1cb9555ccb,0.0662069989994051,314.0604074649231,bottom_up,False,122.31013155674466,0.0,True,280.3724532895044,54.87527013709591,cpu_classical
base__cpu_core_weighted__f0__h16__ridge__s0__wls__nn0,final,True,outer_evaluation,9f1bebb5d5998aab24fbffe33b048fd16b8095a6,experiment-freeze-v2,bf06dc0e7fe6ff5e,998ed4d20a8987d6,cpu_classical,2f512f20b8ecc6ec,cpu_core_weighted,0,16,32,ridge,0,abe0cd1cb9555ccb,0.0662069989994051,314.0604074649231,wls,False,122.31013155674466,0.0,True,286.9971771863407,56.3813886982348,cpu_classical
base__cpu_core_weighted__f0__h16__ridge__s0__mint__nn0,final,True,outer_evaluation,9f1bebb5d5998aab24fbffe33b048fd16b8095a6,experiment-freeze-v2,bf06dc0e7fe6ff5e,998ed4d20a8987d6,cpu_classical,2f512f20b8ecc6ec,cpu_core_weighted,0,16,32,ridge,0,abe0cd1cb9555ccb,0.0662069989994051,314.0604074649231,mint,False,122.31013155674466,0.0,True,282.2034618886695,55.19564004964256,cpu_classical
base__cpu_core_weighted__f0__h16__lightgbm__s0__independent__nn0,final,True,outer_evaluation,9f1bebb5d5998aab24fbffe33b048fd16b8095a6,experiment-freeze-v2,bf06dc0e7fe6ff5e,998ed4d20a8987d6,cpu_classical,2f512f20b8ecc6ec,cpu_core_weighted,0,16,32,lightgbm,0,abe0cd1cb9555ccb,105.47671766599797,263.6458182680166,independent,False,183.11774023810403,183.11774023810403,False,263.6458182680166,47.06120562341504,cpu_classical
base__cpu_core_weighted__f0__h16__lightgbm__s0__bottom_up__nn0,final,True,outer_evaluation,9f1bebb5d5998aab24fbffe33b048fd16b8095a6,experiment-freeze-v2,bf06dc0e7fe6ff5e,998ed4d20a8987d6,cpu_classical,2f512f20b8ecc6ec,cpu_core_weighted,0,16,32,lightgbm,0,abe0cd1cb9555ccb,105.47671766599797,263.6458182680166,bottom_up,False,183.11774023810403,0.0,True,243.2463549015158,47.06120562341504,cpu_classical
base__cpu_core_weighted__f0__h16__lightgbm__s0__wls__nn0,final,True,outer_evaluation,9f1bebb5d5998aab24fbffe33b048fd16b8095a6,experiment-freeze-v2,bf06dc0e7fe6ff5e,998ed4d20a8987d6,cpu_classical,2f512f20b8ecc6ec,cpu_core_weighted,0,16,32,lightgbm,0,abe0cd1cb9555ccb,105.47671766599797,263.6458182680166,wls,False,183.11774023810403,0.0,True,240.2525668494717,49.19087278623136,cpu_classical
base__cpu_core_weighted__f0__h16__lightgbm__s0__mint__nn0,final,True,outer_evaluation,9f1bebb5d5998aab24fbffe33b048fd16b8095a6,experiment-freeze-v2,bf06dc0e7fe6ff5e,998ed4d20a8987d6,cpu_classical,2f512f20b8ecc6ec,cpu_core_weighted,0,16,32,lightgbm,0,abe0cd1cb9555ccb,105.47671766599797,263.6458182680166,mint,False,183.11774023810403,0.0,True,239.06700345427703,48.22835549140253,cpu_classical
base__cpu_core_weighted__f1__h1__persistence__s0__independent__nn0,final,True,outer_evaluation,9f1bebb5d5998aab24fbffe33b048fd16b8095a6,experiment-freeze-v2,bf06dc0e7fe6ff5e,998ed4d20a8987d6,cpu_classical,2f512f20b8ecc6ec,cpu_core_weighted,1,1,32,persistence,0,abe0cd1cb9555ccb,0.0001715410007818,258.5864403621402,independent,False,0.0,0.0,True,258.5864403621402,48.96000833581534,cpu_classical
base__cpu_core_weighted__f1__h1__persistence__s0__bottom_up__nn0,final,True,outer_evaluation,9f1bebb5d5998aab24fbffe33b048fd16b8095a6,experiment-freeze-v2,bf06dc0e7fe6ff5e,998ed4d20a8987d6,cpu_classical,2f512f20b8ecc6ec,cpu_core_weighted,1,1,32,persistence,0,abe0cd1cb9555ccb,0.0001715410007818,258.5864403621402,bottom_up,False,0.0,0.0,True,258.5864403621402,48.96000833581534,cpu_classical
base__cpu_core_weighted__f1__h1__persistence__s0__wls__nn0,final,True,outer_evaluation,9f1bebb5d5998aab24fbffe33b048fd16b8095a6,experiment-freeze-v2,bf06dc0e7fe6ff5e,998ed4d20a8987d6,cpu_classical,2f512f20b8ecc6ec,cpu_core_weighted,1,1,32,persistence,0,abe0cd1cb9555ccb,0.0001715410007818,258.5864403621402,wls,False,0.0,0.0,True,258.58644036213855,48.96000833581521,cpu_classical
base__cpu_core_weighted__f1__h1__persistence__s0__mint__nn0,final,True,outer_evaluation,9f1bebb5d5998aab24fbffe33b048fd16b8095a6,experiment-freeze-v2,bf06dc0e7fe6ff5e,998ed4d20a8987d6,cpu_classical,2f512f20b8ecc6ec,cpu_core_weighted,1,1,32,persistence,0,abe0cd1cb9555ccb,0.0001715410007818,258.5864403621402,mint,False,0.0,0.0,True,258.58644036215964,48.960008335815914,cpu_classical
base__cpu_core_weighted__f1__h1__ridge__s0__independent__nn0,final,True,outer_evaluation,9f1bebb5d5998aab24fbffe33b048fd16b8095a6,experiment-freeze-v2,bf06dc0e7fe6ff5e,998ed4d20a8987d6,cpu_classical,2f512f20b8ecc6ec,cpu_core_weighted,1,1,32,ridge,0,abe0cd1cb9555ccb,0.0088935000003402,245.11569310811487,independent,False,111.69797010308775,111.69797010308775,False,245.11569310811487,43.81671215547032,cpu_classical
base__cpu_core_weighted__f1__h1__ridge__s0__bottom_up__nn0,final,True,outer_evaluation,9f1bebb5d5998aab24fbffe33b048fd16b8095a6,experiment-freeze-v2,bf06dc0e7fe6ff5e,998ed4d20a8987d6,cpu_classical,2f512f20b8ecc6ec,cpu_core_weighted,1,1,32,ridge,0,abe0cd1cb9555ccb,0.0088935000003402,245.11569310811487,bottom_up,False,111.69797010308775,0.0,True,216.17092658272037,43.81671215547032,cpu_classical
base__cpu_core_weighted__f1__h1__ridge__s0__wls__nn0,final,True,outer_evaluation,9f1bebb5d5998aab24fbffe33b048fd16b8095a6,experiment-freeze-v2,bf06dc0e7fe6ff5e,998ed4d20a8987d6,cpu_classical,2f512f20b8ecc6ec,cpu_core_weighted,1,1,32,ridge,0,abe0cd1cb9555ccb,0.0088935000003402,245.11569310811487,wls,False,111.69797010308775,0.0,True,220.64514378710177,44.97835534366681,cpu_classical
base__cpu_core_weighted__f1__h1__ridge__s0__mint__nn0,final,True,outer_evaluation,9f1bebb5d5998aab24fbffe33b048fd16b8095a6,experiment-freeze-v2,bf06dc0e7fe6ff5e,998ed4d20a8987d6,cpu_classical,2f512f20b8ecc6ec,cpu_core_weighted,1,1,32,ridge,0,abe0cd1cb9555ccb,0.0088935000003402,245.11569310811487,mint,False,111.69797010308775,0.0,True,219.9725573502996,44.808821487118465,cpu_classical
base__cpu_core_weighted__f1__h1__lightgbm__s0__independent__nn0,final,True,outer_evaluation,9f1bebb5d5998aab24fbffe33b048fd16b8095a6,experiment-freeze-v2,bf06dc0e7fe6ff5e,998ed4d20a8987d6,cpu_classical,2f512f20b8ecc6ec,cpu_core_weighted,1,1,32,lightgbm,0,abe0cd1cb9555ccb,6.6384330410000985,199.6147197052011,independent,False,127.44703509795418,127.44703509795418,False,199.6147197052011,36.358867073253336,cpu_classical
base__cpu_core_weighted__f1__h1__lightgbm__s0__bottom_up__nn0,final,True,outer_evaluation,9f1bebb5d5998aab24fbffe33b048fd16b8095a6,experiment-freeze-v2,bf06dc0e7fe6ff5e,998ed4d20a8987d6,cpu_classical,2f512f20b8ecc6ec,cpu_core_weighted,1,1,32,lightgbm,0,abe0cd1cb9555ccb,6.6384330410000985,199.6147197052011,bottom_up,False,127.44703509795418,0.0,True,184.2086048769985,36.358867073253336,cpu_classical
base__cpu_core_weighted__f1__h1__lightgbm__s0__wls__nn0,final,True,outer_evaluation,9f1bebb5d5998aab24fbffe33b048fd16b8095a6,experiment-freeze-v2,bf06dc0e7fe6ff5e,998ed4d20a8987d6,cpu_classical,2f512f20b8ecc6ec,cpu_core_weighted,1,1,32,lightgbm,0,abe0cd1cb9555ccb,6.6384330410000985,199.6147197052011,wls,False,127.44703509795418,0.0,True,182.51413291746803,37.64921956318953,cpu_classical
base__cpu_core_weighted__f1__h1__lightgbm__s0__mint__nn0,final,True,outer_evaluation,9f1bebb5d5998aab24fbffe33b048fd16b8095a6,experiment-freeze-v2,bf06dc0e7fe6ff5e,998ed4d20a8987d6,cpu_classical,2f512f20b8ecc6ec,cpu_core_weighted,1,1,32,lightgbm,0,abe0cd1cb9555ccb,6.6384330410000985,199.6147197052011,mint,False,127.44703509795418,0.0,True,182.4483517490206,37.60947021100512,cpu_classical
base__cpu_core_weighted__f1__h8__persistence__s0__independent__nn0,final,True,outer_evaluation,9f1bebb5d5998aab24fbffe33b048fd16b8095a6,experiment-freeze-v2,bf06dc0e7fe6ff5e,998ed4d20a8987d6,cpu_classical,2f512f20b8ecc6ec,cpu_core_weighted,1,8,32,persistence,0,abe0cd1cb9555ccb,0.0002918320005846,262.57198527389465,independent,False,0.0,0.0,True,262.57198527389465,49.555504881200214,cpu_classical
base__cpu_core_weighted__f1__h8__persistence__s0__independent__nn1,final,True,outer_evaluation,9f1bebb5d5998aab24fbffe33b048fd16b8095a6,experiment-freeze-v2,bf06dc0e7fe6ff5e,998ed4d20a8987d6,cpu_classical,2f512f20b8ecc6ec,cpu_core_weighted,1,8,32,persistence,0,abe0cd1cb9555ccb,0.0002918320005846,262.57198527389465,independent,True,0.0,0.0,True,262.57198527389465,49.555504881200214,cpu_classical
base__cpu_core_weighted__f1__h8__persistence__s0__bottom_up__nn0,final,True,outer_evaluation,9f1bebb5d5998aab24fbffe33b048fd16b8095a6,experiment-freeze-v2,bf06dc0e7fe6ff5e,998ed4d20a8987d6,cpu_classical,2f512f20b8ecc6ec,cpu_core_weighted,1,8,32,persistence,0,abe0cd1cb9555ccb,0.0002918320005846,262.57198527389465,bottom_up,False,0.0,0.0,True,262.57198527389465,49.555504881200214,cpu_classical
base__cpu_core_weighted__f1__h8__persistence__s0__bottom_up__nn1,final,True,outer_evaluation,9f1bebb5d5998aab24fbffe33b048fd16b8095a6,experiment-freeze-v2,bf06dc0e7fe6ff5e,998ed4d20a8987d6,cpu_classical,2f512f20b8ecc6ec,cpu_core_weighted,1,8,32,persistence,0,abe0cd1cb9555ccb,0.0002918320005846,262.57198527389465,bottom_up,True,0.0,0.0,True,262.57198527389465,49.555504881200214,cpu_classical
base__cpu_core_weighted__f1__h8__persistence__s0__wls__nn0,final,True,outer_evaluation,9f1bebb5d5998aab24fbffe33b048fd16b8095a6,experiment-freeze-v2,bf06dc0e7fe6ff5e,998ed4d20a8987d6,cpu_classical,2f512f20b8ecc6ec,cpu_core_weighted,1,8,32,persistence,0,abe0cd1cb9555ccb,0.0002918320005846,262.57198527389465,wls,False,0.0,0.0,True,262.57198527388874,49.55550488120015,cpu_classical
base__cpu_core_weighted__f1__h8__persistence__s0__wls__nn1,final,True,outer_evaluation,9f1bebb5d5998aab24fbffe33b048fd16b8095a6,experiment-freeze-v2,bf06dc0e7fe6ff5e,998ed4d20a8987d6,cpu_classical,2f512f20b8ecc6ec,cpu_core_weighted,1,8,32,persistence,0,abe0cd1cb9555ccb,0.0002918320005846,262.57198527389465,wls,True,0.0,0.0,True,262.57198527388874,49.55550488120015,cpu_classical
base__cpu_core_weighted__f1__h8__persistence__s0__mint__nn0,final,True,outer_evaluation,9f1bebb5d5998aab24fbffe33b048fd16b8095a6,experiment-freeze-v2,bf06dc0e7fe6ff5e,998ed4d20a8987d6,cpu_classical,2f512f20b8ecc6ec,cpu_core_weighted,1,8,32,persistence,0,abe0cd1cb9555ccb,0.0002918320005846,262.57198527389465,mint,False,0.0,0.0,True,262.57198527389204,49.55550488120026,cpu_classical
base__cpu_core_weighted__f1__h8__persistence__s0__mint__nn1,final,True,outer_evaluation,9f1bebb5d5998aab24fbffe33b048fd16b8095a6,experiment-freeze-v2,bf06dc0e7fe6ff5e,998ed4d20a8987d6,cpu_classical,2f512f20b8ecc6ec,cpu_core_weighted,1,8,32,persistence,0,abe0cd1cb9555ccb,0.0002918320005846,262.57198527389465,mint,True,0.0,0.0,True,262.57198527389204,49.55550488120026,cpu_classical
base__cpu_core_weighted__f1__h8__persistence__s0__ols__nn0,final,True,outer_evaluation,9f1bebb5d5998aab24fbffe33b048fd16b8095a6,experiment-freeze-v2,bf06dc0e7fe6ff5e,998ed4d20a8987d6,cpu_classical,2f512f20b8ecc6ec,cpu_core_weighted,1,8,32,persistence,0,abe0cd1cb9555ccb,0.0002918320005846,262.57198527389465,ols,False,0.0,0.0,True,262.57198527389477,49.555504881200235,cpu_classical
base__cpu_core_weighted__f1__h8__persistence__s0__ols__nn1,final,True,outer_evaluation,9f1bebb5d5998aab24fbffe33b048fd16b8095a6,experiment-freeze-v2,bf06dc0e7fe6ff5e,998ed4d20a8987d6,cpu_classical,2f512f20b8ecc6ec,cpu_core_weighted,1,8,32,persistence,0,abe0cd1cb9555ccb,0.0002918320005846,262.57198527389465,ols,True,0.0,0.0,True,262.57198527389477,49.555504881200235,cpu_classical
base__cpu_core_weighted__f1__h8__ridge__s0__independent__nn0,final,True,outer_evaluation,9f1bebb5d5998aab24fbffe33b048fd16b8095a6,experiment-freeze-v2,bf06dc0e7fe6ff5e,998ed4d20a8987d6,cpu_classical,2f512f20b8ecc6ec,cpu_core_weighted,1,8,32,ridge,0,abe0cd1cb9555ccb,0.0530217100003937,248.29780331202304,independent,False,111.16586994739626,111.16586994739626,False,248.29780331202304,44.19074216537369,cpu_classical
base__cpu_core_weighted__f1__h8__ridge__s0__independent__nn1,final,True,outer_evaluation,9f1bebb5d5998aab24fbffe33b048fd16b8095a6,experiment-freeze-v2,bf06dc0e7fe6ff5e,998ed4d20a8987d6,cpu_classical,2f512f20b8ecc6ec,cpu_core_weighted,1,8,32,ridge,0,abe0cd1cb9555ccb,0.0530217100003937,248.29780331202304,independent,True,111.16586994739626,0.0,True,216.56905886428413,43.387532662705496,cpu_classical
base__cpu_core_weighted__f1__h8__ridge__s0__bottom_up__nn0,final,True,outer_evaluation,9f1bebb5d5998aab24fbffe33b048fd16b8095a6,experiment-freeze-v2,bf06dc0e7fe6ff5e,998ed4d20a8987d6,cpu_classical,2f512f20b8ecc6ec,cpu_core_weighted,1,8,32,ridge,0,abe0cd1cb9555ccb,0.0530217100003937,248.29780331202304,bottom_up,False,111.16586994739626,0.0,True,219.2864165616067,44.19074216537369,cpu_classical
base__cpu_core_weighted__f1__h8__ridge__s0__bottom_up__nn1,final,True,outer_evaluation,9f1bebb5d5998aab24fbffe33b048fd16b8095a6,experiment-freeze-v2,bf06dc0e7fe6ff5e,998ed4d20a8987d6,cpu_classical,2f512f20b8ecc6ec,cpu_core_weighted,1,8,32,ridge,0,abe0cd1cb9555ccb,0.0530217100003937,248.29780331202304,bottom_up,True,111.16586994739626,0.0,True,216.56905886428413,43.387532662705496,cpu_classical
base__cpu_core_weighted__f1__h8__ridge__s0__wls__nn0,final,True,outer_evaluation,9f1bebb5d5998aab24fbffe33b048fd16b8095a6,experiment-freeze-v2,bf06dc0e7fe6ff5e,998ed4d20a8987d6,cpu_classical,2f512f20b8ecc6ec,cpu_core_weighted,1,8,32,ridge,0,abe0cd1cb9555ccb,0.0530217100003937,248.29780331202304,wls,False,111.16586994739626,0.0,True,223.9440757896785,45.41854722378593,cpu_classical
base__cpu_core_weighted__f1__h8__ridge__s0__wls__nn1,final,True,outer_evaluation,9f1bebb5d5998aab24fbffe33b048fd16b8095a6,experiment-freeze-v2,bf06dc0e7fe6ff5e,998ed4d20a8987d6,cpu_classical,2f512f20b8ecc6ec,cpu_core_weighted,1,8,32,ridge,0,abe0cd1cb9555ccb,0.0530217100003937,248.29780331202304,wls,True,111.16586994739626,0.0,True,221.99044392976165,44.65828130622252,cpu_classical
base__cpu_core_weighted__f1__h8__ridge__s0__mint__nn0,final,True,outer_evaluation,9f1bebb5d5998aab24fbffe33b048fd16b8095a6,experiment-freeze-v2,bf06dc0e7fe6ff5e,998ed4d20a8987d6,cpu_classical,2f512f20b8ecc6ec,cpu_core_weighted,1,8,32,ridge,0,abe0cd1cb9555ccb,0.0530217100003937,248.29780331202304,mint,False,111.16586994739626,0.0,True,223.1913924335622,45.22786869946951,cpu_classical
base__cpu_core_weighted__f1__h8__ridge__s0__mint__nn1,final,True,outer_evaluation,9f1bebb5d5998aab24fbffe33b048fd16b8095a6,experiment-freeze-v2,bf06dc0e7fe6ff5e,998ed4d20a8987d6,cpu_classical,2f512f20b8ecc6ec,cpu_core_weighted,1,8,32,ridge,0,abe0cd1cb9555ccb,0.0530217100003937,248.29780331202304,mint,True,111.16586994739626,0.0,True,221.1631673311764,44.476722515855286,cpu_classical
base__cpu_core_weighted__f1__h8__ridge__s0__ols__nn0,final,True,outer_evaluation,9f1bebb5d5998aab24fbffe33b048fd16b8095a6,experiment-freeze-v2,bf06dc0e7fe6ff5e,998ed4d20a8987d6,cpu_classical,2f512f20b8ecc6ec,cpu_core_weighted,1,8,32,ridge,0,abe0cd1cb9555ccb,0.0530217100003937,248.29780331202304,ols,False,111.16586994739626,0.0,True,241.9244511544618,49.18736775729555,cpu_classical
base__cpu_core_weighted__f1__h8__ridge__s0__ols__nn1,final,True,outer_evaluation,9f1bebb5d5998aab24fbffe33b048fd16b8095a6,experiment-freeze-v2,bf06dc0e7fe6ff5e,998ed4d20a8987d6,cpu_classical,2f512f20b8ecc6ec,cpu_core_weighted,1,8,32,ridge,0,abe0cd1cb9555ccb,0.0530217100003937,248.29780331202304,ols,True,111.16586994739626,0.0,True,240.23906408500463,48.33348152577723,cpu_classical
base__cpu_core_weighted__f1__h8__lightgbm__s0__independent__nn0,final,True,outer_evaluation,9f1bebb5d5998aab24fbffe33b048fd16b8095a6,experiment-freeze-v2,bf06dc0e7fe6ff5e,998ed4d20a8987d6,cpu_classical,2f512f20b8ecc6ec,cpu_core_weighted,1,8,32,lightgbm,0,abe0cd1cb9555ccb,53.876376333000735,203.41532062603233,independent,False,132.7397281498307,132.7397281498307,False,203.41532062603233,37.06789243844397,cpu_classical
base__cpu_core_weighted__f1__h8__lightgbm__s0__independent__nn1,final,True,outer_evaluation,9f1bebb5d5998aab24fbffe33b048fd16b8095a6,experiment-freeze-v2,bf06dc0e7fe6ff5e,998ed4d20a8987d6,cpu_classical,2f512f20b8ecc6ec,cpu_core_weighted,1,8,32,lightgbm,0,abe0cd1cb9555ccb,53.876376333000735,203.41532062603233,independent,True,132.7397281498307,0.0,True,187.2820126057538,37.01982730922082,cpu_classical
base__cpu_core_weighted__f1__h8__lightgbm__s0__bottom_up__nn0,final,True,outer_evaluation,9f1bebb5d5998aab24fbffe33b048fd16b8095a6,experiment-freeze-v2,bf06dc0e7fe6ff5e,998ed4d20a8987d6,cpu_classical,2f512f20b8ecc6ec,cpu_core_weighted,1,8,32,lightgbm,0,abe0cd1cb9555ccb,53.876376333000735,203.41532062603233,bottom_up,False,132.7397281498307,0.0,True,187.409800510172,37.06789243844397,cpu_classical
base__cpu_core_weighted__f1__h8__lightgbm__s0__bottom_up__nn1,final,True,outer_evaluation,9f1bebb5d5998aab24fbffe33b048fd16b8095a6,experiment-freeze-v2,bf06dc0e7fe6ff5e,998ed4d20a8987d6,cpu_classical,2f512f20b8ecc6ec,cpu_core_weighted,1,8,32,lightgbm,0,abe0cd1cb9555ccb,53.876376333000735,203.41532062603233,bottom_up,True,132.7397281498307,0.0,True,187.2820126057538,37.01982730922082,cpu_classical
base__cpu_core_weighted__f1__h8__lightgbm__s0__wls__nn0,final,True,outer_evaluation,9f1bebb5d5998aab24fbffe33b048fd16b8095a6,experiment-freeze-v2,bf06dc0e7fe6ff5e,998ed4d20a8987d6,cpu_classical,2f512f20b8ecc6ec,cpu_core_weighted,1,8,32,lightgbm,0,abe0cd1cb9555ccb,53.876376333000735,203.41532062603233,wls,False,132.7397281498307,0.0,True,185.8250834253763,38.482206354752705,cpu_classical
base__cpu_core_weighted__f1__h8__lightgbm__s0__wls__nn1,final,True,outer_evaluation,9f1bebb5d5998aab24fbffe33b048fd16b8095a6,experiment-freeze-v2,bf06dc0e7fe6ff5e,998ed4d20a8987d6,cpu_classical,2f512f20b8ecc6ec,cpu_core_weighted,1,8,32,lightgbm,0,abe0cd1cb9555ccb,53.876376333000735,203.41532062603233,wls,True,132.7397281498307,0.0,True,186.58693026766957,38.14236168376362,cpu_classical
base__cpu_core_weighted__f1__h8__lightgbm__s0__mint__nn0,final,True,outer_evaluation,9f1bebb5d5998aab24fbffe33b048fd16b8095a6,experiment-freeze-v2,bf06dc0e7fe6ff5e,998ed4d20a8987d6,cpu_classical,2f512f20b8ecc6ec,cpu_core_weighted,1,8,32,lightgbm,0,abe0cd1cb9555ccb,53.876376333000735,203.41532062603233,mint,False,132.7397281498307,0.0,True,185.9183338845139,38.61971943143923,cpu_classical
base__cpu_core_weighted__f1__h8__lightgbm__s0__mint__nn1,final,True,outer_evaluation,9f1bebb5d5998aab24fbffe33b048fd16b8095a6,experiment-freeze-v2,bf06dc0e7fe6ff5e,998ed4d20a8987d6,cpu_classical,2f512f20b8ecc6ec,cpu_core_weighted,1,8,32,lightgbm,0,abe0cd1cb9555ccb,53.876376333000735,203.41532062603233,mint,True,132.7397281498307,0.0,True,186.7742341126152,38.23581144225385,cpu_classical
base__cpu_core_weighted__f1__h8__lightgbm__s0__ols__nn0,final,True,outer_evaluation,9f1bebb5d5998aab24fbffe33b048fd16b8095a6,experiment-freeze-v2,bf06dc0e7fe6ff5e,998ed4d20a8987d6,cpu_classical,2f512f20b8ecc6ec,cpu_core_weighted,1,8,32,lightgbm,0,abe0cd1cb9555ccb,53.876376333000735,203.41532062603233,ols,False,132.7397281498307,0.0,True,197.47725392453032,44.95130345218682,cpu_classical
base__cpu_core_weighted__f1__h8__lightgbm__s0__ols__nn1,final,True,outer_evaluation,9f1bebb5d5998aab24fbffe33b048fd16b8095a6,experiment-freeze-v2,bf06dc0e7fe6ff5e,998ed4d20a8987d6,cpu_classical,2f512f20b8ecc6ec,cpu_core_weighted,1,8,32,lightgbm,0,abe0cd1cb9555ccb,53.876376333000735,203.41532062603233,ols,True,132.7397281498307,0.0,True,196.53205735336223,43.30889965289615,cpu_classical
base__cpu_core_weighted__f1__h16__persistence__s0__independent__nn0,final,True,outer_evaluation,9f1bebb5d5998aab24fbffe33b048fd16b8095a6,experiment-freeze-v2,bf06dc0e7fe6ff5e,998ed4d20a8987d6,cpu_classical,2f512f20b8ecc6ec,cpu_core_weighted,1,16,32,persistence,0,abe0cd1cb9555ccb,0.0004386670007079,262.3406169270242,independent,False,0.0,0.0,True,262.3406169270242,49.53587592580994,cpu_classical
base__cpu_core_weighted__f1__h16__persistence__s0__bottom_up__nn0,final,True,outer_evaluation,9f1bebb5d5998aab24fbffe33b048fd16b8095a6,experiment-freeze-v2,bf06dc0e7fe6ff5e,998ed4d20a8987d6,cpu_classical,2f512f20b8ecc6ec,cpu_core_weighted,1,16,32,persistence,0,abe0cd1cb9555ccb,0.0004386670007079,262.3406169270242,bottom_up,False,0.0,0.0,True,262.3406169270242,49.53587592580994,cpu_classical
base__cpu_core_weighted__f1__h16__persistence__s0__wls__nn0,final,True,outer_evaluation,9f1bebb5d5998aab24fbffe33b048fd16b8095a6,experiment-freeze-v2,bf06dc0e7fe6ff5e,998ed4d20a8987d6,cpu_classical,2f512f20b8ecc6ec,cpu_core_weighted,1,16,32,persistence,0,abe0cd1cb9555ccb,0.0004386670007079,262.3406169270242,wls,False,0.0,0.0,True,262.34061692702153,49.53587592580984,cpu_classical
base__cpu_core_weighted__f1__h16__persistence__s0__mint__nn0,final,True,outer_evaluation,9f1bebb5d5998aab24fbffe33b048fd16b8095a6,experiment-freeze-v2,bf06dc0e7fe6ff5e,998ed4d20a8987d6,cpu_classical,2f512f20b8ecc6ec,cpu_core_weighted,1,16,32,persistence,0,abe0cd1cb9555ccb,0.0004386670007079,262.3406169270242,mint,False,0.0,0.0,True,262.34061692700317,49.535875925809435,cpu_classical
base__cpu_core_weighted__f1__h16__ridge__s0__independent__nn0,final,True,outer_evaluation,9f1bebb5d5998aab24fbffe33b048fd16b8095a6,experiment-freeze-v2,bf06dc0e7fe6ff5e,998ed4d20a8987d6,cpu_classical,2f512f20b8ecc6ec,cpu_core_weighted,1,16,32,ridge,0,abe0cd1cb9555ccb,0.1007227919990327,247.1723245770978,independent,False,110.65440863300113,110.65440863300113,False,247.1723245770978,44.17928847933639,cpu_classical
base__cpu_core_weighted__f1__h16__ridge__s0__bottom_up__nn0,final,True,outer_evaluation,9f1bebb5d5998aab24fbffe33b048fd16b8095a6,experiment-freeze-v2,bf06dc0e7fe6ff5e,998ed4d20a8987d6,cpu_classical,2f512f20b8ecc6ec,cpu_core_weighted,1,16,32,ridge,0,abe0cd1cb9555ccb,0.1007227919990327,247.1723245770978,bottom_up,False,110.65440863300113,0.0,True,218.08028598548697,44.17928847933639,cpu_classical
base__cpu_core_weighted__f1__h16__ridge__s0__wls__nn0,final,True,outer_evaluation,9f1bebb5d5998aab24fbffe33b048fd16b8095a6,experiment-freeze-v2,bf06dc0e7fe6ff5e,998ed4d20a8987d6,cpu_classical,2f512f20b8ecc6ec,cpu_core_weighted,1,16,32,ridge,0,abe0cd1cb9555ccb,0.1007227919990327,247.1723245770978,wls,False,110.65440863300113,0.0,True,222.7075769083897,45.41064383785571,cpu_classical
base__cpu_core_weighted__f1__h16__ridge__s0__mint__nn0,final,True,outer_evaluation,9f1bebb5d5998aab24fbffe33b048fd16b8095a6,experiment-freeze-v2,bf06dc0e7fe6ff5e,998ed4d20a8987d6,cpu_classical,2f512f20b8ecc6ec,cpu_core_weighted,1,16,32,ridge,0,abe0cd1cb9555ccb,0.1007227919990327,247.1723245770978,mint,False,110.65440863300113,0.0,True,221.92898966217487,45.19247293577621,cpu_classical
base__cpu_core_weighted__f1__h16__lightgbm__s0__independent__nn0,final,True,outer_evaluation,9f1bebb5d5998aab24fbffe33b048fd16b8095a6,experiment-freeze-v2,bf06dc0e7fe6ff5e,998ed4d20a8987d6,cpu_classical,2f512f20b8ecc6ec,cpu_core_weighted,1,16,32,lightgbm,0,abe0cd1cb9555ccb,109.38732703999996,204.1046260442876,independent,False,131.29275142248974,131.29275142248974,False,204.1046260442876,37.279213009793736,cpu_classical
base__cpu_core_weighted__f1__h16__lightgbm__s0__bottom_up__nn0,final,True,outer_evaluation,9f1bebb5d5998aab24fbffe33b048fd16b8095a6,experiment-freeze-v2,bf06dc0e7fe6ff5e,998ed4d20a8987d6,cpu_classical,2f512f20b8ecc6ec,cpu_core_weighted,1,16,32,lightgbm,0,abe0cd1cb9555ccb,109.38732703999996,204.1046260442876,bottom_up,False,131.29275142248974,0.0,True,188.65694801071996,37.279213009793736,cpu_classical
base__cpu_core_weighted__f1__h16__lightgbm__s0__wls__nn0,final,True,outer_evaluation,9f1bebb5d5998aab24fbffe33b048fd16b8095a6,experiment-freeze-v2,bf06dc0e7fe6ff5e,998ed4d20a8987d6,cpu_classical,2f512f20b8ecc6ec,cpu_core_weighted,1,16,32,lightgbm,0,abe0cd1cb9555ccb,109.38732703999996,204.1046260442876,wls,False,131.29275142248974,0.0,True,186.26845760643627,38.623700186827136,cpu_classical
base__cpu_core_weighted__f1__h16__lightgbm__s0__mint__nn0,final,True,outer_evaluation,9f1bebb5d5998aab24fbffe33b048fd16b8095a6,experiment-freeze-v2,bf06dc0e7fe6ff5e,998ed4d20a8987d6,cpu_classical,2f512f20b8ecc6ec,cpu_core_weighted,1,16,32,lightgbm,0,abe0cd1cb9555ccb,109.38732703999996,204.1046260442876,mint,False,131.29275142248974,0.0,True,186.48444704527293,38.85430956611954,cpu_classical
base__cpu_core_weighted__f2__h1__persistence__s0__independent__nn0,final,True,outer_evaluation,9f1bebb5d5998aab24fbffe33b048fd16b8095a6,experiment-freeze-v2,bf06dc0e7fe6ff5e,998ed4d20a8987d6,cpu_classical,2f512f20b8ecc6ec,cpu_core_weighted,2,1,32,persistence,0,abe0cd1cb9555ccb,0.0002103750002788,340.98623646102516,independent,False,0.0,0.0,True,340.98623646102516,64.69834076220496,cpu_classical
base__cpu_core_weighted__f2__h1__persistence__s0__bottom_up__nn0,final,True,outer_evaluation,9f1bebb5d5998aab24fbffe33b048fd16b8095a6,experiment-freeze-v2,bf06dc0e7fe6ff5e,998ed4d20a8987d6,cpu_classical,2f512f20b8ecc6ec,cpu_core_weighted,2,1,32,persistence,0,abe0cd1cb9555ccb,0.0002103750002788,340.98623646102516,bottom_up,False,0.0,0.0,True,340.98623646102516,64.69834076220496,cpu_classical
base__cpu_core_weighted__f2__h1__persistence__s0__wls__nn0,final,True,outer_evaluation,9f1bebb5d5998aab24fbffe33b048fd16b8095a6,experiment-freeze-v2,bf06dc0e7fe6ff5e,998ed4d20a8987d6,cpu_classical,2f512f20b8ecc6ec,cpu_core_weighted,2,1,32,persistence,0,abe0cd1cb9555ccb,0.0002103750002788,340.98623646102516,wls,False,0.0,0.0,True,340.9862364610251,64.69834076220498,cpu_classical
base__cpu_core_weighted__f2__h1__persistence__s0__mint__nn0,final,True,outer_evaluation,9f1bebb5d5998aab24fbffe33b048fd16b8095a6,experiment-freeze-v2,bf06dc0e7fe6ff5e,998ed4d20a8987d6,cpu_classical,2f512f20b8ecc6ec,cpu_core_weighted,2,1,32,persistence,0,abe0cd1cb9555ccb,0.0002103750002788,340.98623646102516,mint,False,0.0,0.0,True,340.986236461025,64.69834076220498,cpu_classical
base__cpu_core_weighted__f2__h1__ridge__s0__independent__nn0,final,True,outer_evaluation,9f1bebb5d5998aab24fbffe33b048fd16b8095a6,experiment-freeze-v2,bf06dc0e7fe6ff5e,998ed4d20a8987d6,cpu_classical,2f512f20b8ecc6ec,cpu_core_weighted,2,1,32,ridge,0,abe0cd1cb9555ccb,0.0119267919981211,326.8086251064241,independent,False,130.53487334987042,130.53487334987042,False,326.8086251064241,62.74717316837941,cpu_classical
base__cpu_core_weighted__f2__h1__ridge__s0__bottom_up__nn0,final,True,outer_evaluation,9f1bebb5d5998aab24fbffe33b048fd16b8095a6,experiment-freeze-v2,bf06dc0e7fe6ff5e,998ed4d20a8987d6,cpu_classical,2f512f20b8ecc6ec,cpu_core_weighted,2,1,32,ridge,0,abe0cd1cb9555ccb,0.0119267919981211,326.8086251064241,bottom_up,False,130.53487334987042,0.0,True,308.20839706174957,62.74717316837941,cpu_classical
base__cpu_core_weighted__f2__h1__ridge__s0__wls__nn0,final,True,outer_evaluation,9f1bebb5d5998aab24fbffe33b048fd16b8095a6,experiment-freeze-v2,bf06dc0e7fe6ff5e,998ed4d20a8987d6,cpu_classical,2f512f20b8ecc6ec,cpu_core_weighted,2,1,32,ridge,0,abe0cd1cb9555ccb,0.0119267919981211,326.8086251064241,wls,False,130.53487334987042,0.0,True,307.47351021177906,63.54112567346636,cpu_classical
base__cpu_core_weighted__f2__h1__ridge__s0__mint__nn0,final,True,outer_evaluation,9f1bebb5d5998aab24fbffe33b048fd16b8095a6,experiment-freeze-v2,bf06dc0e7fe6ff5e,998ed4d20a8987d6,cpu_classical,2f512f20b8ecc6ec,cpu_core_weighted,2,1,32,ridge,0,abe0cd1cb9555ccb,0.0119267919981211,326.8086251064241,mint,False,130.53487334987042,0.0,True,306.63408509827985,63.09475411590869,cpu_classical
base__cpu_core_weighted__f2__h1__lightgbm__s0__independent__nn0,final,True,outer_evaluation,9f1bebb5d5998aab24fbffe33b048fd16b8095a6,experiment-freeze-v2,bf06dc0e7fe6ff5e,998ed4d20a8987d6,cpu_classical,2f512f20b8ecc6ec,cpu_core_weighted,2,1,32,lightgbm,0,abe0cd1cb9555ccb,7.704676958001073,271.2151801330483,independent,False,171.5725267317513,171.5725267317513,False,271.2151801330483,49.01390804078175,cpu_classical
base__cpu_core_weighted__f2__h1__lightgbm__s0__bottom_up__nn0,final,True,outer_evaluation,9f1bebb5d5998aab24fbffe33b048fd16b8095a6,experiment-freeze-v2,bf06dc0e7fe6ff5e,998ed4d20a8987d6,cpu_classical,2f512f20b8ecc6ec,cpu_core_weighted,2,1,32,lightgbm,0,abe0cd1cb9555ccb,7.704676958001073,271.2151801330483,bottom_up,False,171.5725267317513,0.0,True,240.85099284413184,49.01390804078175,cpu_classical
base__cpu_core_weighted__f2__h1__lightgbm__s0__wls__nn0,final,True,outer_evaluation,9f1bebb5d5998aab24fbffe33b048fd16b8095a6,experiment-freeze-v2,bf06dc0e7fe6ff5e,998ed4d20a8987d6,cpu_classical,2f512f20b8ecc6ec,cpu_core_weighted,2,1,32,lightgbm,0,abe0cd1cb9555ccb,7.704676958001073,271.2151801330483,wls,False,171.5725267317513,0.0,True,239.8942650916416,50.314086475788535,cpu_classical
base__cpu_core_weighted__f2__h1__lightgbm__s0__mint__nn0,final,True,outer_evaluation,9f1bebb5d5998aab24fbffe33b048fd16b8095a6,experiment-freeze-v2,bf06dc0e7fe6ff5e,998ed4d20a8987d6,cpu_classical,2f512f20b8ecc6ec,cpu_core_weighted,2,1,32,lightgbm,0,abe0cd1cb9555ccb,7.704676958001073,271.2151801330483,mint,False,171.5725267317513,0.0,True,238.64696078267616,49.482016727441966,cpu_classical
base__cpu_core_weighted__f2__h8__persistence__s0__independent__nn0,final,True,outer_evaluation,9f1bebb5d5998aab24fbffe33b048fd16b8095a6,experiment-freeze-v2,bf06dc0e7fe6ff5e,998ed4d20a8987d6,cpu_classical,2f512f20b8ecc6ec,cpu_core_weighted,2,8,32,persistence,0,abe0cd1cb9555ccb,0.000371585000721,340.92440141125576,independent,False,0.0,0.0,True,340.92440141125576,64.71896691084285,cpu_classical
base__cpu_core_weighted__f2__h8__persistence__s0__independent__nn1,final,True,outer_evaluation,9f1bebb5d5998aab24fbffe33b048fd16b8095a6,experiment-freeze-v2,bf06dc0e7fe6ff5e,998ed4d20a8987d6,cpu_classical,2f512f20b8ecc6ec,cpu_core_weighted,2,8,32,persistence,0,abe0cd1cb9555ccb,0.000371585000721,340.92440141125576,independent,True,0.0,0.0,True,340.92440141125576,64.71896691084285,cpu_classical
base__cpu_core_weighted__f2__h8__persistence__s0__bottom_up__nn0,final,True,outer_evaluation,9f1bebb5d5998aab24fbffe33b048fd16b8095a6,experiment-freeze-v2,bf06dc0e7fe6ff5e,998ed4d20a8987d6,cpu_classical,2f512f20b8ecc6ec,cpu_core_weighted,2,8,32,persistence,0,abe0cd1cb9555ccb,0.000371585000721,340.92440141125576,bottom_up,False,0.0,0.0,True,340.92440141125576,64.71896691084285,cpu_classical
base__cpu_core_weighted__f2__h8__persistence__s0__bottom_up__nn1,final,True,outer_evaluation,9f1bebb5d5998aab24fbffe33b048fd16b8095a6,experiment-freeze-v2,bf06dc0e7fe6ff5e,998ed4d20a8987d6,cpu_classical,2f512f20b8ecc6ec,cpu_core_weighted,2,8,32,persistence,0,abe0cd1cb9555ccb,0.000371585000721,340.92440141125576,bottom_up,True,0.0,0.0,True,340.92440141125576,64.71896691084285,cpu_classical
base__cpu_core_weighted__f2__h8__persistence__s0__wls__nn0,final,True,outer_evaluation,9f1bebb5d5998aab24fbffe33b048fd16b8095a6,experiment-freeze-v2,bf06dc0e7fe6ff5e,998ed4d20a8987d6,cpu_classical,2f512f20b8ecc6ec,cpu_core_weighted,2,8,32,persistence,0,abe0cd1cb9555ccb,0.000371585000721,340.92440141125576,wls,False,0.0,0.0,True,340.9244014112556,64.71896691084284,cpu_classical
base__cpu_core_weighted__f2__h8__persistence__s0__wls__nn1,final,True,outer_evaluation,9f1bebb5d5998aab24fbffe33b048fd16b8095a6,experiment-freeze-v2,bf06dc0e7fe6ff5e,998ed4d20a8987d6,cpu_classical,2f512f20b8ecc6ec,cpu_core_weighted,2,8,32,persistence,0,abe0cd1cb9555ccb,0.000371585000721,340.92440141125576,wls,True,0.0,0.0,True,340.9244014112556,64.71896691084284,cpu_classical
base__cpu_core_weighted__f2__h8__persistence__s0__mint__nn0,final,True,outer_evaluation,9f1bebb5d5998aab24fbffe33b048fd16b8095a6,experiment-freeze-v2,bf06dc0e7fe6ff5e,998ed4d20a8987d6,cpu_classical,2f512f20b8ecc6ec,cpu_core_weighted,2,8,32,persistence,0,abe0cd1cb9555ccb,0.000371585000721,340.92440141125576,mint,False,0.0,0.0,True,340.924401411256,64.71896691084288,cpu_classical
base__cpu_core_weighted__f2__h8__persistence__s0__mint__nn1,final,True,outer_evaluation,9f1bebb5d5998aab24fbffe33b048fd16b8095a6,experiment-freeze-v2,bf06dc0e7fe6ff5e,998ed4d20a8987d6,cpu_classical,2f512f20b8ecc6ec,cpu_core_weighted,2,8,32,persistence,0,abe0cd1cb9555ccb,0.000371585000721,340.92440141125576,mint,True,0.0,0.0,True,340.924401411256,64.71896691084288,cpu_classical
base__cpu_core_weighted__f2__h8__persistence__s0__ols__nn0,final,True,outer_evaluation,9f1bebb5d5998aab24fbffe33b048fd16b8095a6,experiment-freeze-v2,bf06dc0e7fe6ff5e,998ed4d20a8987d6,cpu_classical,2f512f20b8ecc6ec,cpu_core_weighted,2,8,32,persistence,0,abe0cd1cb9555ccb,0.000371585000721,340.92440141125576,ols,False,0.0,0.0,True,340.92440141125593,64.71896691084285,cpu_classical
base__cpu_core_weighted__f2__h8__persistence__s0__ols__nn1,final,True,outer_evaluation,9f1bebb5d5998aab24fbffe33b048fd16b8095a6,experiment-freeze-v2,bf06dc0e7fe6ff5e,998ed4d20a8987d6,cpu_classical,2f512f20b8ecc6ec,cpu_core_weighted,2,8,32,persistence,0,abe0cd1cb9555ccb,0.000371585000721,340.92440141125576,ols,True,0.0,0.0,True,340.92440141125593,64.71896691084285,cpu_classical
base__cpu_core_weighted__f2__h8__ridge__s0__independent__nn0,final,True,outer_evaluation,9f1bebb5d5998aab24fbffe33b048fd16b8095a6,experiment-freeze-v2,bf06dc0e7fe6ff5e,998ed4d20a8987d6,cpu_classical,2f512f20b8ecc6ec,cpu_core_weighted,2,8,32,ridge,0,abe0cd1cb9555ccb,0.0929530829998839,326.25101835678174,independent,False,129.19730536784897,129.19730536784897,False,326.25101835678174,62.39203373147933,cpu_classical
base__cpu_core_weighted__f2__h8__ridge__s0__independent__nn1,final,True,outer_evaluation,9f1bebb5d5998aab24fbffe33b048fd16b8095a6,experiment-freeze-v2,bf06dc0e7fe6ff5e,998ed4d20a8987d6,cpu_classical,2f512f20b8ecc6ec,cpu_core_weighted,2,8,32,ridge,0,abe0cd1cb9555ccb,0.0929530829998839,326.25101835678174,independent,True,129.19730536784897,0.0,True,301.68053180287654,61.10711726250645,cpu_classical
base__cpu_core_weighted__f2__h8__ridge__s0__bottom_up__nn0,final,True,outer_evaluation,9f1bebb5d5998aab24fbffe33b048fd16b8095a6,experiment-freeze-v2,bf06dc0e7fe6ff5e,998ed4d20a8987d6,cpu_classical,2f512f20b8ecc6ec,cpu_core_weighted,2,8,32,ridge,0,abe0cd1cb9555ccb,0.0929530829998839,326.25101835678174,bottom_up,False,129.19730536784897,0.0,True,304.7178883888352,62.39203373147933,cpu_classical
base__cpu_core_weighted__f2__h8__ridge__s0__bottom_up__nn1,final,True,outer_evaluation,9f1bebb5d5998aab24fbffe33b048fd16b8095a6,experiment-freeze-v2,bf06dc0e7fe6ff5e,998ed4d20a8987d6,cpu_classical,2f512f20b8ecc6ec,cpu_core_weighted,2,8,32,ridge,0,abe0cd1cb9555ccb,0.0929530829998839,326.25101835678174,bottom_up,True,129.19730536784897,0.0,True,301.68053180287654,61.10711726250645,cpu_classical
base__cpu_core_weighted__f2__h8__ridge__s0__wls__nn0,final,True,outer_evaluation,9f1bebb5d5998aab24fbffe33b048fd16b8095a6,experiment-freeze-v2,bf06dc0e7fe6ff5e,998ed4d20a8987d6,cpu_classical,2f512f20b8ecc6ec,cpu_core_weighted,2,8,32,ridge,0,abe0cd1cb9555ccb,0.0929530829998839,326.25101835678174,wls,False,129.19730536784897,0.0,True,305.218874272539,63.23390848849219,cpu_classical
base__cpu_core_weighted__f2__h8__ridge__s0__wls__nn1,final,True,outer_evaluation,9f1bebb5d5998aab24fbffe33b048fd16b8095a6,experiment-freeze-v2,bf06dc0e7fe6ff5e,998ed4d20a8987d6,cpu_classical,2f512f20b8ecc6ec,cpu_core_weighted,2,8,32,ridge,0,abe0cd1cb9555ccb,0.0929530829998839,326.25101835678174,wls,True,129.19730536784897,0.0,True,303.49950218683114,61.9489768972598,cpu_classical
base__cpu_core_weighted__f2__h8__ridge__s0__mint__nn0,final,True,outer_evaluation,9f1bebb5d5998aab24fbffe33b048fd16b8095a6,experiment-freeze-v2,bf06dc0e7fe6ff5e,998ed4d20a8987d6,cpu_classical,2f512f20b8ecc6ec,cpu_core_weighted,2,8,32,ridge,0,abe0cd1cb9555ccb,0.0929530829998839,326.25101835678174,mint,False,129.19730536784897,0.0,True,304.01913311828247,62.80092884331625,cpu_classical
base__cpu_core_weighted__f2__h8__ridge__s0__mint__nn1,final,True,outer_evaluation,9f1bebb5d5998aab24fbffe33b048fd16b8095a6,experiment-freeze-v2,bf06dc0e7fe6ff5e,998ed4d20a8987d6,cpu_classical,2f512f20b8ecc6ec,cpu_core_weighted,2,8,32,ridge,0,abe0cd1cb9555ccb,0.0929530829998839,326.25101835678174,mint,True,129.19730536784897,0.0,True,302.1578704463885,61.53746729760541,cpu_classical
base__cpu_core_weighted__f2__h8__ridge__s0__ols__nn0,final,True,outer_evaluation,9f1bebb5d5998aab24fbffe33b048fd16b8095a6,experiment-freeze-v2,bf06dc0e7fe6ff5e,998ed4d20a8987d6,cpu_classical,2f512f20b8ecc6ec,cpu_core_weighted,2,8,32,ridge,0,abe0cd1cb9555ccb,0.0929530829998839,326.25101835678174,ols,False,129.19730536784897,0.0,True,320.034663270304,67.95190666741067,cpu_classical
base__cpu_core_weighted__f2__h8__ridge__s0__ols__nn1,final,True,outer_evaluation,9f1bebb5d5998aab24fbffe33b048fd16b8095a6,experiment-freeze-v2,bf06dc0e7fe6ff5e,998ed4d20a8987d6,cpu_classical,2f512f20b8ecc6ec,cpu_core_weighted,2,8,32,ridge,0,abe0cd1cb9555ccb,0.0929530829998839,326.25101835678174,ols,True,129.19730536784897,0.0,True,317.71761961315167,66.43028196621863,cpu_classical
base__cpu_core_weighted__f2__h8__lightgbm__s0__independent__nn0,final,True,outer_evaluation,9f1bebb5d5998aab24fbffe33b048fd16b8095a6,experiment-freeze-v2,bf06dc0e7fe6ff5e,998ed4d20a8987d6,cpu_classical,2f512f20b8ecc6ec,cpu_core_weighted,2,8,32,lightgbm,0,abe0cd1cb9555ccb,87.71152645800066,267.1790064982869,independent,False,170.36132440790686,170.36132440790686,False,267.1790064982869,49.54246108440683,cpu_classical
base__cpu_core_weighted__f2__h8__lightgbm__s0__independent__nn1,final,True,outer_evaluation,9f1bebb5d5998aab24fbffe33b048fd16b8095a6,experiment-freeze-v2,bf06dc0e7fe6ff5e,998ed4d20a8987d6,cpu_classical,2f512f20b8ecc6ec,cpu_core_weighted,2,8,32,lightgbm,0,abe0cd1cb9555ccb,87.71152645800066,267.1790064982869,independent,True,170.36132440790686,0.0,True,240.97909642481417,49.533741773947305,cpu_classical
base__cpu_core_weighted__f2__h8__lightgbm__s0__bottom_up__nn0,final,True,outer_evaluation,9f1bebb5d5998aab24fbffe33b048fd16b8095a6,experiment-freeze-v2,bf06dc0e7fe6ff5e,998ed4d20a8987d6,cpu_classical,2f512f20b8ecc6ec,cpu_core_weighted,2,8,32,lightgbm,0,abe0cd1cb9555ccb,87.71152645800066,267.1790064982869,bottom_up,False,170.36132440790686,0.0,True,240.96916301780433,49.54246108440683,cpu_classical
base__cpu_core_weighted__f2__h8__lightgbm__s0__bottom_up__nn1,final,True,outer_evaluation,9f1bebb5d5998aab24fbffe33b048fd16b8095a6,experiment-freeze-v2,bf06dc0e7fe6ff5e,998ed4d20a8987d6,cpu_classical,2f512f20b8ecc6ec,cpu_core_weighted,2,8,32,lightgbm,0,abe0cd1cb9555ccb,87.71152645800066,267.1790064982869,bottom_up,True,170.36132440790686,0.0,True,240.97909642481417,49.533741773947305,cpu_classical
base__cpu_core_weighted__f2__h8__lightgbm__s0__wls__nn0,final,True,outer_evaluation,9f1bebb5d5998aab24fbffe33b048fd16b8095a6,experiment-freeze-v2,bf06dc0e7fe6ff5e,998ed4d20a8987d6,cpu_classical,2f512f20b8ecc6ec,cpu_core_weighted,2,8,32,lightgbm,0,abe0cd1cb9555ccb,87.71152645800066,267.1790064982869,wls,False,170.36132440790686,0.0,True,238.7570848137472,50.49019044260374,cpu_classical
base__cpu_core_weighted__f2__h8__lightgbm__s0__wls__nn1,final,True,outer_evaluation,9f1bebb5d5998aab24fbffe33b048fd16b8095a6,experiment-freeze-v2,bf06dc0e7fe6ff5e,998ed4d20a8987d6,cpu_classical,2f512f20b8ecc6ec,cpu_core_weighted,2,8,32,lightgbm,0,abe0cd1cb9555ccb,87.71152645800066,267.1790064982869,wls,True,170.36132440790686,0.0,True,239.11878892342952,50.37081143597113,cpu_classical
base__cpu_core_weighted__f2__h8__lightgbm__s0__mint__nn0,final,True,outer_evaluation,9f1bebb5d5998aab24fbffe33b048fd16b8095a6,experiment-freeze-v2,bf06dc0e7fe6ff5e,998ed4d20a8987d6,cpu_classical,2f512f20b8ecc6ec,cpu_core_weighted,2,8,32,lightgbm,0,abe0cd1cb9555ccb,87.71152645800066,267.1790064982869,mint,False,170.36132440790686,0.0,True,238.3276743501768,50.056834672257374,cpu_classical
base__cpu_core_weighted__f2__h8__lightgbm__s0__mint__nn1,final,True,outer_evaluation,9f1bebb5d5998aab24fbffe33b048fd16b8095a6,experiment-freeze-v2,bf06dc0e7fe6ff5e,998ed4d20a8987d6,cpu_classical,2f512f20b8ecc6ec,cpu_core_weighted,2,8,32,lightgbm,0,abe0cd1cb9555ccb,87.71152645800066,267.1790064982869,mint,True,170.36132440790686,0.0,True,238.63748865143404,49.97238648528204,cpu_classical
base__cpu_core_weighted__f2__h8__lightgbm__s0__ols__nn0,final,True,outer_evaluation,9f1bebb5d5998aab24fbffe33b048fd16b8095a6,experiment-freeze-v2,bf06dc0e7fe6ff5e,998ed4d20a8987d6,cpu_classical,2f512f20b8ecc6ec,cpu_core_weighted,2,8,32,lightgbm,0,abe0cd1cb9555ccb,87.71152645800066,267.1790064982869,ols,False,170.36132440790686,0.0,True,258.9734015807867,59.36293696262941,cpu_classical
base__cpu_core_weighted__f2__h8__lightgbm__s0__ols__nn1,final,True,outer_evaluation,9f1bebb5d5998aab24fbffe33b048fd16b8095a6,experiment-freeze-v2,bf06dc0e7fe6ff5e,998ed4d20a8987d6,cpu_classical,2f512f20b8ecc6ec,cpu_core_weighted,2,8,32,lightgbm,0,abe0cd1cb9555ccb,87.71152645800066,267.1790064982869,ols,True,170.36132440790686,0.0,True,253.5574574340847,56.85001655049744,cpu_classical
base__cpu_core_weighted__f2__h16__persistence__s0__independent__nn0,final,True,outer_evaluation,9f1bebb5d5998aab24fbffe33b048fd16b8095a6,experiment-freeze-v2,bf06dc0e7fe6ff5e,998ed4d20a8987d6,cpu_classical,2f512f20b8ecc6ec,cpu_core_weighted,2,16,32,persistence,0,abe0cd1cb9555ccb,0.0007037489995127,345.9168828909167,independent,False,0.0,0.0,True,345.9168828909167,65.66774335093574,cpu_classical
base__cpu_core_weighted__f2__h16__persistence__s0__bottom_up__nn0,final,True,outer_evaluation,9f1bebb5d5998aab24fbffe33b048fd16b8095a6,experiment-freeze-v2,bf06dc0e7fe6ff5e,998ed4d20a8987d6,cpu_classical,2f512f20b8ecc6ec,cpu_core_weighted,2,16,32,persistence,0,abe0cd1cb9555ccb,0.0007037489995127,345.9168828909167,bottom_up,False,0.0,0.0,True,345.9168828909167,65.66774335093574,cpu_classical
base__cpu_core_weighted__f2__h16__persistence__s0__wls__nn0,final,True,outer_evaluation,9f1bebb5d5998aab24fbffe33b048fd16b8095a6,experiment-freeze-v2,bf06dc0e7fe6ff5e,998ed4d20a8987d6,cpu_classical,2f512f20b8ecc6ec,cpu_core_weighted,2,16,32,persistence,0,abe0cd1cb9555ccb,0.0007037489995127,345.9168828909167,wls,False,0.0,0.0,True,345.91688289091684,65.66774335093577,cpu_classical
base__cpu_core_weighted__f2__h16__persistence__s0__mint__nn0,final,True,outer_evaluation,9f1bebb5d5998aab24fbffe33b048fd16b8095a6,experiment-freeze-v2,bf06dc0e7fe6ff5e,998ed4d20a8987d6,cpu_classical,2f512f20b8ecc6ec,cpu_core_weighted,2,16,32,persistence,0,abe0cd1cb9555ccb,0.0007037489995127,345.9168828909167,mint,False,0.0,0.0,True,345.91688289091655,65.66774335093572,cpu_classical
base__cpu_core_weighted__f2__h16__ridge__s0__independent__nn0,final,True,outer_evaluation,9f1bebb5d5998aab24fbffe33b048fd16b8095a6,experiment-freeze-v2,bf06dc0e7fe6ff5e,998ed4d20a8987d6,cpu_classical,2f512f20b8ecc6ec,cpu_core_weighted,2,16,32,ridge,0,abe0cd1cb9555ccb,0.1949329590015622,329.55849653850856,independent,False,129.7838402201766,129.7838402201766,False,329.55849653850856,63.33732687610478,cpu_classical
base__cpu_core_weighted__f2__h16__ridge__s0__bottom_up__nn0,final,True,outer_evaluation,9f1bebb5d5998aab24fbffe33b048fd16b8095a6,experiment-freeze-v2,bf06dc0e7fe6ff5e,998ed4d20a8987d6,cpu_classical,2f512f20b8ecc6ec,cpu_core_weighted,2,16,32,ridge,0,abe0cd1cb9555ccb,0.1949329590015622,329.55849653850856,bottom_up,False,129.7838402201766,0.0,True,309.1917520099947,63.33732687610478,cpu_classical
base__cpu_core_weighted__f2__h16__ridge__s0__wls__nn0,final,True,outer_evaluation,9f1bebb5d5998aab24fbffe33b048fd16b8095a6,experiment-freeze-v2,bf06dc0e7fe6ff5e,998ed4d20a8987d6,cpu_classical,2f512f20b8ecc6ec,cpu_core_weighted,2,16,32,ridge,0,abe0cd1cb9555ccb,0.1949329590015622,329.55849653850856,wls,False,129.7838402201766,0.0,True,309.302647125704,64.21673290103281,cpu_classical
base__cpu_core_weighted__f2__h16__ridge__s0__mint__nn0,final,True,outer_evaluation,9f1bebb5d5998aab24fbffe33b048fd16b8095a6,experiment-freeze-v2,bf06dc0e7fe6ff5e,998ed4d20a8987d6,cpu_classical,2f512f20b8ecc6ec,cpu_core_weighted,2,16,32,ridge,0,abe0cd1cb9555ccb,0.1949329590015622,329.55849653850856,mint,False,129.7838402201766,0.0,True,308.299592838893,63.80141043291582,cpu_classical
base__cpu_core_weighted__f2__h16__lightgbm__s0__independent__nn0,final,True,outer_evaluation,9f1bebb5d5998aab24fbffe33b048fd16b8095a6,experiment-freeze-v2,bf06dc0e7fe6ff5e,998ed4d20a8987d6,cpu_classical,2f512f20b8ecc6ec,cpu_core_weighted,2,16,32,lightgbm,0,abe0cd1cb9555ccb,285.5105624170001,272.5729540826915,independent,False,172.7779307352326,172.7779307352326,False,272.5729540826915,50.22454208682982,cpu_classical
base__cpu_core_weighted__f2__h16__lightgbm__s0__bottom_up__nn0,final,True,outer_evaluation,9f1bebb5d5998aab24fbffe33b048fd16b8095a6,experiment-freeze-v2,bf06dc0e7fe6ff5e,998ed4d20a8987d6,cpu_classical,2f512f20b8ecc6ec,cpu_core_weighted,2,16,32,lightgbm,0,abe0cd1cb9555ccb,285.5105624170001,272.5729540826915,bottom_up,False,172.7779307352326,0.0,True,242.2793927587448,50.22454208682982,cpu_classical
base__cpu_core_weighted__f2__h16__lightgbm__s0__wls__nn0,final,True,outer_evaluation,9f1bebb5d5998aab24fbffe33b048fd16b8095a6,experiment-freeze-v2,bf06dc0e7fe6ff5e,998ed4d20a8987d6,cpu_classical,2f512f20b8ecc6ec,cpu_core_weighted,2,16,32,lightgbm,0,abe0cd1cb9555ccb,285.5105624170001,272.5729540826915,wls,False,172.7779307352326,0.0,True,240.94864579481523,51.21705777740262,cpu_classical
base__cpu_core_weighted__f2__h16__lightgbm__s0__mint__nn0,final,True,outer_evaluation,9f1bebb5d5998aab24fbffe33b048fd16b8095a6,experiment-freeze-v2,bf06dc0e7fe6ff5e,998ed4d20a8987d6,cpu_classical,2f512f20b8ecc6ec,cpu_core_weighted,2,16,32,lightgbm,0,abe0cd1cb9555ccb,285.5105624170001,272.5729540826915,mint,False,172.7779307352326,0.0,True,240.0707791264241,50.79742925240294,cpu_classical
base__cpu_core_weighted__f0__h1__dlinear__s0__independent__nn0,final,True,outer_evaluation,9f1bebb5d5998aab24fbffe33b048fd16b8095a6,experiment-freeze-v2,bf06dc0e7fe6ff5e,998ed4d20a8987d6,cpu_dlinear,b53277ffe064c35e,cpu_core_weighted,0,1,32,dlinear,0,abe0cd1cb9555ccb,2.3119037929991464,310.3574455560124,independent,False,111.46417771966372,111.46417771966372,False,310.3574455560124,55.81443603589967,cpu_dlinear
base__cpu_core_weighted__f0__h1__dlinear__s0__bottom_up__nn0,final,True,outer_evaluation,9f1bebb5d5998aab24fbffe33b048fd16b8095a6,experiment-freeze-v2,bf06dc0e7fe6ff5e,998ed4d20a8987d6,cpu_dlinear,b53277ffe064c35e,cpu_core_weighted,0,1,32,dlinear,0,abe0cd1cb9555ccb,2.3119037929991464,310.3574455560124,bottom_up,False,111.46417771966372,0.0,True,288.15814824157997,55.81443603589967,cpu_dlinear
base__cpu_core_weighted__f0__h1__dlinear__s0__wls__nn0,final,True,outer_evaluation,9f1bebb5d5998aab24fbffe33b048fd16b8095a6,experiment-freeze-v2,bf06dc0e7fe6ff5e,998ed4d20a8987d6,cpu_dlinear,b53277ffe064c35e,cpu_core_weighted,0,1,32,dlinear,0,abe0cd1cb9555ccb,2.3119037929991464,310.3574455560124,wls,False,111.46417771966372,0.0,True,290.76639048779896,56.66278506363335,cpu_dlinear
base__cpu_core_weighted__f0__h1__dlinear__s0__mint__nn0,final,True,outer_evaluation,9f1bebb5d5998aab24fbffe33b048fd16b8095a6,experiment-freeze-v2,bf06dc0e7fe6ff5e,998ed4d20a8987d6,cpu_dlinear,b53277ffe064c35e,cpu_core_weighted,0,1,32,dlinear,0,abe0cd1cb9555ccb,2.3119037929991464,310.3574455560124,mint,False,111.46417771966372,0.0,True,288.92093487197803,56.1447892643031,cpu_dlinear
base__cpu_core_weighted__f0__h8__dlinear__s0__independent__nn0,final,True,outer_evaluation,9f1bebb5d5998aab24fbffe33b048fd16b8095a6,experiment-freeze-v2,bf06dc0e7fe6ff5e,998ed4d20a8987d6,cpu_dlinear,b53277ffe064c35e,cpu_core_weighted,0,8,32,dlinear,0,abe0cd1cb9555ccb,1.2476997910007412,306.07803005117887,independent,False,96.52036216500537,96.52036216500537,False,306.07803005117887,55.172625905422706,cpu_dlinear
base__cpu_core_weighted__f0__h8__dlinear__s0__bottom_up__nn0,final,True,outer_evaluation,9f1bebb5d5998aab24fbffe33b048fd16b8095a6,experiment-freeze-v2,bf06dc0e7fe6ff5e,998ed4d20a8987d6,cpu_dlinear,b53277ffe064c35e,cpu_core_weighted,0,8,32,dlinear,0,abe0cd1cb9555ccb,1.2476997910007412,306.07803005117887,bottom_up,False,96.52036216500537,0.0,True,284.17531671005,55.172625905422706,cpu_dlinear
base__cpu_core_weighted__f0__h8__dlinear__s0__wls__nn0,final,True,outer_evaluation,9f1bebb5d5998aab24fbffe33b048fd16b8095a6,experiment-freeze-v2,bf06dc0e7fe6ff5e,998ed4d20a8987d6,cpu_dlinear,b53277ffe064c35e,cpu_core_weighted,0,8,32,dlinear,0,abe0cd1cb9555ccb,1.2476997910007412,306.07803005117887,wls,False,96.52036216500537,0.0,True,288.29313295505364,56.07955320961572,cpu_dlinear
base__cpu_core_weighted__f0__h8__dlinear__s0__mint__nn0,final,True,outer_evaluation,9f1bebb5d5998aab24fbffe33b048fd16b8095a6,experiment-freeze-v2,bf06dc0e7fe6ff5e,998ed4d20a8987d6,cpu_dlinear,b53277ffe064c35e,cpu_core_weighted,0,8,32,dlinear,0,abe0cd1cb9555ccb,1.2476997910007412,306.07803005117887,mint,False,96.52036216500537,0.0,True,285.44789096153676,55.43338834947529,cpu_dlinear
base__cpu_core_weighted__f0__h16__dlinear__s0__independent__nn0,final,True,outer_evaluation,9f1bebb5d5998aab24fbffe33b048fd16b8095a6,experiment-freeze-v2,bf06dc0e7fe6ff5e,998ed4d20a8987d6,cpu_dlinear,b53277ffe064c35e,cpu_core_weighted,0,16,32,dlinear,0,abe0cd1cb9555ccb,1.3045958739994603,309.2931656481148,independent,False,116.57592199027869,116.57592199027869,False,309.2931656481148,55.52731415288336,cpu_dlinear
base__cpu_core_weighted__f0__h16__dlinear__s0__bottom_up__nn0,final,True,outer_evaluation,9f1bebb5d5998aab24fbffe33b048fd16b8095a6,experiment-freeze-v2,bf06dc0e7fe6ff5e,998ed4d20a8987d6,cpu_dlinear,b53277ffe064c35e,cpu_core_weighted,0,16,32,dlinear,0,abe0cd1cb9555ccb,1.3045958739994603,309.2931656481148,bottom_up,False,116.57592199027869,0.0,True,287.88412833857745,55.52731415288336,cpu_dlinear
base__cpu_core_weighted__f0__h16__dlinear__s0__wls__nn0,final,True,outer_evaluation,9f1bebb5d5998aab24fbffe33b048fd16b8095a6,experiment-freeze-v2,bf06dc0e7fe6ff5e,998ed4d20a8987d6,cpu_dlinear,b53277ffe064c35e,cpu_core_weighted,0,16,32,dlinear,0,abe0cd1cb9555ccb,1.3045958739994603,309.2931656481148,wls,False,116.57592199027869,0.0,True,290.5477187705508,56.445382518152655,cpu_dlinear
base__cpu_core_weighted__f0__h16__dlinear__s0__mint__nn0,final,True,outer_evaluation,9f1bebb5d5998aab24fbffe33b048fd16b8095a6,experiment-freeze-v2,bf06dc0e7fe6ff5e,998ed4d20a8987d6,cpu_dlinear,b53277ffe064c35e,cpu_core_weighted,0,16,32,dlinear,0,abe0cd1cb9555ccb,1.3045958739994603,309.2931656481148,mint,False,116.57592199027869,0.0,True,288.4346731538449,55.82154287839304,cpu_dlinear
base__cpu_core_weighted__f1__h1__dlinear__s0__independent__nn0,final,True,outer_evaluation,9f1bebb5d5998aab24fbffe33b048fd16b8095a6,experiment-freeze-v2,bf06dc0e7fe6ff5e,998ed4d20a8987d6,cpu_dlinear,b53277ffe064c35e,cpu_core_weighted,1,1,32,dlinear,0,abe0cd1cb9555ccb,1.6935374159984349,244.81006573095843,independent,False,110.22891972876208,110.22891972876208,False,244.81006573095843,43.6484014118106,cpu_dlinear
base__cpu_core_weighted__f1__h1__dlinear__s0__bottom_up__nn0,final,True,outer_evaluation,9f1bebb5d5998aab24fbffe33b048fd16b8095a6,experiment-freeze-v2,bf06dc0e7fe6ff5e,998ed4d20a8987d6,cpu_dlinear,b53277ffe064c35e,cpu_core_weighted,1,1,32,dlinear,0,abe0cd1cb9555ccb,1.6935374159984349,244.81006573095843,bottom_up,False,110.22891972876208,0.0,True,215.87112332157108,43.6484014118106,cpu_dlinear
base__cpu_core_weighted__f1__h1__dlinear__s0__wls__nn0,final,True,outer_evaluation,9f1bebb5d5998aab24fbffe33b048fd16b8095a6,experiment-freeze-v2,bf06dc0e7fe6ff5e,998ed4d20a8987d6,cpu_dlinear,b53277ffe064c35e,cpu_core_weighted,1,1,32,dlinear,0,abe0cd1cb9555ccb,1.6935374159984349,244.81006573095843,wls,False,110.22891972876208,0.0,True,220.8695678040258,44.85351793337134,cpu_dlinear
base__cpu_core_weighted__f1__h1__dlinear__s0__mint__nn0,final,True,outer_evaluation,9f1bebb5d5998aab24fbffe33b048fd16b8095a6,experiment-freeze-v2,bf06dc0e7fe6ff5e,998ed4d20a8987d6,cpu_dlinear,b53277ffe064c35e,cpu_core_weighted,1,1,32,dlinear,0,abe0cd1cb9555ccb,1.6935374159984349,244.81006573095843,mint,False,110.22891972876208,0.0,True,220.4632193360684,44.76145599357661,cpu_dlinear
base__cpu_core_weighted__f1__h8__dlinear__s0__independent__nn0,final,True,outer_evaluation,9f1bebb5d5998aab24fbffe33b048fd16b8095a6,experiment-freeze-v2,bf06dc0e7fe6ff5e,998ed4d20a8987d6,cpu_dlinear,b53277ffe064c35e,cpu_core_weighted,1,8,32,dlinear,0,abe0cd1cb9555ccb,1.900466291000157,243.9535971298482,independent,False,97.31203887243764,97.31203887243764,False,243.9535971298482,44.04741271906414,cpu_dlinear
base__cpu_core_weighted__f1__h8__dlinear__s0__bottom_up__nn0,final,True,outer_evaluation,9f1bebb5d5998aab24fbffe33b048fd16b8095a6,experiment-freeze-v2,bf06dc0e7fe6ff5e,998ed4d20a8987d6,cpu_dlinear,b53277ffe064c35e,cpu_core_weighted,1,8,32,dlinear,0,abe0cd1cb9555ccb,1.900466291000157,243.9535971298482,bottom_up,False,97.31203887243764,0.0,True,220.94272894643703,44.04741271906414,cpu_dlinear
base__cpu_core_weighted__f1__h8__dlinear__s0__wls__nn0,final,True,outer_evaluation,9f1bebb5d5998aab24fbffe33b048fd16b8095a6,experiment-freeze-v2,bf06dc0e7fe6ff5e,998ed4d20a8987d6,cpu_dlinear,b53277ffe064c35e,cpu_core_weighted,1,8,32,dlinear,0,abe0cd1cb9555ccb,1.900466291000157,243.9535971298482,wls,False,97.31203887243764,0.0,True,225.4138169443621,45.2778973843489,cpu_dlinear
base__cpu_core_weighted__f1__h8__dlinear__s0__mint__nn0,final,True,outer_evaluation,9f1bebb5d5998aab24fbffe33b048fd16b8095a6,experiment-freeze-v2,bf06dc0e7fe6ff5e,998ed4d20a8987d6,cpu_dlinear,b53277ffe064c35e,cpu_core_weighted,1,8,32,dlinear,0,abe0cd1cb9555ccb,1.900466291000157,243.9535971298482,mint,False,97.31203887243764,0.0,True,225.07423767912587,45.233240557189994,cpu_dlinear
base__cpu_core_weighted__f1__h16__dlinear__s0__independent__nn0,final,True,outer_evaluation,9f1bebb5d5998aab24fbffe33b048fd16b8095a6,experiment-freeze-v2,bf06dc0e7fe6ff5e,998ed4d20a8987d6,cpu_dlinear,b53277ffe064c35e,cpu_core_weighted,1,16,32,dlinear,0,abe0cd1cb9555ccb,1.9572484179980163,244.70470965909868,independent,False,104.45388158119104,104.45388158119104,False,244.70470965909868,44.26654340396202,cpu_dlinear
base__cpu_core_weighted__f1__h16__dlinear__s0__bottom_up__nn0,final,True,outer_evaluation,9f1bebb5d5998aab24fbffe33b048fd16b8095a6,experiment-freeze-v2,bf06dc0e7fe6ff5e,998ed4d20a8987d6,cpu_dlinear,b53277ffe064c35e,cpu_core_weighted,1,16,32,dlinear,0,abe0cd1cb9555ccb,1.9572484179980163,244.70470965909868,bottom_up,False,104.45388158119104,0.0,True,219.28582870155824,44.26654340396202,cpu_dlinear
base__cpu_core_weighted__f1__h16__dlinear__s0__wls__nn0,final,True,outer_evaluation,9f1bebb5d5998aab24fbffe33b048fd16b8095a6,experiment-freeze-v2,bf06dc0e7fe6ff5e,998ed4d20a8987d6,cpu_dlinear,b53277ffe064c35e,cpu_core_weighted,1,16,32,dlinear,0,abe0cd1cb9555ccb,1.9572484179980163,244.70470965909868,wls,False,104.45388158119104,0.0,True,223.47017320151863,45.28738586108748,cpu_dlinear
base__cpu_core_weighted__f1__h16__dlinear__s0__mint__nn0,final,True,outer_evaluation,9f1bebb5d5998aab24fbffe33b048fd16b8095a6,experiment-freeze-v2,bf06dc0e7fe6ff5e,998ed4d20a8987d6,cpu_dlinear,b53277ffe064c35e,cpu_core_weighted,1,16,32,dlinear,0,abe0cd1cb9555ccb,1.9572484179980163,244.70470965909868,mint,False,104.45388158119104,0.0,True,222.91187586701875,45.13586691768218,cpu_dlinear
base__cpu_core_weighted__f2__h1__dlinear__s0__independent__nn0,final,True,outer_evaluation,9f1bebb5d5998aab24fbffe33b048fd16b8095a6,experiment-freeze-v2,bf06dc0e7fe6ff5e,998ed4d20a8987d6,cpu_dlinear,b53277ffe064c35e,cpu_core_weighted,2,1,32,dlinear,0,abe0cd1cb9555ccb,2.014879042000757,329.0184063337407,independent,False,124.6056828390192,124.6056828390192,False,329.0184063337407,63.22569521497911,cpu_dlinear
base__cpu_core_weighted__f2__h1__dlinear__s0__bottom_up__nn0,final,True,outer_evaluation,9f1bebb5d5998aab24fbffe33b048fd16b8095a6,experiment-freeze-v2,bf06dc0e7fe6ff5e,998ed4d20a8987d6,cpu_dlinear,b53277ffe064c35e,cpu_core_weighted,2,1,32,dlinear,0,abe0cd1cb9555ccb,2.014879042000757,329.0184063337407,bottom_up,False,124.6056828390192,0.0,True,312.1534485082829,63.22569521497911,cpu_dlinear
base__cpu_core_weighted__f2__h1__dlinear__s0__wls__nn0,final,True,outer_evaluation,9f1bebb5d5998aab24fbffe33b048fd16b8095a6,experiment-freeze-v2,bf06dc0e7fe6ff5e,998ed4d20a8987d6,cpu_dlinear,b53277ffe064c35e,cpu_core_weighted,2,1,32,dlinear,0,abe0cd1cb9555ccb,2.014879042000757,329.0184063337407,wls,False,124.6056828390192,0.0,True,311.83111921336285,64.20429717889296,cpu_dlinear
base__cpu_core_weighted__f2__h1__dlinear__s0__mint__nn0,final,True,outer_evaluation,9f1bebb5d5998aab24fbffe33b048fd16b8095a6,experiment-freeze-v2,bf06dc0e7fe6ff5e,998ed4d20a8987d6,cpu_dlinear,b53277ffe064c35e,cpu_core_weighted,2,1,32,dlinear,0,abe0cd1cb9555ccb,2.014879042000757,329.0184063337407,mint,False,124.6056828390192,0.0,True,311.1125036776254,63.84487173325194,cpu_dlinear
base__cpu_core_weighted__f2__h8__dlinear__s0__independent__nn0,final,True,outer_evaluation,9f1bebb5d5998aab24fbffe33b048fd16b8095a6,experiment-freeze-v2,bf06dc0e7fe6ff5e,998ed4d20a8987d6,cpu_dlinear,b53277ffe064c35e,cpu_core_weighted,2,8,32,dlinear,0,abe0cd1cb9555ccb,1.9835353749995193,327.23829376050975,independent,False,116.15117033739224,116.15117033739224,False,327.23829376050975,63.77222898025813,cpu_dlinear
base__cpu_core_weighted__f2__h8__dlinear__s0__bottom_up__nn0,final,True,outer_evaluation,9f1bebb5d5998aab24fbffe33b048fd16b8095a6,experiment-freeze-v2,bf06dc0e7fe6ff5e,998ed4d20a8987d6,cpu_dlinear,b53277ffe064c35e,cpu_core_weighted,2,8,32,dlinear,0,abe0cd1cb9555ccb,1.9835353749995193,327.23829376050975,bottom_up,False,116.15117033739224,0.0,True,315.15683504459827,63.77222898025813,cpu_dlinear
base__cpu_core_weighted__f2__h8__dlinear__s0__wls__nn0,final,True,outer_evaluation,9f1bebb5d5998aab24fbffe33b048fd16b8095a6,experiment-freeze-v2,bf06dc0e7fe6ff5e,998ed4d20a8987d6,cpu_dlinear,b53277ffe064c35e,cpu_core_weighted,2,8,32,dlinear,0,abe0cd1cb9555ccb,1.9835353749995193,327.23829376050975,wls,False,116.15117033739224,0.0,True,313.78038668989336,64.28056045954611,cpu_dlinear
base__cpu_core_weighted__f2__h8__dlinear__s0__mint__nn0,final,True,outer_evaluation,9f1bebb5d5998aab24fbffe33b048fd16b8095a6,experiment-freeze-v2,bf06dc0e7fe6ff5e,998ed4d20a8987d6,cpu_dlinear,b53277ffe064c35e,cpu_core_weighted,2,8,32,dlinear,0,abe0cd1cb9555ccb,1.9835353749995193,327.23829376050975,mint,False,116.15117033739224,0.0,True,313.4448853759923,64.04506340227724,cpu_dlinear
base__cpu_core_weighted__f2__h16__dlinear__s0__independent__nn0,final,True,outer_evaluation,9f1bebb5d5998aab24fbffe33b048fd16b8095a6,experiment-freeze-v2,bf06dc0e7fe6ff5e,998ed4d20a8987d6,cpu_dlinear,b53277ffe064c35e,cpu_core_weighted,2,16,32,dlinear,0,abe0cd1cb9555ccb,2.1258680429991728,327.1450308233799,independent,False,122.93967073314612,122.93967073314612,False,327.1450308233799,63.51815127561507,cpu_dlinear
base__cpu_core_weighted__f2__h16__dlinear__s0__bottom_up__nn0,final,True,outer_evaluation,9f1bebb5d5998aab24fbffe33b048fd16b8095a6,experiment-freeze-v2,bf06dc0e7fe6ff5e,998ed4d20a8987d6,cpu_dlinear,b53277ffe064c35e,cpu_core_weighted,2,16,32,dlinear,0,abe0cd1cb9555ccb,2.1258680429991728,327.1450308233799,bottom_up,False,122.93967073314612,0.0,True,312.83146389818035,63.51815127561507,cpu_dlinear
base__cpu_core_weighted__f2__h16__dlinear__s0__wls__nn0,final,True,outer_evaluation,9f1bebb5d5998aab24fbffe33b048fd16b8095a6,experiment-freeze-v2,bf06dc0e7fe6ff5e,998ed4d20a8987d6,cpu_dlinear,b53277ffe064c35e,cpu_core_weighted,2,16,32,dlinear,0,abe0cd1cb9555ccb,2.1258680429991728,327.1450308233799,wls,False,122.93967073314612,0.0,True,311.56775590908217,64.3336359357783,cpu_dlinear
base__cpu_core_weighted__f2__h16__dlinear__s0__mint__nn0,final,True,outer_evaluation,9f1bebb5d5998aab24fbffe33b048fd16b8095a6,experiment-freeze-v2,bf06dc0e7fe6ff5e,998ed4d20a8987d6,cpu_dlinear,b53277ffe064c35e,cpu_core_weighted,2,16,32,dlinear,0,abe0cd1cb9555ccb,2.1258680429991728,327.1450308233799,mint,False,122.93967073314612,0.0,True,311.154764454079,64.04428454893124,cpu_dlinear
base__disk_ud__f0__h1__persistence__s0__independent__nn0,final,True,outer_evaluation,9f1bebb5d5998aab24fbffe33b048fd16b8095a6,experiment-freeze-v2,bf06dc0e7fe6ff5e,998ed4d20a8987d6,disk_boundary,5e4b044e118361db,disk_ud,0,1,32,persistence,0,abe0cd1cb9555ccb,0.0001539570021122,1848015504.270662,independent,False,0.0,0.0,True,1848015504.270662,292520190.6743079,disk_boundary
base__disk_ud__f0__h1__persistence__s0__bottom_up__nn0,final,True,outer_evaluation,9f1bebb5d5998aab24fbffe33b048fd16b8095a6,experiment-freeze-v2,bf06dc0e7fe6ff5e,998ed4d20a8987d6,disk_boundary,5e4b044e118361db,disk_ud,0,1,32,persistence,0,abe0cd1cb9555ccb,0.0001539570021122,1848015504.270662,bottom_up,False,0.0,0.0,True,1848015504.270662,292520190.6743079,disk_boundary
base__disk_ud__f0__h1__persistence__s0__top_down__nn0,final,True,outer_evaluation,9f1bebb5d5998aab24fbffe33b048fd16b8095a6,experiment-freeze-v2,bf06dc0e7fe6ff5e,998ed4d20a8987d6,disk_boundary,5e4b044e118361db,disk_ud,0,1,32,persistence,0,abe0cd1cb9555ccb,0.0001539570021122,1848015504.270662,top_down,False,0.0,7.374958464233929e-08,True,1848015504.270662,292520190.6743079,disk_boundary
base__disk_ud__f0__h1__persistence__s0__wls__nn0,final,True,outer_evaluation,9f1bebb5d5998aab24fbffe33b048fd16b8095a6,experiment-freeze-v2,bf06dc0e7fe6ff5e,998ed4d20a8987d6,disk_boundary,5e4b044e118361db,disk_ud,0,1,32,persistence,0,abe0cd1cb9555ccb,0.0001539570021122,1848015504.270662,wls,False,0.0,0.0,True,1848015504.311834,292520190.68667394,disk_boundary
base__disk_ud__f0__h1__persistence__s0__mint__nn0,final,True,outer_evaluation,9f1bebb5d5998aab24fbffe33b048fd16b8095a6,experiment-freeze-v2,bf06dc0e7fe6ff5e,998ed4d20a8987d6,disk_boundary,5e4b044e118361db,disk_ud,0,1,32,persistence,0,abe0cd1cb9555ccb,0.0001539570021122,1848015504.270662,mint,False,0.0,0.0,True,1848015504.3405612,292520190.69074094,disk_boundary
base__disk_ud__f0__h1__ridge__s0__independent__nn0,final,True,outer_evaluation,9f1bebb5d5998aab24fbffe33b048fd16b8095a6,experiment-freeze-v2,bf06dc0e7fe6ff5e,998ed4d20a8987d6,disk_boundary,5e4b044e118361db,disk_ud,0,1,32,ridge,0,abe0cd1cb9555ccb,0.0080393750022267,2194093318.965312,independent,False,1371630337.5730522,1371630337.5730522,False,2194093318.965312,481012423.7164384,disk_boundary
base__disk_ud__f0__h1__ridge__s0__bottom_up__nn0,final,True,outer_evaluation,9f1bebb5d5998aab24fbffe33b048fd16b8095a6,experiment-freeze-v2,bf06dc0e7fe6ff5e,998ed4d20a8987d6,disk_boundary,5e4b044e118361db,disk_ud,0,1,32,ridge,0,abe0cd1cb9555ccb,0.0080393750022267,2194093318.965312,bottom_up,False,1371630337.5730522,0.0,True,2567684784.788605,481012423.7164384,disk_boundary
base__disk_ud__f0__h1__ridge__s0__top_down__nn0,final,True,outer_evaluation,9f1bebb5d5998aab24fbffe33b048fd16b8095a6,experiment-freeze-v2,bf06dc0e7fe6ff5e,998ed4d20a8987d6,disk_boundary,5e4b044e118361db,disk_ud,0,1,32,ridge,0,abe0cd1cb9555ccb,0.0080393750022267,2194093318.965312,top_down,False,1371630337.5730522,7.824830930552199e-05,True,2194093318.965312,584216966.6416036,disk_boundary
base__disk_ud__f0__h1__ridge__s0__wls__nn0,final,True,outer_evaluation,9f1bebb5d5998aab24fbffe33b048fd16b8095a6,experiment-freeze-v2,bf06dc0e7fe6ff5e,998ed4d20a8987d6,disk_boundary,5e4b044e118361db,disk_ud,0,1,32,ridge,0,abe0cd1cb9555ccb,0.0080393750022267,2194093318.965312,wls,False,1371630337.5730522,0.0,True,2281490512.4404535,502534564.2837947,disk_boundary
base__disk_ud__f0__h1__ridge__s0__mint__nn0,final,True,outer_evaluation,9f1bebb5d5998aab24fbffe33b048fd16b8095a6,experiment-freeze-v2,bf06dc0e7fe6ff5e,998ed4d20a8987d6,disk_boundary,5e4b044e118361db,disk_ud,0,1,32,ridge,0,abe0cd1cb9555ccb,0.0080393750022267,2194093318.965312,mint,False,1371630337.5730522,0.0,True,2244289937.2821035,527527929.0614483,disk_boundary
base__disk_ud__f0__h1__lightgbm__s0__independent__nn0,final,True,outer_evaluation,9f1bebb5d5998aab24fbffe33b048fd16b8095a6,experiment-freeze-v2,bf06dc0e7fe6ff5e,998ed4d20a8987d6,disk_boundary,5e4b044e118361db,disk_ud,0,1,32,lightgbm,0,abe0cd1cb9555ccb,1.377621291999276,4734846231.63901,independent,False,41640542302.28822,41640542302.28822,False,4734846231.63901,14792371972.801058,disk_boundary
base__disk_ud__f0__h1__lightgbm__s0__bottom_up__nn0,final,True,outer_evaluation,9f1bebb5d5998aab24fbffe33b048fd16b8095a6,experiment-freeze-v2,bf06dc0e7fe6ff5e,998ed4d20a8987d6,disk_boundary,5e4b044e118361db,disk_ud,0,1,32,lightgbm,0,abe0cd1cb9555ccb,1.377621291999276,4734846231.63901,bottom_up,False,41640542302.28822,0.0,True,42905278509.414154,14792371972.801058,disk_boundary
base__disk_ud__f0__h1__lightgbm__s0__top_down__nn0,final,True,outer_evaluation,9f1bebb5d5998aab24fbffe33b048fd16b8095a6,experiment-freeze-v2,bf06dc0e7fe6ff5e,998ed4d20a8987d6,disk_boundary,5e4b044e118361db,disk_ud,0,1,32,lightgbm,0,abe0cd1cb9555ccb,1.377621291999276,4734846231.63901,top_down,False,41640542302.28822,8.084429468493234e-05,True,4734846231.63901,15066209408.657774,disk_boundary
base__disk_ud__f0__h1__lightgbm__s0__wls__nn0,final,True,outer_evaluation,9f1bebb5d5998aab24fbffe33b048fd16b8095a6,experiment-freeze-v2,bf06dc0e7fe6ff5e,998ed4d20a8987d6,disk_boundary,5e4b044e118361db,disk_ud,0,1,32,lightgbm,0,abe0cd1cb9555ccb,1.377621291999276,4734846231.63901,wls,False,41640542302.28822,0.0,True,24401942840.471176,15192222944.977703,disk_boundary
base__disk_ud__f0__h1__lightgbm__s0__mint__nn0,final,True,outer_evaluation,9f1bebb5d5998aab24fbffe33b048fd16b8095a6,experiment-freeze-v2,bf06dc0e7fe6ff5e,998ed4d20a8987d6,disk_boundary,5e4b044e118361db,disk_ud,0,1,32,lightgbm,0,abe0cd1cb9555ccb,1.377621291999276,4734846231.63901,mint,False,41640542302.28822,0.0,True,28262302684.734676,15071292325.218012,disk_boundary
base__disk_ud__f0__h8__persistence__s0__independent__nn0,final,True,outer_evaluation,9f1bebb5d5998aab24fbffe33b048fd16b8095a6,experiment-freeze-v2,bf06dc0e7fe6ff5e,998ed4d20a8987d6,disk_boundary,5e4b044e118361db,disk_ud,0,8,32,persistence,0,abe0cd1cb9555ccb,0.0002250829993499,1849506840.3956947,independent,False,0.0,0.0,True,1849506840.3956947,292749791.3515194,disk_boundary
base__disk_ud__f0__h8__persistence__s0__bottom_up__nn0,final,True,outer_evaluation,9f1bebb5d5998aab24fbffe33b048fd16b8095a6,experiment-freeze-v2,bf06dc0e7fe6ff5e,998ed4d20a8987d6,disk_boundary,5e4b044e118361db,disk_ud,0,8,32,persistence,0,abe0cd1cb9555ccb,0.0002250829993499,1849506840.3956947,bottom_up,False,0.0,0.0,True,1849506840.3956947,292749791.3515194,disk_boundary
base__disk_ud__f0__h8__persistence__s0__top_down__nn0,final,True,outer_evaluation,9f1bebb5d5998aab24fbffe33b048fd16b8095a6,experiment-freeze-v2,bf06dc0e7fe6ff5e,998ed4d20a8987d6,disk_boundary,5e4b044e118361db,disk_ud,0,8,32,persistence,0,abe0cd1cb9555ccb,0.0002250829993499,1849506840.3956947,top_down,False,0.0,7.38120162655702e-08,True,1849506840.3956947,292749791.3515194,disk_boundary
base__disk_ud__f0__h8__persistence__s0__wls__nn0,final,True,outer_evaluation,9f1bebb5d5998aab24fbffe33b048fd16b8095a6,experiment-freeze-v2,bf06dc0e7fe6ff5e,998ed4d20a8987d6,disk_boundary,5e4b044e118361db,disk_ud,0,8,32,persistence,0,abe0cd1cb9555ccb,0.0002250829993499,1849506840.3956947,wls,False,0.0,0.0,True,1849506840.3727536,292749791.3498929,disk_boundary
base__disk_ud__f0__h8__persistence__s0__mint__nn0,final,True,outer_evaluation,9f1bebb5d5998aab24fbffe33b048fd16b8095a6,experiment-freeze-v2,bf06dc0e7fe6ff5e,998ed4d20a8987d6,disk_boundary,5e4b044e118361db,disk_ud,0,8,32,persistence,0,abe0cd1cb9555ccb,0.0002250829993499,1849506840.3956947,mint,False,0.0,0.0,True,1849506840.4040945,292749791.35340333,disk_boundary
base__disk_ud__f0__h8__ridge__s0__independent__nn0,final,True,outer_evaluation,9f1bebb5d5998aab24fbffe33b048fd16b8095a6,experiment-freeze-v2,bf06dc0e7fe6ff5e,998ed4d20a8987d6,disk_boundary,5e4b044e118361db,disk_ud,0,8,32,ridge,0,abe0cd1cb9555ccb,0.0366531250019761,2193351964.750705,independent,False,1370320529.2032237,1370320529.2032237,False,2193351964.750705,480831209.0941328,disk_boundary
base__disk_ud__f0__h8__ridge__s0__bottom_up__nn0,final,True,outer_evaluation,9f1bebb5d5998aab24fbffe33b048fd16b8095a6,experiment-freeze-v2,bf06dc0e7fe6ff5e,998ed4d20a8987d6,disk_boundary,5e4b044e118361db,disk_ud,0,8,32,ridge,0,abe0cd1cb9555ccb,0.0366531250019761,2193351964.750705,bottom_up,False,1370320529.2032237,0.0,True,2567950543.7629538,480831209.0941328,disk_boundary
base__disk_ud__f0__h8__ridge__s0__top_down__nn0,final,True,outer_evaluation,9f1bebb5d5998aab24fbffe33b048fd16b8095a6,experiment-freeze-v2,bf06dc0e7fe6ff5e,998ed4d20a8987d6,disk_boundary,5e4b044e118361db,disk_ud,0,8,32,ridge,0,abe0cd1cb9555ccb,0.0366531250019761,2193351964.750705,top_down,False,1370320529.2032237,7.601161435028419e-05,True,2193351964.750705,583865648.2243965,disk_boundary
base__disk_ud__f0__h8__ridge__s0__wls__nn0,final,True,outer_evaluation,9f1bebb5d5998aab24fbffe33b048fd16b8095a6,experiment-freeze-v2,bf06dc0e7fe6ff5e,998ed4d20a8987d6,disk_boundary,5e4b044e118361db,disk_ud,0,8,32,ridge,0,abe0cd1cb9555ccb,0.0366531250019761,2193351964.750705,wls,False,1370320529.2032237,0.0,True,2290258401.122334,494037268.8487047,disk_boundary
base__disk_ud__f0__h8__ridge__s0__mint__nn0,final,True,outer_evaluation,9f1bebb5d5998aab24fbffe33b048fd16b8095a6,experiment-freeze-v2,bf06dc0e7fe6ff5e,998ed4d20a8987d6,disk_boundary,5e4b044e118361db,disk_ud,0,8,32,ridge,0,abe0cd1cb9555ccb,0.0366531250019761,2193351964.750705,mint,False,1370320529.2032237,0.0,True,2262442828.4406447,519504954.01355255,disk_boundary
base__disk_ud__f0__h8__lightgbm__s0__independent__nn0,final,True,outer_evaluation,9f1bebb5d5998aab24fbffe33b048fd16b8095a6,experiment-freeze-v2,bf06dc0e7fe6ff5e,998ed4d20a8987d6,disk_boundary,5e4b044e118361db,disk_ud,0,8,32,lightgbm,0,abe0cd1cb9555ccb,10.734731417999685,4449179814.664111,independent,False,42188268954.98278,42188268954.98278,False,4449179814.664111,14650815263.099407,disk_boundary
base__disk_ud__f0__h8__lightgbm__s0__bottom_up__nn0,final,True,outer_evaluation,9f1bebb5d5998aab24fbffe33b048fd16b8095a6,experiment-freeze-v2,bf06dc0e7fe6ff5e,998ed4d20a8987d6,disk_boundary,5e4b044e118361db,disk_ud,0,8,32,lightgbm,0,abe0cd1cb9555ccb,10.734731417999685,4449179814.664111,bottom_up,False,42188268954.98278,0.0,True,43004622472.60053,14650815263.099407,disk_boundary
base__disk_ud__f0__h8__lightgbm__s0__top_down__nn0,final,True,outer_evaluation,9f1bebb5d5998aab24fbffe33b048fd16b8095a6,experiment-freeze-v2,bf06dc0e7fe6ff5e,998ed4d20a8987d6,disk_boundary,5e4b044e118361db,disk_ud,0,8,32,lightgbm,0,abe0cd1cb9555ccb,10.734731417999685,4449179814.664111,top_down,False,42188268954.98278,7.326580734520498e-05,True,4449179814.664111,14913335123.953993,disk_boundary
base__disk_ud__f0__h8__lightgbm__s0__wls__nn0,final,True,outer_evaluation,9f1bebb5d5998aab24fbffe33b048fd16b8095a6,experiment-freeze-v2,bf06dc0e7fe6ff5e,998ed4d20a8987d6,disk_boundary,5e4b044e118361db,disk_ud,0,8,32,lightgbm,0,abe0cd1cb9555ccb,10.734731417999685,4449179814.664111,wls,False,42188268954.98278,0.0,True,28879511764.0786,14442521311.45435,disk_boundary
base__disk_ud__f0__h8__lightgbm__s0__mint__nn0,final,True,outer_evaluation,9f1bebb5d5998aab24fbffe33b048fd16b8095a6,experiment-freeze-v2,bf06dc0e7fe6ff5e,998ed4d20a8987d6,disk_boundary,5e4b044e118361db,disk_ud,0,8,32,lightgbm,0,abe0cd1cb9555ccb,10.734731417999685,4449179814.664111,mint,False,42188268954.98278,0.0,True,34526854607.50546,14577597595.301712,disk_boundary
base__disk_ud__f1__h1__persistence__s0__independent__nn0,final,True,outer_evaluation,9f1bebb5d5998aab24fbffe33b048fd16b8095a6,experiment-freeze-v2,bf06dc0e7fe6ff5e,998ed4d20a8987d6,disk_boundary,5e4b044e118361db,disk_ud,1,1,32,persistence,0,abe0cd1cb9555ccb,0.0001674590012044,1145989203.1474142,independent,False,0.0,0.0,True,1145989203.1474142,181207052.8680522,disk_boundary
base__disk_ud__f1__h1__persistence__s0__bottom_up__nn0,final,True,outer_evaluation,9f1bebb5d5998aab24fbffe33b048fd16b8095a6,experiment-freeze-v2,bf06dc0e7fe6ff5e,998ed4d20a8987d6,disk_boundary,5e4b044e118361db,disk_ud,1,1,32,persistence,0,abe0cd1cb9555ccb,0.0001674590012044,1145989203.1474142,bottom_up,False,0.0,0.0,True,1145989203.1474142,181207052.8680522,disk_boundary
base__disk_ud__f1__h1__persistence__s0__top_down__nn0,final,True,outer_evaluation,9f1bebb5d5998aab24fbffe33b048fd16b8095a6,experiment-freeze-v2,bf06dc0e7fe6ff5e,998ed4d20a8987d6,disk_boundary,5e4b044e118361db,disk_ud,1,1,32,persistence,0,abe0cd1cb9555ccb,0.0001674590012044,1145989203.1474142,top_down,False,0.0,0.0,True,1145989203.1474142,181207052.86805227,disk_boundary
base__disk_ud__f1__h1__persistence__s0__wls__nn0,final,True,outer_evaluation,9f1bebb5d5998aab24fbffe33b048fd16b8095a6,experiment-freeze-v2,bf06dc0e7fe6ff5e,998ed4d20a8987d6,disk_boundary,5e4b044e118361db,disk_ud,1,1,32,persistence,0,abe0cd1cb9555ccb,0.0001674590012044,1145989203.1474142,wls,False,0.0,0.0,True,1145989203.095229,181207052.88706875,disk_boundary
base__disk_ud__f1__h1__persistence__s0__mint__nn0,final,True,outer_evaluation,9f1bebb5d5998aab24fbffe33b048fd16b8095a6,experiment-freeze-v2,bf06dc0e7fe6ff5e,998ed4d20a8987d6,disk_boundary,5e4b044e118361db,disk_ud,1,1,32,persistence,0,abe0cd1cb9555ccb,0.0001674590012044,1145989203.1474142,mint,False,0.0,0.0,True,1145989203.3319764,181207052.91176945,disk_boundary
base__disk_ud__f1__h1__ridge__s0__independent__nn0,final,True,outer_evaluation,9f1bebb5d5998aab24fbffe33b048fd16b8095a6,experiment-freeze-v2,bf06dc0e7fe6ff5e,998ed4d20a8987d6,disk_boundary,5e4b044e118361db,disk_ud,1,1,32,ridge,0,abe0cd1cb9555ccb,0.0088692110002739,1279428400.7528424,independent,False,804451259.9295046,804451259.9295046,False,1279428400.7528424,310460923.950472,disk_boundary
base__disk_ud__f1__h1__ridge__s0__bottom_up__nn0,final,True,outer_evaluation,9f1bebb5d5998aab24fbffe33b048fd16b8095a6,experiment-freeze-v2,bf06dc0e7fe6ff5e,998ed4d20a8987d6,disk_boundary,5e4b044e118361db,disk_ud,1,1,32,ridge,0,abe0cd1cb9555ccb,0.0088692110002739,1279428400.7528424,bottom_up,False,804451259.9295046,0.0,True,1656815160.189047,310460923.950472,disk_boundary
base__disk_ud__f1__h1__ridge__s0__top_down__nn0,final,True,outer_evaluation,9f1bebb5d5998aab24fbffe33b048fd16b8095a6,experiment-freeze-v2,bf06dc0e7fe6ff5e,998ed4d20a8987d6,disk_boundary,5e4b044e118361db,disk_ud,1,1,32,ridge,0,abe0cd1cb9555ccb,0.0088692110002739,1279428400.7528424,top_down,False,804451259.9295046,8.58592664406114e-05,True,1279428400.7528424,385857721.2666882,disk_boundary
base__disk_ud__f1__h1__ridge__s0__wls__nn0,final,True,outer_evaluation,9f1bebb5d5998aab24fbffe33b048fd16b8095a6,experiment-freeze-v2,bf06dc0e7fe6ff5e,998ed4d20a8987d6,disk_boundary,5e4b044e118361db,disk_ud,1,1,32,ridge,0,abe0cd1cb9555ccb,0.0088692110002739,1279428400.7528424,wls,False,804451259.9295046,0.0,True,1397710404.0770743,297517140.5980895,disk_boundary
base__disk_ud__f1__h1__ridge__s0__mint__nn0,final,True,outer_evaluation,9f1bebb5d5998aab24fbffe33b048fd16b8095a6,experiment-freeze-v2,bf06dc0e7fe6ff5e,998ed4d20a8987d6,disk_boundary,5e4b044e118361db,disk_ud,1,1,32,ridge,0,abe0cd1cb9555ccb,0.0088692110002739,1279428400.7528424,mint,False,804451259.9295046,0.0,True,1338232393.5124042,294491282.47866964,disk_boundary
base__disk_ud__f1__h1__lightgbm__s0__independent__nn0,final,True,outer_evaluation,9f1bebb5d5998aab24fbffe33b048fd16b8095a6,experiment-freeze-v2,bf06dc0e7fe6ff5e,998ed4d20a8987d6,disk_boundary,5e4b044e118361db,disk_ud,1,1,32,lightgbm,0,abe0cd1cb9555ccb,1.5099101249998057,18083890978.96224,independent,False,77052298911.05917,77052298911.05917,False,18083890978.96224,21391835833.151154,disk_boundary
base__disk_ud__f1__h1__lightgbm__s0__bottom_up__nn0,final,True,outer_evaluation,9f1bebb5d5998aab24fbffe33b048fd16b8095a6,experiment-freeze-v2,bf06dc0e7fe6ff5e,998ed4d20a8987d6,disk_boundary,5e4b044e118361db,disk_ud,1,1,32,lightgbm,0,abe0cd1cb9555ccb,1.5099101249998057,18083890978.96224,bottom_up,False,77052298911.05917,0.0,True,94122432845.91504,21391835833.151154,disk_boundary
base__disk_ud__f1__h1__lightgbm__s0__top_down__nn0,final,True,outer_evaluation,9f1bebb5d5998aab24fbffe33b048fd16b8095a6,experiment-freeze-v2,bf06dc0e7fe6ff5e,998ed4d20a8987d6,disk_boundary,5e4b044e118361db,disk_ud,1,1,32,lightgbm,0,abe0cd1cb9555ccb,1.5099101249998057,18083890978.96224,top_down,False,77052298911.05917,5.706742859624214e-05,True,18083890978.96224,22362728567.60455,disk_boundary
base__disk_ud__f1__h1__lightgbm__s0__wls__nn0,final,True,outer_evaluation,9f1bebb5d5998aab24fbffe33b048fd16b8095a6,experiment-freeze-v2,bf06dc0e7fe6ff5e,998ed4d20a8987d6,disk_boundary,5e4b044e118361db,disk_ud,1,1,32,lightgbm,0,abe0cd1cb9555ccb,1.5099101249998057,18083890978.96224,wls,False,77052298911.05917,0.0,True,23095279690.320396,13826021170.772291,disk_boundary
base__disk_ud__f1__h1__lightgbm__s0__mint__nn0,final,True,outer_evaluation,9f1bebb5d5998aab24fbffe33b048fd16b8095a6,experiment-freeze-v2,bf06dc0e7fe6ff5e,998ed4d20a8987d6,disk_boundary,5e4b044e118361db,disk_ud,1,1,32,lightgbm,0,abe0cd1cb9555ccb,1.5099101249998057,18083890978.96224,mint,False,77052298911.05917,0.0,True,17555182589.959538,16135712117.673733,disk_boundary
base__disk_ud__f1__h8__persistence__s0__independent__nn0,final,True,outer_evaluation,9f1bebb5d5998aab24fbffe33b048fd16b8095a6,experiment-freeze-v2,bf06dc0e7fe6ff5e,998ed4d20a8987d6,disk_boundary,5e4b044e118361db,disk_ud,1,8,32,persistence,0,abe0cd1cb9555ccb,0.0003037100004803,1146936385.5092514,independent,False,0.0,0.0,True,1146936385.5092514,181352825.06297183,disk_boundary
base__disk_ud__f1__h8__persistence__s0__bottom_up__nn0,final,True,outer_evaluation,9f1bebb5d5998aab24fbffe33b048fd16b8095a6,experiment-freeze-v2,bf06dc0e7fe6ff5e,998ed4d20a8987d6,disk_boundary,5e4b044e118361db,disk_ud,1,8,32,persistence,0,abe0cd1cb9555ccb,0.0003037100004803,1146936385.5092514,bottom_up,False,0.0,0.0,True,1146936385.5092514,181352825.06297183,disk_boundary
base__disk_ud__f1__h8__persistence__s0__top_down__nn0,final,True,outer_evaluation,9f1bebb5d5998aab24fbffe33b048fd16b8095a6,experiment-freeze-v2,bf06dc0e7fe6ff5e,998ed4d20a8987d6,disk_boundary,5e4b044e118361db,disk_ud,1,8,32,persistence,0,abe0cd1cb9555ccb,0.0003037100004803,1146936385.5092514,top_down,False,0.0,0.0,True,1146936385.5092514,181352825.06297192,disk_boundary
base__disk_ud__f1__h8__persistence__s0__wls__nn0,final,True,outer_evaluation,9f1bebb5d5998aab24fbffe33b048fd16b8095a6,experiment-freeze-v2,bf06dc0e7fe6ff5e,998ed4d20a8987d6,disk_boundary,5e4b044e118361db,disk_ud,1,8,32,persistence,0,abe0cd1cb9555ccb,0.0003037100004803,1146936385.5092514,wls,False,0.0,0.0,True,1146936385.5070114,181352825.07389525,disk_boundary
base__disk_ud__f1__h8__persistence__s0__mint__nn0,final,True,outer_evaluation,9f1bebb5d5998aab24fbffe33b048fd16b8095a6,experiment-freeze-v2,bf06dc0e7fe6ff5e,998ed4d20a8987d6,disk_boundary,5e4b044e118361db,disk_ud,1,8,32,persistence,0,abe0cd1cb9555ccb,0.0003037100004803,1146936385.5092514,mint,False,0.0,0.0,True,1146936385.6429186,181352825.1112754,disk_boundary
base__disk_ud__f1__h8__ridge__s0__independent__nn0,final,True,outer_evaluation,9f1bebb5d5998aab24fbffe33b048fd16b8095a6,experiment-freeze-v2,bf06dc0e7fe6ff5e,998ed4d20a8987d6,disk_boundary,5e4b044e118361db,disk_ud,1,8,32,ridge,0,abe0cd1cb9555ccb,0.0569204160010485,1279285563.5138888,independent,False,710948694.4437817,710948694.4437817,False,1279285563.5138888,296421060.2380795,disk_boundary
base__disk_ud__f1__h8__ridge__s0__bottom_up__nn0,final,True,outer_evaluation,9f1bebb5d5998aab24fbffe33b048fd16b8095a6,experiment-freeze-v2,bf06dc0e7fe6ff5e,998ed4d20a8987d6,disk_boundary,5e4b044e118361db,disk_ud,1,8,32,ridge,0,abe0cd1cb9555ccb,0.0569204160010485,1279285563.5138888,bottom_up,False,710948694.4437817,0.0,True,1566434317.7987075,296421060.2380795,disk_boundary
base__disk_ud__f1__h8__ridge__s0__top_down__nn0,final,True,outer_evaluation,9f1bebb5d5998aab24fbffe33b048fd16b8095a6,experiment-freeze-v2,bf06dc0e7fe6ff5e,998ed4d20a8987d6,disk_boundary,5e4b044e118361db,disk_ud,1,8,32,ridge,0,abe0cd1cb9555ccb,0.0569204160010485,1279285563.5138888,top_down,False,710948694.4437817,7.630686241534648e-05,True,1279285563.5138888,362139866.5850302,disk_boundary
base__disk_ud__f1__h8__ridge__s0__wls__nn0,final,True,outer_evaluation,9f1bebb5d5998aab24fbffe33b048fd16b8095a6,experiment-freeze-v2,bf06dc0e7fe6ff5e,998ed4d20a8987d6,disk_boundary,5e4b044e118361db,disk_ud,1,8,32,ridge,0,abe0cd1cb9555ccb,0.0569204160010485,1279285563.5138888,wls,False,710948694.4437817,0.0,True,1355230405.93415,287850610.9447832,disk_boundary
base__disk_ud__f1__h8__ridge__s0__mint__nn0,final,True,outer_evaluation,9f1bebb5d5998aab24fbffe33b048fd16b8095a6,experiment-freeze-v2,bf06dc0e7fe6ff5e,998ed4d20a8987d6,disk_boundary,5e4b044e118361db,disk_ud,1,8,32,ridge,0,abe0cd1cb9555ccb,0.0569204160010485,1279285563.5138888,mint,False,710948694.4437817,0.0,True,1312941060.8049736,286655025.62182397,disk_boundary
base__disk_ud__f1__h8__lightgbm__s0__independent__nn0,final,True,outer_evaluation,9f1bebb5d5998aab24fbffe33b048fd16b8095a6,experiment-freeze-v2,bf06dc0e7fe6ff5e,998ed4d20a8987d6,disk_boundary,5e4b044e118361db,disk_ud,1,8,32,lightgbm,0,abe0cd1cb9555ccb,11.9010261250005,18077746876.05507,independent,False,27536612470.426743,27536612470.426743,False,18077746876.05507,17807917789.977776,disk_boundary
base__disk_ud__f1__h8__lightgbm__s0__bottom_up__nn0,final,True,outer_evaluation,9f1bebb5d5998aab24fbffe33b048fd16b8095a6,experiment-freeze-v2,bf06dc0e7fe6ff5e,998ed4d20a8987d6,disk_boundary,5e4b044e118361db,disk_ud,1,8,32,lightgbm,0,abe0cd1cb9555ccb,11.9010261250005,18077746876.05507,bottom_up,False,27536612470.426743,0.0,True,43981392728.86042,17807917789.977776,disk_boundary
base__disk_ud__f1__h8__lightgbm__s0__top_down__nn0,final,True,outer_evaluation,9f1bebb5d5998aab24fbffe33b048fd16b8095a6,experiment-freeze-v2,bf06dc0e7fe6ff5e,998ed4d20a8987d6,disk_boundary,5e4b044e118361db,disk_ud,1,8,32,lightgbm,0,abe0cd1cb9555ccb,11.9010261250005,18077746876.05507,top_down,False,27536612470.426743,9.26340804132906e-05,True,18077746876.05507,18506315801.899155,disk_boundary
base__disk_ud__f1__h8__lightgbm__s0__wls__nn0,final,True,outer_evaluation,9f1bebb5d5998aab24fbffe33b048fd16b8095a6,experiment-freeze-v2,bf06dc0e7fe6ff5e,998ed4d20a8987d6,disk_boundary,5e4b044e118361db,disk_ud,1,8,32,lightgbm,0,abe0cd1cb9555ccb,11.9010261250005,18077746876.05507,wls,False,27536612470.426743,0.0,True,20300018473.594658,17296713058.62631,disk_boundary
base__disk_ud__f1__h8__lightgbm__s0__mint__nn0,final,True,outer_evaluation,9f1bebb5d5998aab24fbffe33b048fd16b8095a6,experiment-freeze-v2,bf06dc0e7fe6ff5e,998ed4d20a8987d6,disk_boundary,5e4b044e118361db,disk_ud,1,8,32,lightgbm,0,abe0cd1cb9555ccb,11.9010261250005,18077746876.05507,mint,False,27536612470.426743,0.0,True,19777902161.688183,17503667092.614643,disk_boundary
base__disk_ud__f2__h1__persistence__s0__independent__nn0,final,True,outer_evaluation,9f1bebb5d5998aab24fbffe33b048fd16b8095a6,experiment-freeze-v2,bf06dc0e7fe6ff5e,998ed4d20a8987d6,disk_boundary,5e4b044e118361db,disk_ud,2,1,32,persistence,0,abe0cd1cb9555ccb,0.0001798330013116,1654563840.6184323,independent,False,0.0,0.0,True,1654563840.6184323,264898218.51942092,disk_boundary
base__disk_ud__f2__h1__persistence__s0__bottom_up__nn0,final,True,outer_evaluation,9f1bebb5d5998aab24fbffe33b048fd16b8095a6,experiment-freeze-v2,bf06dc0e7fe6ff5e,998ed4d20a8987d6,disk_boundary,5e4b044e118361db,disk_ud,2,1,32,persistence,0,abe0cd1cb9555ccb,0.0001798330013116,1654563840.6184323,bottom_up,False,0.0,0.0,True,1654563840.6184323,264898218.51942092,disk_boundary
base__disk_ud__f2__h1__persistence__s0__top_down__nn0,final,True,outer_evaluation,9f1bebb5d5998aab24fbffe33b048fd16b8095a6,experiment-freeze-v2,bf06dc0e7fe6ff5e,998ed4d20a8987d6,disk_boundary,5e4b044e118361db,disk_ud,2,1,32,persistence,0,abe0cd1cb9555ccb,0.0001798330013116,1654563840.6184323,top_down,False,0.0,0.0,True,1654563840.6184323,264898218.51942092,disk_boundary
base__disk_ud__f2__h1__persistence__s0__wls__nn0,final,True,outer_evaluation,9f1bebb5d5998aab24fbffe33b048fd16b8095a6,experiment-freeze-v2,bf06dc0e7fe6ff5e,998ed4d20a8987d6,disk_boundary,5e4b044e118361db,disk_ud,2,1,32,persistence,0,abe0cd1cb9555ccb,0.0001798330013116,1654563840.6184323,wls,False,0.0,0.0,True,1654563840.667544,264898218.53917575,disk_boundary
base__disk_ud__f2__h1__persistence__s0__mint__nn0,final,True,outer_evaluation,9f1bebb5d5998aab24fbffe33b048fd16b8095a6,experiment-freeze-v2,bf06dc0e7fe6ff5e,998ed4d20a8987d6,disk_boundary,5e4b044e118361db,disk_ud,2,1,32,persistence,0,abe0cd1cb9555ccb,0.0001798330013116,1654563840.6184323,mint,False,0.0,0.0,True,1654563840.6796536,264898218.54132208,disk_boundary
base__disk_ud__f2__h1__ridge__s0__independent__nn0,final,True,outer_evaluation,9f1bebb5d5998aab24fbffe33b048fd16b8095a6,experiment-freeze-v2,bf06dc0e7fe6ff5e,998ed4d20a8987d6,disk_boundary,5e4b044e118361db,disk_ud,2,1,32,ridge,0,abe0cd1cb9555ccb,0.0119462929997098,1786927458.8985488,independent,False,660729091.0202527,660729091.0202527,False,1786927458.8985488,351548493.66384506,disk_boundary
base__disk_ud__f2__h1__ridge__s0__bottom_up__nn0,final,True,outer_evaluation,9f1bebb5d5998aab24fbffe33b048fd16b8095a6,experiment-freeze-v2,bf06dc0e7fe6ff5e,998ed4d20a8987d6,disk_boundary,5e4b044e118361db,disk_ud,2,1,32,ridge,0,abe0cd1cb9555ccb,0.0119462929997098,1786927458.8985488,bottom_up,False,660729091.0202527,0.0,True,1813130401.741398,351548493.66384506,disk_boundary
base__disk_ud__f2__h1__ridge__s0__top_down__nn0,final,True,outer_evaluation,9f1bebb5d5998aab24fbffe33b048fd16b8095a6,experiment-freeze-v2,bf06dc0e7fe6ff5e,998ed4d20a8987d6,disk_boundary,5e4b044e118361db,disk_ud,2,1,32,ridge,0,abe0cd1cb9555ccb,0.0119462929997098,1786927458.8985488,top_down,False,660729091.0202527,7.97828796880662e-05,True,1786927458.8985488,406138309.207541,disk_boundary
base__disk_ud__f2__h1__ridge__s0__wls__nn0,final,True,outer_evaluation,9f1bebb5d5998aab24fbffe33b048fd16b8095a6,experiment-freeze-v2,bf06dc0e7fe6ff5e,998ed4d20a8987d6,disk_boundary,5e4b044e118361db,disk_ud,2,1,32,ridge,0,abe0cd1cb9555ccb,0.0119462929997098,1786927458.8985488,wls,False,660729091.0202527,0.0,True,1754040503.167309,350293635.19910556,disk_boundary
base__disk_ud__f2__h1__ridge__s0__mint__nn0,final,True,outer_evaluation,9f1bebb5d5998aab24fbffe33b048fd16b8095a6,experiment-freeze-v2,bf06dc0e7fe6ff5e,998ed4d20a8987d6,disk_boundary,5e4b044e118361db,disk_ud,2,1,32,ridge,0,abe0cd1cb9555ccb,0.0119462929997098,1786927458.8985488,mint,False,660729091.0202527,0.0,True,1755402601.0994751,351097416.6420584,disk_boundary
base__disk_ud__f2__h1__lightgbm__s0__independent__nn0,final,True,outer_evaluation,9f1bebb5d5998aab24fbffe33b048fd16b8095a6,experiment-freeze-v2,bf06dc0e7fe6ff5e,998ed4d20a8987d6,disk_boundary,5e4b044e118361db,disk_ud,2,1,32,lightgbm,0,abe0cd1cb9555ccb,1.6262409159990057,4597961917.660613,independent,False,36041391842.76695,36041391842.76695,False,4597961917.660613,11662441173.399006,disk_boundary
base__disk_ud__f2__h1__lightgbm__s0__bottom_up__nn0,final,True,outer_evaluation,9f1bebb5d5998aab24fbffe33b048fd16b8095a6,experiment-freeze-v2,bf06dc0e7fe6ff5e,998ed4d20a8987d6,disk_boundary,5e4b044e118361db,disk_ud,2,1,32,lightgbm,0,abe0cd1cb9555ccb,1.6262409159990057,4597961917.660613,bottom_up,False,36041391842.76695,0.0,True,34093606891.08089,11662441173.399006,disk_boundary
base__disk_ud__f2__h1__lightgbm__s0__top_down__nn0,final,True,outer_evaluation,9f1bebb5d5998aab24fbffe33b048fd16b8095a6,experiment-freeze-v2,bf06dc0e7fe6ff5e,998ed4d20a8987d6,disk_boundary,5e4b044e118361db,disk_ud,2,1,32,lightgbm,0,abe0cd1cb9555ccb,1.6262409159990057,4597961917.660613,top_down,False,36041391842.76695,7.45927903052905e-05,True,4597961917.660613,12536448223.410574,disk_boundary
base__disk_ud__f2__h1__lightgbm__s0__wls__nn0,final,True,outer_evaluation,9f1bebb5d5998aab24fbffe33b048fd16b8095a6,experiment-freeze-v2,bf06dc0e7fe6ff5e,998ed4d20a8987d6,disk_boundary,5e4b044e118361db,disk_ud,2,1,32,lightgbm,0,abe0cd1cb9555ccb,1.6262409159990057,4597961917.660613,wls,False,36041391842.76695,0.0,True,14683576595.957306,9559534920.981611,disk_boundary
base__disk_ud__f2__h1__lightgbm__s0__mint__nn0,final,True,outer_evaluation,9f1bebb5d5998aab24fbffe33b048fd16b8095a6,experiment-freeze-v2,bf06dc0e7fe6ff5e,998ed4d20a8987d6,disk_boundary,5e4b044e118361db,disk_ud,2,1,32,lightgbm,0,abe0cd1cb9555ccb,1.6262409159990057,4597961917.660613,mint,False,36041391842.76695,0.0,True,18952387884.97485,11370569951.573795,disk_boundary
base__disk_ud__f2__h8__persistence__s0__independent__nn0,final,True,outer_evaluation,9f1bebb5d5998aab24fbffe33b048fd16b8095a6,experiment-freeze-v2,bf06dc0e7fe6ff5e,998ed4d20a8987d6,disk_boundary,5e4b044e118361db,disk_ud,2,8,32,persistence,0,abe0cd1cb9555ccb,0.0004000840008302,1655905782.5918765,independent,False,0.0,0.0,True,1655905782.5918765,265110500.3415308,disk_boundary
base__disk_ud__f2__h8__persistence__s0__bottom_up__nn0,final,True,outer_evaluation,9f1bebb5d5998aab24fbffe33b048fd16b8095a6,experiment-freeze-v2,bf06dc0e7fe6ff5e,998ed4d20a8987d6,disk_boundary,5e4b044e118361db,disk_ud,2,8,32,persistence,0,abe0cd1cb9555ccb,0.0004000840008302,1655905782.5918765,bottom_up,False,0.0,0.0,True,1655905782.5918765,265110500.3415308,disk_boundary
base__disk_ud__f2__h8__persistence__s0__top_down__nn0,final,True,outer_evaluation,9f1bebb5d5998aab24fbffe33b048fd16b8095a6,experiment-freeze-v2,bf06dc0e7fe6ff5e,998ed4d20a8987d6,disk_boundary,5e4b044e118361db,disk_ud,2,8,32,persistence,0,abe0cd1cb9555ccb,0.0004000840008302,1655905782.5918765,top_down,False,0.0,0.0,True,1655905782.5918765,265110500.34153083,disk_boundary
base__disk_ud__f2__h8__persistence__s0__wls__nn0,final,True,outer_evaluation,9f1bebb5d5998aab24fbffe33b048fd16b8095a6,experiment-freeze-v2,bf06dc0e7fe6ff5e,998ed4d20a8987d6,disk_boundary,5e4b044e118361db,disk_ud,2,8,32,persistence,0,abe0cd1cb9555ccb,0.0004000840008302,1655905782.5918765,wls,False,0.0,0.0,True,1655905782.5929816,265110500.3446963,disk_boundary
base__disk_ud__f2__h8__persistence__s0__mint__nn0,final,True,outer_evaluation,9f1bebb5d5998aab24fbffe33b048fd16b8095a6,experiment-freeze-v2,bf06dc0e7fe6ff5e,998ed4d20a8987d6,disk_boundary,5e4b044e118361db,disk_ud,2,8,32,persistence,0,abe0cd1cb9555ccb,0.0004000840008302,1655905782.5918765,mint,False,0.0,0.0,True,1655905782.5491028,265110500.3295626,disk_boundary
base__disk_ud__f2__h8__ridge__s0__independent__nn0,final,True,outer_evaluation,9f1bebb5d5998aab24fbffe33b048fd16b8095a6,experiment-freeze-v2,bf06dc0e7fe6ff5e,998ed4d20a8987d6,disk_boundary,5e4b044e118361db,disk_ud,2,8,32,ridge,0,abe0cd1cb9555ccb,0.0777484999998705,1788411406.9318063,independent,False,661735607.2129916,661735607.2129916,False,1788411406.9318063,352014014.0528803,disk_boundary
base__disk_ud__f2__h8__ridge__s0__bottom_up__nn0,final,True,outer_evaluation,9f1bebb5d5998aab24fbffe33b048fd16b8095a6,experiment-freeze-v2,bf06dc0e7fe6ff5e,998ed4d20a8987d6,disk_boundary,5e4b044e118361db,disk_ud,2,8,32,ridge,0,abe0cd1cb9555ccb,0.0777484999998705,1788411406.9318063,bottom_up,False,661735607.2129916,0.0,True,1814899348.1047175,352014014.0528803,disk_boundary
base__disk_ud__f2__h8__ridge__s0__top_down__nn0,final,True,outer_evaluation,9f1bebb5d5998aab24fbffe33b048fd16b8095a6,experiment-freeze-v2,bf06dc0e7fe6ff5e,998ed4d20a8987d6,disk_boundary,5e4b044e118361db,disk_ud,2,8,32,ridge,0,abe0cd1cb9555ccb,0.0777484999998705,1788411406.9318063,top_down,False,661735607.2129916,6.996317112699468e-05,True,1788411406.9318063,406697443.6237336,disk_boundary
base__disk_ud__f2__h8__ridge__s0__wls__nn0,final,True,outer_evaluation,9f1bebb5d5998aab24fbffe33b048fd16b8095a6,experiment-freeze-v2,bf06dc0e7fe6ff5e,998ed4d20a8987d6,disk_boundary,5e4b044e118361db,disk_ud,2,8,32,ridge,0,abe0cd1cb9555ccb,0.0777484999998705,1788411406.9318063,wls,False,661735607.2129916,0.0,True,1755673173.309065,350665474.7576017,disk_boundary
base__disk_ud__f2__h8__ridge__s0__mint__nn0,final,True,outer_evaluation,9f1bebb5d5998aab24fbffe33b048fd16b8095a6,experiment-freeze-v2,bf06dc0e7fe6ff5e,998ed4d20a8987d6,disk_boundary,5e4b044e118361db,disk_ud,2,8,32,ridge,0,abe0cd1cb9555ccb,0.0777484999998705,1788411406.9318063,mint,False,661735607.2129916,0.0,True,1756980501.263976,351446304.7774283,disk_boundary
base__disk_ud__f2__h8__lightgbm__s0__independent__nn0,final,True,outer_evaluation,9f1bebb5d5998aab24fbffe33b048fd16b8095a6,experiment-freeze-v2,bf06dc0e7fe6ff5e,998ed4d20a8987d6,disk_boundary,5e4b044e118361db,disk_ud,2,8,32,lightgbm,0,abe0cd1cb9555ccb,12.968211166999936,4086783999.402148,independent,False,63896977551.5175,63896977551.5175,False,4086783999.402148,16088259043.249111,disk_boundary
base__disk_ud__f2__h8__lightgbm__s0__bottom_up__nn0,final,True,outer_evaluation,9f1bebb5d5998aab24fbffe33b048fd16b8095a6,experiment-freeze-v2,bf06dc0e7fe6ff5e,998ed4d20a8987d6,disk_boundary,5e4b044e118361db,disk_ud,2,8,32,lightgbm,0,abe0cd1cb9555ccb,12.968211166999936,4086783999.402148,bottom_up,False,63896977551.5175,0.0,True,66250785518.19929,16088259043.249111,disk_boundary
base__disk_ud__f2__h8__lightgbm__s0__top_down__nn0,final,True,outer_evaluation,9f1bebb5d5998aab24fbffe33b048fd16b8095a6,experiment-freeze-v2,bf06dc0e7fe6ff5e,998ed4d20a8987d6,disk_boundary,5e4b044e118361db,disk_ud,2,8,32,lightgbm,0,abe0cd1cb9555ccb,12.968211166999936,4086783999.402148,top_down,False,63896977551.5175,6.885639242323501e-05,True,4086783999.402148,17386036551.894073,disk_boundary
base__disk_ud__f2__h8__lightgbm__s0__wls__nn0,final,True,outer_evaluation,9f1bebb5d5998aab24fbffe33b048fd16b8095a6,experiment-freeze-v2,bf06dc0e7fe6ff5e,998ed4d20a8987d6,disk_boundary,5e4b044e118361db,disk_ud,2,8,32,lightgbm,0,abe0cd1cb9555ccb,12.968211166999936,4086783999.402148,wls,False,63896977551.5175,0.0,True,18478128581.337418,14752443519.831505,disk_boundary
base__disk_ud__f2__h8__lightgbm__s0__mint__nn0,final,True,outer_evaluation,9f1bebb5d5998aab24fbffe33b048fd16b8095a6,experiment-freeze-v2,bf06dc0e7fe6ff5e,998ed4d20a8987d6,disk_boundary,5e4b044e118361db,disk_ud,2,8,32,lightgbm,0,abe0cd1cb9555ccb,12.968211166999936,4086783999.402148,mint,False,63896977551.5175,0.0,True,25682449653.462257,18147055131.997307,disk_boundary
