family,hierarchy,model_a,method_a,model_b,method_b,seed,fold,horizon,relative_mae_diff,rel_ci_low,rel_ci_high,rel_ci_crosses_zero,prob_improvement,p_value_raw
cpu_lightgbm_vs_deterministic,cpu_core_weighted,lightgbm,independent,ridge,independent,0,0,1,-0.17002334463456456,-0.20470627758300433,-0.13620594666879282,False,1.0,0.0
cpu_lightgbm_vs_deterministic,cpu_core_weighted,lightgbm,independent,ridge,independent,1,0,1,-0.17002334463456456,-0.20470627758300433,-0.13620594666879282,False,1.0,0.0
cpu_lightgbm_vs_deterministic,cpu_core_weighted,lightgbm,independent,ridge,independent,2,0,1,-0.17002334463456456,-0.20470627758300433,-0.13620594666879282,False,1.0,0.0
cpu_lightgbm_vs_deterministic,cpu_core_weighted,lightgbm,independent,ridge,independent,0,0,8,-0.16541779371694204,-0.2024231964510074,-0.12790093068860167,False,1.0,0.0
cpu_lightgbm_vs_deterministic,cpu_core_weighted,lightgbm,independent,ridge,independent,1,0,8,-0.16541779371694204,-0.2024231964510074,-0.12790093068860167,False,1.0,0.0
cpu_lightgbm_vs_deterministic,cpu_core_weighted,lightgbm,independent,ridge,independent,2,0,8,-0.16541779371694204,-0.2024231964510074,-0.12790093068860167,False,1.0,0.0
cpu_lightgbm_vs_deterministic,cpu_core_weighted,lightgbm,independent,ridge,independent,0,0,16,-0.16052513465116502,-0.1998065511215779,-0.12217017525316876,False,1.0,0.0
cpu_lightgbm_vs_deterministic,cpu_core_weighted,lightgbm,independent,ridge,independent,1,0,16,-0.16052513465116502,-0.1998065511215779,-0.12217017525316876,False,1.0,0.0
cpu_lightgbm_vs_deterministic,cpu_core_weighted,lightgbm,independent,ridge,independent,2,0,16,-0.16052513465116502,-0.1998065511215779,-0.12217017525316876,False,1.0,0.0
cpu_lightgbm_vs_deterministic,cpu_core_weighted,lightgbm,independent,ridge,independent,0,1,1,-0.1856306009050359,-0.2311243990081279,-0.14663314238616165,False,1.0,0.0
cpu_lightgbm_vs_deterministic,cpu_core_weighted,lightgbm,independent,ridge,independent,1,1,1,-0.1856306009050359,-0.2311243990081279,-0.14663314238616165,False,1.0,0.0
cpu_lightgbm_vs_deterministic,cpu_core_weighted,lightgbm,independent,ridge,independent,2,1,1,-0.1856306009050359,-0.2311243990081279,-0.14663314238616165,False,1.0,0.0
cpu_lightgbm_vs_deterministic,cpu_core_weighted,lightgbm,independent,ridge,independent,0,1,8,-0.18076069174719683,-0.2278949838208484,-0.1390376919163449,False,1.0,0.0
cpu_lightgbm_vs_deterministic,cpu_core_weighted,lightgbm,independent,ridge,independent,1,1,8,-0.18076069174719683,-0.2278949838208484,-0.1390376919163449,False,1.0,0.0
cpu_lightgbm_vs_deterministic,cpu_core_weighted,lightgbm,independent,ridge,independent,2,1,8,-0.18076069174719683,-0.2278949838208484,-0.1390376919163449,False,1.0,0.0
cpu_lightgbm_vs_deterministic,cpu_core_weighted,lightgbm,independent,ridge,independent,0,1,16,-0.17424158876402265,-0.2244955948781718,-0.13211096273688813,False,1.0,0.0
cpu_lightgbm_vs_deterministic,cpu_core_weighted,lightgbm,independent,ridge,independent,1,1,16,-0.17424158876402265,-0.2244955948781718,-0.13211096273688813,False,1.0,0.0
cpu_lightgbm_vs_deterministic,cpu_core_weighted,lightgbm,independent,ridge,independent,2,1,16,-0.17424158876402265,-0.2244955948781718,-0.13211096273688813,False,1.0,0.0
cpu_lightgbm_vs_deterministic,cpu_core_weighted,lightgbm,independent,ridge,independent,0,2,1,-0.17011009105182567,-0.20057800460702346,-0.13926049272495333,False,1.0,0.0
cpu_lightgbm_vs_deterministic,cpu_core_weighted,lightgbm,independent,ridge,independent,1,2,1,-0.17011009105182567,-0.20057800460702346,-0.13926049272495333,False,1.0,0.0
cpu_lightgbm_vs_deterministic,cpu_core_weighted,lightgbm,independent,ridge,independent,2,2,1,-0.17011009105182567,-0.20057800460702346,-0.13926049272495333,False,1.0,0.0
cpu_lightgbm_vs_deterministic,cpu_core_weighted,lightgbm,independent,ridge,independent,0,2,8,-0.18106307271015104,-0.21261830832448983,-0.14815322963047464,False,1.0,0.0
cpu_lightgbm_vs_deterministic,cpu_core_weighted,lightgbm,independent,ridge,independent,1,2,8,-0.18106307271015104,-0.21261830832448983,-0.14815322963047464,False,1.0,0.0
cpu_lightgbm_vs_deterministic,cpu_core_weighted,lightgbm,independent,ridge,independent,2,2,8,-0.18106307271015104,-0.21261830832448983,-0.14815322963047464,False,1.0,0.0
cpu_lightgbm_vs_deterministic,cpu_core_weighted,lightgbm,independent,ridge,independent,0,2,16,-0.17291480284793184,-0.2047574117204474,-0.14171207227020446,False,1.0,0.0
cpu_lightgbm_vs_deterministic,cpu_core_weighted,lightgbm,independent,ridge,independent,1,2,16,-0.17291480284793184,-0.2047574117204474,-0.14171207227020446,False,1.0,0.0
cpu_lightgbm_vs_deterministic,cpu_core_weighted,lightgbm,independent,ridge,independent,2,2,16,-0.17291480284793184,-0.2047574117204474,-0.14171207227020446,False,1.0,0.0
cpu_lightgbm_vs_deterministic,cpu_core_weighted,lightgbm,independent,ewma,independent,0,0,1,-0.21962685968817477,-0.25399127496981433,-0.18754513185948762,False,1.0,0.0
cpu_lightgbm_vs_deterministic,cpu_core_weighted,lightgbm,independent,ewma,independent,1,0,1,-0.21962685968817477,-0.25399127496981433,-0.18754513185948762,False,1.0,0.0
cpu_lightgbm_vs_deterministic,cpu_core_weighted,lightgbm,independent,ewma,independent,2,0,1,-0.21962685968817477,-0.25399127496981433,-0.18754513185948762,False,1.0,0.0
cpu_lightgbm_vs_deterministic,cpu_core_weighted,lightgbm,independent,ewma,independent,0,0,8,-0.21698445574796368,-0.2536599629711498,-0.17728769044954687,False,1.0,0.0
cpu_lightgbm_vs_deterministic,cpu_core_weighted,lightgbm,independent,ewma,independent,1,0,8,-0.21698445574796368,-0.2536599629711498,-0.17728769044954687,False,1.0,0.0
cpu_lightgbm_vs_deterministic,cpu_core_weighted,lightgbm,independent,ewma,independent,2,0,8,-0.21698445574796368,-0.2536599629711498,-0.17728769044954687,False,1.0,0.0
cpu_lightgbm_vs_deterministic,cpu_core_weighted,lightgbm,independent,ewma,independent,0,0,16,-0.2048623769626853,-0.2468346943069726,-0.16369096852567536,False,1.0,0.0
cpu_lightgbm_vs_deterministic,cpu_core_weighted,lightgbm,independent,ewma,independent,1,0,16,-0.2048623769626853,-0.2468346943069726,-0.16369096852567536,False,1.0,0.0
cpu_lightgbm_vs_deterministic,cpu_core_weighted,lightgbm,independent,ewma,independent,2,0,16,-0.2048623769626853,-0.2468346943069726,-0.16369096852567536,False,1.0,0.0
cpu_lightgbm_vs_deterministic,cpu_core_weighted,lightgbm,independent,ewma,independent,0,1,1,-0.22215882824986574,-0.2656038443980737,-0.1797416583924537,False,1.0,0.0
cpu_lightgbm_vs_deterministic,cpu_core_weighted,lightgbm,independent,ewma,independent,1,1,1,-0.22215882824986574,-0.2656038443980737,-0.1797416583924537,False,1.0,0.0
cpu_lightgbm_vs_deterministic,cpu_core_weighted,lightgbm,independent,ewma,independent,2,1,1,-0.22215882824986574,-0.2656038443980737,-0.1797416583924537,False,1.0,0.0
cpu_lightgbm_vs_deterministic,cpu_core_weighted,lightgbm,independent,ewma,independent,0,1,8,-0.21973926015324893,-0.2658502156787064,-0.17432694012185276,False,1.0,0.0
cpu_lightgbm_vs_deterministic,cpu_core_weighted,lightgbm,independent,ewma,independent,1,1,8,-0.21973926015324893,-0.2658502156787064,-0.17432694012185276,False,1.0,0.0
cpu_lightgbm_vs_deterministic,cpu_core_weighted,lightgbm,independent,ewma,independent,2,1,8,-0.21973926015324893,-0.2658502156787064,-0.17432694012185276,False,1.0,0.0
cpu_lightgbm_vs_deterministic,cpu_core_weighted,lightgbm,independent,ewma,independent,0,1,16,-0.21794985122675417,-0.2710082593797069,-0.17013333394439858,False,1.0,0.0
cpu_lightgbm_vs_deterministic,cpu_core_weighted,lightgbm,independent,ewma,independent,1,1,16,-0.21794985122675417,-0.2710082593797069,-0.17013333394439858,False,1.0,0.0
cpu_lightgbm_vs_deterministic,cpu_core_weighted,lightgbm,independent,ewma,independent,2,1,16,-0.21794985122675417,-0.2710082593797069,-0.17013333394439858,False,1.0,0.0
cpu_lightgbm_vs_deterministic,cpu_core_weighted,lightgbm,independent,ewma,independent,0,2,1,-0.20680254693258568,-0.2446481852745356,-0.1671913945146805,False,1.0,0.0
cpu_lightgbm_vs_deterministic,cpu_core_weighted,lightgbm,independent,ewma,independent,1,2,1,-0.20680254693258568,-0.2446481852745356,-0.1671913945146805,False,1.0,0.0
cpu_lightgbm_vs_deterministic,cpu_core_weighted,lightgbm,independent,ewma,independent,2,2,1,-0.20680254693258568,-0.2446481852745356,-0.1671913945146805,False,1.0,0.0
cpu_lightgbm_vs_deterministic,cpu_core_weighted,lightgbm,independent,ewma,independent,0,2,8,-0.21895733311322735,-0.2568667719037492,-0.17812118636818686,False,1.0,0.0
cpu_lightgbm_vs_deterministic,cpu_core_weighted,lightgbm,independent,ewma,independent,1,2,8,-0.21895733311322735,-0.2568667719037492,-0.17812118636818686,False,1.0,0.0
cpu_lightgbm_vs_deterministic,cpu_core_weighted,lightgbm,independent,ewma,independent,2,2,8,-0.21895733311322735,-0.2568667719037492,-0.17812118636818686,False,1.0,0.0
cpu_lightgbm_vs_deterministic,cpu_core_weighted,lightgbm,independent,ewma,independent,0,2,16,-0.21414464111850537,-0.25206508744040385,-0.1731362795066006,False,1.0,0.0
cpu_lightgbm_vs_deterministic,cpu_core_weighted,lightgbm,independent,ewma,independent,1,2,16,-0.21414464111850537,-0.25206508744040385,-0.1731362795066006,False,1.0,0.0
cpu_lightgbm_vs_deterministic,cpu_core_weighted,lightgbm,independent,ewma,independent,2,2,16,-0.21414464111850537,-0.25206508744040385,-0.1731362795066006,False,1.0,0.0
cpu_lightgbm_vs_deterministic,cpu_core_weighted,lightgbm,independent,persistence,independent,0,0,1,-0.21891516417759282,-0.2523960863177465,-0.18860162536226757,False,1.0,0.0
cpu_lightgbm_vs_deterministic,cpu_core_weighted,lightgbm,independent,persistence,independent,1,0,1,-0.21891516417759282,-0.2523960863177465,-0.18860162536226757,False,1.0,0.0
cpu_lightgbm_vs_deterministic,cpu_core_weighted,lightgbm,independent,persistence,independent,2,0,1,-0.21891516417759282,-0.2523960863177465,-0.18860162536226757,False,1.0,0.0
cpu_lightgbm_vs_deterministic,cpu_core_weighted,lightgbm,independent,persistence,independent,0,0,8,-0.21636592447249614,-0.25193775069026203,-0.17850625588932928,False,1.0,0.0
cpu_lightgbm_vs_deterministic,cpu_core_weighted,lightgbm,independent,persistence,independent,1,0,8,-0.21636592447249614,-0.25193775069026203,-0.17850625588932928,False,1.0,0.0
cpu_lightgbm_vs_deterministic,cpu_core_weighted,lightgbm,independent,persistence,independent,2,0,8,-0.21636592447249614,-0.25193775069026203,-0.17850625588932928,False,1.0,0.0
cpu_lightgbm_vs_deterministic,cpu_core_weighted,lightgbm,independent,persistence,independent,0,0,16,-0.20546108155963277,-0.247328327283249,-0.16567714258558763,False,1.0,0.0
cpu_lightgbm_vs_deterministic,cpu_core_weighted,lightgbm,independent,persistence,independent,1,0,16,-0.20546108155963277,-0.247328327283249,-0.16567714258558763,False,1.0,0.0
cpu_lightgbm_vs_deterministic,cpu_core_weighted,lightgbm,independent,persistence,independent,2,0,16,-0.20546108155963277,-0.247328327283249,-0.16567714258558763,False,1.0,0.0
cpu_lightgbm_vs_deterministic,cpu_core_weighted,lightgbm,independent,persistence,independent,0,1,1,-0.22805418789303677,-0.2721814729199273,-0.18721534316603097,False,1.0,0.0
cpu_lightgbm_vs_deterministic,cpu_core_weighted,lightgbm,independent,persistence,independent,1,1,1,-0.22805418789303677,-0.2721814729199273,-0.18721534316603097,False,1.0,0.0
cpu_lightgbm_vs_deterministic,cpu_core_weighted,lightgbm,independent,persistence,independent,2,1,1,-0.22805418789303677,-0.2721814729199273,-0.18721534316603097,False,1.0,0.0
cpu_lightgbm_vs_deterministic,cpu_core_weighted,lightgbm,independent,persistence,independent,0,1,8,-0.22529693937513842,-0.2729855459483248,-0.18021810819852743,False,1.0,0.0
cpu_lightgbm_vs_deterministic,cpu_core_weighted,lightgbm,independent,persistence,independent,1,1,8,-0.22529693937513842,-0.2729855459483248,-0.18021810819852743,False,1.0,0.0
cpu_lightgbm_vs_deterministic,cpu_core_weighted,lightgbm,independent,persistence,independent,2,1,8,-0.22529693937513842,-0.2729855459483248,-0.18021810819852743,False,1.0,0.0
cpu_lightgbm_vs_deterministic,cpu_core_weighted,lightgbm,independent,persistence,independent,0,1,16,-0.2219861779883524,-0.27518614002510544,-0.1756392551275922,False,1.0,0.0
cpu_lightgbm_vs_deterministic,cpu_core_weighted,lightgbm,independent,persistence,independent,1,1,16,-0.2219861779883524,-0.27518614002510544,-0.1756392551275922,False,1.0,0.0
cpu_lightgbm_vs_deterministic,cpu_core_weighted,lightgbm,independent,persistence,independent,2,1,16,-0.2219861779883524,-0.27518614002510544,-0.1756392551275922,False,1.0,0.0
cpu_lightgbm_vs_deterministic,cpu_core_weighted,lightgbm,independent,persistence,independent,0,2,1,-0.20461546205531878,-0.24063477729362967,-0.166984950722408,False,1.0,0.0
cpu_lightgbm_vs_deterministic,cpu_core_weighted,lightgbm,independent,persistence,independent,1,2,1,-0.20461546205531878,-0.24063477729362967,-0.166984950722408,False,1.0,0.0
cpu_lightgbm_vs_deterministic,cpu_core_weighted,lightgbm,independent,persistence,independent,2,2,1,-0.20461546205531878,-0.24063477729362967,-0.166984950722408,False,1.0,0.0
cpu_lightgbm_vs_deterministic,cpu_core_weighted,lightgbm,independent,persistence,independent,0,2,8,-0.2163101104165614,-0.25254913925476385,-0.176897373620951,False,1.0,0.0
cpu_lightgbm_vs_deterministic,cpu_core_weighted,lightgbm,independent,persistence,independent,1,2,8,-0.2163101104165614,-0.25254913925476385,-0.176897373620951,False,1.0,0.0
cpu_lightgbm_vs_deterministic,cpu_core_weighted,lightgbm,independent,persistence,independent,2,2,8,-0.2163101104165614,-0.25254913925476385,-0.176897373620951,False,1.0,0.0
cpu_lightgbm_vs_deterministic,cpu_core_weighted,lightgbm,independent,persistence,independent,0,2,16,-0.21202760673393867,-0.24858997035975275,-0.17257741330359072,False,1.0,0.0
cpu_lightgbm_vs_deterministic,cpu_core_weighted,lightgbm,independent,persistence,independent,1,2,16,-0.21202760673393867,-0.24858997035975275,-0.17257741330359072,False,1.0,0.0
cpu_lightgbm_vs_deterministic,cpu_core_weighted,lightgbm,independent,persistence,independent,2,2,16,-0.21202760673393867,-0.24858997035975275,-0.17257741330359072,False,1.0,0.0
cpu_lightgbm_reconciliation,cpu_core_weighted,lightgbm,bottom_up,lightgbm,independent,0,0,1,-0.09330899256243341,-0.1310077321095921,-0.055331543094769085,False,1.0,0.0
cpu_lightgbm_reconciliation,cpu_core_weighted,lightgbm,bottom_up,lightgbm,independent,1,0,1,-0.09330899256243341,-0.1310077321095921,-0.055331543094769085,False,1.0,0.0
cpu_lightgbm_reconciliation,cpu_core_weighted,lightgbm,bottom_up,lightgbm,independent,2,0,1,-0.09330899256243341,-0.1310077321095921,-0.055331543094769085,False,1.0,0.0
cpu_lightgbm_reconciliation,cpu_core_weighted,lightgbm,bottom_up,lightgbm,independent,0,0,8,-0.08554422343579791,-0.1261671124365099,-0.047082693036416975,False,1.0,0.0
cpu_lightgbm_reconciliation,cpu_core_weighted,lightgbm,bottom_up,lightgbm,independent,1,0,8,-0.08554422343579791,-0.1261671124365099,-0.047082693036416975,False,1.0,0.0
cpu_lightgbm_reconciliation,cpu_core_weighted,lightgbm,bottom_up,lightgbm,independent,2,0,8,-0.08554422343579791,-0.1261671124365099,-0.047082693036416975,False,1.0,0.0
cpu_lightgbm_reconciliation,cpu_core_weighted,lightgbm,bottom_up,lightgbm,independent,0,0,16,-0.07737450000349783,-0.12528405725151265,-0.028923053472727056,False,0.9996,0.0008
cpu_lightgbm_reconciliation,cpu_core_weighted,lightgbm,bottom_up,lightgbm,independent,1,0,16,-0.07737450000349783,-0.12528405725151265,-0.028923053472727056,False,0.9996,0.0008
cpu_lightgbm_reconciliation,cpu_core_weighted,lightgbm,bottom_up,lightgbm,independent,2,0,16,-0.07737450000349783,-0.12528405725151265,-0.028923053472727056,False,0.9996,0.0008
cpu_lightgbm_reconciliation,cpu_core_weighted,lightgbm,bottom_up,lightgbm,independent,0,1,1,-0.07717925236653382,-0.12234173838922459,-0.03330019822253519,False,0.9988,0.0024
cpu_lightgbm_reconciliation,cpu_core_weighted,lightgbm,bottom_up,lightgbm,independent,1,1,1,-0.07717925236653382,-0.12234173838922459,-0.03330019822253519,False,0.9988,0.0024
cpu_lightgbm_reconciliation,cpu_core_weighted,lightgbm,bottom_up,lightgbm,independent,2,1,1,-0.07717925236653382,-0.12234173838922459,-0.03330019822253519,False,0.9988,0.0024
cpu_lightgbm_reconciliation,cpu_core_weighted,lightgbm,bottom_up,lightgbm,independent,0,1,8,-0.07868394605972472,-0.12774326065375077,-0.03164985638767597,False,0.9996,0.0008
cpu_lightgbm_reconciliation,cpu_core_weighted,lightgbm,bottom_up,lightgbm,independent,1,1,8,-0.07868394605972472,-0.12774326065375077,-0.03164985638767597,False,0.9996,0.0008
cpu_lightgbm_reconciliation,cpu_core_weighted,lightgbm,bottom_up,lightgbm,independent,2,1,8,-0.07868394605972472,-0.12774326065375077,-0.03164985638767597,False,0.9996,0.0008
cpu_lightgbm_reconciliation,cpu_core_weighted,lightgbm,bottom_up,lightgbm,independent,0,1,16,-0.07568509510517281,-0.1259852105611831,-0.029345091467438703,False,0.9982,0.0036
cpu_lightgbm_reconciliation,cpu_core_weighted,lightgbm,bottom_up,lightgbm,independent,1,1,16,-0.07568509510517281,-0.1259852105611831,-0.029345091467438703,False,0.9982,0.0036
cpu_lightgbm_reconciliation,cpu_core_weighted,lightgbm,bottom_up,lightgbm,independent,2,1,16,-0.07568509510517281,-0.1259852105611831,-0.029345091467438703,False,0.9982,0.0036
cpu_lightgbm_reconciliation,cpu_core_weighted,lightgbm,bottom_up,lightgbm,independent,0,2,1,-0.11195607588786474,-0.14529773315047104,-0.07491041212115082,False,1.0,0.0
cpu_lightgbm_reconciliation,cpu_core_weighted,lightgbm,bottom_up,lightgbm,independent,1,2,1,-0.11195607588786474,-0.14529773315047104,-0.07491041212115082,False,1.0,0.0
cpu_lightgbm_reconciliation,cpu_core_weighted,lightgbm,bottom_up,lightgbm,independent,2,2,1,-0.11195607588786474,-0.14529773315047104,-0.07491041212115082,False,1.0,0.0
cpu_lightgbm_reconciliation,cpu_core_weighted,lightgbm,bottom_up,lightgbm,independent,0,2,8,-0.09809843903529403,-0.13427687975237543,-0.058183538223792554,False,1.0,0.0
cpu_lightgbm_reconciliation,cpu_core_weighted,lightgbm,bottom_up,lightgbm,independent,1,2,8,-0.09809843903529403,-0.13427687975237543,-0.058183538223792554,False,1.0,0.0
cpu_lightgbm_reconciliation,cpu_core_weighted,lightgbm,bottom_up,lightgbm,independent,2,2,8,-0.09809843903529403,-0.13427687975237543,-0.058183538223792554,False,1.0,0.0
cpu_lightgbm_reconciliation,cpu_core_weighted,lightgbm,bottom_up,lightgbm,independent,0,2,16,-0.11113927801786386,-0.14527075274188253,-0.07514902934416454,False,1.0,0.0
cpu_lightgbm_reconciliation,cpu_core_weighted,lightgbm,bottom_up,lightgbm,independent,1,2,16,-0.11113927801786386,-0.14527075274188253,-0.07514902934416454,False,1.0,0.0
cpu_lightgbm_reconciliation,cpu_core_weighted,lightgbm,bottom_up,lightgbm,independent,2,2,16,-0.11113927801786386,-0.14527075274188253,-0.07514902934416454,False,1.0,0.0
cpu_lightgbm_reconciliation,cpu_core_weighted,lightgbm,wls,lightgbm,independent,0,0,1,-0.09876764591525787,-0.11951816789295366,-0.07832253672809089,False,1.0,0.0
cpu_lightgbm_reconciliation,cpu_core_weighted,lightgbm,wls,lightgbm,independent,1,0,1,-0.09876764591525787,-0.11951816789295366,-0.07832253672809089,False,1.0,0.0
cpu_lightgbm_reconciliation,cpu_core_weighted,lightgbm,wls,lightgbm,independent,2,0,1,-0.09876764591525787,-0.11951816789295366,-0.07832253672809089,False,1.0,0.0
cpu_lightgbm_reconciliation,cpu_core_weighted,lightgbm,wls,lightgbm,independent,0,0,8,-0.09489588230971382,-0.11598208849306406,-0.07567532718434893,False,1.0,0.0
cpu_lightgbm_reconciliation,cpu_core_weighted,lightgbm,wls,lightgbm,independent,1,0,8,-0.09489588230971382,-0.11598208849306406,-0.07567532718434893,False,1.0,0.0
cpu_lightgbm_reconciliation,cpu_core_weighted,lightgbm,wls,lightgbm,independent,2,0,8,-0.09489588230971382,-0.11598208849306406,-0.07567532718434893,False,1.0,0.0
cpu_lightgbm_reconciliation,cpu_core_weighted,lightgbm,wls,lightgbm,independent,0,0,16,-0.0887298405573946,-0.11337028493085947,-0.06458218177504231,False,1.0,0.0
cpu_lightgbm_reconciliation,cpu_core_weighted,lightgbm,wls,lightgbm,independent,1,0,16,-0.0887298405573946,-0.11337028493085947,-0.06458218177504231,False,1.0,0.0
cpu_lightgbm_reconciliation,cpu_core_weighted,lightgbm,wls,lightgbm,independent,2,0,16,-0.0887298405573946,-0.11337028493085947,-0.06458218177504231,False,1.0,0.0
cpu_lightgbm_reconciliation,cpu_core_weighted,lightgbm,wls,lightgbm,independent,0,1,1,-0.08566796483239265,-0.11327959032944716,-0.05733575632177113,False,1.0,0.0
cpu_lightgbm_reconciliation,cpu_core_weighted,lightgbm,wls,lightgbm,independent,1,1,1,-0.08566796483239265,-0.11327959032944716,-0.05733575632177113,False,1.0,0.0
cpu_lightgbm_reconciliation,cpu_core_weighted,lightgbm,wls,lightgbm,independent,2,1,1,-0.08566796483239265,-0.11327959032944716,-0.05733575632177113,False,1.0,0.0
cpu_lightgbm_reconciliation,cpu_core_weighted,lightgbm,wls,lightgbm,independent,0,1,8,-0.08647449536504995,-0.11543640237347216,-0.05735988778616186,False,1.0,0.0
cpu_lightgbm_reconciliation,cpu_core_weighted,lightgbm,wls,lightgbm,independent,1,1,8,-0.08647449536504995,-0.11543640237347216,-0.05735988778616186,False,1.0,0.0
cpu_lightgbm_reconciliation,cpu_core_weighted,lightgbm,wls,lightgbm,independent,2,1,8,-0.08647449536504995,-0.11543640237347216,-0.05735988778616186,False,1.0,0.0
cpu_lightgbm_reconciliation,cpu_core_weighted,lightgbm,wls,lightgbm,independent,0,1,16,-0.08738737961765332,-0.11793930476318558,-0.0570130200043684,False,1.0,0.0
cpu_lightgbm_reconciliation,cpu_core_weighted,lightgbm,wls,lightgbm,independent,1,1,16,-0.08738737961765332,-0.11793930476318558,-0.0570130200043684,False,1.0,0.0
cpu_lightgbm_reconciliation,cpu_core_weighted,lightgbm,wls,lightgbm,independent,2,1,16,-0.08738737961765332,-0.11793930476318558,-0.0570130200043684,False,1.0,0.0
cpu_lightgbm_reconciliation,cpu_core_weighted,lightgbm,wls,lightgbm,independent,0,2,1,-0.1154836356358882,-0.13844268371209645,-0.09131780544191749,False,1.0,0.0
cpu_lightgbm_reconciliation,cpu_core_weighted,lightgbm,wls,lightgbm,independent,1,2,1,-0.1154836356358882,-0.13844268371209645,-0.09131780544191749,False,1.0,0.0
cpu_lightgbm_reconciliation,cpu_core_weighted,lightgbm,wls,lightgbm,independent,2,2,1,-0.1154836356358882,-0.13844268371209645,-0.09131780544191749,False,1.0,0.0
cpu_lightgbm_reconciliation,cpu_core_weighted,lightgbm,wls,lightgbm,independent,0,2,8,-0.10637782532783681,-0.13129342945569036,-0.0800199306217958,False,1.0,0.0
cpu_lightgbm_reconciliation,cpu_core_weighted,lightgbm,wls,lightgbm,independent,1,2,8,-0.10637782532783681,-0.13129342945569036,-0.0800199306217958,False,1.0,0.0
cpu_lightgbm_reconciliation,cpu_core_weighted,lightgbm,wls,lightgbm,independent,2,2,8,-0.10637782532783681,-0.13129342945569036,-0.0800199306217958,False,1.0,0.0
cpu_lightgbm_reconciliation,cpu_core_weighted,lightgbm,wls,lightgbm,independent,0,2,16,-0.1160214460539701,-0.1392365366589506,-0.09128070274623873,False,1.0,0.0
cpu_lightgbm_reconciliation,cpu_core_weighted,lightgbm,wls,lightgbm,independent,1,2,16,-0.1160214460539701,-0.1392365366589506,-0.09128070274623873,False,1.0,0.0
cpu_lightgbm_reconciliation,cpu_core_weighted,lightgbm,wls,lightgbm,independent,2,2,16,-0.1160214460539701,-0.1392365366589506,-0.09128070274623873,False,1.0,0.0
cpu_lightgbm_reconciliation,cpu_core_weighted,lightgbm,mint,lightgbm,independent,0,0,1,-0.10071003332852008,-0.12269060745535496,-0.07903395448390742,False,1.0,0.0
cpu_lightgbm_reconciliation,cpu_core_weighted,lightgbm,mint,lightgbm,independent,1,0,1,-0.10071003332852008,-0.12269060745535496,-0.07903395448390742,False,1.0,0.0
cpu_lightgbm_reconciliation,cpu_core_weighted,lightgbm,mint,lightgbm,independent,2,0,1,-0.10071003332852008,-0.12269060745535496,-0.07903395448390742,False,1.0,0.0
cpu_lightgbm_reconciliation,cpu_core_weighted,lightgbm,mint,lightgbm,independent,0,0,8,-0.10060648182532889,-0.12641036158796573,-0.07733002541946907,False,1.0,0.0
cpu_lightgbm_reconciliation,cpu_core_weighted,lightgbm,mint,lightgbm,independent,1,0,8,-0.10060648182532889,-0.12641036158796573,-0.07733002541946907,False,1.0,0.0
cpu_lightgbm_reconciliation,cpu_core_weighted,lightgbm,mint,lightgbm,independent,2,0,8,-0.10060648182532889,-0.12641036158796573,-0.07733002541946907,False,1.0,0.0
cpu_lightgbm_reconciliation,cpu_core_weighted,lightgbm,mint,lightgbm,independent,0,0,16,-0.09322664389371522,-0.12415167392870685,-0.06318192675399276,False,1.0,0.0
cpu_lightgbm_reconciliation,cpu_core_weighted,lightgbm,mint,lightgbm,independent,1,0,16,-0.09322664389371522,-0.12415167392870685,-0.06318192675399276,False,1.0,0.0
cpu_lightgbm_reconciliation,cpu_core_weighted,lightgbm,mint,lightgbm,independent,2,0,16,-0.09322664389371522,-0.12415167392870685,-0.06318192675399276,False,1.0,0.0
cpu_lightgbm_reconciliation,cpu_core_weighted,lightgbm,mint,lightgbm,independent,0,1,1,-0.08599750550226194,-0.11423435532520912,-0.05712996753551647,False,1.0,0.0
cpu_lightgbm_reconciliation,cpu_core_weighted,lightgbm,mint,lightgbm,independent,1,1,1,-0.08599750550226194,-0.11423435532520912,-0.05712996753551647,False,1.0,0.0
cpu_lightgbm_reconciliation,cpu_core_weighted,lightgbm,mint,lightgbm,independent,2,1,1,-0.08599750550226194,-0.11423435532520912,-0.05712996753551647,False,1.0,0.0
cpu_lightgbm_reconciliation,cpu_core_weighted,lightgbm,mint,lightgbm,independent,0,1,8,-0.08601607139358783,-0.11439071802043962,-0.05749061256799231,False,1.0,0.0
cpu_lightgbm_reconciliation,cpu_core_weighted,lightgbm,mint,lightgbm,independent,1,1,8,-0.08601607139358783,-0.11439071802043962,-0.05749061256799231,False,1.0,0.0
cpu_lightgbm_reconciliation,cpu_core_weighted,lightgbm,mint,lightgbm,independent,2,1,8,-0.08601607139358783,-0.11439071802043962,-0.05749061256799231,False,1.0,0.0
cpu_lightgbm_reconciliation,cpu_core_weighted,lightgbm,mint,lightgbm,independent,0,1,16,-0.08632915059549583,-0.11547304133141514,-0.05723135088179041,False,1.0,0.0
cpu_lightgbm_reconciliation,cpu_core_weighted,lightgbm,mint,lightgbm,independent,1,1,16,-0.08632915059549583,-0.11547304133141514,-0.05723135088179041,False,1.0,0.0
cpu_lightgbm_reconciliation,cpu_core_weighted,lightgbm,mint,lightgbm,independent,2,1,16,-0.08632915059549583,-0.11547304133141514,-0.05723135088179041,False,1.0,0.0
cpu_lightgbm_reconciliation,cpu_core_weighted,lightgbm,mint,lightgbm,independent,0,2,1,-0.1200825828937573,-0.14761516207941217,-0.08981749290632834,False,1.0,0.0
cpu_lightgbm_reconciliation,cpu_core_weighted,lightgbm,mint,lightgbm,independent,1,2,1,-0.1200825828937573,-0.14761516207941217,-0.08981749290632834,False,1.0,0.0
cpu_lightgbm_reconciliation,cpu_core_weighted,lightgbm,mint,lightgbm,independent,2,2,1,-0.1200825828937573,-0.14761516207941217,-0.08981749290632834,False,1.0,0.0
cpu_lightgbm_reconciliation,cpu_core_weighted,lightgbm,mint,lightgbm,independent,0,2,8,-0.10798502669144082,-0.1380641933115599,-0.07561581536414326,False,1.0,0.0
cpu_lightgbm_reconciliation,cpu_core_weighted,lightgbm,mint,lightgbm,independent,1,2,8,-0.10798502669144082,-0.1380641933115599,-0.07561581536414326,False,1.0,0.0
cpu_lightgbm_reconciliation,cpu_core_weighted,lightgbm,mint,lightgbm,independent,2,2,8,-0.10798502669144082,-0.1380641933115599,-0.07561581536414326,False,1.0,0.0
cpu_lightgbm_reconciliation,cpu_core_weighted,lightgbm,mint,lightgbm,independent,0,2,16,-0.11924211287084303,-0.14757140361503743,-0.0896639937970474,False,1.0,0.0
cpu_lightgbm_reconciliation,cpu_core_weighted,lightgbm,mint,lightgbm,independent,1,2,16,-0.11924211287084303,-0.14757140361503743,-0.0896639937970474,False,1.0,0.0
cpu_lightgbm_reconciliation,cpu_core_weighted,lightgbm,mint,lightgbm,independent,2,2,16,-0.11924211287084303,-0.14757140361503743,-0.0896639937970474,False,1.0,0.0
memory_lightgbm_vs_ewma,memory_um,lightgbm,independent,ewma,independent,0,0,1,0.4366402479688606,0.36833419398804707,0.5196930790403648,False,0.0,0.0
memory_lightgbm_vs_ewma,memory_um,lightgbm,independent,ewma,independent,1,0,1,0.4366402479688606,0.36833419398804707,0.5196930790403648,False,0.0,0.0
memory_lightgbm_vs_ewma,memory_um,lightgbm,independent,ewma,independent,2,0,1,0.4366402479688606,0.36833419398804707,0.5196930790403648,False,0.0,0.0
memory_lightgbm_vs_ewma,memory_um,lightgbm,independent,ewma,independent,0,0,8,0.18849017177474278,0.1472003202251103,0.23273094610478245,False,0.0,0.0
memory_lightgbm_vs_ewma,memory_um,lightgbm,independent,ewma,independent,1,0,8,0.18849017177474278,0.1472003202251103,0.23273094610478245,False,0.0,0.0
memory_lightgbm_vs_ewma,memory_um,lightgbm,independent,ewma,independent,2,0,8,0.18849017177474278,0.1472003202251103,0.23273094610478245,False,0.0,0.0
memory_lightgbm_vs_ewma,memory_um,lightgbm,independent,ewma,independent,0,0,16,0.3573871815325437,0.2970618598847545,0.42179361349067795,False,0.0,0.0
memory_lightgbm_vs_ewma,memory_um,lightgbm,independent,ewma,independent,1,0,16,0.3573871815325437,0.2970618598847545,0.42179361349067795,False,0.0,0.0
memory_lightgbm_vs_ewma,memory_um,lightgbm,independent,ewma,independent,2,0,16,0.3573871815325437,0.2970618598847545,0.42179361349067795,False,0.0,0.0
memory_lightgbm_vs_ewma,memory_um,lightgbm,independent,ewma,independent,0,1,1,0.6207570827726031,0.4704178390121603,0.8069313064893794,False,0.0,0.0
memory_lightgbm_vs_ewma,memory_um,lightgbm,independent,ewma,independent,1,1,1,0.6207570827726031,0.4704178390121603,0.8069313064893794,False,0.0,0.0
memory_lightgbm_vs_ewma,memory_um,lightgbm,independent,ewma,independent,2,1,1,0.6207570827726031,0.4704178390121603,0.8069313064893794,False,0.0,0.0
memory_lightgbm_vs_ewma,memory_um,lightgbm,independent,ewma,independent,0,1,8,0.6157059638432683,0.46712464809645554,0.811494139688387,False,0.0,0.0
memory_lightgbm_vs_ewma,memory_um,lightgbm,independent,ewma,independent,1,1,8,0.6157059638432683,0.46712464809645554,0.811494139688387,False,0.0,0.0
memory_lightgbm_vs_ewma,memory_um,lightgbm,independent,ewma,independent,2,1,8,0.6157059638432683,0.46712464809645554,0.811494139688387,False,0.0,0.0
memory_lightgbm_vs_ewma,memory_um,lightgbm,independent,ewma,independent,0,1,16,0.6134202204404361,0.46188542821184386,0.8087345981699755,False,0.0,0.0
memory_lightgbm_vs_ewma,memory_um,lightgbm,independent,ewma,independent,1,1,16,0.6134202204404361,0.46188542821184386,0.8087345981699755,False,0.0,0.0
memory_lightgbm_vs_ewma,memory_um,lightgbm,independent,ewma,independent,2,1,16,0.6134202204404361,0.46188542821184386,0.8087345981699755,False,0.0,0.0
memory_lightgbm_vs_ewma,memory_um,lightgbm,independent,ewma,independent,0,2,1,0.22076510921554826,0.14699011831147624,0.3023801634089194,False,0.0,0.0
memory_lightgbm_vs_ewma,memory_um,lightgbm,independent,ewma,independent,1,2,1,0.22076510921554826,0.14699011831147624,0.3023801634089194,False,0.0,0.0
memory_lightgbm_vs_ewma,memory_um,lightgbm,independent,ewma,independent,2,2,1,0.22076510921554826,0.14699011831147624,0.3023801634089194,False,0.0,0.0
memory_lightgbm_vs_ewma,memory_um,lightgbm,independent,ewma,independent,0,2,8,0.2189120101345837,0.14488523597927772,0.30307705908562704,False,0.0,0.0
memory_lightgbm_vs_ewma,memory_um,lightgbm,independent,ewma,independent,1,2,8,0.2189120101345837,0.14488523597927772,0.30307705908562704,False,0.0,0.0
memory_lightgbm_vs_ewma,memory_um,lightgbm,independent,ewma,independent,2,2,8,0.2189120101345837,0.14488523597927772,0.30307705908562704,False,0.0,0.0
memory_lightgbm_vs_ewma,memory_um,lightgbm,independent,ewma,independent,0,2,16,0.22193586859255346,0.1481683820309109,0.3048688682925994,False,0.0,0.0
memory_lightgbm_vs_ewma,memory_um,lightgbm,independent,ewma,independent,1,2,16,0.22193586859255346,0.1481683820309109,0.3048688682925994,False,0.0,0.0
memory_lightgbm_vs_ewma,memory_um,lightgbm,independent,ewma,independent,2,2,16,0.22193586859255346,0.1481683820309109,0.3048688682925994,False,0.0,0.0
memory_lightgbm_reconciliation,memory_um,lightgbm,bottom_up,lightgbm,independent,0,0,1,0.12249309937215673,0.057098007368322455,0.2080385221744598,False,0.0004,0.0008
memory_lightgbm_reconciliation,memory_um,lightgbm,bottom_up,lightgbm,independent,1,0,1,0.12249309937215673,0.057098007368322455,0.2080385221744598,False,0.0004,0.0008
memory_lightgbm_reconciliation,memory_um,lightgbm,bottom_up,lightgbm,independent,2,0,1,0.12249309937215673,0.057098007368322455,0.2080385221744598,False,0.0004,0.0008
memory_lightgbm_reconciliation,memory_um,lightgbm,bottom_up,lightgbm,independent,0,0,8,0.31614648221961095,0.2171210264061993,0.44686643416123645,False,0.0,0.0
memory_lightgbm_reconciliation,memory_um,lightgbm,bottom_up,lightgbm,independent,1,0,8,0.31614648221961095,0.2171210264061993,0.44686643416123645,False,0.0,0.0
memory_lightgbm_reconciliation,memory_um,lightgbm,bottom_up,lightgbm,independent,2,0,8,0.31614648221961095,0.2171210264061993,0.44686643416123645,False,0.0,0.0
memory_lightgbm_reconciliation,memory_um,lightgbm,bottom_up,lightgbm,independent,0,0,16,0.2170303271873979,0.13682381181290942,0.3213913601490045,False,0.0,0.0
memory_lightgbm_reconciliation,memory_um,lightgbm,bottom_up,lightgbm,independent,1,0,16,0.2170303271873979,0.13682381181290942,0.3213913601490045,False,0.0,0.0
memory_lightgbm_reconciliation,memory_um,lightgbm,bottom_up,lightgbm,independent,2,0,16,0.2170303271873979,0.13682381181290942,0.3213913601490045,False,0.0,0.0
memory_lightgbm_reconciliation,memory_um,lightgbm,bottom_up,lightgbm,independent,0,1,1,-0.11554057564022002,-0.14390313408169578,-0.08765855371113852,False,1.0,0.0
memory_lightgbm_reconciliation,memory_um,lightgbm,bottom_up,lightgbm,independent,1,1,1,-0.11554057564022002,-0.14390313408169578,-0.08765855371113852,False,1.0,0.0
memory_lightgbm_reconciliation,memory_um,lightgbm,bottom_up,lightgbm,independent,2,1,1,-0.11554057564022002,-0.14390313408169578,-0.08765855371113852,False,1.0,0.0
memory_lightgbm_reconciliation,memory_um,lightgbm,bottom_up,lightgbm,independent,0,1,8,-0.006460425296858702,-0.03897731938850296,0.026570189407562977,True,0.6434,0.7132
memory_lightgbm_reconciliation,memory_um,lightgbm,bottom_up,lightgbm,independent,1,1,8,-0.006460425296858702,-0.03897731938850296,0.026570189407562977,True,0.6434,0.7132
memory_lightgbm_reconciliation,memory_um,lightgbm,bottom_up,lightgbm,independent,2,1,8,-0.006460425296858702,-0.03897731938850296,0.026570189407562977,True,0.6434,0.7132
memory_lightgbm_reconciliation,memory_um,lightgbm,bottom_up,lightgbm,independent,0,1,16,0.037209643211308756,0.004899209301626979,0.0704077421375394,False,0.011,0.022
memory_lightgbm_reconciliation,memory_um,lightgbm,bottom_up,lightgbm,independent,1,1,16,0.037209643211308756,0.004899209301626979,0.0704077421375394,False,0.011,0.022
memory_lightgbm_reconciliation,memory_um,lightgbm,bottom_up,lightgbm,independent,2,1,16,0.037209643211308756,0.004899209301626979,0.0704077421375394,False,0.011,0.022
memory_lightgbm_reconciliation,memory_um,lightgbm,bottom_up,lightgbm,independent,0,2,1,-0.07100900256887177,-0.10001286552556753,-0.04147358393076704,False,1.0,0.0
memory_lightgbm_reconciliation,memory_um,lightgbm,bottom_up,lightgbm,independent,1,2,1,-0.07100900256887177,-0.10001286552556753,-0.04147358393076704,False,1.0,0.0
memory_lightgbm_reconciliation,memory_um,lightgbm,bottom_up,lightgbm,independent,2,2,1,-0.07100900256887177,-0.10001286552556753,-0.04147358393076704,False,1.0,0.0
memory_lightgbm_reconciliation,memory_um,lightgbm,bottom_up,lightgbm,independent,0,2,8,-0.07504818149230325,-0.10538206460244101,-0.04390224210831381,False,1.0,0.0
memory_lightgbm_reconciliation,memory_um,lightgbm,bottom_up,lightgbm,independent,1,2,8,-0.07504818149230325,-0.10538206460244101,-0.04390224210831381,False,1.0,0.0
memory_lightgbm_reconciliation,memory_um,lightgbm,bottom_up,lightgbm,independent,2,2,8,-0.07504818149230325,-0.10538206460244101,-0.04390224210831381,False,1.0,0.0
memory_lightgbm_reconciliation,memory_um,lightgbm,bottom_up,lightgbm,independent,0,2,16,-0.10718321583055192,-0.1363158972913839,-0.07563395046749563,False,1.0,0.0
memory_lightgbm_reconciliation,memory_um,lightgbm,bottom_up,lightgbm,independent,1,2,16,-0.10718321583055192,-0.1363158972913839,-0.07563395046749563,False,1.0,0.0
memory_lightgbm_reconciliation,memory_um,lightgbm,bottom_up,lightgbm,independent,2,2,16,-0.10718321583055192,-0.1363158972913839,-0.07563395046749563,False,1.0,0.0
memory_lightgbm_reconciliation,memory_um,lightgbm,bottom_up,ewma,independent,0,0,1,0.6126187646253501,0.46691667964855843,0.8158113812524231,False,0.0,0.0
memory_lightgbm_reconciliation,memory_um,lightgbm,bottom_up,ewma,independent,1,0,1,0.6126187646253501,0.46691667964855843,0.8158113812524231,False,0.0,0.0
memory_lightgbm_reconciliation,memory_um,lightgbm,bottom_up,ewma,independent,2,0,1,0.6126187646253501,0.46691667964855843,0.8158113812524231,False,0.0,0.0
memory_lightgbm_reconciliation,memory_um,lightgbm,bottom_up,ewma,independent,0,0,8,0.5642271587339089,0.42515016880811946,0.7541683157363975,False,0.0,0.0
memory_lightgbm_reconciliation,memory_um,lightgbm,bottom_up,ewma,independent,1,0,8,0.5642271587339089,0.42515016880811946,0.7541683157363975,False,0.0,0.0
memory_lightgbm_reconciliation,memory_um,lightgbm,bottom_up,ewma,independent,2,0,8,0.5642271587339089,0.42515016880811946,0.7541683157363975,False,0.0,0.0
memory_lightgbm_reconciliation,memory_um,lightgbm,bottom_up,ewma,independent,0,0,16,0.6519813656605314,0.4972156720425027,0.8506046717502274,False,0.0,0.0
memory_lightgbm_reconciliation,memory_um,lightgbm,bottom_up,ewma,independent,1,0,16,0.6519813656605314,0.4972156720425027,0.8506046717502274,False,0.0,0.0
memory_lightgbm_reconciliation,memory_um,lightgbm,bottom_up,ewma,independent,2,0,16,0.6519813656605314,0.4972156720425027,0.8506046717502274,False,0.0,0.0
memory_lightgbm_reconciliation,memory_um,lightgbm,bottom_up,ewma,independent,0,1,1,0.4334938764560928,0.3069645826234912,0.5929172005907117,False,0.0,0.0
memory_lightgbm_reconciliation,memory_um,lightgbm,bottom_up,ewma,independent,1,1,1,0.4334938764560928,0.3069645826234912,0.5929172005907117,False,0.0,0.0
memory_lightgbm_reconciliation,memory_um,lightgbm,bottom_up,ewma,independent,2,1,1,0.4334938764560928,0.3069645826234912,0.5929172005907117,False,0.0,0.0
memory_lightgbm_reconciliation,memory_um,lightgbm,bottom_up,ewma,independent,0,1,8,0.6052678161621696,0.4513568454844339,0.80503706274947,False,0.0,0.0
memory_lightgbm_reconciliation,memory_um,lightgbm,bottom_up,ewma,independent,1,1,8,0.6052678161621696,0.4513568454844339,0.80503706274947,False,0.0,0.0
memory_lightgbm_reconciliation,memory_um,lightgbm,bottom_up,ewma,independent,2,1,8,0.6052678161621696,0.4513568454844339,0.80503706274947,False,0.0,0.0
memory_lightgbm_reconciliation,memory_um,lightgbm,bottom_up,ewma,independent,0,1,16,0.6734550111929358,0.5055766126335689,0.8917371368566763,False,0.0,0.0
memory_lightgbm_reconciliation,memory_um,lightgbm,bottom_up,ewma,independent,1,1,16,0.6734550111929358,0.5055766126335689,0.8917371368566763,False,0.0,0.0
memory_lightgbm_reconciliation,memory_um,lightgbm,bottom_up,ewma,independent,2,1,16,0.6734550111929358,0.5055766126335689,0.8917371368566763,False,0.0,0.0
memory_lightgbm_reconciliation,memory_um,lightgbm,bottom_up,ewma,independent,0,2,1,0.13407979643927237,0.06906826515499749,0.20816149010193574,False,0.0,0.0
memory_lightgbm_reconciliation,memory_um,lightgbm,bottom_up,ewma,independent,1,2,1,0.13407979643927237,0.06906826515499749,0.20816149010193574,False,0.0,0.0
memory_lightgbm_reconciliation,memory_um,lightgbm,bottom_up,ewma,independent,2,2,1,0.13407979643927237,0.06906826515499749,0.20816149010193574,False,0.0,0.0
memory_lightgbm_reconciliation,memory_um,lightgbm,bottom_up,ewma,independent,0,2,8,0.12743488037485529,0.06406280730743535,0.1992524414188226,False,0.0,0.0
memory_lightgbm_reconciliation,memory_um,lightgbm,bottom_up,ewma,independent,1,2,8,0.12743488037485529,0.06406280730743535,0.1992524414188226,False,0.0,0.0
memory_lightgbm_reconciliation,memory_um,lightgbm,bottom_up,ewma,independent,2,2,8,0.12743488037485529,0.06406280730743535,0.1992524414188226,False,0.0,0.0
memory_lightgbm_reconciliation,memory_um,lightgbm,bottom_up,ewma,independent,0,2,16,0.0909648526581049,0.03332257803020918,0.15572275209570524,False,0.0006,0.0012
memory_lightgbm_reconciliation,memory_um,lightgbm,bottom_up,ewma,independent,1,2,16,0.0909648526581049,0.03332257803020918,0.15572275209570524,False,0.0006,0.0012
memory_lightgbm_reconciliation,memory_um,lightgbm,bottom_up,ewma,independent,2,2,16,0.0909648526581049,0.03332257803020918,0.15572275209570524,False,0.0006,0.0012
memory_lightgbm_reconciliation,memory_um,lightgbm,wls,lightgbm,independent,0,0,1,0.01093223769885251,-0.03354339056135766,0.06920685372491596,True,0.3062,0.6124
memory_lightgbm_reconciliation,memory_um,lightgbm,wls,lightgbm,independent,1,0,1,0.01093223769885251,-0.03354339056135766,0.06920685372491596,True,0.3062,0.6124
memory_lightgbm_reconciliation,memory_um,lightgbm,wls,lightgbm,independent,2,0,1,0.01093223769885251,-0.03354339056135766,0.06920685372491596,True,0.3062,0.6124
memory_lightgbm_reconciliation,memory_um,lightgbm,wls,lightgbm,independent,0,0,8,0.058873052784607666,0.006546138493094192,0.12495641365460929,False,0.0126,0.0252
memory_lightgbm_reconciliation,memory_um,lightgbm,wls,lightgbm,independent,1,0,8,0.058873052784607666,0.006546138493094192,0.12495641365460929,False,0.0126,0.0252
memory_lightgbm_reconciliation,memory_um,lightgbm,wls,lightgbm,independent,2,0,8,0.058873052784607666,0.006546138493094192,0.12495641365460929,False,0.0126,0.0252
memory_lightgbm_reconciliation,memory_um,lightgbm,wls,lightgbm,independent,0,0,16,0.061285174459562226,0.012069609358316528,0.12476579837771978,False,0.0072,0.0144
memory_lightgbm_reconciliation,memory_um,lightgbm,wls,lightgbm,independent,1,0,16,0.061285174459562226,0.012069609358316528,0.12476579837771978,False,0.0072,0.0144
memory_lightgbm_reconciliation,memory_um,lightgbm,wls,lightgbm,independent,2,0,16,0.061285174459562226,0.012069609358316528,0.12476579837771978,False,0.0072,0.0144
memory_lightgbm_reconciliation,memory_um,lightgbm,wls,lightgbm,independent,0,1,1,-0.09663569464774631,-0.11546050537853089,-0.07789305758547256,False,1.0,0.0
memory_lightgbm_reconciliation,memory_um,lightgbm,wls,lightgbm,independent,1,1,1,-0.09663569464774631,-0.11546050537853089,-0.07789305758547256,False,1.0,0.0
memory_lightgbm_reconciliation,memory_um,lightgbm,wls,lightgbm,independent,2,1,1,-0.09663569464774631,-0.11546050537853089,-0.07789305758547256,False,1.0,0.0
memory_lightgbm_reconciliation,memory_um,lightgbm,wls,lightgbm,independent,0,1,8,-0.02452804497400424,-0.0463320264927278,-0.0021338644175493272,False,0.9832,0.0336
memory_lightgbm_reconciliation,memory_um,lightgbm,wls,lightgbm,independent,1,1,8,-0.02452804497400424,-0.0463320264927278,-0.0021338644175493272,False,0.9832,0.0336
memory_lightgbm_reconciliation,memory_um,lightgbm,wls,lightgbm,independent,2,1,8,-0.02452804497400424,-0.0463320264927278,-0.0021338644175493272,False,0.9832,0.0336
memory_lightgbm_reconciliation,memory_um,lightgbm,wls,lightgbm,independent,0,1,16,0.005099305402241747,-0.017004173591659243,0.027569075189130078,True,0.339,0.678
memory_lightgbm_reconciliation,memory_um,lightgbm,wls,lightgbm,independent,1,1,16,0.005099305402241747,-0.017004173591659243,0.027569075189130078,True,0.339,0.678
memory_lightgbm_reconciliation,memory_um,lightgbm,wls,lightgbm,independent,2,1,16,0.005099305402241747,-0.017004173591659243,0.027569075189130078,True,0.339,0.678
memory_lightgbm_reconciliation,memory_um,lightgbm,wls,lightgbm,independent,0,2,1,-0.0756382146799501,-0.09573096523749726,-0.05504571288780916,False,1.0,0.0
memory_lightgbm_reconciliation,memory_um,lightgbm,wls,lightgbm,independent,1,2,1,-0.0756382146799501,-0.09573096523749726,-0.05504571288780916,False,1.0,0.0
memory_lightgbm_reconciliation,memory_um,lightgbm,wls,lightgbm,independent,2,2,1,-0.0756382146799501,-0.09573096523749726,-0.05504571288780916,False,1.0,0.0
memory_lightgbm_reconciliation,memory_um,lightgbm,wls,lightgbm,independent,0,2,8,-0.07901286898947554,-0.1002824583108626,-0.05785639463200465,False,1.0,0.0
memory_lightgbm_reconciliation,memory_um,lightgbm,wls,lightgbm,independent,1,2,8,-0.07901286898947554,-0.1002824583108626,-0.05785639463200465,False,1.0,0.0
memory_lightgbm_reconciliation,memory_um,lightgbm,wls,lightgbm,independent,2,2,8,-0.07901286898947554,-0.1002824583108626,-0.05785639463200465,False,1.0,0.0
memory_lightgbm_reconciliation,memory_um,lightgbm,wls,lightgbm,independent,0,2,16,-0.10367075492224034,-0.12508749741344194,-0.08182556919709891,False,1.0,0.0
memory_lightgbm_reconciliation,memory_um,lightgbm,wls,lightgbm,independent,1,2,16,-0.10367075492224034,-0.12508749741344194,-0.08182556919709891,False,1.0,0.0
memory_lightgbm_reconciliation,memory_um,lightgbm,wls,lightgbm,independent,2,2,16,-0.10367075492224034,-0.12508749741344194,-0.08182556919709891,False,1.0,0.0
memory_lightgbm_reconciliation,memory_um,lightgbm,wls,ewma,independent,0,0,1,0.45234594064739464,0.3410047131367196,0.6075665864632446,False,0.0,0.0
memory_lightgbm_reconciliation,memory_um,lightgbm,wls,ewma,independent,1,0,1,0.45234594064739464,0.3410047131367196,0.6075665864632446,False,0.0,0.0
memory_lightgbm_reconciliation,memory_um,lightgbm,wls,ewma,independent,2,0,1,0.45234594064739464,0.3410047131367196,0.6075665864632446,False,0.0,0.0
memory_lightgbm_reconciliation,memory_um,lightgbm,wls,ewma,independent,0,0,8,0.2584602163916247,0.17727807894981315,0.36557263492646763,False,0.0,0.0
memory_lightgbm_reconciliation,memory_um,lightgbm,wls,ewma,independent,1,0,8,0.2584602163916247,0.17727807894981315,0.36557263492646763,False,0.0,0.0
memory_lightgbm_reconciliation,memory_um,lightgbm,wls,ewma,independent,2,0,8,0.2584602163916247,0.17727807894981315,0.36557263492646763,False,0.0,0.0
memory_lightgbm_reconciliation,memory_um,lightgbm,wls,ewma,independent,0,0,16,0.4405748917619391,0.33273022314572076,0.5760769705651031,False,0.0,0.0
memory_lightgbm_reconciliation,memory_um,lightgbm,wls,ewma,independent,1,0,16,0.4405748917619391,0.33273022314572076,0.5760769705651031,False,0.0,0.0
memory_lightgbm_reconciliation,memory_um,lightgbm,wls,ewma,independent,2,0,16,0.4405748917619391,0.33273022314572076,0.5760769705651031,False,0.0,0.0
memory_lightgbm_reconciliation,memory_um,lightgbm,wls,ewma,independent,0,1,1,0.46413409622361773,0.3323599315933421,0.6288451496119997,False,0.0,0.0
memory_lightgbm_reconciliation,memory_um,lightgbm,wls,ewma,independent,1,1,1,0.46413409622361773,0.3323599315933421,0.6288451496119997,False,0.0,0.0
memory_lightgbm_reconciliation,memory_um,lightgbm,wls,ewma,independent,2,1,1,0.46413409622361773,0.3323599315933421,0.6288451496119997,False,0.0,0.0
memory_lightgbm_reconciliation,memory_um,lightgbm,wls,ewma,independent,0,1,8,0.5760758552973535,0.4294745136111944,0.7693015082308162,False,0.0,0.0
memory_lightgbm_reconciliation,memory_um,lightgbm,wls,ewma,independent,1,1,8,0.5760758552973535,0.4294745136111944,0.7693015082308162,False,0.0,0.0
memory_lightgbm_reconciliation,memory_um,lightgbm,wls,ewma,independent,2,1,8,0.5760758552973535,0.4294745136111944,0.7693015082308162,False,0.0,0.0
memory_lightgbm_reconciliation,memory_um,lightgbm,wls,ewma,independent,0,1,16,0.6216475428866141,0.4600331922081365,0.8301009829504388,False,0.0,0.0
memory_lightgbm_reconciliation,memory_um,lightgbm,wls,ewma,independent,1,1,16,0.6216475428866141,0.4600331922081365,0.8301009829504388,False,0.0,0.0
memory_lightgbm_reconciliation,memory_um,lightgbm,wls,ewma,independent,2,1,16,0.6216475428866141,0.4600331922081365,0.8301009829504388,False,0.0,0.0
memory_lightgbm_reconciliation,memory_um,lightgbm,wls,ewma,independent,0,2,1,0.12842861581090992,0.06415904844061164,0.19922397379037754,False,0.0,0.0
memory_lightgbm_reconciliation,memory_um,lightgbm,wls,ewma,independent,1,2,1,0.12842861581090992,0.06415904844061164,0.19922397379037754,False,0.0,0.0
memory_lightgbm_reconciliation,memory_um,lightgbm,wls,ewma,independent,2,2,1,0.12842861581090992,0.06415904844061164,0.19922397379037754,False,0.0,0.0
memory_lightgbm_reconciliation,memory_um,lightgbm,wls,ewma,independent,0,2,8,0.12260227516812158,0.06007634516377372,0.19435873769469061,False,0.0,0.0
memory_lightgbm_reconciliation,memory_um,lightgbm,wls,ewma,independent,1,2,8,0.12260227516812158,0.06007634516377372,0.19435873769469061,False,0.0,0.0
memory_lightgbm_reconciliation,memory_um,lightgbm,wls,ewma,independent,2,2,8,0.12260227516812158,0.06007634516377372,0.19435873769469061,False,0.0,0.0
memory_lightgbm_reconciliation,memory_um,lightgbm,wls,ewma,independent,0,2,16,0.09525685462899997,0.03646300859820926,0.16101763520117904,False,0.0004,0.0008
memory_lightgbm_reconciliation,memory_um,lightgbm,wls,ewma,independent,1,2,16,0.09525685462899997,0.03646300859820926,0.16101763520117904,False,0.0004,0.0008
memory_lightgbm_reconciliation,memory_um,lightgbm,wls,ewma,independent,2,2,16,0.09525685462899997,0.03646300859820926,0.16101763520117904,False,0.0004,0.0008
memory_lightgbm_reconciliation,memory_um,lightgbm,mint,lightgbm,independent,0,0,1,-0.008518559740897784,-0.044948454689218854,0.03910417831744281,True,0.623,0.754
memory_lightgbm_reconciliation,memory_um,lightgbm,mint,lightgbm,independent,1,0,1,-0.008518559740897784,-0.044948454689218854,0.03910417831744281,True,0.623,0.754
memory_lightgbm_reconciliation,memory_um,lightgbm,mint,lightgbm,independent,2,0,1,-0.008518559740897784,-0.044948454689218854,0.03910417831744281,True,0.623,0.754
memory_lightgbm_reconciliation,memory_um,lightgbm,mint,lightgbm,independent,0,0,8,0.15216214902814562,0.08085755864996522,0.24449239587900445,False,0.0,0.0
memory_lightgbm_reconciliation,memory_um,lightgbm,mint,lightgbm,independent,1,0,8,0.15216214902814562,0.08085755864996522,0.24449239587900445,False,0.0,0.0
memory_lightgbm_reconciliation,memory_um,lightgbm,mint,lightgbm,independent,2,0,8,0.15216214902814562,0.08085755864996522,0.24449239587900445,False,0.0,0.0
memory_lightgbm_reconciliation,memory_um,lightgbm,mint,lightgbm,independent,0,0,16,0.09269248258504009,0.03526833150463655,0.16651206855002806,False,0.0016,0.0032
memory_lightgbm_reconciliation,memory_um,lightgbm,mint,lightgbm,independent,1,0,16,0.09269248258504009,0.03526833150463655,0.16651206855002806,False,0.0016,0.0032
memory_lightgbm_reconciliation,memory_um,lightgbm,mint,lightgbm,independent,2,0,16,0.09269248258504009,0.03526833150463655,0.16651206855002806,False,0.0016,0.0032
memory_lightgbm_reconciliation,memory_um,lightgbm,mint,lightgbm,independent,0,1,1,-0.09771910612778921,-0.116903720641607,-0.07863416762518403,False,1.0,0.0
memory_lightgbm_reconciliation,memory_um,lightgbm,mint,lightgbm,independent,1,1,1,-0.09771910612778921,-0.116903720641607,-0.07863416762518403,False,1.0,0.0
memory_lightgbm_reconciliation,memory_um,lightgbm,mint,lightgbm,independent,2,1,1,-0.09771910612778921,-0.116903720641607,-0.07863416762518403,False,1.0,0.0
memory_lightgbm_reconciliation,memory_um,lightgbm,mint,lightgbm,independent,0,1,8,-0.02412093236324411,-0.04636454837648464,-0.001291750162613459,False,0.981,0.038
memory_lightgbm_reconciliation,memory_um,lightgbm,mint,lightgbm,independent,1,1,8,-0.02412093236324411,-0.04636454837648464,-0.001291750162613459,False,0.981,0.038
memory_lightgbm_reconciliation,memory_um,lightgbm,mint,lightgbm,independent,2,1,8,-0.02412093236324411,-0.04636454837648464,-0.001291750162613459,False,0.981,0.038
memory_lightgbm_reconciliation,memory_um,lightgbm,mint,lightgbm,independent,0,1,16,0.005144863592006684,-0.01697944381152809,0.02763502556886761,True,0.3376,0.6752
memory_lightgbm_reconciliation,memory_um,lightgbm,mint,lightgbm,independent,1,1,16,0.005144863592006684,-0.01697944381152809,0.02763502556886761,True,0.3376,0.6752
memory_lightgbm_reconciliation,memory_um,lightgbm,mint,lightgbm,independent,2,1,16,0.005144863592006684,-0.01697944381152809,0.02763502556886761,True,0.3376,0.6752
memory_lightgbm_reconciliation,memory_um,lightgbm,mint,lightgbm,independent,0,2,1,-0.0766966887122207,-0.10084771748548724,-0.051745041152208154,False,1.0,0.0
memory_lightgbm_reconciliation,memory_um,lightgbm,mint,lightgbm,independent,1,2,1,-0.0766966887122207,-0.10084771748548724,-0.051745041152208154,False,1.0,0.0
memory_lightgbm_reconciliation,memory_um,lightgbm,mint,lightgbm,independent,2,2,1,-0.0766966887122207,-0.10084771748548724,-0.051745041152208154,False,1.0,0.0
memory_lightgbm_reconciliation,memory_um,lightgbm,mint,lightgbm,independent,0,2,8,-0.08083006643024386,-0.10574706157485385,-0.056062949513104865,False,1.0,0.0
memory_lightgbm_reconciliation,memory_um,lightgbm,mint,lightgbm,independent,1,2,8,-0.08083006643024386,-0.10574706157485385,-0.056062949513104865,False,1.0,0.0
memory_lightgbm_reconciliation,memory_um,lightgbm,mint,lightgbm,independent,2,2,8,-0.08083006643024386,-0.10574706157485385,-0.056062949513104865,False,1.0,0.0
memory_lightgbm_reconciliation,memory_um,lightgbm,mint,lightgbm,independent,0,2,16,-0.10915268522414473,-0.13453239949717485,-0.0828440398403133,False,1.0,0.0
memory_lightgbm_reconciliation,memory_um,lightgbm,mint,lightgbm,independent,1,2,16,-0.10915268522414473,-0.13453239949717485,-0.0828440398403133,False,1.0,0.0
memory_lightgbm_reconciliation,memory_um,lightgbm,mint,lightgbm,independent,2,2,16,-0.10915268522414473,-0.13453239949717485,-0.0828440398403133,False,1.0,0.0
memory_lightgbm_reconciliation,memory_um,lightgbm,mint,ewma,independent,0,0,1,0.42440214219035965,0.3242508442737494,0.5624185783423125,False,0.0,0.0
memory_lightgbm_reconciliation,memory_um,lightgbm,mint,ewma,independent,1,0,1,0.42440214219035965,0.3242508442737494,0.5624185783423125,False,0.0,0.0
memory_lightgbm_reconciliation,memory_um,lightgbm,mint,ewma,independent,2,0,1,0.42440214219035965,0.3242508442737494,0.5624185783423125,False,0.0,0.0
memory_lightgbm_reconciliation,memory_um,lightgbm,mint,ewma,independent,0,0,8,0.36933339041081753,0.2640124906368533,0.5097408947428951,False,0.0,0.0
memory_lightgbm_reconciliation,memory_um,lightgbm,mint,ewma,independent,1,0,8,0.36933339041081753,0.2640124906368533,0.5097408947428951,False,0.0,0.0
memory_lightgbm_reconciliation,memory_um,lightgbm,mint,ewma,independent,2,0,8,0.36933339041081753,0.2640124906368533,0.5097408947428951,False,0.0,0.0
memory_lightgbm_reconciliation,memory_um,lightgbm,mint,ewma,independent,0,0,16,0.4832067692179057,0.3633562469967201,0.6348427407271338,False,0.0,0.0
memory_lightgbm_reconciliation,memory_um,lightgbm,mint,ewma,independent,1,0,16,0.4832067692179057,0.3633562469967201,0.6348427407271338,False,0.0,0.0
memory_lightgbm_reconciliation,memory_um,lightgbm,mint,ewma,independent,2,0,16,0.4832067692179057,0.3633562469967201,0.6348427407271338,False,0.0,0.0
memory_lightgbm_reconciliation,memory_um,lightgbm,mint,ewma,independent,0,1,1,0.4623781493937809,0.3305002193034694,0.6269896055776455,False,0.0,0.0
memory_lightgbm_reconciliation,memory_um,lightgbm,mint,ewma,independent,1,1,1,0.4623781493937809,0.3305002193034694,0.6269896055776455,False,0.0,0.0
memory_lightgbm_reconciliation,memory_um,lightgbm,mint,ewma,independent,2,1,1,0.4623781493937809,0.3305002193034694,0.6269896055776455,False,0.0,0.0
memory_lightgbm_reconciliation,memory_um,lightgbm,mint,ewma,independent,0,1,8,0.5767336295705145,0.4300469960723251,0.7700965923137264,False,0.0,0.0
memory_lightgbm_reconciliation,memory_um,lightgbm,mint,ewma,independent,1,1,8,0.5767336295705145,0.4300469960723251,0.7700965923137264,False,0.0,0.0
memory_lightgbm_reconciliation,memory_um,lightgbm,mint,ewma,independent,2,1,8,0.5767336295705145,0.4300469960723251,0.7700965923137264,False,0.0,0.0
memory_lightgbm_reconciliation,memory_um,lightgbm,mint,ewma,independent,0,1,16,0.6217210473911874,0.46010054450287396,0.8301865359820504,False,0.0,0.0
memory_lightgbm_reconciliation,memory_um,lightgbm,mint,ewma,independent,1,1,16,0.6217210473911874,0.46010054450287396,0.8301865359820504,False,0.0,0.0
memory_lightgbm_reconciliation,memory_um,lightgbm,mint,ewma,independent,2,1,16,0.6217210473911874,0.46010054450287396,0.8301865359820504,False,0.0,0.0
memory_lightgbm_reconciliation,memory_um,lightgbm,mint,ewma,independent,0,2,1,0.12713646764330327,0.0640237172564317,0.1991744039845186,False,0.0,0.0
memory_lightgbm_reconciliation,memory_um,lightgbm,mint,ewma,independent,1,2,1,0.12713646764330327,0.0640237172564317,0.1991744039845186,False,0.0,0.0
memory_lightgbm_reconciliation,memory_um,lightgbm,mint,ewma,independent,2,2,1,0.12713646764330327,0.0640237172564317,0.1991744039845186,False,0.0,0.0
memory_lightgbm_reconciliation,memory_um,lightgbm,mint,ewma,independent,0,2,8,0.12038727138278325,0.05795035246110156,0.19192899257910861,False,0.0,0.0
memory_lightgbm_reconciliation,memory_um,lightgbm,mint,ewma,independent,1,2,8,0.12038727138278325,0.05795035246110156,0.19192899257910861,False,0.0,0.0
memory_lightgbm_reconciliation,memory_um,lightgbm,mint,ewma,independent,2,2,8,0.12038727138278325,0.05795035246110156,0.19192899257910861,False,0.0,0.0
memory_lightgbm_reconciliation,memory_um,lightgbm,mint,ewma,independent,0,2,16,0.08855828736397858,0.031584002561376355,0.1533704077146807,False,0.001,0.002
memory_lightgbm_reconciliation,memory_um,lightgbm,mint,ewma,independent,1,2,16,0.08855828736397858,0.031584002561376355,0.1533704077146807,False,0.001,0.002
memory_lightgbm_reconciliation,memory_um,lightgbm,mint,ewma,independent,2,2,16,0.08855828736397858,0.031584002561376355,0.1533704077146807,False,0.001,0.002
cpu_dlinear_vs_deterministic,cpu_core_weighted,dlinear,independent,persistence,independent,0,0,1,-0.07417399294770227,-0.09446974103532844,-0.05392979017226701,False,1.0,0.0
cpu_dlinear_vs_deterministic,cpu_core_weighted,dlinear,independent,persistence,independent,1,0,1,-0.0670376087684943,-0.08754027331175154,-0.046425826448849565,False,1.0,0.0
cpu_dlinear_vs_deterministic,cpu_core_weighted,dlinear,independent,persistence,independent,2,0,1,-0.0556053004824096,-0.0789666407842266,-0.032635795460607984,False,1.0,0.0
cpu_dlinear_vs_deterministic,cpu_core_weighted,dlinear,independent,persistence,independent,0,0,8,-0.06739691728394478,-0.09059284182150912,-0.04262224484749115,False,1.0,0.0
cpu_dlinear_vs_deterministic,cpu_core_weighted,dlinear,independent,persistence,independent,1,0,8,-0.06297318818359211,-0.085104101003828,-0.03855568845347789,False,1.0,0.0
cpu_dlinear_vs_deterministic,cpu_core_weighted,dlinear,independent,persistence,independent,2,0,8,-0.039631859209738295,-0.06563024095536239,-0.011563983046128375,False,0.997,0.006
cpu_dlinear_vs_deterministic,cpu_core_weighted,dlinear,independent,persistence,independent,0,0,16,-0.06789548596127953,-0.0956052179113028,-0.04571262029711842,False,1.0,0.0
cpu_dlinear_vs_deterministic,cpu_core_weighted,dlinear,independent,persistence,independent,1,0,16,-0.059831349229060374,-0.08788390426814943,-0.03722350507986362,False,1.0,0.0
cpu_dlinear_vs_deterministic,cpu_core_weighted,dlinear,independent,persistence,independent,2,0,16,-0.05631389188866943,-0.08525252258748978,-0.033537676769808324,False,1.0,0.0
cpu_dlinear_vs_deterministic,cpu_core_weighted,dlinear,independent,persistence,independent,0,1,1,-0.053275703907322045,-0.07417023974740547,-0.028024163959917657,False,1.0,0.0
cpu_dlinear_vs_deterministic,cpu_core_weighted,dlinear,independent,persistence,independent,1,1,1,-0.06163551353324245,-0.08118460431348702,-0.03698255157910522,False,1.0,0.0
cpu_dlinear_vs_deterministic,cpu_core_weighted,dlinear,independent,persistence,independent,2,1,1,-0.06022014552456625,-0.07975652006258897,-0.036114039733021075,False,1.0,0.0
cpu_dlinear_vs_deterministic,cpu_core_weighted,dlinear,independent,persistence,independent,0,1,8,-0.07090774792529833,-0.08938601765452056,-0.048369765258737436,False,1.0,0.0
cpu_dlinear_vs_deterministic,cpu_core_weighted,dlinear,independent,persistence,independent,1,1,8,-0.06787106902822777,-0.08685028927223283,-0.045665040783956376,False,1.0,0.0
cpu_dlinear_vs_deterministic,cpu_core_weighted,dlinear,independent,persistence,independent,2,1,8,-0.06578175088475549,-0.0832943296987357,-0.044106573709023024,False,1.0,0.0
cpu_dlinear_vs_deterministic,cpu_core_weighted,dlinear,independent,persistence,independent,0,1,16,-0.06722522602297352,-0.08969161639500463,-0.043398490604281054,False,1.0,0.0
cpu_dlinear_vs_deterministic,cpu_core_weighted,dlinear,independent,persistence,independent,1,1,16,-0.06920062986667935,-0.0903023374580285,-0.04720280626328371,False,1.0,0.0
cpu_dlinear_vs_deterministic,cpu_core_weighted,dlinear,independent,persistence,independent,2,1,16,-0.07459297218897942,-0.0965423834491464,-0.05286782149847869,False,1.0,0.0
cpu_dlinear_vs_deterministic,cpu_core_weighted,dlinear,independent,persistence,independent,0,2,1,-0.03509769265614449,-0.05493939785600044,-0.014408297550254374,False,0.9998,0.0004
cpu_dlinear_vs_deterministic,cpu_core_weighted,dlinear,independent,persistence,independent,1,2,1,-0.041440283903912946,-0.06161568553672505,-0.020326929611971266,False,1.0,0.0
cpu_dlinear_vs_deterministic,cpu_core_weighted,dlinear,independent,persistence,independent,2,2,1,-0.04505398673004445,-0.06380275352733769,-0.0252040475568483,False,1.0,0.0
cpu_dlinear_vs_deterministic,cpu_core_weighted,dlinear,independent,persistence,independent,0,2,8,-0.04014411287104249,-0.059744832443917976,-0.0187122171356524,False,0.9998,0.0004
cpu_dlinear_vs_deterministic,cpu_core_weighted,dlinear,independent,persistence,independent,1,2,8,-0.032669816252283365,-0.05418209782692217,-0.009498282592969682,False,0.9946,0.0108
cpu_dlinear_vs_deterministic,cpu_core_weighted,dlinear,independent,persistence,independent,2,2,8,-0.03261616967910554,-0.05321638299279104,-0.010103234273008707,False,0.9986,0.0028
cpu_dlinear_vs_deterministic,cpu_core_weighted,dlinear,independent,persistence,independent,0,2,16,-0.05426694387002908,-0.07510753779472658,-0.03207277404341747,False,1.0,0.0
cpu_dlinear_vs_deterministic,cpu_core_weighted,dlinear,independent,persistence,independent,1,2,16,-0.04511253073327859,-0.06621594714518234,-0.021745856257525873,False,1.0,0.0
cpu_dlinear_vs_deterministic,cpu_core_weighted,dlinear,independent,persistence,independent,2,2,16,-0.04119556064248171,-0.06295723824373539,-0.017725355146762052,False,0.9998,0.0004
cpu_dlinear_vs_deterministic,cpu_core_weighted,dlinear,independent,ewma,independent,0,0,1,-0.07501757124109648,-0.09652993285713632,-0.05365555271011723,False,1.0,0.0
cpu_dlinear_vs_deterministic,cpu_core_weighted,dlinear,independent,ewma,independent,1,0,1,-0.06788768947026874,-0.09012665961781609,-0.04615802390832188,False,1.0,0.0
cpu_dlinear_vs_deterministic,cpu_core_weighted,dlinear,independent,ewma,independent,2,0,1,-0.05646579787915705,-0.07916805591857673,-0.033750709294866274,False,1.0,0.0
cpu_dlinear_vs_deterministic,cpu_core_weighted,dlinear,independent,ewma,independent,0,0,8,-0.06813303148861227,-0.09122052282244243,-0.04253264393370911,False,1.0,0.0
cpu_dlinear_vs_deterministic,cpu_core_weighted,dlinear,independent,ewma,independent,1,0,8,-0.06371279408787836,-0.08651787140693747,-0.038553176129610185,False,1.0,0.0
cpu_dlinear_vs_deterministic,cpu_core_weighted,dlinear,independent,ewma,independent,2,0,8,-0.04038988869006875,-0.06583475195332265,-0.012587271318296189,False,0.9974,0.0052
cpu_dlinear_vs_deterministic,cpu_core_weighted,dlinear,independent,ewma,independent,0,0,16,-0.06719312230804793,-0.09533976295414688,-0.04293511582455833,False,1.0,0.0
cpu_dlinear_vs_deterministic,cpu_core_weighted,dlinear,independent,ewma,independent,1,0,16,-0.05912290905066438,-0.08809595045978746,-0.033547102141043304,False,0.9998,0.0004
cpu_dlinear_vs_deterministic,cpu_core_weighted,dlinear,independent,ewma,independent,2,0,16,-0.05560280121974315,-0.08420847101918029,-0.03184272994036279,False,1.0,0.0
cpu_dlinear_vs_deterministic,cpu_core_weighted,dlinear,independent,ewma,independent,0,1,1,-0.04604555883643856,-0.06932121358080924,-0.016668759946648046,False,0.9994,0.0012
cpu_dlinear_vs_deterministic,cpu_core_weighted,dlinear,independent,ewma,independent,1,1,1,-0.054469212431093914,-0.07646857609017,-0.025832374498681664,False,1.0,0.0
cpu_dlinear_vs_deterministic,cpu_core_weighted,dlinear,independent,ewma,independent,2,1,1,-0.05304303523956096,-0.07473265908433803,-0.024687336162688218,False,1.0,0.0
cpu_dlinear_vs_deterministic,cpu_core_weighted,dlinear,independent,ewma,independent,0,1,8,-0.06424248872210227,-0.08456809938205466,-0.03803552778478549,False,1.0,0.0
cpu_dlinear_vs_deterministic,cpu_core_weighted,dlinear,independent,ewma,independent,1,1,8,-0.061184024849513234,-0.0816053801326536,-0.03551288551228434,False,1.0,0.0
cpu_dlinear_vs_deterministic,cpu_core_weighted,dlinear,independent,ewma,independent,2,1,8,-0.05907971804699971,-0.0784775805612259,-0.033595333379173926,False,1.0,0.0
cpu_dlinear_vs_deterministic,cpu_core_weighted,dlinear,independent,ewma,independent,0,1,16,-0.0623860012222979,-0.08687882011667733,-0.034862806401008695,False,1.0,0.0
cpu_dlinear_vs_deterministic,cpu_core_weighted,dlinear,independent,ewma,independent,1,1,16,-0.06437165343842814,-0.0871073652719656,-0.03865079851736269,False,1.0,0.0
cpu_dlinear_vs_deterministic,cpu_core_weighted,dlinear,independent,ewma,independent,2,1,16,-0.06979197117068547,-0.09196440666183575,-0.04550691014281266,False,1.0,0.0
cpu_dlinear_vs_deterministic,cpu_core_weighted,dlinear,independent,ewma,independent,0,2,1,-0.037750903956787686,-0.058062592036471454,-0.015314747834823624,False,0.9998,0.0004
cpu_dlinear_vs_deterministic,cpu_core_weighted,dlinear,independent,ewma,independent,1,2,1,-0.04407605485370833,-0.06614233256144533,-0.02010934276169793,False,0.9998,0.0004
cpu_dlinear_vs_deterministic,cpu_core_weighted,dlinear,independent,ewma,independent,2,2,1,-0.04767982100842504,-0.06822781053888413,-0.02515891900853901,False,0.9998,0.0004
cpu_dlinear_vs_deterministic,cpu_core_weighted,dlinear,independent,ewma,independent,0,2,8,-0.043386405930720455,-0.06447251833526085,-0.02023700134003785,False,0.9996,0.0008
cpu_dlinear_vs_deterministic,cpu_core_weighted,dlinear,independent,ewma,independent,1,2,8,-0.035937356706260755,-0.05990589433052899,-0.009912621335362467,False,0.9944,0.0112
cpu_dlinear_vs_deterministic,cpu_core_weighted,dlinear,independent,ewma,independent,2,2,8,-0.035883891345611,-0.05705123492334735,-0.012555966619282688,False,0.9988,0.0024
cpu_dlinear_vs_deterministic,cpu_core_weighted,dlinear,independent,ewma,independent,0,2,16,-0.05680783161629872,-0.07947445799893593,-0.031358717848415485,False,1.0,0.0
cpu_dlinear_vs_deterministic,cpu_core_weighted,dlinear,independent,ewma,independent,1,2,16,-0.04767801351301215,-0.07197424377246177,-0.01946814597164895,False,0.9998,0.0004
cpu_dlinear_vs_deterministic,cpu_core_weighted,dlinear,independent,ewma,independent,2,2,16,-0.04377156709085696,-0.06732427399455727,-0.01688193003052064,False,0.9988,0.0024
cpu_dlinear_vs_deterministic,cpu_core_weighted,dlinear,independent,ridge,independent,0,0,1,-0.016222134213454403,-0.024960170394835314,-0.0073471781988837205,False,1.0,0.0
cpu_dlinear_vs_deterministic,cpu_core_weighted,dlinear,independent,ridge,independent,1,0,1,-0.00863904976370259,-0.016961530845475095,-4.842754932168799e-05,False,0.976,0.048
cpu_dlinear_vs_deterministic,cpu_core_weighted,dlinear,independent,ridge,independent,2,0,1,0.0035088611407519702,-0.012247479324801958,0.019159140958598515,True,0.3076,0.6152
cpu_dlinear_vs_deterministic,cpu_core_weighted,dlinear,independent,ridge,independent,0,0,8,-0.006763535856183233,-0.022636811840683977,0.008667451299124974,True,0.7978,0.4044
cpu_dlinear_vs_deterministic,cpu_core_weighted,dlinear,independent,ridge,independent,1,0,8,-0.0020521970976106812,-0.016154023376165266,0.012086803553365357,True,0.5922,0.8156
cpu_dlinear_vs_deterministic,cpu_core_weighted,dlinear,independent,ridge,independent,2,0,8,0.02280667318500742,0.00276362656503623,0.04232566215198931,False,0.0138,0.0276
cpu_dlinear_vs_deterministic,cpu_core_weighted,dlinear,independent,ridge,independent,0,0,16,-0.015179378563790646,-0.0263583816032618,-0.006439491136584206,False,0.9994,0.0012
cpu_dlinear_vs_deterministic,cpu_core_weighted,dlinear,independent,ridge,independent,1,0,16,-0.006659166475599077,-0.015819952405897852,0.0009108966906282554,True,0.9596,0.0808
cpu_dlinear_vs_deterministic,cpu_core_weighted,dlinear,independent,ridge,independent,2,0,16,-0.002942775800877733,-0.0194616673288988,0.010306785463536333,True,0.6948,0.6104
cpu_dlinear_vs_deterministic,cpu_core_weighted,dlinear,independent,ridge,independent,0,1,1,-0.0012468698894020234,-0.008035527388164026,0.004776418548123378,True,0.6718,0.6564
cpu_dlinear_vs_deterministic,cpu_core_weighted,dlinear,independent,ridge,independent,1,1,1,-0.010066106984590458,-0.013861069101722192,-0.005921991230026744,False,1.0,0.0
cpu_dlinear_vs_deterministic,cpu_core_weighted,dlinear,independent,ridge,independent,2,1,1,-0.008572955034484213,-0.013215603675877223,-0.0038689059079804133,False,0.9996,0.0008
cpu_dlinear_vs_deterministic,cpu_core_weighted,dlinear,independent,ridge,independent,0,1,8,-0.017495950927586903,-0.025879367806803274,-0.009203695607432769,False,0.9998,0.0004
cpu_dlinear_vs_deterministic,cpu_core_weighted,dlinear,independent,ridge,independent,1,1,8,-0.014284698971236838,-0.022680215394047517,-0.006540644495918976,False,0.9994,0.0012
cpu_dlinear_vs_deterministic,cpu_core_weighted,dlinear,independent,ridge,independent,2,1,8,-0.012075269787882785,-0.022030100764272947,-0.002080754820352724,False,0.9896,0.0208
cpu_dlinear_vs_deterministic,cpu_core_weighted,dlinear,independent,ridge,independent,0,1,16,-0.009983378690236229,-0.015799874226749566,-0.004899774974407635,False,1.0,0.0
cpu_dlinear_vs_deterministic,cpu_core_weighted,dlinear,independent,ridge,independent,1,1,16,-0.012080007687533825,-0.021360306745379923,-0.0034059829072375578,False,0.9954,0.0092
cpu_dlinear_vs_deterministic,cpu_core_weighted,dlinear,independent,ridge,independent,2,1,16,-0.017803263371333707,-0.03138457286092828,-0.006410023660169359,False,0.9986,0.0028
cpu_dlinear_vs_deterministic,cpu_core_weighted,dlinear,independent,ridge,independent,0,2,1,0.006761698001688247,-0.0035058043459165493,0.016637680262342604,True,0.0988,0.1976
cpu_dlinear_vs_deterministic,cpu_core_weighted,dlinear,independent,ridge,independent,1,2,1,0.0001439524685557842,-0.005141994924618286,0.0051555747919290965,True,0.4706,0.9412
cpu_dlinear_vs_deterministic,cpu_core_weighted,dlinear,independent,ridge,independent,2,2,1,-0.0036265200089373793,-0.008757310936129876,0.0011965528654308403,True,0.9304,0.1392
cpu_dlinear_vs_deterministic,cpu_core_weighted,dlinear,independent,ridge,independent,0,2,8,0.0030261220599419997,-0.006325133219346781,0.012217491162133595,True,0.2592,0.5184
cpu_dlinear_vs_deterministic,cpu_core_weighted,dlinear,independent,ridge,independent,1,2,8,0.010836580747718424,0.004871337467406934,0.016635134060143702,False,0.0004,0.0008
cpu_dlinear_vs_deterministic,cpu_core_weighted,dlinear,independent,ridge,independent,2,2,8,0.010892640115565098,-0.00377062137454409,0.025567438556763262,True,0.0738,0.1476
cpu_dlinear_vs_deterministic,cpu_core_weighted,dlinear,independent,ridge,independent,0,2,16,-0.007323330275135616,-0.01420474328526778,-0.0009036466743298866,False,0.9882,0.0236
cpu_dlinear_vs_deterministic,cpu_core_weighted,dlinear,independent,ridge,independent,1,2,16,0.00228548300147906,-0.0007178564243899414,0.005472518922494102,True,0.0692,0.1384
cpu_dlinear_vs_deterministic,cpu_core_weighted,dlinear,independent,ridge,independent,2,2,16,0.006396880821341023,-0.0008061333148659439,0.013695667302135067,True,0.0404,0.0808
cpu_dlinear_reconciliation,cpu_core_weighted,dlinear,bottom_up,dlinear,independent,0,0,1,-0.07152816093927415,-0.09260377808928948,-0.051213532540086884,False,1.0,0.0
cpu_dlinear_reconciliation,cpu_core_weighted,dlinear,bottom_up,dlinear,independent,1,0,1,-0.07930383360276383,-0.10098787996151819,-0.0584647760713558,False,1.0,0.0
cpu_dlinear_reconciliation,cpu_core_weighted,dlinear,bottom_up,dlinear,independent,2,0,1,-0.07211725229970525,-0.09128824970905886,-0.0538123071909764,False,1.0,0.0
cpu_dlinear_reconciliation,cpu_core_weighted,dlinear,bottom_up,dlinear,independent,0,0,8,-0.07155924695890968,-0.09318093130090307,-0.052967608318832474,False,1.0,0.0
cpu_dlinear_reconciliation,cpu_core_weighted,dlinear,bottom_up,dlinear,independent,1,0,8,-0.057327152623544264,-0.07918799506177122,-0.038193293998111486,False,1.0,0.0
cpu_dlinear_reconciliation,cpu_core_weighted,dlinear,bottom_up,dlinear,independent,2,0,8,-0.05274428670543338,-0.07314185930121654,-0.03479371581723226,False,1.0,0.0
cpu_dlinear_reconciliation,cpu_core_weighted,dlinear,bottom_up,dlinear,independent,0,0,16,-0.0692192382094032,-0.09590152867955595,-0.04825816182287725,False,1.0,0.0
cpu_dlinear_reconciliation,cpu_core_weighted,dlinear,bottom_up,dlinear,independent,1,0,16,-0.07589211722558672,-0.10330759019358246,-0.05349806551937136,False,1.0,0.0
cpu_dlinear_reconciliation,cpu_core_weighted,dlinear,bottom_up,dlinear,independent,2,0,16,-0.0462193712293468,-0.07181368718649345,-0.025427191211229286,False,1.0,0.0
cpu_dlinear_reconciliation,cpu_core_weighted,dlinear,bottom_up,dlinear,independent,0,1,1,-0.11820977345429363,-0.1417521841265584,-0.09905231341233085,False,1.0,0.0
cpu_dlinear_reconciliation,cpu_core_weighted,dlinear,bottom_up,dlinear,independent,1,1,1,-0.10794450793117723,-0.13400208775770578,-0.08705671009701592,False,1.0,0.0
cpu_dlinear_reconciliation,cpu_core_weighted,dlinear,bottom_up,dlinear,independent,2,1,1,-0.09883976536822321,-0.12206772915894755,-0.07934526805242388,False,1.0,0.0
cpu_dlinear_reconciliation,cpu_core_weighted,dlinear,bottom_up,dlinear,independent,0,1,8,-0.09432477509713978,-0.12503710047297217,-0.07135178906972192,False,1.0,0.0
cpu_dlinear_reconciliation,cpu_core_weighted,dlinear,bottom_up,dlinear,independent,1,1,8,-0.09349073386358445,-0.11904611731487137,-0.07311574133965452,False,1.0,0.0
cpu_dlinear_reconciliation,cpu_core_weighted,dlinear,bottom_up,dlinear,independent,2,1,8,-0.1005676489474864,-0.12826584174410877,-0.07955213092832841,False,1.0,0.0
cpu_dlinear_reconciliation,cpu_core_weighted,dlinear,bottom_up,dlinear,independent,0,1,16,-0.10387573248161763,-0.1308228949972756,-0.08213527867216217,False,1.0,0.0
cpu_dlinear_reconciliation,cpu_core_weighted,dlinear,bottom_up,dlinear,independent,1,1,16,-0.09782815823947462,-0.12500786587248827,-0.07571713994499259,False,1.0,0.0
cpu_dlinear_reconciliation,cpu_core_weighted,dlinear,bottom_up,dlinear,independent,2,1,16,-0.08228447195611682,-0.10620276137335836,-0.06169464505257564,False,1.0,0.0
cpu_dlinear_reconciliation,cpu_core_weighted,dlinear,bottom_up,dlinear,independent,0,2,1,-0.051258402268080955,-0.06630281309689892,-0.03515283190027,False,1.0,0.0
cpu_dlinear_reconciliation,cpu_core_weighted,dlinear,bottom_up,dlinear,independent,1,2,1,-0.04545843047074948,-0.06307522387514335,-0.02697009357596893,False,1.0,0.0
cpu_dlinear_reconciliation,cpu_core_weighted,dlinear,bottom_up,dlinear,independent,2,2,1,-0.060879363714656555,-0.07882352078745909,-0.042582670155600334,False,1.0,0.0
cpu_dlinear_reconciliation,cpu_core_weighted,dlinear,bottom_up,dlinear,independent,0,2,8,-0.03691945272381015,-0.054022589654544616,-0.019184487719425925,False,1.0,0.0
cpu_dlinear_reconciliation,cpu_core_weighted,dlinear,bottom_up,dlinear,independent,1,2,8,-0.05082701945089588,-0.06910806692574206,-0.030219697938373778,False,1.0,0.0
cpu_dlinear_reconciliation,cpu_core_weighted,dlinear,bottom_up,dlinear,independent,2,2,8,-0.04317213620109195,-0.057928728084766345,-0.027259098627529035,False,1.0,0.0
cpu_dlinear_reconciliation,cpu_core_weighted,dlinear,bottom_up,dlinear,independent,0,2,16,-0.04375297062949198,-0.06544714803953725,-0.022937789541190884,False,1.0,0.0
cpu_dlinear_reconciliation,cpu_core_weighted,dlinear,bottom_up,dlinear,independent,1,2,16,-0.04189077109265708,-0.06387739879380894,-0.020451595443761888,False,1.0,0.0
cpu_dlinear_reconciliation,cpu_core_weighted,dlinear,bottom_up,dlinear,independent,2,2,16,-0.05210256935790583,-0.07281553503332136,-0.03138012191046028,False,1.0,0.0
cpu_dlinear_reconciliation,cpu_core_weighted,dlinear,wls,dlinear,independent,0,0,1,-0.06312416650135683,-0.07784689788284888,-0.04937554967849836,False,1.0,0.0
cpu_dlinear_reconciliation,cpu_core_weighted,dlinear,wls,dlinear,independent,1,0,1,-0.06816815292768465,-0.08352313515987365,-0.054120136682842324,False,1.0,0.0
cpu_dlinear_reconciliation,cpu_core_weighted,dlinear,wls,dlinear,independent,2,0,1,-0.06310012675655581,-0.07650548706208836,-0.050157906388318706,False,1.0,0.0
cpu_dlinear_reconciliation,cpu_core_weighted,dlinear,wls,dlinear,independent,0,0,8,-0.05810576176653855,-0.07267442254408972,-0.0457793323424481,False,1.0,0.0
cpu_dlinear_reconciliation,cpu_core_weighted,dlinear,wls,dlinear,independent,1,0,8,-0.05124467215702052,-0.0662552487981267,-0.038490932025580016,False,1.0,0.0
cpu_dlinear_reconciliation,cpu_core_weighted,dlinear,wls,dlinear,independent,2,0,8,-0.04784624617833016,-0.06158664590063091,-0.03581320083220232,False,1.0,0.0
cpu_dlinear_reconciliation,cpu_core_weighted,dlinear,wls,dlinear,independent,0,0,16,-0.060607375007085566,-0.07848255618109297,-0.04668481695058525,False,1.0,0.0
cpu_dlinear_reconciliation,cpu_core_weighted,dlinear,wls,dlinear,independent,1,0,16,-0.06572234398115075,-0.08408465413216505,-0.05109065811851763,False,1.0,0.0
cpu_dlinear_reconciliation,cpu_core_weighted,dlinear,wls,dlinear,independent,2,0,16,-0.0461752256619211,-0.06347930584032802,-0.03284224808811147,False,1.0,0.0
cpu_dlinear_reconciliation,cpu_core_weighted,dlinear,wls,dlinear,independent,0,1,1,-0.0977921306276794,-0.11440784318249217,-0.08476495459639584,False,1.0,0.0
cpu_dlinear_reconciliation,cpu_core_weighted,dlinear,wls,dlinear,independent,1,1,1,-0.09004233288942905,-0.108024324316936,-0.07582955593086085,False,1.0,0.0
cpu_dlinear_reconciliation,cpu_core_weighted,dlinear,wls,dlinear,independent,2,1,1,-0.08619050203086986,-0.10225073313296541,-0.07307210638391455,False,1.0,0.0
cpu_dlinear_reconciliation,cpu_core_weighted,dlinear,wls,dlinear,independent,0,1,8,-0.07599715849083359,-0.0969265897763357,-0.060633278083209015,False,1.0,0.0
cpu_dlinear_reconciliation,cpu_core_weighted,dlinear,wls,dlinear,independent,1,1,8,-0.07990995669567681,-0.09712018994373875,-0.06614925674862633,False,1.0,0.0
cpu_dlinear_reconciliation,cpu_core_weighted,dlinear,wls,dlinear,independent,2,1,8,-0.07931976976524638,-0.09770222797782137,-0.06524557841394246,False,1.0,0.0
cpu_dlinear_reconciliation,cpu_core_weighted,dlinear,wls,dlinear,independent,0,1,16,-0.08677616580065863,-0.10535794619971277,-0.07231904538589949,False,1.0,0.0
cpu_dlinear_reconciliation,cpu_core_weighted,dlinear,wls,dlinear,independent,1,1,16,-0.0815194286269348,-0.10021526302070277,-0.06715214717631678,False,1.0,0.0
cpu_dlinear_reconciliation,cpu_core_weighted,dlinear,wls,dlinear,independent,2,1,16,-0.07525097972852376,-0.09117026191662844,-0.06195133945891618,False,1.0,0.0
cpu_dlinear_reconciliation,cpu_core_weighted,dlinear,wls,dlinear,independent,0,2,1,-0.05223807175986316,-0.06169233023368487,-0.042625797429149896,False,1.0,0.0
cpu_dlinear_reconciliation,cpu_core_weighted,dlinear,wls,dlinear,independent,1,2,1,-0.056268623421190496,-0.06794800936947434,-0.04453020891011695,False,1.0,0.0
cpu_dlinear_reconciliation,cpu_core_weighted,dlinear,wls,dlinear,independent,2,2,1,-0.05988971558741035,-0.07165502414927108,-0.04844016340618718,False,1.0,0.0
cpu_dlinear_reconciliation,cpu_core_weighted,dlinear,wls,dlinear,independent,0,2,8,-0.041125709696022125,-0.052204677697568654,-0.029460448919763606,False,1.0,0.0
cpu_dlinear_reconciliation,cpu_core_weighted,dlinear,wls,dlinear,independent,1,2,8,-0.05739062378982314,-0.06930328140806322,-0.04431067808980441,False,1.0,0.0
cpu_dlinear_reconciliation,cpu_core_weighted,dlinear,wls,dlinear,independent,2,2,8,-0.04422511106338899,-0.053408632782524085,-0.034539321134557675,False,1.0,0.0
cpu_dlinear_reconciliation,cpu_core_weighted,dlinear,wls,dlinear,independent,0,2,16,-0.04761580781188045,-0.06264717338491355,-0.03416168934740075,False,1.0,0.0
cpu_dlinear_reconciliation,cpu_core_weighted,dlinear,wls,dlinear,independent,1,2,16,-0.04822005600698287,-0.06227936166534161,-0.03440571288442465,False,1.0,0.0
cpu_dlinear_reconciliation,cpu_core_weighted,dlinear,wls,dlinear,independent,2,2,16,-0.05259816395905622,-0.06581726576750442,-0.039525260787116705,False,1.0,0.0
cpu_dlinear_reconciliation,cpu_core_weighted,dlinear,mint,dlinear,independent,0,0,1,-0.06907039283568797,-0.08640479337600454,-0.05288779708716835,False,1.0,0.0
cpu_dlinear_reconciliation,cpu_core_weighted,dlinear,mint,dlinear,independent,1,0,1,-0.07556131304593805,-0.09351761207468409,-0.05875047160020256,False,1.0,0.0
cpu_dlinear_reconciliation,cpu_core_weighted,dlinear,mint,dlinear,independent,2,0,1,-0.06919327191908388,-0.08473978542550514,-0.054185968995392055,False,1.0,0.0
cpu_dlinear_reconciliation,cpu_core_weighted,dlinear,mint,dlinear,independent,0,0,8,-0.06740156778385109,-0.08573040738069078,-0.05185602732017062,False,1.0,0.0
cpu_dlinear_reconciliation,cpu_core_weighted,dlinear,mint,dlinear,independent,1,0,8,-0.05705885373794816,-0.0759396779530583,-0.04085642235686587,False,1.0,0.0
cpu_dlinear_reconciliation,cpu_core_weighted,dlinear,mint,dlinear,independent,2,0,8,-0.052724380883702196,-0.06918639929433126,-0.038170990585208536,False,1.0,0.0
cpu_dlinear_reconciliation,cpu_core_weighted,dlinear,mint,dlinear,independent,0,0,16,-0.06743922857319344,-0.08864531715699478,-0.05083043419157805,False,1.0,0.0
cpu_dlinear_reconciliation,cpu_core_weighted,dlinear,mint,dlinear,independent,1,0,16,-0.07358505977185391,-0.09624105056667828,-0.055420936365099586,False,1.0,0.0
cpu_dlinear_reconciliation,cpu_core_weighted,dlinear,mint,dlinear,independent,2,0,16,-0.04911993155484051,-0.06891286071316521,-0.03359569045409047,False,1.0,0.0
cpu_dlinear_reconciliation,cpu_core_weighted,dlinear,mint,dlinear,independent,0,1,1,-0.09945198258982814,-0.11645794816850143,-0.0861665613225491,False,1.0,0.0
cpu_dlinear_reconciliation,cpu_core_weighted,dlinear,mint,dlinear,independent,1,1,1,-0.09129000992387136,-0.10954506428834496,-0.07682881809004688,False,1.0,0.0
cpu_dlinear_reconciliation,cpu_core_weighted,dlinear,mint,dlinear,independent,2,1,1,-0.08671553655822312,-0.10287953948637588,-0.07347942415792372,False,1.0,0.0
cpu_dlinear_reconciliation,cpu_core_weighted,dlinear,mint,dlinear,independent,0,1,8,-0.07738914151232411,-0.098796255067812,-0.06161699161957304,False,1.0,0.0
cpu_dlinear_reconciliation,cpu_core_weighted,dlinear,mint,dlinear,independent,1,1,8,-0.08055395152737699,-0.09794362350986648,-0.06659944387076117,False,1.0,0.0
cpu_dlinear_reconciliation,cpu_core_weighted,dlinear,mint,dlinear,independent,2,1,8,-0.08097637161156435,-0.0998578023796823,-0.06648098172106723,False,1.0,0.0
cpu_dlinear_reconciliation,cpu_core_weighted,dlinear,mint,dlinear,independent,0,1,16,-0.08905768026467402,-0.10828967231106634,-0.07406743964381753,False,1.0,0.0
cpu_dlinear_reconciliation,cpu_core_weighted,dlinear,mint,dlinear,independent,1,1,16,-0.08264381349981738,-0.10168095517539238,-0.06800209079940507,False,1.0,0.0
cpu_dlinear_reconciliation,cpu_core_weighted,dlinear,mint,dlinear,independent,2,1,16,-0.07658540157294996,-0.09296914353847836,-0.0627976072375372,False,1.0,0.0
cpu_dlinear_reconciliation,cpu_core_weighted,dlinear,mint,dlinear,independent,0,2,1,-0.054422191316410455,-0.06522670310878555,-0.04290632349703557,False,1.0,0.0
cpu_dlinear_reconciliation,cpu_core_weighted,dlinear,mint,dlinear,independent,1,2,1,-0.056351676211181714,-0.06973897334883399,-0.042702489438664046,False,1.0,0.0
cpu_dlinear_reconciliation,cpu_core_weighted,dlinear,mint,dlinear,independent,2,2,1,-0.06295189581903538,-0.07665227313113253,-0.049352248048971196,False,1.0,0.0
cpu_dlinear_reconciliation,cpu_core_weighted,dlinear,mint,dlinear,independent,0,2,8,-0.04215096046984075,-0.05466342912925753,-0.029054715300800574,False,1.0,0.0
cpu_dlinear_reconciliation,cpu_core_weighted,dlinear,mint,dlinear,independent,1,2,8,-0.058699097652240725,-0.07220441339049762,-0.043478826454215254,False,1.0,0.0
cpu_dlinear_reconciliation,cpu_core_weighted,dlinear,mint,dlinear,independent,2,2,8,-0.04587706408070024,-0.0563972699520878,-0.03482856130949779,False,1.0,0.0
cpu_dlinear_reconciliation,cpu_core_weighted,dlinear,mint,dlinear,independent,0,2,16,-0.04887821871863851,-0.06563066519917289,-0.033654356737889024,False,1.0,0.0
cpu_dlinear_reconciliation,cpu_core_weighted,dlinear,mint,dlinear,independent,1,2,16,-0.049240272351555744,-0.06532342626528442,-0.03337363906719832,False,1.0,0.0
cpu_dlinear_reconciliation,cpu_core_weighted,dlinear,mint,dlinear,independent,2,2,16,-0.05477368052227628,-0.06982695349672674,-0.03969272963535041,False,1.0,0.0
cpu_dlinear_vs_deterministic,cpu_core_weighted,dlinear,independent,lightgbm,independent,0,0,1,0.1853078751394424,0.1396091759006129,0.23692560388956801,False,0.0,0.0
cpu_dlinear_vs_deterministic,cpu_core_weighted,dlinear,independent,lightgbm,independent,1,0,1,0.19444437843833703,0.1491551301466108,0.24577509656651272,False,0.0,0.0
cpu_dlinear_vs_deterministic,cpu_core_weighted,dlinear,independent,lightgbm,independent,2,0,1,0.2090808273383436,0.16326812712347344,0.2613019322176071,False,0.0,0.0
cpu_dlinear_vs_deterministic,cpu_core_weighted,dlinear,independent,lightgbm,independent,0,0,8,0.19010021621159442,0.13602460970232202,0.24802562078026022,False,0.0,0.0
cpu_dlinear_vs_deterministic,cpu_core_weighted,dlinear,independent,lightgbm,independent,1,0,8,0.19574536263707987,0.14310176483561357,0.25110303111500143,False,0.0,0.0
cpu_dlinear_vs_deterministic,cpu_core_weighted,dlinear,independent,lightgbm,independent,2,0,8,0.2255313682521899,0.16942742770763777,0.285777775515933,False,0.0,0.0
cpu_dlinear_vs_deterministic,cpu_core_weighted,dlinear,independent,lightgbm,independent,0,0,16,0.17313890157625803,0.12151546013224922,0.22874239033706792,False,0.0,0.0
cpu_dlinear_vs_deterministic,cpu_core_weighted,dlinear,independent,lightgbm,independent,1,0,16,0.18328835624117057,0.1308644193227603,0.23969786499525358,False,0.0,0.0
cpu_dlinear_vs_deterministic,cpu_core_weighted,dlinear,independent,lightgbm,independent,2,0,16,0.1877153984649744,0.13458131962486944,0.24363733719527875,False,0.0,0.0
cpu_dlinear_vs_deterministic,cpu_core_weighted,dlinear,independent,lightgbm,independent,0,1,1,0.226412892258164,0.1715267148816222,0.29505426615296537,False,0.0,0.0
cpu_dlinear_vs_deterministic,cpu_core_weighted,dlinear,independent,lightgbm,independent,1,1,1,0.2155833631710083,0.15965162638193273,0.2878788029588352,False,0.0,0.0
cpu_dlinear_vs_deterministic,cpu_core_weighted,dlinear,independent,lightgbm,independent,2,1,1,0.21741687011732236,0.16217832644614869,0.2881807669560682,False,0.0,0.0
cpu_dlinear_vs_deterministic,cpu_core_weighted,dlinear,independent,lightgbm,independent,0,1,8,0.19928821673340558,0.14044542938993324,0.27222914544570925,False,0.0,0.0
cpu_dlinear_vs_deterministic,cpu_core_weighted,dlinear,independent,lightgbm,independent,1,1,8,0.2032080139452834,0.1458305195501594,0.27458219320085475,False,0.0,0.0
cpu_dlinear_vs_deterministic,cpu_core_weighted,dlinear,independent,lightgbm,independent,2,1,8,0.20590494164528123,0.1465348524024577,0.27944146195419484,False,0.0,0.0
cpu_dlinear_vs_deterministic,cpu_core_weighted,dlinear,independent,lightgbm,independent,0,1,16,0.19891799809574842,0.14095631866307495,0.27368979377582975,False,0.0,0.0
cpu_dlinear_vs_deterministic,cpu_core_weighted,dlinear,independent,lightgbm,independent,1,1,16,0.19637896371381655,0.13873276424084943,0.2710303264547316,False,0.0,0.0
cpu_dlinear_vs_deterministic,cpu_core_weighted,dlinear,independent,lightgbm,independent,2,1,16,0.18944805558630087,0.13395665411205931,0.2613923542761986,False,0.0,0.0
cpu_dlinear_vs_deterministic,cpu_core_weighted,dlinear,independent,lightgbm,independent,0,2,1,0.2131268101303777,0.17006984659380275,0.25900283176229316,False,0.0,0.0
cpu_dlinear_vs_deterministic,cpu_core_weighted,dlinear,independent,lightgbm,independent,1,2,1,0.2051525650386161,0.16293313442368568,0.2500781046921519,False,0.0,0.0
cpu_dlinear_vs_deterministic,cpu_core_weighted,dlinear,independent,lightgbm,independent,2,2,1,0.20060922448604573,0.15808441466732892,0.2461957599704158,False,0.0,0.0
cpu_dlinear_vs_deterministic,cpu_core_weighted,dlinear,independent,lightgbm,independent,0,2,8,0.22479044311667454,0.17761509390538824,0.2739843501845721,False,0.0,0.0
cpu_dlinear_vs_deterministic,cpu_core_weighted,dlinear,independent,lightgbm,independent,1,2,8,0.2343277571972887,0.18767866691389593,0.28288774257280236,False,0.0,0.0
cpu_dlinear_vs_deterministic,cpu_core_weighted,dlinear,independent,lightgbm,independent,2,2,8,0.23439621102563443,0.1842993010784631,0.28764291310564505,False,0.0,0.0
cpu_dlinear_vs_deterministic,cpu_core_weighted,dlinear,independent,lightgbm,independent,0,2,16,0.20021090105708972,0.15618274183544517,0.24748056205062235,False,0.0,0.0
cpu_dlinear_vs_deterministic,cpu_core_weighted,dlinear,independent,lightgbm,independent,1,2,16,0.21182858362437665,0.16795719878008492,0.26069077756500064,False,0.0,0.0
cpu_dlinear_vs_deterministic,cpu_core_weighted,dlinear,independent,lightgbm,independent,2,2,16,0.21679953200311547,0.1722817979651929,0.2660535978775387,False,0.0,0.0
memory_dlinear_vs_ewma,memory_um,dlinear,independent,ewma,independent,0,0,1,0.0017043993926301002,-0.028039058184710766,0.04036069293195758,True,0.4152,0.8304
memory_dlinear_vs_ewma,memory_um,dlinear,independent,ewma,independent,1,0,1,0.04263791775122557,0.009329873160396705,0.08589861885260379,False,0.006,0.012
memory_dlinear_vs_ewma,memory_um,dlinear,independent,ewma,independent,2,0,1,0.04300294537685544,0.009680559668714362,0.08570886342252412,False,0.0062,0.0124
memory_dlinear_vs_ewma,memory_um,dlinear,independent,ewma,independent,0,0,8,0.052379861353469157,0.01655662509251737,0.09804707387888391,False,0.0012,0.0024
memory_dlinear_vs_ewma,memory_um,dlinear,independent,ewma,independent,1,0,8,0.06562827841505584,0.028766586363705274,0.11467984690163904,False,0.0004,0.0008
memory_dlinear_vs_ewma,memory_um,dlinear,independent,ewma,independent,2,0,8,0.24640978853955764,0.19754064854694398,0.3079756838665339,False,0.0,0.0
memory_dlinear_vs_ewma,memory_um,dlinear,independent,ewma,independent,0,0,16,0.05595974105213645,0.01855641628264484,0.10069962565319332,False,0.0012,0.0024
memory_dlinear_vs_ewma,memory_um,dlinear,independent,ewma,independent,1,0,16,0.057156147782306946,0.02003244976304728,0.10176890466787478,False,0.001,0.002
memory_dlinear_vs_ewma,memory_um,dlinear,independent,ewma,independent,2,0,16,0.0900381933514898,0.052122476600275254,0.1352297014589177,False,0.0,0.0
memory_dlinear_vs_ewma,memory_um,dlinear,independent,ewma,independent,0,1,1,0.0024631954672207227,-0.03345971813552042,0.04392084956631662,True,0.4644,0.9288
memory_dlinear_vs_ewma,memory_um,dlinear,independent,ewma,independent,1,1,1,0.0006085315843491805,-0.034339902724653024,0.041291474636885275,True,0.4994,0.9988
memory_dlinear_vs_ewma,memory_um,dlinear,independent,ewma,independent,2,1,1,0.002036238335799502,-0.03342433027094236,0.04308230868254399,True,0.4754,0.9508
memory_dlinear_vs_ewma,memory_um,dlinear,independent,ewma,independent,0,1,8,0.0012480254862646725,-0.034348902253967736,0.041961157200876474,True,0.4966,0.9932
memory_dlinear_vs_ewma,memory_um,dlinear,independent,ewma,independent,1,1,8,0.013614289119544758,-0.02515812317244287,0.05720820623882369,True,0.2608,0.5216
memory_dlinear_vs_ewma,memory_um,dlinear,independent,ewma,independent,2,1,8,0.002837419670346588,-0.03274829410720711,0.04420542912994993,True,0.458,0.916
memory_dlinear_vs_ewma,memory_um,dlinear,independent,ewma,independent,0,1,16,0.013007566286541873,-0.022805752206157878,0.057136632007189665,True,0.2564,0.5128
memory_dlinear_vs_ewma,memory_um,dlinear,independent,ewma,independent,1,1,16,0.015819702278077236,-0.017670160821498478,0.05870850470544218,True,0.2022,0.4044
memory_dlinear_vs_ewma,memory_um,dlinear,independent,ewma,independent,2,1,16,0.029461177535009004,-0.007376194491598148,0.0756045887426953,True,0.067,0.134
memory_dlinear_vs_ewma,memory_um,dlinear,independent,ewma,independent,0,2,1,0.013368273756490466,-0.02462172566459518,0.057157503438926484,True,0.251,0.502
memory_dlinear_vs_ewma,memory_um,dlinear,independent,ewma,independent,1,2,1,0.024330640858821424,-0.014822167322840397,0.06921402605855755,True,0.1068,0.2136
memory_dlinear_vs_ewma,memory_um,dlinear,independent,ewma,independent,2,2,1,0.012521725588722441,-0.024975700341919097,0.0556362179348046,True,0.2664,0.5328
memory_dlinear_vs_ewma,memory_um,dlinear,independent,ewma,independent,0,2,8,0.011056535516511453,-0.025304084269525722,0.05330088014607732,True,0.2796,0.5592
memory_dlinear_vs_ewma,memory_um,dlinear,independent,ewma,independent,1,2,8,0.007669964953525873,-0.027835231153844966,0.049082620925669,True,0.3414,0.6828
memory_dlinear_vs_ewma,memory_um,dlinear,independent,ewma,independent,2,2,8,0.028593141991362585,-0.011080355207949307,0.07522515341182524,True,0.082,0.164
memory_dlinear_vs_ewma,memory_um,dlinear,independent,ewma,independent,0,2,16,0.01921631855860426,-0.019391703846161273,0.0627904242937453,True,0.1652,0.3304
memory_dlinear_vs_ewma,memory_um,dlinear,independent,ewma,independent,1,2,16,0.02457451108074437,-0.013902853151364554,0.06840723934505138,True,0.1088,0.2176
memory_dlinear_vs_ewma,memory_um,dlinear,independent,ewma,independent,2,2,16,0.020850732788383862,-0.017582291656301572,0.0643320871674003,True,0.1464,0.2928
memory_dlinear_reconciliation,memory_um,dlinear,bottom_up,dlinear,independent,0,0,1,0.004358686282181089,-0.010020967648613214,0.017860355653773037,True,0.2804,0.5608
memory_dlinear_reconciliation,memory_um,dlinear,bottom_up,dlinear,independent,1,0,1,-0.044081931340624596,-0.05917492892663718,-0.03062054388691533,False,1.0,0.0
memory_dlinear_reconciliation,memory_um,dlinear,bottom_up,dlinear,independent,2,0,1,-0.0031704670060920034,-0.019316331838643123,0.011738331511966946,True,0.6746,0.6508
memory_dlinear_reconciliation,memory_um,dlinear,bottom_up,dlinear,independent,0,0,8,-0.07467485419213368,-0.09249615491421445,-0.05962223086118869,False,1.0,0.0
memory_dlinear_reconciliation,memory_um,dlinear,bottom_up,dlinear,independent,1,0,8,-0.08317882081859784,-0.10320932261215324,-0.06552521132224792,False,1.0,0.0
memory_dlinear_reconciliation,memory_um,dlinear,bottom_up,dlinear,independent,2,0,8,-0.13732412204455088,-0.16090553458142548,-0.11763689500323729,False,1.0,0.0
memory_dlinear_reconciliation,memory_um,dlinear,bottom_up,dlinear,independent,0,0,16,-0.07767005630647647,-0.09583237225202033,-0.060943306769578084,False,1.0,0.0
memory_dlinear_reconciliation,memory_um,dlinear,bottom_up,dlinear,independent,1,0,16,-0.04409796674785495,-0.058413900128899555,-0.030391912016074555,False,1.0,0.0
memory_dlinear_reconciliation,memory_um,dlinear,bottom_up,dlinear,independent,2,0,16,0.00488073231968584,-0.015350826074433584,0.024403314396525055,True,0.316,0.632
memory_dlinear_reconciliation,memory_um,dlinear,bottom_up,dlinear,independent,0,1,1,-0.04434901188246857,-0.06064031356110699,-0.02859073731443474,False,1.0,0.0
memory_dlinear_reconciliation,memory_um,dlinear,bottom_up,dlinear,independent,1,1,1,-0.05419359978699124,-0.07136760364448383,-0.03789202443985451,False,1.0,0.0
memory_dlinear_reconciliation,memory_um,dlinear,bottom_up,dlinear,independent,2,1,1,-0.038323280299509294,-0.054606435688391304,-0.02224306867561438,False,1.0,0.0
memory_dlinear_reconciliation,memory_um,dlinear,bottom_up,dlinear,independent,0,1,8,-0.04493291728067666,-0.0607328717786086,-0.029129552099202177,False,1.0,0.0
memory_dlinear_reconciliation,memory_um,dlinear,bottom_up,dlinear,independent,1,1,8,-0.03816572428821058,-0.053889952037371826,-0.021945470765611076,False,1.0,0.0
memory_dlinear_reconciliation,memory_um,dlinear,bottom_up,dlinear,independent,2,1,8,-0.03275018137643092,-0.050420729049338524,-0.015374741180482179,False,1.0,0.0
memory_dlinear_reconciliation,memory_um,dlinear,bottom_up,dlinear,independent,0,1,16,-0.04822372742239296,-0.06630739231481272,-0.03189203162230347,False,1.0,0.0
memory_dlinear_reconciliation,memory_um,dlinear,bottom_up,dlinear,independent,1,1,16,-0.06425268145453912,-0.08358498312414309,-0.046857311355661284,False,1.0,0.0
memory_dlinear_reconciliation,memory_um,dlinear,bottom_up,dlinear,independent,2,1,16,-0.06224819878861224,-0.08408063355779065,-0.04287455354056908,False,1.0,0.0
memory_dlinear_reconciliation,memory_um,dlinear,bottom_up,dlinear,independent,0,2,1,0.037271628800213986,0.015899965591340305,0.05868101212144073,False,0.0002,0.0004
memory_dlinear_reconciliation,memory_um,dlinear,bottom_up,dlinear,independent,1,2,1,0.027254611350536532,0.006068588674979117,0.047922737543384934,False,0.0054,0.0108
memory_dlinear_reconciliation,memory_um,dlinear,bottom_up,dlinear,independent,2,2,1,0.04014526917497798,0.019095152585829032,0.060547022270091115,False,0.0,0.0
memory_dlinear_reconciliation,memory_um,dlinear,bottom_up,dlinear,independent,0,2,8,0.053409011696849015,0.03382745028578118,0.07278726971507388,False,0.0,0.0
memory_dlinear_reconciliation,memory_um,dlinear,bottom_up,dlinear,independent,1,2,8,0.051077641460983265,0.030056980889418643,0.07247968901727929,False,0.0,0.0
memory_dlinear_reconciliation,memory_um,dlinear,bottom_up,dlinear,independent,2,2,8,0.07307850453546011,0.05061313928591663,0.09586914980200556,False,0.0,0.0
memory_dlinear_reconciliation,memory_um,dlinear,bottom_up,dlinear,independent,0,2,16,0.05492553671772631,0.034097973874537224,0.07471315847526137,False,0.0,0.0
memory_dlinear_reconciliation,memory_um,dlinear,bottom_up,dlinear,independent,1,2,16,0.04503140361733415,0.02406280839873786,0.06566330379338368,False,0.0,0.0
memory_dlinear_reconciliation,memory_um,dlinear,bottom_up,dlinear,independent,2,2,16,0.06280527669507034,0.04146346422998425,0.08370473749902742,False,0.0,0.0
memory_dlinear_reconciliation,memory_um,dlinear,wls,dlinear,independent,0,0,1,-0.012683567029134124,-0.022723948303110347,-0.003355782640816403,False,0.996,0.008
memory_dlinear_reconciliation,memory_um,dlinear,wls,dlinear,independent,1,0,1,-0.045715752024348716,-0.05592543134451709,-0.036608576531391115,False,1.0,0.0
memory_dlinear_reconciliation,memory_um,dlinear,wls,dlinear,independent,2,0,1,-0.018828984271247406,-0.030168498638854353,-0.008441337323932804,False,1.0,0.0
memory_dlinear_reconciliation,memory_um,dlinear,wls,dlinear,independent,0,0,8,-0.05797562389596603,-0.06915528534086737,-0.04856250701246773,False,1.0,0.0
memory_dlinear_reconciliation,memory_um,dlinear,wls,dlinear,independent,1,0,8,-0.06588276299572587,-0.0782539992913382,-0.05517475939486942,False,1.0,0.0
memory_dlinear_reconciliation,memory_um,dlinear,wls,dlinear,independent,2,0,8,-0.1014273296961905,-0.1164140558681886,-0.08907808641257763,False,1.0,0.0
memory_dlinear_reconciliation,memory_um,dlinear,wls,dlinear,independent,0,0,16,-0.06016356270798215,-0.07145238653512102,-0.04980474639672836,False,1.0,0.0
memory_dlinear_reconciliation,memory_um,dlinear,wls,dlinear,independent,1,0,16,-0.04050932515816335,-0.04934931893016582,-0.03210029326149715,False,1.0,0.0
memory_dlinear_reconciliation,memory_um,dlinear,wls,dlinear,independent,2,0,16,-0.018622178957753758,-0.030896846219403393,-0.007148084916416418,False,0.999,0.002
memory_dlinear_reconciliation,memory_um,dlinear,wls,dlinear,independent,0,1,1,-0.05235886234589315,-0.06432744168944385,-0.04110319914226692,False,1.0,0.0
memory_dlinear_reconciliation,memory_um,dlinear,wls,dlinear,independent,1,1,1,-0.05994258178171683,-0.07288962435312771,-0.04816164475906521,False,1.0,0.0
memory_dlinear_reconciliation,memory_um,dlinear,wls,dlinear,independent,2,1,1,-0.04695324207728367,-0.05920442639700145,-0.03554289362402717,False,1.0,0.0
memory_dlinear_reconciliation,memory_um,dlinear,wls,dlinear,independent,0,1,8,-0.050062326017725436,-0.0615215945596341,-0.039106581683521456,False,1.0,0.0
memory_dlinear_reconciliation,memory_um,dlinear,wls,dlinear,independent,1,1,8,-0.04893523439979059,-0.060014074034633456,-0.037938905469217674,False,1.0,0.0
memory_dlinear_reconciliation,memory_um,dlinear,wls,dlinear,independent,2,1,8,-0.04615328665084491,-0.05869011448243572,-0.034187999928093106,False,1.0,0.0
memory_dlinear_reconciliation,memory_um,dlinear,wls,dlinear,independent,0,1,16,-0.05402959097378673,-0.06763284801771452,-0.04237686478749781,False,1.0,0.0
memory_dlinear_reconciliation,memory_um,dlinear,wls,dlinear,independent,1,1,16,-0.06803201769105653,-0.08292700131425318,-0.055088875277869334,False,1.0,0.0
memory_dlinear_reconciliation,memory_um,dlinear,wls,dlinear,independent,2,1,16,-0.06399294615997655,-0.07952189694465507,-0.05012590159176982,False,1.0,0.0
memory_dlinear_reconciliation,memory_um,dlinear,wls,dlinear,independent,0,2,1,-0.0035353047955737713,-0.018053909540516784,0.01044177900695451,True,0.7128,0.5744
memory_dlinear_reconciliation,memory_um,dlinear,wls,dlinear,independent,1,2,1,-0.006165022935691609,-0.020567094417730983,0.007595387854087278,True,0.8226,0.3548
memory_dlinear_reconciliation,memory_um,dlinear,wls,dlinear,independent,2,2,1,0.001152557656995955,-0.013206987794401999,0.014849576757326512,True,0.45,0.9
memory_dlinear_reconciliation,memory_um,dlinear,wls,dlinear,independent,0,2,8,0.010012278938129636,-0.003414820601832415,0.022926465415236415,True,0.0682,0.1364
memory_dlinear_reconciliation,memory_um,dlinear,wls,dlinear,independent,1,2,8,0.008875241795785667,-0.005316328187559489,0.023022957469792833,True,0.1092,0.2184
memory_dlinear_reconciliation,memory_um,dlinear,wls,dlinear,independent,2,2,8,0.017832142452231376,0.0029350947512866927,0.032665583422729974,False,0.009,0.018
memory_dlinear_reconciliation,memory_um,dlinear,wls,dlinear,independent,0,2,16,0.008591080699015178,-0.005271701824582712,0.02156915335351254,True,0.1086,0.2172
memory_dlinear_reconciliation,memory_um,dlinear,wls,dlinear,independent,1,2,16,0.004425676917090053,-0.009408066734814018,0.017872297012773233,True,0.2708,0.5416
memory_dlinear_reconciliation,memory_um,dlinear,wls,dlinear,independent,2,2,16,0.015100928225251704,0.0010959809536533014,0.02857221908545085,False,0.0166,0.0332
memory_dlinear_reconciliation,memory_um,dlinear,mint,dlinear,independent,0,0,1,-0.011108914925960452,-0.021835360748585653,-0.001130758425204871,False,0.9854,0.0292
memory_dlinear_reconciliation,memory_um,dlinear,mint,dlinear,independent,1,0,1,-0.04658383360400499,-0.05749088606110659,-0.03688037702364246,False,1.0,0.0
memory_dlinear_reconciliation,memory_um,dlinear,mint,dlinear,independent,2,0,1,-0.018050373998678617,-0.029883345034713942,-0.007250881248961897,False,0.9998,0.0004
memory_dlinear_reconciliation,memory_um,dlinear,mint,dlinear,independent,0,0,8,-0.06296710441338019,-0.07559977172303975,-0.05236844285348976,False,1.0,0.0
memory_dlinear_reconciliation,memory_um,dlinear,mint,dlinear,independent,1,0,8,-0.07115887576109092,-0.08490798360260966,-0.059131280499960415,False,1.0,0.0
memory_dlinear_reconciliation,memory_um,dlinear,mint,dlinear,independent,2,0,8,-0.11519072606607716,-0.13289275383300847,-0.10041874991452496,False,1.0,0.0
memory_dlinear_reconciliation,memory_um,dlinear,mint,dlinear,independent,0,0,16,-0.06468378856975,-0.07726086234794557,-0.05311897192553187,False,1.0,0.0
memory_dlinear_reconciliation,memory_um,dlinear,mint,dlinear,independent,1,0,16,-0.04266046792458789,-0.05247236135128185,-0.03331976509048562,False,1.0,0.0
memory_dlinear_reconciliation,memory_um,dlinear,mint,dlinear,independent,2,0,16,-0.01607106855943078,-0.03014851543143452,-0.0029366924804193795,False,0.9914,0.0172
memory_dlinear_reconciliation,memory_um,dlinear,mint,dlinear,independent,0,1,1,-0.05223522774188119,-0.06409142096805585,-0.04110825288710149,False,1.0,0.0
memory_dlinear_reconciliation,memory_um,dlinear,mint,dlinear,independent,1,1,1,-0.05971941763300749,-0.07255730429119166,-0.04806622149931254,False,1.0,0.0
memory_dlinear_reconciliation,memory_um,dlinear,mint,dlinear,independent,2,1,1,-0.0468122187358403,-0.05891152750499461,-0.035570545867181946,False,1.0,0.0
memory_dlinear_reconciliation,memory_um,dlinear,mint,dlinear,independent,0,1,8,-0.04987239463110615,-0.061170877316234946,-0.0390553745316488,False,1.0,0.0
memory_dlinear_reconciliation,memory_um,dlinear,mint,dlinear,independent,1,1,8,-0.048906670962156736,-0.05993658475289191,-0.03796911367847522,False,1.0,0.0
memory_dlinear_reconciliation,memory_um,dlinear,mint,dlinear,independent,2,1,8,-0.04604526325933787,-0.058379413788224456,-0.03434510055340484,False,1.0,0.0
memory_dlinear_reconciliation,memory_um,dlinear,mint,dlinear,independent,0,1,16,-0.05374853340099483,-0.067206996354761,-0.04228843355298437,False,1.0,0.0
memory_dlinear_reconciliation,memory_um,dlinear,mint,dlinear,independent,1,1,16,-0.06769747452339712,-0.08244758159473828,-0.054895126602158964,False,1.0,0.0
memory_dlinear_reconciliation,memory_um,dlinear,mint,dlinear,independent,2,1,16,-0.06310678829083338,-0.07811164356929538,-0.04963251735149434,False,1.0,0.0
memory_dlinear_reconciliation,memory_um,dlinear,mint,dlinear,independent,0,2,1,-0.004376367389684143,-0.018658493930938637,0.009403339060399928,True,0.7544,0.4912
memory_dlinear_reconciliation,memory_um,dlinear,mint,dlinear,independent,1,2,1,-0.0068175748951265994,-0.02102860294815626,0.006760871109701403,True,0.8512,0.2976
memory_dlinear_reconciliation,memory_um,dlinear,mint,dlinear,independent,2,2,1,-0.00013803788616081477,-0.01416098429148741,0.013260843557327184,True,0.5314,0.9372
memory_dlinear_reconciliation,memory_um,dlinear,mint,dlinear,independent,0,2,8,0.008464065230388465,-0.004625655271194149,0.02104449164618948,True,0.0964,0.1928
memory_dlinear_reconciliation,memory_um,dlinear,mint,dlinear,independent,1,2,8,0.0072874122353553455,-0.006575584822378609,0.02109703364934205,True,0.1484,0.2968
memory_dlinear_reconciliation,memory_um,dlinear,mint,dlinear,independent,2,2,8,0.015722920870423457,0.0012419729558636608,0.030129126375327532,False,0.0156,0.0312
memory_dlinear_reconciliation,memory_um,dlinear,mint,dlinear,independent,0,2,16,0.007182596791112924,-0.00633591869973144,0.019837987352665194,True,0.149,0.298
memory_dlinear_reconciliation,memory_um,dlinear,mint,dlinear,independent,1,2,16,0.0032473512688484785,-0.010325775933113535,0.01640839964781624,True,0.3266,0.6532
memory_dlinear_reconciliation,memory_um,dlinear,mint,dlinear,independent,2,2,16,0.013453969452546795,-0.00015933197510700667,0.026547517711428645,True,0.0268,0.0536
memory_dlinear_vs_ewma,memory_um,dlinear,wls,ewma,independent,0,0,1,-0.011000785500444862,-0.04045070580635702,0.027221303187944815,True,0.6958,0.6084
memory_dlinear_vs_ewma,memory_um,dlinear,wls,ewma,independent,1,0,1,-0.005027058747872757,-0.03496175098469493,0.03269827598618392,True,0.5754,0.8492
memory_dlinear_vs_ewma,memory_um,dlinear,wls,ewma,independent,2,0,1,0.023364259323489914,-0.007394487883497526,0.06363020457945104,True,0.0786,0.1572
memory_dlinear_vs_ewma,memory_um,dlinear,wls,ewma,independent,0,0,8,-0.008632517684048442,-0.03742779147282549,0.027660308650951485,True,0.6658,0.6684
memory_dlinear_vs_ewma,memory_um,dlinear,wls,ewma,independent,1,0,8,-0.004578256893306671,-0.034935465327297265,0.03412268398436195,True,0.5644,0.8712
memory_dlinear_vs_ewma,memory_um,dlinear,wls,ewma,independent,2,0,8,0.11998977198079681,0.08235342063405504,0.1646593307319968,False,0.0,0.0
memory_dlinear_vs_ewma,memory_um,dlinear,wls,ewma,independent,0,0,16,-0.007570559045758367,-0.0378598649462531,0.02769895871285398,True,0.6574,0.6852
memory_dlinear_vs_ewma,memory_um,dlinear,wls,ewma,independent,1,0,16,0.014331465648842079,-0.01879003213197511,0.053552152765686936,True,0.2058,0.4116
memory_dlinear_vs_ewma,memory_um,dlinear,wls,ewma,independent,2,0,16,0.06973930704411177,0.03472892308631913,0.10942554382391392,False,0.0,0.0
memory_dlinear_vs_ewma,memory_um,dlinear,wls,ewma,independent,0,1,1,-0.05002463699107167,-0.08141684724002363,-0.013659984368607391,False,0.9948,0.0104
memory_dlinear_vs_ewma,memory_um,dlinear,wls,ewma,independent,1,1,1,-0.05937052715162927,-0.08969264481420777,-0.024630153046908652,False,0.9986,0.0028
memory_dlinear_vs_ewma,memory_um,dlinear,wls,ewma,independent,2,1,1,-0.04501261173299203,-0.0780308851899606,-0.0071757172499858695,False,0.9888,0.0224
memory_dlinear_vs_ewma,memory_um,dlinear,wls,ewma,independent,0,1,8,-0.048876779590232566,-0.08181734957065079,-0.012469060892303862,False,0.9932,0.0136
memory_dlinear_vs_ewma,memory_um,dlinear,wls,ewma,independent,1,1,8,-0.035987163709497276,-0.07057826484248991,0.002145591566074991,True,0.9694,0.0612
memory_dlinear_vs_ewma,memory_um,dlinear,wls,ewma,independent,2,1,8,-0.043446823223892574,-0.07737412262101752,-0.006239681551801026,False,0.9874,0.0252
memory_dlinear_vs_ewma,memory_um,dlinear,wls,ewma,independent,0,1,16,-0.04172481817327113,-0.0750083930514877,-0.003525937614461597,False,0.9822,0.0356
memory_dlinear_vs_ewma,memory_um,dlinear,wls,ewma,independent,1,1,16,-0.05328856167822868,-0.08345652200246609,-0.01852834328604665,False,0.9982,0.0036
memory_dlinear_vs_ewma,memory_um,dlinear,wls,ewma,independent,2,1,16,-0.03641707617277489,-0.06963098756372875,0.0014812129743360604,True,0.9704,0.0592
memory_dlinear_vs_ewma,memory_um,dlinear,wls,ewma,independent,0,2,1,0.009785708038596831,-0.02816315988106474,0.05286995697847575,True,0.32,0.64
memory_dlinear_vs_ewma,memory_um,dlinear,wls,ewma,independent,1,2,1,0.018015618964195106,-0.021355441399519958,0.062464440416593874,True,0.182,0.364
memory_dlinear_vs_ewma,memory_um,dlinear,wls,ewma,independent,2,2,1,0.01368871525642448,-0.025244574720667556,0.05733245528136789,True,0.25,0.5
memory_dlinear_vs_ewma,memory_um,dlinear,wls,ewma,independent,0,2,8,0.02117951557232174,-0.01652907477538657,0.0653070706448634,True,0.1444,0.2888
memory_dlinear_vs_ewma,memory_um,dlinear,wls,ewma,independent,1,2,8,0.016613279542839286,-0.022046958535612643,0.06071760306392987,True,0.2058,0.4116
memory_dlinear_vs_ewma,memory_um,dlinear,wls,ewma,independent,2,2,8,0.046935161424740815,0.005533050472269268,0.094451612888985,False,0.0126,0.0252
memory_dlinear_vs_ewma,memory_um,dlinear,wls,ewma,independent,0,2,16,0.0279724882010944,-0.011318817201361932,0.07255440186146822,True,0.0836,0.1672
memory_dlinear_vs_ewma,memory_um,dlinear,wls,ewma,independent,1,2,16,0.029108946844273252,-0.010366467616239619,0.07412681804101874,True,0.077,0.154
memory_dlinear_vs_ewma,memory_um,dlinear,wls,ewma,independent,2,2,16,0.036266526432916855,-0.0043068725902133,0.0823650121436246,True,0.0382,0.0764
memory_dlinear_vs_ewma,memory_um,dlinear,mint,ewma,independent,0,0,1,-0.009423449561182934,-0.03921817840676507,0.028903310586104885,True,0.6656,0.6688
memory_dlinear_vs_ewma,memory_um,dlinear,mint,ewma,independent,1,0,1,-0.0059321535185237655,-0.035631295081932905,0.03159754560277102,True,0.595,0.81
memory_dlinear_vs_ewma,memory_um,dlinear,mint,ewma,independent,2,0,1,0.024176352131079836,-0.00667585688684612,0.06456542294243987,True,0.0708,0.1416
memory_dlinear_vs_ewma,memory_um,dlinear,mint,ewma,independent,0,0,8,-0.013885451258913308,-0.042093949248117477,0.021669747010694147,True,0.769,0.462
memory_dlinear_vs_ewma,memory_um,dlinear,mint,ewma,independent,1,0,8,-0.010200631856186342,-0.04003277869418243,0.027689921647639774,True,0.6892,0.6216
memory_dlinear_vs_ewma,memory_um,dlinear,mint,ewma,independent,2,0,8,0.10283494002182027,0.06643290184712797,0.1458293231019952,False,0.0,0.0
memory_dlinear_vs_ewma,memory_um,dlinear,mint,ewma,independent,0,0,16,-0.012343735576247928,-0.042296512487316654,0.02195367526211283,True,0.7632,0.4736
memory_dlinear_vs_ewma,memory_um,dlinear,mint,ewma,independent,1,0,16,0.012057371848558936,-0.020874212835089674,0.05104641270392187,True,0.241,0.482
memory_dlinear_vs_ewma,memory_um,dlinear,mint,ewma,independent,2,0,16,0.07252011481373996,0.03739347966527889,0.11255328397699126,False,0.0,0.0
memory_dlinear_vs_ewma,memory_um,dlinear,mint,ewma,independent,0,1,1,-0.04990069785086352,-0.08126920774367484,-0.013679566320982129,False,0.9948,0.0104
memory_dlinear_vs_ewma,memory_um,dlinear,mint,ewma,independent,1,1,1,-0.05914722720048694,-0.08945189323675254,-0.024470045984504137,False,0.9986,0.0028
memory_dlinear_vs_ewma,memory_um,dlinear,mint,ewma,independent,2,1,1,-0.044871301234414546,-0.07783982998914087,-0.0069867057488000265,False,0.9884,0.0232
memory_dlinear_vs_ewma,memory_um,dlinear,mint,ewma,independent,0,1,8,-0.048686611164402156,-0.08161310446243318,-0.012252011672705902,False,0.993,0.014
memory_dlinear_vs_ewma,memory_um,dlinear,mint,ewma,independent,1,1,8,-0.03595821140096524,-0.07054670111476294,0.002180183537430494,True,0.9694,0.0612
memory_dlinear_vs_ewma,memory_um,dlinear,mint,ewma,independent,2,1,8,-0.043338493324689614,-0.07717381732983039,-0.0060633678009388604,False,0.9872,0.0256
memory_dlinear_vs_ewma,memory_um,dlinear,mint,ewma,independent,0,1,16,-0.04144010472547081,-0.07466952493869854,-0.003063412597387873,False,0.982,0.036
memory_dlinear_vs_ewma,memory_um,dlinear,mint,ewma,independent,1,1,16,-0.05294872613725774,-0.08299167743537288,-0.0181742142393523,False,0.9982,0.0036
memory_dlinear_vs_ewma,memory_um,dlinear,mint,ewma,independent,2,1,16,-0.03550481104932485,-0.06867988392519306,0.002563764065524392,True,0.9674,0.0652
memory_dlinear_vs_ewma,memory_um,dlinear,mint,ewma,independent,0,2,1,0.00893340188948205,-0.028876258827706815,0.05199652102943806,True,0.3324,0.6648
memory_dlinear_vs_ewma,memory_um,dlinear,mint,ewma,independent,1,2,1,0.01734718999739338,-0.02183183663438243,0.061705901740269985,True,0.1926,0.3852
memory_dlinear_vs_ewma,memory_um,dlinear,mint,ewma,independent,2,2,1,0.012381959230030274,-0.026491569256850426,0.05592246817069065,True,0.272,0.544
memory_dlinear_vs_ewma,memory_um,dlinear,mint,ewma,independent,0,2,8,0.019614183984733777,-0.01806000614747791,0.06354693244445797,True,0.164,0.328
memory_dlinear_vs_ewma,memory_um,dlinear,mint,ewma,independent,1,2,8,0.015013271385328288,-0.023379789408476317,0.05894532037335986,True,0.2274,0.4548
memory_dlinear_vs_ewma,memory_um,dlinear,mint,ewma,independent,2,2,8,0.04476563057075301,0.0034080422301126694,0.09210297984805611,False,0.0164,0.0328
memory_dlinear_vs_ewma,memory_um,dlinear,mint,ewma,independent,0,2,16,0.026536938417733223,-0.012535596831673941,0.07094555538816151,True,0.097,0.194
memory_dlinear_vs_ewma,memory_um,dlinear,mint,ewma,independent,1,2,16,0.02790166441933224,-0.011553281431073896,0.07286811697327046,True,0.0876,0.1752
memory_dlinear_vs_ewma,memory_um,dlinear,mint,ewma,independent,2,2,16,0.034585227362928794,-0.005867696499698197,0.08035893044244902,True,0.045,0.09
