family,hierarchy,model_a,method_a,model_b,method_b,seed,bootstrap_rng_seed,fold,horizon,mae_a_report,mae_b_report,unit,n_paired,block_length,n_boot,mean_paired_diff,median_paired_diff,mae_independent,mae_reconciled,relative_mae_diff,abs_ci_low,abs_ci_high,rel_ci_low,rel_ci_high,prob_improvement,p_value_raw,abs_ci_crosses_zero,rel_ci_crosses_zero
cpu_lightgbm_vs_deterministic,cpu_core_weighted,lightgbm,independent,ridge,independent,0,0,0,1,1.1094787687062335,1.336759005851477,weighted_mean_pct,4847,32,5000,-0.22728023714524356,-0.13620751610215676,1.336759005851477,1.1094787687062335,-0.17002334463456456,-0.27600491295739155,-0.17996067128536913,-0.20470627758300433,-0.13620594666879282,1.0,0.0,False,False
cpu_lightgbm_vs_deterministic,cpu_core_weighted,lightgbm,independent,ridge,independent,1,0,0,1,1.1094787687062335,1.336759005851477,weighted_mean_pct,4847,32,5000,-0.22728023714524356,-0.13620751610215676,1.336759005851477,1.1094787687062335,-0.17002334463456456,-0.27600491295739155,-0.17996067128536913,-0.20470627758300433,-0.13620594666879282,1.0,0.0,False,False
cpu_lightgbm_vs_deterministic,cpu_core_weighted,lightgbm,independent,ridge,independent,2,0,0,1,1.1094787687062335,1.336759005851477,weighted_mean_pct,4847,32,5000,-0.22728023714524356,-0.13620751610215676,1.336759005851477,1.1094787687062335,-0.17002334463456456,-0.27600491295739155,-0.17996067128536913,-0.20470627758300433,-0.13620594666879282,1.0,0.0,False,False
cpu_lightgbm_vs_deterministic,cpu_core_weighted,lightgbm,independent,ridge,independent,0,0,0,8,1.08977444725631,1.305772444046933,weighted_mean_pct,4295,32,5000,-0.2159979967906228,-0.1347262311505384,1.305772444046933,1.08977444725631,-0.16541779371694204,-0.263360731176131,-0.16687726694279148,-0.2024231964510074,-0.12790093068860167,1.0,0.0,False,False
cpu_lightgbm_vs_deterministic,cpu_core_weighted,lightgbm,independent,ridge,independent,1,0,0,8,1.08977444725631,1.305772444046933,weighted_mean_pct,4295,32,5000,-0.2159979967906228,-0.1347262311505384,1.305772444046933,1.08977444725631,-0.16541779371694204,-0.263360731176131,-0.16687726694279148,-0.2024231964510074,-0.12790093068860167,1.0,0.0,False,False
cpu_lightgbm_vs_deterministic,cpu_core_weighted,lightgbm,independent,ridge,independent,2,0,0,8,1.08977444725631,1.305772444046933,weighted_mean_pct,4295,32,5000,-0.2159979967906228,-0.1347262311505384,1.305772444046933,1.08977444725631,-0.16541779371694204,-0.263360731176131,-0.16687726694279148,-0.2024231964510074,-0.12790093068860167,1.0,0.0,False,False
cpu_lightgbm_vs_deterministic,cpu_core_weighted,lightgbm,independent,ridge,independent,0,0,0,16,1.117143297745833,1.3307644384106914,weighted_mean_pct,3707,32,5000,-0.21362114066485824,-0.13644629817300968,1.3307644384106914,1.117143297745833,-0.16052513465116502,-0.2667540083263844,-0.1595045676902008,-0.1998065511215779,-0.12217017525316876,1.0,0.0,False,False
cpu_lightgbm_vs_deterministic,cpu_core_weighted,lightgbm,independent,ridge,independent,1,0,0,16,1.117143297745833,1.3307644384106914,weighted_mean_pct,3707,32,5000,-0.21362114066485824,-0.13644629817300968,1.3307644384106914,1.117143297745833,-0.16052513465116502,-0.2667540083263844,-0.1595045676902008,-0.1998065511215779,-0.12217017525316876,1.0,0.0,False,False
cpu_lightgbm_vs_deterministic,cpu_core_weighted,lightgbm,independent,ridge,independent,2,0,0,16,1.117143297745833,1.3307644384106914,weighted_mean_pct,3707,32,5000,-0.21362114066485824,-0.13644629817300968,1.3307644384106914,1.117143297745833,-0.16052513465116502,-0.2667540083263844,-0.1595045676902008,-0.1998065511215779,-0.12217017525316876,1.0,0.0,False,False
cpu_lightgbm_vs_deterministic,cpu_core_weighted,lightgbm,independent,ridge,independent,0,0,1,1,0.8458250834966149,1.0386258182547239,weighted_mean_pct,5261,32,5000,-0.192800734758109,-0.13409425281243736,1.0386258182547239,0.8458250834966149,-0.1856306009050359,-0.23619379167396382,-0.15242164756998464,-0.2311243990081279,-0.14663314238616165,1.0,0.0,False,False
cpu_lightgbm_vs_deterministic,cpu_core_weighted,lightgbm,independent,ridge,independent,1,0,1,1,0.8458250834966149,1.0386258182547239,weighted_mean_pct,5261,32,5000,-0.192800734758109,-0.13409425281243736,1.0386258182547239,0.8458250834966149,-0.1856306009050359,-0.23619379167396382,-0.15242164756998464,-0.2311243990081279,-0.14663314238616165,1.0,0.0,False,False
cpu_lightgbm_vs_deterministic,cpu_core_weighted,lightgbm,independent,ridge,independent,2,0,1,1,0.8458250834966149,1.0386258182547239,weighted_mean_pct,5261,32,5000,-0.192800734758109,-0.13409425281243736,1.0386258182547239,0.8458250834966149,-0.1856306009050359,-0.23619379167396382,-0.15242164756998464,-0.2311243990081279,-0.14663314238616165,1.0,0.0,False,False
cpu_lightgbm_vs_deterministic,cpu_core_weighted,lightgbm,independent,ridge,independent,0,0,1,8,0.8619293246865776,1.052109336067894,weighted_mean_pct,4778,32,5000,-0.1901800113813165,-0.13414862193981603,1.052109336067894,0.8619293246865776,-0.18076069174719683,-0.23302811750352995,-0.14872078141169878,-0.2278949838208484,-0.1390376919163449,1.0,0.0,False,False
cpu_lightgbm_vs_deterministic,cpu_core_weighted,lightgbm,independent,ridge,independent,1,0,1,8,0.8619293246865776,1.052109336067894,weighted_mean_pct,4778,32,5000,-0.1901800113813165,-0.13414862193981603,1.052109336067894,0.8619293246865776,-0.18076069174719683,-0.23302811750352995,-0.14872078141169878,-0.2278949838208484,-0.1390376919163449,1.0,0.0,False,False
cpu_lightgbm_vs_deterministic,cpu_core_weighted,lightgbm,independent,ridge,independent,2,0,1,8,0.8619293246865776,1.052109336067894,weighted_mean_pct,4778,32,5000,-0.1901800113813165,-0.13414862193981603,1.052109336067894,0.8619293246865776,-0.18076069174719683,-0.23302811750352995,-0.14872078141169878,-0.2278949838208484,-0.1390376919163449,1.0,0.0,False,False
cpu_lightgbm_vs_deterministic,cpu_core_weighted,lightgbm,independent,ridge,independent,0,0,1,16,0.8648501103571508,1.047340358377533,weighted_mean_pct,4317,32,5000,-0.1824902480203822,-0.13213480677510292,1.047340358377533,0.8648501103571508,-0.17424158876402265,-0.2308138612406827,-0.14008545674206574,-0.2244955948781718,-0.13211096273688813,1.0,0.0,False,False
cpu_lightgbm_vs_deterministic,cpu_core_weighted,lightgbm,independent,ridge,independent,1,0,1,16,0.8648501103571508,1.047340358377533,weighted_mean_pct,4317,32,5000,-0.1824902480203822,-0.13213480677510292,1.047340358377533,0.8648501103571508,-0.17424158876402265,-0.2308138612406827,-0.14008545674206574,-0.2244955948781718,-0.13211096273688813,1.0,0.0,False,False
cpu_lightgbm_vs_deterministic,cpu_core_weighted,lightgbm,independent,ridge,independent,2,0,1,16,0.8648501103571508,1.047340358377533,weighted_mean_pct,4317,32,5000,-0.1824902480203822,-0.13213480677510292,1.047340358377533,0.8648501103571508,-0.17424158876402265,-0.2308138612406827,-0.14008545674206574,-0.2244955948781718,-0.13211096273688813,1.0,0.0,False,False
cpu_lightgbm_vs_deterministic,cpu_core_weighted,lightgbm,independent,ridge,independent,0,0,2,1,1.1492168649705437,1.3847823097729834,weighted_mean_pct,4852,32,5000,-0.23556544480243968,-0.11450482395976458,1.3847823097729834,1.1492168649705437,-0.17011009105182567,-0.2823879106947906,-0.19095257602710827,-0.20057800460702346,-0.13926049272495333,1.0,0.0,False,False
cpu_lightgbm_vs_deterministic,cpu_core_weighted,lightgbm,independent,ridge,independent,1,0,2,1,1.1492168649705437,1.3847823097729834,weighted_mean_pct,4852,32,5000,-0.23556544480243968,-0.11450482395976458,1.3847823097729834,1.1492168649705437,-0.17011009105182567,-0.2823879106947906,-0.19095257602710827,-0.20057800460702346,-0.13926049272495333,1.0,0.0,False,False
cpu_lightgbm_vs_deterministic,cpu_core_weighted,lightgbm,independent,ridge,independent,2,0,2,1,1.1492168649705437,1.3847823097729834,weighted_mean_pct,4852,32,5000,-0.23556544480243968,-0.11450482395976458,1.3847823097729834,1.1492168649705437,-0.17011009105182567,-0.2823879106947906,-0.19095257602710827,-0.20057800460702346,-0.13926049272495333,1.0,0.0,False,False
cpu_lightgbm_vs_deterministic,cpu_core_weighted,lightgbm,independent,ridge,independent,0,0,2,8,1.132114434314775,1.382419569308397,weighted_mean_pct,4341,32,5000,-0.25030513499362195,-0.115021874352355,1.382419569308397,1.132114434314775,-0.18106307271015104,-0.30133551480702636,-0.20236363780219535,-0.21261830832448983,-0.14815322963047464,1.0,0.0,False,False
cpu_lightgbm_vs_deterministic,cpu_core_weighted,lightgbm,independent,ridge,independent,1,0,2,8,1.132114434314775,1.382419569308397,weighted_mean_pct,4341,32,5000,-0.25030513499362195,-0.115021874352355,1.382419569308397,1.132114434314775,-0.18106307271015104,-0.30133551480702636,-0.20236363780219535,-0.21261830832448983,-0.14815322963047464,1.0,0.0,False,False
cpu_lightgbm_vs_deterministic,cpu_core_weighted,lightgbm,independent,ridge,independent,2,0,2,8,1.132114434314775,1.382419569308397,weighted_mean_pct,4341,32,5000,-0.25030513499362195,-0.115021874352355,1.382419569308397,1.132114434314775,-0.18106307271015104,-0.30133551480702636,-0.20236363780219535,-0.21261830832448983,-0.14815322963047464,1.0,0.0,False,False
cpu_lightgbm_vs_deterministic,cpu_core_weighted,lightgbm,independent,ridge,independent,0,0,2,16,1.1549701444181844,1.3964343073665617,weighted_mean_pct,3798,32,5000,-0.24146416294837728,-0.10894840629576641,1.3964343073665617,1.1549701444181844,-0.17291480284793184,-0.29322283879460065,-0.19136294024432962,-0.2047574117204474,-0.14171207227020446,1.0,0.0,False,False
cpu_lightgbm_vs_deterministic,cpu_core_weighted,lightgbm,independent,ridge,independent,1,0,2,16,1.1549701444181844,1.3964343073665617,weighted_mean_pct,3798,32,5000,-0.24146416294837728,-0.10894840629576641,1.3964343073665617,1.1549701444181844,-0.17291480284793184,-0.29322283879460065,-0.19136294024432962,-0.2047574117204474,-0.14171207227020446,1.0,0.0,False,False
cpu_lightgbm_vs_deterministic,cpu_core_weighted,lightgbm,independent,ridge,independent,2,0,2,16,1.1549701444181844,1.3964343073665617,weighted_mean_pct,3798,32,5000,-0.24146416294837728,-0.10894840629576641,1.3964343073665617,1.1549701444181844,-0.17291480284793184,-0.29322283879460065,-0.19136294024432962,-0.2047574117204474,-0.14171207227020446,1.0,0.0,False,False
cpu_lightgbm_vs_deterministic,cpu_core_weighted,lightgbm,independent,ewma,independent,0,0,0,1,1.1094787687062335,1.4217285441973344,weighted_mean_pct,4847,32,5000,-0.31224977549110094,-0.10571265601140922,1.4217285441973344,1.1094787687062335,-0.21962685968817477,-0.3826047542937495,-0.25255716356395974,-0.25399127496981433,-0.18754513185948762,1.0,0.0,False,False
cpu_lightgbm_vs_deterministic,cpu_core_weighted,lightgbm,independent,ewma,independent,1,0,0,1,1.1094787687062335,1.4217285441973344,weighted_mean_pct,4847,32,5000,-0.31224977549110094,-0.10571265601140922,1.4217285441973344,1.1094787687062335,-0.21962685968817477,-0.3826047542937495,-0.25255716356395974,-0.25399127496981433,-0.18754513185948762,1.0,0.0,False,False
cpu_lightgbm_vs_deterministic,cpu_core_weighted,lightgbm,independent,ewma,independent,2,0,0,1,1.1094787687062335,1.4217285441973344,weighted_mean_pct,4847,32,5000,-0.31224977549110094,-0.10571265601140922,1.4217285441973344,1.1094787687062335,-0.21962685968817477,-0.3826047542937495,-0.25255716356395974,-0.25399127496981433,-0.18754513185948762,1.0,0.0,False,False
cpu_lightgbm_vs_deterministic,cpu_core_weighted,lightgbm,independent,ewma,independent,0,0,0,8,1.08977444725631,1.391766045075517,weighted_mean_pct,4295,32,5000,-0.3019915978192069,-0.10500161654771833,1.391766045075517,1.08977444725631,-0.21698445574796368,-0.37225875998064845,-0.23303116953570008,-0.2536599629711498,-0.17728769044954687,1.0,0.0,False,False
cpu_lightgbm_vs_deterministic,cpu_core_weighted,lightgbm,independent,ewma,independent,1,0,0,8,1.08977444725631,1.391766045075517,weighted_mean_pct,4295,32,5000,-0.3019915978192069,-0.10500161654771833,1.391766045075517,1.08977444725631,-0.21698445574796368,-0.37225875998064845,-0.23303116953570008,-0.2536599629711498,-0.17728769044954687,1.0,0.0,False,False
cpu_lightgbm_vs_deterministic,cpu_core_weighted,lightgbm,independent,ewma,independent,2,0,0,8,1.08977444725631,1.391766045075517,weighted_mean_pct,4295,32,5000,-0.3019915978192069,-0.10500161654771833,1.391766045075517,1.08977444725631,-0.21698445574796368,-0.37225875998064845,-0.23303116953570008,-0.2536599629711498,-0.17728769044954687,1.0,0.0,False,False
cpu_lightgbm_vs_deterministic,cpu_core_weighted,lightgbm,independent,ewma,independent,0,0,0,16,1.117143297745833,1.404968480146244,weighted_mean_pct,3707,32,5000,-0.2878251824004109,-0.1108324626993622,1.404968480146244,1.117143297745833,-0.2048623769626853,-0.36743950506475065,-0.216315464406418,-0.2468346943069726,-0.16369096852567536,1.0,0.0,False,False
cpu_lightgbm_vs_deterministic,cpu_core_weighted,lightgbm,independent,ewma,independent,1,0,0,16,1.117143297745833,1.404968480146244,weighted_mean_pct,3707,32,5000,-0.2878251824004109,-0.1108324626993622,1.404968480146244,1.117143297745833,-0.2048623769626853,-0.36743950506475065,-0.216315464406418,-0.2468346943069726,-0.16369096852567536,1.0,0.0,False,False
cpu_lightgbm_vs_deterministic,cpu_core_weighted,lightgbm,independent,ewma,independent,2,0,0,16,1.117143297745833,1.404968480146244,weighted_mean_pct,3707,32,5000,-0.2878251824004109,-0.1108324626993622,1.404968480146244,1.117143297745833,-0.2048623769626853,-0.36743950506475065,-0.216315464406418,-0.2468346943069726,-0.16369096852567536,1.0,0.0,False,False
cpu_lightgbm_vs_deterministic,cpu_core_weighted,lightgbm,independent,ewma,independent,0,0,1,1,0.8458250834966149,1.08740076279778,weighted_mean_pct,5261,32,5000,-0.241575679301165,-0.11073505125083027,1.08740076279778,0.8458250834966149,-0.22215882824986574,-0.29802712995959485,-0.18799177787406188,-0.2656038443980737,-0.1797416583924537,1.0,0.0,False,False
cpu_lightgbm_vs_deterministic,cpu_core_weighted,lightgbm,independent,ewma,independent,1,0,1,1,0.8458250834966149,1.08740076279778,weighted_mean_pct,5261,32,5000,-0.241575679301165,-0.11073505125083027,1.08740076279778,0.8458250834966149,-0.22215882824986574,-0.29802712995959485,-0.18799177787406188,-0.2656038443980737,-0.1797416583924537,1.0,0.0,False,False
cpu_lightgbm_vs_deterministic,cpu_core_weighted,lightgbm,independent,ewma,independent,2,0,1,1,0.8458250834966149,1.08740076279778,weighted_mean_pct,5261,32,5000,-0.241575679301165,-0.11073505125083027,1.08740076279778,0.8458250834966149,-0.22215882824986574,-0.29802712995959485,-0.18799177787406188,-0.2656038443980737,-0.1797416583924537,1.0,0.0,False,False
cpu_lightgbm_vs_deterministic,cpu_core_weighted,lightgbm,independent,ewma,independent,0,0,1,8,0.8619293246865776,1.1046683251753342,weighted_mean_pct,4778,32,5000,-0.24273900048875655,-0.10776858784537802,1.1046683251753342,0.8619293246865776,-0.21973926015324893,-0.3002476489863159,-0.18522810227831765,-0.2658502156787064,-0.17432694012185276,1.0,0.0,False,False
cpu_lightgbm_vs_deterministic,cpu_core_weighted,lightgbm,independent,ewma,independent,1,0,1,8,0.8619293246865776,1.1046683251753342,weighted_mean_pct,4778,32,5000,-0.24273900048875655,-0.10776858784537802,1.1046683251753342,0.8619293246865776,-0.21973926015324893,-0.3002476489863159,-0.18522810227831765,-0.2658502156787064,-0.17432694012185276,1.0,0.0,False,False
cpu_lightgbm_vs_deterministic,cpu_core_weighted,lightgbm,independent,ewma,independent,2,0,1,8,0.8619293246865776,1.1046683251753342,weighted_mean_pct,4778,32,5000,-0.24273900048875655,-0.10776858784537802,1.1046683251753342,0.8619293246865776,-0.21973926015324893,-0.3002476489863159,-0.18522810227831765,-0.2658502156787064,-0.17432694012185276,1.0,0.0,False,False
cpu_lightgbm_vs_deterministic,cpu_core_weighted,lightgbm,independent,ewma,independent,0,0,1,16,0.8648501103571508,1.105875514139072,weighted_mean_pct,4317,32,5000,-0.241025403781921,-0.10585589402232731,1.105875514139072,0.8648501103571508,-0.21794985122675417,-0.30908064876963576,-0.18045994151440034,-0.2710082593797069,-0.17013333394439858,1.0,0.0,False,False
cpu_lightgbm_vs_deterministic,cpu_core_weighted,lightgbm,independent,ewma,independent,1,0,1,16,0.8648501103571508,1.105875514139072,weighted_mean_pct,4317,32,5000,-0.241025403781921,-0.10585589402232731,1.105875514139072,0.8648501103571508,-0.21794985122675417,-0.30908064876963576,-0.18045994151440034,-0.2710082593797069,-0.17013333394439858,1.0,0.0,False,False
cpu_lightgbm_vs_deterministic,cpu_core_weighted,lightgbm,independent,ewma,independent,2,0,1,16,0.8648501103571508,1.105875514139072,weighted_mean_pct,4317,32,5000,-0.241025403781921,-0.10585589402232731,1.105875514139072,0.8648501103571508,-0.21794985122675417,-0.30908064876963576,-0.18045994151440034,-0.2710082593797069,-0.17013333394439858,1.0,0.0,False,False
cpu_lightgbm_vs_deterministic,cpu_core_weighted,lightgbm,independent,ewma,independent,0,0,2,1,1.1492168649705437,1.4488408409865017,weighted_mean_pct,4852,32,5000,-0.2996239760159579,-0.07836812798957649,1.4488408409865017,1.1492168649705437,-0.20680254693258568,-0.37591044785727007,-0.22778460069251935,-0.2446481852745356,-0.1671913945146805,1.0,0.0,False,False
cpu_lightgbm_vs_deterministic,cpu_core_weighted,lightgbm,independent,ewma,independent,1,0,2,1,1.1492168649705437,1.4488408409865017,weighted_mean_pct,4852,32,5000,-0.2996239760159579,-0.07836812798957649,1.4488408409865017,1.1492168649705437,-0.20680254693258568,-0.37591044785727007,-0.22778460069251935,-0.2446481852745356,-0.1671913945146805,1.0,0.0,False,False
cpu_lightgbm_vs_deterministic,cpu_core_weighted,lightgbm,independent,ewma,independent,2,0,2,1,1.1492168649705437,1.4488408409865017,weighted_mean_pct,4852,32,5000,-0.2996239760159579,-0.07836812798957649,1.4488408409865017,1.1492168649705437,-0.20680254693258568,-0.37591044785727007,-0.22778460069251935,-0.2446481852745356,-0.1671913945146805,1.0,0.0,False,False
cpu_lightgbm_vs_deterministic,cpu_core_weighted,lightgbm,independent,ewma,independent,0,0,2,8,1.132114434314775,1.4494911511395023,weighted_mean_pct,4341,32,5000,-0.3173767168247274,-0.0796521634843188,1.4494911511395023,1.132114434314775,-0.21895733311322735,-0.3993403657244778,-0.24279909712609757,-0.2568667719037492,-0.17812118636818686,1.0,0.0,False,False
cpu_lightgbm_vs_deterministic,cpu_core_weighted,lightgbm,independent,ewma,independent,1,0,2,8,1.132114434314775,1.4494911511395023,weighted_mean_pct,4341,32,5000,-0.3173767168247274,-0.0796521634843188,1.4494911511395023,1.132114434314775,-0.21895733311322735,-0.3993403657244778,-0.24279909712609757,-0.2568667719037492,-0.17812118636818686,1.0,0.0,False,False
cpu_lightgbm_vs_deterministic,cpu_core_weighted,lightgbm,independent,ewma,independent,2,0,2,8,1.132114434314775,1.4494911511395023,weighted_mean_pct,4341,32,5000,-0.3173767168247274,-0.0796521634843188,1.4494911511395023,1.132114434314775,-0.21895733311322735,-0.3993403657244778,-0.24279909712609757,-0.2568667719037492,-0.17812118636818686,1.0,0.0,False,False
cpu_lightgbm_vs_deterministic,cpu_core_weighted,lightgbm,independent,ewma,independent,0,0,2,16,1.1549701444181844,1.4696981211174147,weighted_mean_pct,3798,32,5000,-0.3147279766992304,-0.08121886189454686,1.4696981211174147,1.1549701444181844,-0.21414464111850537,-0.401114953614217,-0.23408448852292224,-0.25206508744040385,-0.1731362795066006,1.0,0.0,False,False
cpu_lightgbm_vs_deterministic,cpu_core_weighted,lightgbm,independent,ewma,independent,1,0,2,16,1.1549701444181844,1.4696981211174147,weighted_mean_pct,3798,32,5000,-0.3147279766992304,-0.08121886189454686,1.4696981211174147,1.1549701444181844,-0.21414464111850537,-0.401114953614217,-0.23408448852292224,-0.25206508744040385,-0.1731362795066006,1.0,0.0,False,False
cpu_lightgbm_vs_deterministic,cpu_core_weighted,lightgbm,independent,ewma,independent,2,0,2,16,1.1549701444181844,1.4696981211174147,weighted_mean_pct,3798,32,5000,-0.3147279766992304,-0.08121886189454686,1.4696981211174147,1.1549701444181844,-0.21414464111850537,-0.401114953614217,-0.23408448852292224,-0.25206508744040385,-0.1731362795066006,1.0,0.0,False,False
cpu_lightgbm_vs_deterministic,cpu_core_weighted,lightgbm,independent,persistence,independent,0,0,0,1,1.1094787687062335,1.4204331179186942,weighted_mean_pct,4847,32,5000,-0.310954349212461,-0.1251991023077932,1.4204331179186942,1.1094787687062335,-0.21891516417759282,-0.3737132046908602,-0.2556769433394215,-0.2523960863177465,-0.18860162536226757,1.0,0.0,False,False
cpu_lightgbm_vs_deterministic,cpu_core_weighted,lightgbm,independent,persistence,independent,1,0,0,1,1.1094787687062335,1.4204331179186942,weighted_mean_pct,4847,32,5000,-0.310954349212461,-0.1251991023077932,1.4204331179186942,1.1094787687062335,-0.21891516417759282,-0.3737132046908602,-0.2556769433394215,-0.2523960863177465,-0.18860162536226757,1.0,0.0,False,False
cpu_lightgbm_vs_deterministic,cpu_core_weighted,lightgbm,independent,persistence,independent,2,0,0,1,1.1094787687062335,1.4204331179186942,weighted_mean_pct,4847,32,5000,-0.310954349212461,-0.1251991023077932,1.4204331179186942,1.1094787687062335,-0.21891516417759282,-0.3737132046908602,-0.2556769433394215,-0.2523960863177465,-0.18860162536226757,1.0,0.0,False,False
cpu_lightgbm_vs_deterministic,cpu_core_weighted,lightgbm,independent,persistence,independent,0,0,0,8,1.08977444725631,1.3906675083299915,weighted_mean_pct,4295,32,5000,-0.30089306107368136,-0.11506417763507004,1.3906675083299915,1.08977444725631,-0.21636592447249614,-0.363869945308194,-0.23724677225871352,-0.25193775069026203,-0.17850625588932928,1.0,0.0,False,False
cpu_lightgbm_vs_deterministic,cpu_core_weighted,lightgbm,independent,persistence,independent,1,0,0,8,1.08977444725631,1.3906675083299915,weighted_mean_pct,4295,32,5000,-0.30089306107368136,-0.11506417763507004,1.3906675083299915,1.08977444725631,-0.21636592447249614,-0.363869945308194,-0.23724677225871352,-0.25193775069026203,-0.17850625588932928,1.0,0.0,False,False
cpu_lightgbm_vs_deterministic,cpu_core_weighted,lightgbm,independent,persistence,independent,2,0,0,8,1.08977444725631,1.3906675083299915,weighted_mean_pct,4295,32,5000,-0.30089306107368136,-0.11506417763507004,1.3906675083299915,1.08977444725631,-0.21636592447249614,-0.363869945308194,-0.23724677225871352,-0.25193775069026203,-0.17850625588932928,1.0,0.0,False,False
cpu_lightgbm_vs_deterministic,cpu_core_weighted,lightgbm,independent,persistence,independent,0,0,0,16,1.117143297745833,1.4060271584162536,weighted_mean_pct,3707,32,5000,-0.2888838606704206,-0.12131889986834699,1.4060271584162536,1.117143297745833,-0.20546108155963277,-0.3621968945633963,-0.2231938784353352,-0.247328327283249,-0.16567714258558763,1.0,0.0,False,False
cpu_lightgbm_vs_deterministic,cpu_core_weighted,lightgbm,independent,persistence,independent,1,0,0,16,1.117143297745833,1.4060271584162536,weighted_mean_pct,3707,32,5000,-0.2888838606704206,-0.12131889986834699,1.4060271584162536,1.117143297745833,-0.20546108155963277,-0.3621968945633963,-0.2231938784353352,-0.247328327283249,-0.16567714258558763,1.0,0.0,False,False
cpu_lightgbm_vs_deterministic,cpu_core_weighted,lightgbm,independent,persistence,independent,2,0,0,16,1.117143297745833,1.4060271584162536,weighted_mean_pct,3707,32,5000,-0.2888838606704206,-0.12131889986834699,1.4060271584162536,1.117143297745833,-0.20546108155963277,-0.3621968945633963,-0.2231938784353352,-0.247328327283249,-0.16567714258558763,1.0,0.0,False,False
cpu_lightgbm_vs_deterministic,cpu_core_weighted,lightgbm,independent,persistence,independent,0,0,1,1,0.8458250834966149,1.0957052557717806,weighted_mean_pct,5261,32,5000,-0.24988017227516557,-0.12790312418107863,1.0957052557717806,0.8458250834966149,-0.22805418789303677,-0.30193763987330613,-0.20137496101835303,-0.2721814729199273,-0.18721534316603097,1.0,0.0,False,False
cpu_lightgbm_vs_deterministic,cpu_core_weighted,lightgbm,independent,persistence,independent,1,0,1,1,0.8458250834966149,1.0957052557717806,weighted_mean_pct,5261,32,5000,-0.24988017227516557,-0.12790312418107863,1.0957052557717806,0.8458250834966149,-0.22805418789303677,-0.30193763987330613,-0.20137496101835303,-0.2721814729199273,-0.18721534316603097,1.0,0.0,False,False
cpu_lightgbm_vs_deterministic,cpu_core_weighted,lightgbm,independent,persistence,independent,2,0,1,1,0.8458250834966149,1.0957052557717806,weighted_mean_pct,5261,32,5000,-0.24988017227516557,-0.12790312418107863,1.0957052557717806,0.8458250834966149,-0.22805418789303677,-0.30193763987330613,-0.20137496101835303,-0.2721814729199273,-0.18721534316603097,1.0,0.0,False,False
cpu_lightgbm_vs_deterministic,cpu_core_weighted,lightgbm,independent,persistence,independent,0,0,1,8,0.8619293246865776,1.1125931579402315,weighted_mean_pct,4778,32,5000,-0.25066383325365416,-0.1277631018443004,1.1125931579402315,0.8619293246865776,-0.22529693937513842,-0.30451808074442804,-0.19771875698262503,-0.2729855459483248,-0.18021810819852743,1.0,0.0,False,False
cpu_lightgbm_vs_deterministic,cpu_core_weighted,lightgbm,independent,persistence,independent,1,0,1,8,0.8619293246865776,1.1125931579402315,weighted_mean_pct,4778,32,5000,-0.25066383325365416,-0.1277631018443004,1.1125931579402315,0.8619293246865776,-0.22529693937513842,-0.30451808074442804,-0.19771875698262503,-0.2729855459483248,-0.18021810819852743,1.0,0.0,False,False
cpu_lightgbm_vs_deterministic,cpu_core_weighted,lightgbm,independent,persistence,independent,2,0,1,8,0.8619293246865776,1.1125931579402315,weighted_mean_pct,4778,32,5000,-0.25066383325365416,-0.1277631018443004,1.1125931579402315,0.8619293246865776,-0.22529693937513842,-0.30451808074442804,-0.19771875698262503,-0.2729855459483248,-0.18021810819852743,1.0,0.0,False,False
cpu_lightgbm_vs_deterministic,cpu_core_weighted,lightgbm,independent,persistence,independent,0,0,1,16,0.8648501103571508,1.1116127835890854,weighted_mean_pct,4317,32,5000,-0.24676267323193457,-0.12565187631918118,1.1116127835890854,0.8648501103571508,-0.2219861779883524,-0.3099514057047597,-0.19033116531987676,-0.27518614002510544,-0.1756392551275922,1.0,0.0,False,False
cpu_lightgbm_vs_deterministic,cpu_core_weighted,lightgbm,independent,persistence,independent,1,0,1,16,0.8648501103571508,1.1116127835890854,weighted_mean_pct,4317,32,5000,-0.24676267323193457,-0.12565187631918118,1.1116127835890854,0.8648501103571508,-0.2219861779883524,-0.3099514057047597,-0.19033116531987676,-0.27518614002510544,-0.1756392551275922,1.0,0.0,False,False
cpu_lightgbm_vs_deterministic,cpu_core_weighted,lightgbm,independent,persistence,independent,2,0,1,16,0.8648501103571508,1.1116127835890854,weighted_mean_pct,4317,32,5000,-0.24676267323193457,-0.12565187631918118,1.1116127835890854,0.8648501103571508,-0.2219861779883524,-0.3099514057047597,-0.19033116531987676,-0.27518614002510544,-0.1756392551275922,1.0,0.0,False,False
cpu_lightgbm_vs_deterministic,cpu_core_weighted,lightgbm,independent,persistence,independent,0,0,2,1,1.1492168649705437,1.4448569341568862,weighted_mean_pct,4852,32,5000,-0.29564006918634256,-0.08786600385433485,1.4448569341568862,1.1492168649705437,-0.20461546205531878,-0.36574433361126657,-0.2306689953812546,-0.24063477729362967,-0.166984950722408,1.0,0.0,False,False
cpu_lightgbm_vs_deterministic,cpu_core_weighted,lightgbm,independent,persistence,independent,1,0,2,1,1.1492168649705437,1.4448569341568862,weighted_mean_pct,4852,32,5000,-0.29564006918634256,-0.08786600385433485,1.4448569341568862,1.1492168649705437,-0.20461546205531878,-0.36574433361126657,-0.2306689953812546,-0.24063477729362967,-0.166984950722408,1.0,0.0,False,False
cpu_lightgbm_vs_deterministic,cpu_core_weighted,lightgbm,independent,persistence,independent,2,0,2,1,1.1492168649705437,1.4448569341568862,weighted_mean_pct,4852,32,5000,-0.29564006918634256,-0.08786600385433485,1.4448569341568862,1.1492168649705437,-0.20461546205531878,-0.36574433361126657,-0.2306689953812546,-0.24063477729362967,-0.166984950722408,1.0,0.0,False,False
cpu_lightgbm_vs_deterministic,cpu_core_weighted,lightgbm,independent,persistence,independent,0,0,2,8,1.132114434314775,1.4445949212341347,weighted_mean_pct,4341,32,5000,-0.3124804869193595,-0.09122880017837565,1.4445949212341347,1.132114434314775,-0.2163101104165614,-0.3873917371001596,-0.24518254103347106,-0.25254913925476385,-0.176897373620951,1.0,0.0,False,False
cpu_lightgbm_vs_deterministic,cpu_core_weighted,lightgbm,independent,persistence,independent,1,0,2,8,1.132114434314775,1.4445949212341347,weighted_mean_pct,4341,32,5000,-0.3124804869193595,-0.09122880017837565,1.4445949212341347,1.132114434314775,-0.2163101104165614,-0.3873917371001596,-0.24518254103347106,-0.25254913925476385,-0.176897373620951,1.0,0.0,False,False
cpu_lightgbm_vs_deterministic,cpu_core_weighted,lightgbm,independent,persistence,independent,2,0,2,8,1.132114434314775,1.4445949212341347,weighted_mean_pct,4341,32,5000,-0.3124804869193595,-0.09122880017837565,1.4445949212341347,1.132114434314775,-0.2163101104165614,-0.3873917371001596,-0.24518254103347106,-0.25254913925476385,-0.176897373620951,1.0,0.0,False,False
cpu_lightgbm_vs_deterministic,cpu_core_weighted,lightgbm,independent,persistence,independent,0,0,2,16,1.1549701444181844,1.465749503775071,weighted_mean_pct,3798,32,5000,-0.3107793593568865,-0.08963836169745742,1.465749503775071,1.1549701444181844,-0.21202760673393867,-0.388197612894907,-0.23787695013826243,-0.24858997035975275,-0.17257741330359072,1.0,0.0,False,False
cpu_lightgbm_vs_deterministic,cpu_core_weighted,lightgbm,independent,persistence,independent,1,0,2,16,1.1549701444181844,1.465749503775071,weighted_mean_pct,3798,32,5000,-0.3107793593568865,-0.08963836169745742,1.465749503775071,1.1549701444181844,-0.21202760673393867,-0.388197612894907,-0.23787695013826243,-0.24858997035975275,-0.17257741330359072,1.0,0.0,False,False
cpu_lightgbm_vs_deterministic,cpu_core_weighted,lightgbm,independent,persistence,independent,2,0,2,16,1.1549701444181844,1.465749503775071,weighted_mean_pct,3798,32,5000,-0.3107793593568865,-0.08963836169745742,1.465749503775071,1.1549701444181844,-0.21202760673393867,-0.388197612894907,-0.23787695013826243,-0.24858997035975275,-0.17257741330359072,1.0,0.0,False,False
cpu_lightgbm_reconciliation,cpu_core_weighted,lightgbm,bottom_up,lightgbm,independent,0,0,0,1,1.0059544225288457,1.1094787687062335,weighted_mean_pct,4847,32,5000,-0.10352434617738772,-0.02563379378335684,1.1094787687062335,1.0059544225288457,-0.09330899256243341,-0.14724938392046247,-0.06135193682889318,-0.1310077321095921,-0.055331543094769085,1.0,0.0,False,False
cpu_lightgbm_reconciliation,cpu_core_weighted,lightgbm,bottom_up,lightgbm,independent,1,0,0,1,1.0059544225288457,1.1094787687062335,weighted_mean_pct,4847,32,5000,-0.10352434617738772,-0.02563379378335684,1.1094787687062335,1.0059544225288457,-0.09330899256243341,-0.14724938392046247,-0.06135193682889318,-0.1310077321095921,-0.055331543094769085,1.0,0.0,False,False
cpu_lightgbm_reconciliation,cpu_core_weighted,lightgbm,bottom_up,lightgbm,independent,2,0,0,1,1.0059544225288457,1.1094787687062335,weighted_mean_pct,4847,32,5000,-0.10352434617738772,-0.02563379378335684,1.1094787687062335,1.0059544225288457,-0.09330899256243341,-0.14724938392046247,-0.06135193682889318,-0.1310077321095921,-0.055331543094769085,1.0,0.0,False,False
cpu_lightgbm_reconciliation,cpu_core_weighted,lightgbm,bottom_up,lightgbm,independent,0,0,0,8,0.9965505384455932,1.08977444725631,weighted_mean_pct,4295,32,5000,-0.09322390881071695,-0.029569970694706793,1.08977444725631,0.9965505384455932,-0.08554422343579791,-0.14048063385558685,-0.05124196823809132,-0.1261671124365099,-0.047082693036416975,1.0,0.0,False,False
cpu_lightgbm_reconciliation,cpu_core_weighted,lightgbm,bottom_up,lightgbm,independent,1,0,0,8,0.9965505384455932,1.08977444725631,weighted_mean_pct,4295,32,5000,-0.09322390881071695,-0.029569970694706793,1.08977444725631,0.9965505384455932,-0.08554422343579791,-0.14048063385558685,-0.05124196823809132,-0.1261671124365099,-0.047082693036416975,1.0,0.0,False,False
cpu_lightgbm_reconciliation,cpu_core_weighted,lightgbm,bottom_up,lightgbm,independent,2,0,0,8,0.9965505384455932,1.08977444725631,weighted_mean_pct,4295,32,5000,-0.09322390881071695,-0.029569970694706793,1.08977444725631,0.9965505384455932,-0.08554422343579791,-0.14048063385558685,-0.05124196823809132,-0.1261671124365099,-0.047082693036416975,1.0,0.0,False,False
cpu_lightgbm_reconciliation,cpu_core_weighted,lightgbm,bottom_up,lightgbm,independent,0,0,0,16,1.0307048936504906,1.117143297745833,weighted_mean_pct,3707,32,5000,-0.08643840409534254,-0.022495892982568044,1.117143297745833,1.0307048936504906,-0.07737450000349783,-0.1391274579368431,-0.03203929875170735,-0.12528405725151265,-0.028923053472727056,0.9996,0.0008,False,False
cpu_lightgbm_reconciliation,cpu_core_weighted,lightgbm,bottom_up,lightgbm,independent,1,0,0,16,1.0307048936504906,1.117143297745833,weighted_mean_pct,3707,32,5000,-0.08643840409534254,-0.022495892982568044,1.117143297745833,1.0307048936504906,-0.07737450000349783,-0.1391274579368431,-0.03203929875170735,-0.12528405725151265,-0.028923053472727056,0.9996,0.0008,False,False
cpu_lightgbm_reconciliation,cpu_core_weighted,lightgbm,bottom_up,lightgbm,independent,2,0,0,16,1.0307048936504906,1.117143297745833,weighted_mean_pct,3707,32,5000,-0.08643840409534254,-0.022495892982568044,1.117143297745833,1.0307048936504906,-0.07737450000349783,-0.1391274579368431,-0.03203929875170735,-0.12528405725151265,-0.028923053472727056,0.9996,0.0008,False,False
cpu_lightgbm_reconciliation,cpu_core_weighted,lightgbm,bottom_up,lightgbm,independent,0,0,1,1,0.7805449359194851,0.8458250834966149,weighted_mean_pct,5261,32,5000,-0.06528014757712979,-0.010447350041210335,0.8458250834966149,0.7805449359194851,-0.07717925236653382,-0.1069236841263902,-0.026550256606038422,-0.12234173838922459,-0.03330019822253519,0.9988,0.0024,False,False
cpu_lightgbm_reconciliation,cpu_core_weighted,lightgbm,bottom_up,lightgbm,independent,1,0,1,1,0.7805449359194851,0.8458250834966149,weighted_mean_pct,5261,32,5000,-0.06528014757712979,-0.010447350041210335,0.8458250834966149,0.7805449359194851,-0.07717925236653382,-0.1069236841263902,-0.026550256606038422,-0.12234173838922459,-0.03330019822253519,0.9988,0.0024,False,False
cpu_lightgbm_reconciliation,cpu_core_weighted,lightgbm,bottom_up,lightgbm,independent,2,0,1,1,0.7805449359194851,0.8458250834966149,weighted_mean_pct,5261,32,5000,-0.06528014757712979,-0.010447350041210335,0.8458250834966149,0.7805449359194851,-0.07717925236653382,-0.1069236841263902,-0.026550256606038422,-0.12234173838922459,-0.03330019822253519,0.9988,0.0024,False,False
cpu_lightgbm_reconciliation,cpu_core_weighted,lightgbm,bottom_up,lightgbm,independent,0,0,1,8,0.7941093241956438,0.8619293246865776,weighted_mean_pct,4778,32,5000,-0.06782000049093362,-0.009681133929051011,0.8619293246865776,0.7941093241956438,-0.07868394605972472,-0.1138551670536344,-0.026147801171338074,-0.12774326065375077,-0.03164985638767597,0.9996,0.0008,False,False
cpu_lightgbm_reconciliation,cpu_core_weighted,lightgbm,bottom_up,lightgbm,independent,1,0,1,8,0.7941093241956438,0.8619293246865776,weighted_mean_pct,4778,32,5000,-0.06782000049093362,-0.009681133929051011,0.8619293246865776,0.7941093241956438,-0.07868394605972472,-0.1138551670536344,-0.026147801171338074,-0.12774326065375077,-0.03164985638767597,0.9996,0.0008,False,False
cpu_lightgbm_reconciliation,cpu_core_weighted,lightgbm,bottom_up,lightgbm,independent,2,0,1,8,0.7941093241956438,0.8619293246865776,weighted_mean_pct,4778,32,5000,-0.06782000049093362,-0.009681133929051011,0.8619293246865776,0.7941093241956438,-0.07868394605972472,-0.1138551670536344,-0.026147801171338074,-0.12774326065375077,-0.03164985638767597,0.9996,0.0008,False,False
cpu_lightgbm_reconciliation,cpu_core_weighted,lightgbm,bottom_up,lightgbm,independent,0,0,1,16,0.7993938475030506,0.8648501103571508,weighted_mean_pct,4317,32,5000,-0.06545626285410015,-0.010311339433609845,0.8648501103571508,0.7993938475030506,-0.07568509510517281,-0.11208524351635585,-0.024295180689554198,-0.1259852105611831,-0.029345091467438703,0.9982,0.0036,False,False
cpu_lightgbm_reconciliation,cpu_core_weighted,lightgbm,bottom_up,lightgbm,independent,1,0,1,16,0.7993938475030506,0.8648501103571508,weighted_mean_pct,4317,32,5000,-0.06545626285410015,-0.010311339433609845,0.8648501103571508,0.7993938475030506,-0.07568509510517281,-0.11208524351635585,-0.024295180689554198,-0.1259852105611831,-0.029345091467438703,0.9982,0.0036,False,False
cpu_lightgbm_reconciliation,cpu_core_weighted,lightgbm,bottom_up,lightgbm,independent,2,0,1,16,0.7993938475030506,0.8648501103571508,weighted_mean_pct,4317,32,5000,-0.06545626285410015,-0.010311339433609845,0.8648501103571508,0.7993938475030506,-0.07568509510517281,-0.11208524351635585,-0.024295180689554198,-0.1259852105611831,-0.029345091467438703,0.9982,0.0036,False,False
cpu_lightgbm_reconciliation,cpu_core_weighted,lightgbm,bottom_up,lightgbm,independent,0,0,2,1,1.0205550544242874,1.1492168649705437,weighted_mean_pct,4852,32,5000,-0.1286618105462562,-0.014187384250934132,1.1492168649705437,1.0205550544242874,-0.11195607588786474,-0.17983568201523603,-0.0804367914151986,-0.14529773315047104,-0.07491041212115082,1.0,0.0,False,False
cpu_lightgbm_reconciliation,cpu_core_weighted,lightgbm,bottom_up,lightgbm,independent,1,0,2,1,1.0205550544242874,1.1492168649705437,weighted_mean_pct,4852,32,5000,-0.1286618105462562,-0.014187384250934132,1.1492168649705437,1.0205550544242874,-0.11195607588786474,-0.17983568201523603,-0.0804367914151986,-0.14529773315047104,-0.07491041212115082,1.0,0.0,False,False
cpu_lightgbm_reconciliation,cpu_core_weighted,lightgbm,bottom_up,lightgbm,independent,2,0,2,1,1.0205550544242874,1.1492168649705437,weighted_mean_pct,4852,32,5000,-0.1286618105462562,-0.014187384250934132,1.1492168649705437,1.0205550544242874,-0.11195607588786474,-0.17983568201523603,-0.0804367914151986,-0.14529773315047104,-0.07491041212115082,1.0,0.0,False,False
cpu_lightgbm_reconciliation,cpu_core_weighted,lightgbm,bottom_up,lightgbm,independent,0,0,2,8,1.0210557754991707,1.132114434314775,weighted_mean_pct,4341,32,5000,-0.11105865881560435,-0.009320533948989684,1.132114434314775,1.0210557754991707,-0.09809843903529403,-0.16200268645901508,-0.0624451721186704,-0.13427687975237543,-0.058183538223792554,1.0,0.0,False,False
cpu_lightgbm_reconciliation,cpu_core_weighted,lightgbm,bottom_up,lightgbm,independent,1,0,2,8,1.0210557754991707,1.132114434314775,weighted_mean_pct,4341,32,5000,-0.11105865881560435,-0.009320533948989684,1.132114434314775,1.0210557754991707,-0.09809843903529403,-0.16200268645901508,-0.0624451721186704,-0.13427687975237543,-0.058183538223792554,1.0,0.0,False,False
cpu_lightgbm_reconciliation,cpu_core_weighted,lightgbm,bottom_up,lightgbm,independent,2,0,2,8,1.0210557754991707,1.132114434314775,weighted_mean_pct,4341,32,5000,-0.11105865881560435,-0.009320533948989684,1.132114434314775,1.0210557754991707,-0.09809843903529403,-0.16200268645901508,-0.0624451721186704,-0.13427687975237543,-0.058183538223792554,1.0,0.0,False,False
cpu_lightgbm_reconciliation,cpu_core_weighted,lightgbm,bottom_up,lightgbm,independent,0,0,2,16,1.0266075964353596,1.1549701444181844,weighted_mean_pct,3798,32,5000,-0.12836254798282495,-0.00906677560485769,1.1549701444181844,1.0266075964353596,-0.11113927801786386,-0.17965983389278872,-0.08061740416792651,-0.14527075274188253,-0.07514902934416454,1.0,0.0,False,False
cpu_lightgbm_reconciliation,cpu_core_weighted,lightgbm,bottom_up,lightgbm,independent,1,0,2,16,1.0266075964353596,1.1549701444181844,weighted_mean_pct,3798,32,5000,-0.12836254798282495,-0.00906677560485769,1.1549701444181844,1.0266075964353596,-0.11113927801786386,-0.17965983389278872,-0.08061740416792651,-0.14527075274188253,-0.07514902934416454,1.0,0.0,False,False
cpu_lightgbm_reconciliation,cpu_core_weighted,lightgbm,bottom_up,lightgbm,independent,2,0,2,16,1.0266075964353596,1.1549701444181844,weighted_mean_pct,3798,32,5000,-0.12836254798282495,-0.00906677560485769,1.1549701444181844,1.0266075964353596,-0.11113927801786386,-0.17965983389278872,-0.08061740416792651,-0.14527075274188253,-0.07514902934416454,1.0,0.0,False,False
cpu_lightgbm_reconciliation,cpu_core_weighted,lightgbm,wls,lightgbm,independent,0,0,0,1,0.9998981625281598,1.1094787687062335,weighted_mean_pct,4847,32,5000,-0.10958060617807355,-0.02850997933825683,1.1094787687062335,0.9998981625281598,-0.09876764591525787,-0.1383671791749797,-0.0833653134973768,-0.11951816789295366,-0.07832253672809089,1.0,0.0,False,False
cpu_lightgbm_reconciliation,cpu_core_weighted,lightgbm,wls,lightgbm,independent,1,0,0,1,0.9998981625281598,1.1094787687062335,weighted_mean_pct,4847,32,5000,-0.10958060617807355,-0.02850997933825683,1.1094787687062335,0.9998981625281598,-0.09876764591525787,-0.1383671791749797,-0.0833653134973768,-0.11951816789295366,-0.07832253672809089,1.0,0.0,False,False
cpu_lightgbm_reconciliation,cpu_core_weighted,lightgbm,wls,lightgbm,independent,2,0,0,1,0.9998981625281598,1.1094787687062335,weighted_mean_pct,4847,32,5000,-0.10958060617807355,-0.02850997933825683,1.1094787687062335,0.9998981625281598,-0.09876764591525787,-0.1383671791749797,-0.0833653134973768,-0.11951816789295366,-0.07832253672809089,1.0,0.0,False,False
cpu_lightgbm_reconciliation,cpu_core_weighted,lightgbm,wls,lightgbm,independent,0,0,0,8,0.9863593395653419,1.08977444725631,weighted_mean_pct,4295,32,5000,-0.10341510769096823,-0.027856864463207565,1.08977444725631,0.9863593395653419,-0.09489588230971382,-0.13249689670490705,-0.07877473905431912,-0.11598208849306406,-0.07567532718434893,1.0,0.0,False,False
cpu_lightgbm_reconciliation,cpu_core_weighted,lightgbm,wls,lightgbm,independent,1,0,0,8,0.9863593395653419,1.08977444725631,weighted_mean_pct,4295,32,5000,-0.10341510769096823,-0.027856864463207565,1.08977444725631,0.9863593395653419,-0.09489588230971382,-0.13249689670490705,-0.07877473905431912,-0.11598208849306406,-0.07567532718434893,1.0,0.0,False,False
cpu_lightgbm_reconciliation,cpu_core_weighted,lightgbm,wls,lightgbm,independent,2,0,0,8,0.9863593395653419,1.08977444725631,weighted_mean_pct,4295,32,5000,-0.10341510769096823,-0.027856864463207565,1.08977444725631,0.9863593395653419,-0.09489588230971382,-0.13249689670490705,-0.07877473905431912,-0.11598208849306406,-0.07567532718434893,1.0,0.0,False,False
cpu_lightgbm_reconciliation,cpu_core_weighted,lightgbm,wls,lightgbm,independent,0,0,0,16,1.0180193510570834,1.117143297745833,weighted_mean_pct,3707,32,5000,-0.09912394668874977,-0.026755944009244637,1.117143297745833,1.0180193510570834,-0.0887298405573946,-0.12955403583148928,-0.0695111489560033,-0.11337028493085947,-0.06458218177504231,1.0,0.0,False,False
cpu_lightgbm_reconciliation,cpu_core_weighted,lightgbm,wls,lightgbm,independent,1,0,0,16,1.0180193510570834,1.117143297745833,weighted_mean_pct,3707,32,5000,-0.09912394668874977,-0.026755944009244637,1.117143297745833,1.0180193510570834,-0.0887298405573946,-0.12955403583148928,-0.0695111489560033,-0.11337028493085947,-0.06458218177504231,1.0,0.0,False,False
cpu_lightgbm_reconciliation,cpu_core_weighted,lightgbm,wls,lightgbm,independent,2,0,0,16,1.0180193510570834,1.117143297745833,weighted_mean_pct,3707,32,5000,-0.09912394668874977,-0.026755944009244637,1.117143297745833,1.0180193510570834,-0.0887298405573946,-0.12955403583148928,-0.0695111489560033,-0.11337028493085947,-0.06458218177504231,1.0,0.0,False,False
cpu_lightgbm_reconciliation,cpu_core_weighted,lightgbm,wls,lightgbm,independent,0,0,1,1,0.7733649699892712,0.8458250834966149,weighted_mean_pct,5261,32,5000,-0.07246011350734359,-0.014068535669762294,0.8458250834966149,0.7733649699892712,-0.08566796483239265,-0.09991148267419983,-0.045596321228685274,-0.11327959032944716,-0.05733575632177113,1.0,0.0,False,False
cpu_lightgbm_reconciliation,cpu_core_weighted,lightgbm,wls,lightgbm,independent,1,0,1,1,0.7733649699892712,0.8458250834966149,weighted_mean_pct,5261,32,5000,-0.07246011350734359,-0.014068535669762294,0.8458250834966149,0.7733649699892712,-0.08566796483239265,-0.09991148267419983,-0.045596321228685274,-0.11327959032944716,-0.05733575632177113,1.0,0.0,False,False
cpu_lightgbm_reconciliation,cpu_core_weighted,lightgbm,wls,lightgbm,independent,2,0,1,1,0.7733649699892712,0.8458250834966149,weighted_mean_pct,5261,32,5000,-0.07246011350734359,-0.014068535669762294,0.8458250834966149,0.7733649699892712,-0.08566796483239265,-0.09991148267419983,-0.045596321228685274,-0.11327959032944716,-0.05733575632177113,1.0,0.0,False,False
cpu_lightgbm_reconciliation,cpu_core_weighted,lightgbm,wls,lightgbm,independent,0,0,1,8,0.7873944212939674,0.8619293246865776,weighted_mean_pct,4778,32,5000,-0.07453490339261008,-0.014981878625422551,0.8619293246865776,0.7873944212939674,-0.08647449536504995,-0.10532539051690014,-0.046209618794169086,-0.11543640237347216,-0.05735988778616186,1.0,0.0,False,False
cpu_lightgbm_reconciliation,cpu_core_weighted,lightgbm,wls,lightgbm,independent,1,0,1,8,0.7873944212939674,0.8619293246865776,weighted_mean_pct,4778,32,5000,-0.07453490339261008,-0.014981878625422551,0.8619293246865776,0.7873944212939674,-0.08647449536504995,-0.10532539051690014,-0.046209618794169086,-0.11543640237347216,-0.05735988778616186,1.0,0.0,False,False
cpu_lightgbm_reconciliation,cpu_core_weighted,lightgbm,wls,lightgbm,independent,2,0,1,8,0.7873944212939674,0.8619293246865776,weighted_mean_pct,4778,32,5000,-0.07453490339261008,-0.014981878625422551,0.8619293246865776,0.7873944212939674,-0.08647449536504995,-0.10532539051690014,-0.046209618794169086,-0.11543640237347216,-0.05735988778616186,1.0,0.0,False,False
cpu_lightgbm_reconciliation,cpu_core_weighted,lightgbm,wls,lightgbm,independent,0,0,1,16,0.7892731254510011,0.8648501103571508,weighted_mean_pct,4317,32,5000,-0.0755769849061497,-0.014399128567159636,0.8648501103571508,0.7892731254510011,-0.08738737961765332,-0.10701819965958571,-0.04679515778328078,-0.11793930476318558,-0.0570130200043684,1.0,0.0,False,False
cpu_lightgbm_reconciliation,cpu_core_weighted,lightgbm,wls,lightgbm,independent,1,0,1,16,0.7892731254510011,0.8648501103571508,weighted_mean_pct,4317,32,5000,-0.0755769849061497,-0.014399128567159636,0.8648501103571508,0.7892731254510011,-0.08738737961765332,-0.10701819965958571,-0.04679515778328078,-0.11793930476318558,-0.0570130200043684,1.0,0.0,False,False
cpu_lightgbm_reconciliation,cpu_core_weighted,lightgbm,wls,lightgbm,independent,2,0,1,16,0.7892731254510011,0.8648501103571508,weighted_mean_pct,4317,32,5000,-0.0755769849061497,-0.014399128567159636,0.8648501103571508,0.7892731254510011,-0.08738737961765332,-0.10701819965958571,-0.04679515778328078,-0.11793930476318558,-0.0570130200043684,1.0,0.0,False,False
cpu_lightgbm_reconciliation,cpu_core_weighted,lightgbm,wls,lightgbm,independent,0,0,2,1,1.0165011232696677,1.1492168649705437,weighted_mean_pct,4852,32,5000,-0.132715741700876,-0.01909098949418464,1.1492168649705437,1.0165011232696677,-0.1154836356358882,-0.17332343073814166,-0.09658160617293798,-0.13844268371209645,-0.09131780544191749,1.0,0.0,False,False
cpu_lightgbm_reconciliation,cpu_core_weighted,lightgbm,wls,lightgbm,independent,1,0,2,1,1.0165011232696677,1.1492168649705437,weighted_mean_pct,4852,32,5000,-0.132715741700876,-0.01909098949418464,1.1492168649705437,1.0165011232696677,-0.1154836356358882,-0.17332343073814166,-0.09658160617293798,-0.13844268371209645,-0.09131780544191749,1.0,0.0,False,False
cpu_lightgbm_reconciliation,cpu_core_weighted,lightgbm,wls,lightgbm,independent,2,0,2,1,1.0165011232696677,1.1492168649705437,weighted_mean_pct,4852,32,5000,-0.132715741700876,-0.01909098949418464,1.1492168649705437,1.0165011232696677,-0.1154836356358882,-0.17332343073814166,-0.09658160617293798,-0.13844268371209645,-0.09131780544191749,1.0,0.0,False,False
cpu_lightgbm_reconciliation,cpu_core_weighted,lightgbm,wls,lightgbm,independent,0,0,2,8,1.0116825627701151,1.132114434314775,weighted_mean_pct,4341,32,5000,-0.12043187154465992,-0.017729595352319105,1.132114434314775,1.0116825627701151,-0.10637782532783681,-0.16005055230535095,-0.08383821033963251,-0.13129342945569036,-0.0800199306217958,1.0,0.0,False,False
cpu_lightgbm_reconciliation,cpu_core_weighted,lightgbm,wls,lightgbm,independent,1,0,2,8,1.0116825627701151,1.132114434314775,weighted_mean_pct,4341,32,5000,-0.12043187154465992,-0.017729595352319105,1.132114434314775,1.0116825627701151,-0.10637782532783681,-0.16005055230535095,-0.08383821033963251,-0.13129342945569036,-0.0800199306217958,1.0,0.0,False,False
cpu_lightgbm_reconciliation,cpu_core_weighted,lightgbm,wls,lightgbm,independent,2,0,2,8,1.0116825627701151,1.132114434314775,weighted_mean_pct,4341,32,5000,-0.12043187154465992,-0.017729595352319105,1.132114434314775,1.0116825627701151,-0.10637782532783681,-0.16005055230535095,-0.08383821033963251,-0.13129342945569036,-0.0800199306217958,1.0,0.0,False,False
cpu_lightgbm_reconciliation,cpu_core_weighted,lightgbm,wls,lightgbm,independent,0,0,2,16,1.020968838113624,1.1549701444181844,weighted_mean_pct,3798,32,5000,-0.13400130630456045,-0.016365249290744233,1.1549701444181844,1.020968838113624,-0.1160214460539701,-0.17474380144216886,-0.0964059348474036,-0.1392365366589506,-0.09128070274623873,1.0,0.0,False,False
cpu_lightgbm_reconciliation,cpu_core_weighted,lightgbm,wls,lightgbm,independent,1,0,2,16,1.020968838113624,1.1549701444181844,weighted_mean_pct,3798,32,5000,-0.13400130630456045,-0.016365249290744233,1.1549701444181844,1.020968838113624,-0.1160214460539701,-0.17474380144216886,-0.0964059348474036,-0.1392365366589506,-0.09128070274623873,1.0,0.0,False,False
cpu_lightgbm_reconciliation,cpu_core_weighted,lightgbm,wls,lightgbm,independent,2,0,2,16,1.020968838113624,1.1549701444181844,weighted_mean_pct,3798,32,5000,-0.13400130630456045,-0.016365249290744233,1.1549701444181844,1.020968838113624,-0.1160214460539701,-0.17474380144216886,-0.0964059348474036,-0.1392365366589506,-0.09128070274623873,1.0,0.0,False,False
cpu_lightgbm_reconciliation,cpu_core_weighted,lightgbm,mint,lightgbm,independent,0,0,0,1,0.9977431249325432,1.1094787687062335,weighted_mean_pct,4847,32,5000,-0.11173564377369019,-0.027913668444997874,1.1094787687062335,0.9977431249325432,-0.10071003332852008,-0.14160522165052875,-0.0843866848473154,-0.12269060745535496,-0.07903395448390742,1.0,0.0,False,False
cpu_lightgbm_reconciliation,cpu_core_weighted,lightgbm,mint,lightgbm,independent,1,0,0,1,0.9977431249325432,1.1094787687062335,weighted_mean_pct,4847,32,5000,-0.11173564377369019,-0.027913668444997874,1.1094787687062335,0.9977431249325432,-0.10071003332852008,-0.14160522165052875,-0.0843866848473154,-0.12269060745535496,-0.07903395448390742,1.0,0.0,False,False
cpu_lightgbm_reconciliation,cpu_core_weighted,lightgbm,mint,lightgbm,independent,2,0,0,1,0.9977431249325432,1.1094787687062335,weighted_mean_pct,4847,32,5000,-0.11173564377369019,-0.027913668444997874,1.1094787687062335,0.9977431249325432,-0.10071003332852008,-0.14160522165052875,-0.0843866848473154,-0.12269060745535496,-0.07903395448390742,1.0,0.0,False,False
cpu_lightgbm_reconciliation,cpu_core_weighted,lightgbm,mint,lightgbm,independent,0,0,0,8,0.9801360741347103,1.08977444725631,weighted_mean_pct,4295,32,5000,-0.10963837312159978,-0.029983588761265167,1.08977444725631,0.9801360741347103,-0.10060648182532889,-0.1434465722239076,-0.08102944813493856,-0.12641036158796573,-0.07733002541946907,1.0,0.0,False,False
cpu_lightgbm_reconciliation,cpu_core_weighted,lightgbm,mint,lightgbm,independent,1,0,0,8,0.9801360741347103,1.08977444725631,weighted_mean_pct,4295,32,5000,-0.10963837312159978,-0.029983588761265167,1.08977444725631,0.9801360741347103,-0.10060648182532889,-0.1434465722239076,-0.08102944813493856,-0.12641036158796573,-0.07733002541946907,1.0,0.0,False,False
cpu_lightgbm_reconciliation,cpu_core_weighted,lightgbm,mint,lightgbm,independent,2,0,0,8,0.9801360741347103,1.08977444725631,weighted_mean_pct,4295,32,5000,-0.10963837312159978,-0.029983588761265167,1.08977444725631,0.9801360741347103,-0.10060648182532889,-0.1434465722239076,-0.08102944813493856,-0.12641036158796573,-0.07733002541946907,1.0,0.0,False,False
cpu_lightgbm_reconciliation,cpu_core_weighted,lightgbm,mint,lightgbm,independent,0,0,0,16,1.0129957773486316,1.117143297745833,weighted_mean_pct,3707,32,5000,-0.10414752039720146,-0.028012603052056217,1.117143297745833,1.0129957773486316,-0.09322664389371522,-0.1405743760164677,-0.0691525654279232,-0.12415167392870685,-0.06318192675399276,1.0,0.0,False,False
cpu_lightgbm_reconciliation,cpu_core_weighted,lightgbm,mint,lightgbm,independent,1,0,0,16,1.0129957773486316,1.117143297745833,weighted_mean_pct,3707,32,5000,-0.10414752039720146,-0.028012603052056217,1.117143297745833,1.0129957773486316,-0.09322664389371522,-0.1405743760164677,-0.0691525654279232,-0.12415167392870685,-0.06318192675399276,1.0,0.0,False,False
cpu_lightgbm_reconciliation,cpu_core_weighted,lightgbm,mint,lightgbm,independent,2,0,0,16,1.0129957773486316,1.117143297745833,weighted_mean_pct,3707,32,5000,-0.10414752039720146,-0.028012603052056217,1.117143297745833,1.0129957773486316,-0.09322664389371522,-0.1405743760164677,-0.0691525654279232,-0.12415167392870685,-0.06318192675399276,1.0,0.0,False,False
cpu_lightgbm_reconciliation,cpu_core_weighted,lightgbm,mint,lightgbm,independent,0,0,1,1,0.7730862362246635,0.8458250834966149,weighted_mean_pct,5261,32,5000,-0.0727388472719513,-0.014324514342474615,0.8458250834966149,0.7730862362246635,-0.08599750550226194,-0.10072817454323585,-0.04541291903580142,-0.11423435532520912,-0.05712996753551647,1.0,0.0,False,False
cpu_lightgbm_reconciliation,cpu_core_weighted,lightgbm,mint,lightgbm,independent,1,0,1,1,0.7730862362246635,0.8458250834966149,weighted_mean_pct,5261,32,5000,-0.0727388472719513,-0.014324514342474615,0.8458250834966149,0.7730862362246635,-0.08599750550226194,-0.10072817454323585,-0.04541291903580142,-0.11423435532520912,-0.05712996753551647,1.0,0.0,False,False
cpu_lightgbm_reconciliation,cpu_core_weighted,lightgbm,mint,lightgbm,independent,2,0,1,1,0.7730862362246635,0.8458250834966149,weighted_mean_pct,5261,32,5000,-0.0727388472719513,-0.014324514342474615,0.8458250834966149,0.7730862362246635,-0.08599750550226194,-0.10072817454323585,-0.04541291903580142,-0.11423435532520912,-0.05712996753551647,1.0,0.0,False,False
cpu_lightgbm_reconciliation,cpu_core_weighted,lightgbm,mint,lightgbm,independent,0,0,1,8,0.7877895503581098,0.8619293246865776,weighted_mean_pct,4778,32,5000,-0.0741397743284676,-0.01507133980875075,0.8619293246865776,0.7877895503581098,-0.08601607139358783,-0.10440575283220326,-0.046197266276180406,-0.11439071802043962,-0.05749061256799231,1.0,0.0,False,False
cpu_lightgbm_reconciliation,cpu_core_weighted,lightgbm,mint,lightgbm,independent,1,0,1,8,0.7877895503581098,0.8619293246865776,weighted_mean_pct,4778,32,5000,-0.0741397743284676,-0.01507133980875075,0.8619293246865776,0.7877895503581098,-0.08601607139358783,-0.10440575283220326,-0.046197266276180406,-0.11439071802043962,-0.05749061256799231,1.0,0.0,False,False
cpu_lightgbm_reconciliation,cpu_core_weighted,lightgbm,mint,lightgbm,independent,2,0,1,8,0.7877895503581098,0.8619293246865776,weighted_mean_pct,4778,32,5000,-0.0741397743284676,-0.01507133980875075,0.8619293246865776,0.7877895503581098,-0.08601607139358783,-0.10440575283220326,-0.046197266276180406,-0.11439071802043962,-0.05749061256799231,1.0,0.0,False,False
cpu_lightgbm_reconciliation,cpu_core_weighted,lightgbm,mint,lightgbm,independent,0,0,1,16,0.7901883349375971,0.8648501103571508,weighted_mean_pct,4317,32,5000,-0.07466177541955366,-0.014849853987208839,0.8648501103571508,0.7901883349375971,-0.08632915059549583,-0.10515045164852764,-0.046880592923219805,-0.11547304133141514,-0.05723135088179041,1.0,0.0,False,False
cpu_lightgbm_reconciliation,cpu_core_weighted,lightgbm,mint,lightgbm,independent,1,0,1,16,0.7901883349375971,0.8648501103571508,weighted_mean_pct,4317,32,5000,-0.07466177541955366,-0.014849853987208839,0.8648501103571508,0.7901883349375971,-0.08632915059549583,-0.10515045164852764,-0.046880592923219805,-0.11547304133141514,-0.05723135088179041,1.0,0.0,False,False
cpu_lightgbm_reconciliation,cpu_core_weighted,lightgbm,mint,lightgbm,independent,2,0,1,16,0.7901883349375971,0.8648501103571508,weighted_mean_pct,4317,32,5000,-0.07466177541955366,-0.014849853987208839,0.8648501103571508,0.7901883349375971,-0.08632915059549583,-0.10515045164852764,-0.046880592923219805,-0.11547304133141514,-0.05723135088179041,1.0,0.0,False,False
cpu_lightgbm_reconciliation,cpu_core_weighted,lightgbm,mint,lightgbm,independent,0,0,2,1,1.0112159355198145,1.1492168649705437,weighted_mean_pct,4852,32,5000,-0.1380009294507292,-0.017854655922428853,1.1492168649705437,1.0112159355198145,-0.1200825828937573,-0.1842925429936826,-0.09580363024406802,-0.14761516207941217,-0.08981749290632834,1.0,0.0,False,False
cpu_lightgbm_reconciliation,cpu_core_weighted,lightgbm,mint,lightgbm,independent,1,0,2,1,1.0112159355198145,1.1492168649705437,weighted_mean_pct,4852,32,5000,-0.1380009294507292,-0.017854655922428853,1.1492168649705437,1.0112159355198145,-0.1200825828937573,-0.1842925429936826,-0.09580363024406802,-0.14761516207941217,-0.08981749290632834,1.0,0.0,False,False
cpu_lightgbm_reconciliation,cpu_core_weighted,lightgbm,mint,lightgbm,independent,2,0,2,1,1.0112159355198145,1.1492168649705437,weighted_mean_pct,4852,32,5000,-0.1380009294507292,-0.017854655922428853,1.1492168649705437,1.0112159355198145,-0.1200825828937573,-0.1842925429936826,-0.09580363024406802,-0.14761516207941217,-0.08981749290632834,1.0,0.0,False,False
cpu_lightgbm_reconciliation,cpu_core_weighted,lightgbm,mint,lightgbm,independent,0,0,2,8,1.0098630269075288,1.132114434314775,weighted_mean_pct,4341,32,5000,-0.12225140740724641,-0.014404515052269584,1.132114434314775,1.0098630269075288,-0.10798502669144082,-0.1681563042284186,-0.08014106639105648,-0.1380641933115599,-0.07561581536414326,1.0,0.0,False,False
cpu_lightgbm_reconciliation,cpu_core_weighted,lightgbm,mint,lightgbm,independent,1,0,2,8,1.0098630269075288,1.132114434314775,weighted_mean_pct,4341,32,5000,-0.12225140740724641,-0.014404515052269584,1.132114434314775,1.0098630269075288,-0.10798502669144082,-0.1681563042284186,-0.08014106639105648,-0.1380641933115599,-0.07561581536414326,1.0,0.0,False,False
cpu_lightgbm_reconciliation,cpu_core_weighted,lightgbm,mint,lightgbm,independent,2,0,2,8,1.0098630269075288,1.132114434314775,weighted_mean_pct,4341,32,5000,-0.12225140740724641,-0.014404515052269584,1.132114434314775,1.0098630269075288,-0.10798502669144082,-0.1681563042284186,-0.08014106639105648,-0.1380641933115599,-0.07561581536414326,1.0,0.0,False,False
cpu_lightgbm_reconciliation,cpu_core_weighted,lightgbm,mint,lightgbm,independent,0,0,2,16,1.0172490640950174,1.1549701444181844,weighted_mean_pct,3798,32,5000,-0.13772108032316702,-0.01312662621048366,1.1549701444181844,1.0172490640950174,-0.11924211287084303,-0.1836825132260006,-0.0951492344770902,-0.14757140361503743,-0.0896639937970474,1.0,0.0,False,False
cpu_lightgbm_reconciliation,cpu_core_weighted,lightgbm,mint,lightgbm,independent,1,0,2,16,1.0172490640950174,1.1549701444181844,weighted_mean_pct,3798,32,5000,-0.13772108032316702,-0.01312662621048366,1.1549701444181844,1.0172490640950174,-0.11924211287084303,-0.1836825132260006,-0.0951492344770902,-0.14757140361503743,-0.0896639937970474,1.0,0.0,False,False
cpu_lightgbm_reconciliation,cpu_core_weighted,lightgbm,mint,lightgbm,independent,2,0,2,16,1.0172490640950174,1.1549701444181844,weighted_mean_pct,3798,32,5000,-0.13772108032316702,-0.01312662621048366,1.1549701444181844,1.0172490640950174,-0.11924211287084303,-0.1836825132260006,-0.0951492344770902,-0.14757140361503743,-0.0896639937970474,1.0,0.0,False,False
memory_lightgbm_vs_ewma,memory_um,lightgbm,independent,ewma,independent,0,0,0,1,1848635679.4026902,1286777035.5287719,native,8276,32,5000,561858643.8739183,538540358.9320526,1286777035.5287719,1848635679.4026902,0.4366402479688606,506829311.68537134,614606290.6004714,0.36833419398804707,0.5196930790403648,0.0,0.0,False,False
memory_lightgbm_vs_ewma,memory_um,lightgbm,independent,ewma,independent,1,0,0,1,1848635679.4026902,1286777035.5287719,native,8276,32,5000,561858643.8739183,538540358.9320526,1286777035.5287719,1848635679.4026902,0.4366402479688606,506829311.68537134,614606290.6004714,0.36833419398804707,0.5196930790403648,0.0,0.0,False,False
memory_lightgbm_vs_ewma,memory_um,lightgbm,independent,ewma,independent,2,0,0,1,1848635679.4026902,1286777035.5287719,native,8276,32,5000,561858643.8739183,538540358.9320526,1286777035.5287719,1848635679.4026902,0.4366402479688606,506829311.68537134,614606290.6004714,0.36833419398804707,0.5196930790403648,0.0,0.0,False,False
memory_lightgbm_vs_ewma,memory_um,lightgbm,independent,ewma,independent,0,0,0,8,1526324191.3500135,1284254786.1130323,native,8269,32,5000,242069405.23698103,129078212.52885437,1284254786.1130323,1526324191.3500135,0.18849017177474278,196283167.4272805,284049940.6726573,0.1472003202251103,0.23273094610478245,0.0,0.0,False,False
memory_lightgbm_vs_ewma,memory_um,lightgbm,independent,ewma,independent,1,0,0,8,1526324191.3500135,1284254786.1130323,native,8269,32,5000,242069405.23698103,129078212.52885437,1284254786.1130323,1526324191.3500135,0.18849017177474278,196283167.4272805,284049940.6726573,0.1472003202251103,0.23273094610478245,0.0,0.0,False,False
memory_lightgbm_vs_ewma,memory_um,lightgbm,independent,ewma,independent,2,0,0,8,1526324191.3500135,1284254786.1130323,native,8269,32,5000,242069405.23698103,129078212.52885437,1284254786.1130323,1526324191.3500135,0.18849017177474278,196283167.4272805,284049940.6726573,0.1472003202251103,0.23273094610478245,0.0,0.0,False,False
memory_lightgbm_vs_ewma,memory_um,lightgbm,independent,ewma,independent,0,0,0,16,1735274052.5911322,1278392838.9775565,native,8261,32,5000,456881213.6135759,359318601.09051514,1278392838.9775565,1735274052.5911322,0.3573871815325437,402230850.98313785,505237214.0311325,0.2970618598847545,0.42179361349067795,0.0,0.0,False,False
memory_lightgbm_vs_ewma,memory_um,lightgbm,independent,ewma,independent,1,0,0,16,1735274052.5911322,1278392838.9775565,native,8261,32,5000,456881213.6135759,359318601.09051514,1278392838.9775565,1735274052.5911322,0.3573871815325437,402230850.98313785,505237214.0311325,0.2970618598847545,0.42179361349067795,0.0,0.0,False,False
memory_lightgbm_vs_ewma,memory_um,lightgbm,independent,ewma,independent,2,0,0,16,1735274052.5911322,1278392838.9775565,native,8261,32,5000,456881213.6135759,359318601.09051514,1278392838.9775565,1735274052.5911322,0.3573871815325437,402230850.98313785,505237214.0311325,0.2970618598847545,0.42179361349067795,0.0,0.0,False,False
memory_lightgbm_vs_ewma,memory_um,lightgbm,independent,ewma,independent,0,0,1,1,1352577183.8579013,834534180.4979616,native,8276,32,5000,518043003.35993963,554284689.4677963,834534180.4979616,1352577183.8579013,0.6207570827726031,453369719.3935601,572831540.1615573,0.4704178390121603,0.8069313064893794,0.0,0.0,False,False
memory_lightgbm_vs_ewma,memory_um,lightgbm,independent,ewma,independent,1,0,1,1,1352577183.8579013,834534180.4979616,native,8276,32,5000,518043003.35993963,554284689.4677963,834534180.4979616,1352577183.8579013,0.6207570827726031,453369719.3935601,572831540.1615573,0.4704178390121603,0.8069313064893794,0.0,0.0,False,False
memory_lightgbm_vs_ewma,memory_um,lightgbm,independent,ewma,independent,2,0,1,1,1352577183.8579013,834534180.4979616,native,8276,32,5000,518043003.35993963,554284689.4677963,834534180.4979616,1352577183.8579013,0.6207570827726031,453369719.3935601,572831540.1615573,0.4704178390121603,0.8069313064893794,0.0,0.0,False,False
memory_lightgbm_vs_ewma,memory_um,lightgbm,independent,ewma,independent,0,0,1,8,1349230704.7903304,835071934.4879591,native,8269,32,5000,514158770.30237144,509233234.8917999,835071934.4879591,1349230704.7903304,0.6157059638432683,450131474.3084612,571646070.8496507,0.46712464809645554,0.811494139688387,0.0,0.0,False,False
memory_lightgbm_vs_ewma,memory_um,lightgbm,independent,ewma,independent,1,0,1,8,1349230704.7903304,835071934.4879591,native,8269,32,5000,514158770.30237144,509233234.8917999,835071934.4879591,1349230704.7903304,0.6157059638432683,450131474.3084612,571646070.8496507,0.46712464809645554,0.811494139688387,0.0,0.0,False,False
memory_lightgbm_vs_ewma,memory_um,lightgbm,independent,ewma,independent,2,0,1,8,1349230704.7903304,835071934.4879591,native,8269,32,5000,514158770.30237144,509233234.8917999,835071934.4879591,1349230704.7903304,0.6157059638432683,450131474.3084612,571646070.8496507,0.46712464809645554,0.811494139688387,0.0,0.0,False,False
memory_lightgbm_vs_ewma,memory_um,lightgbm,independent,ewma,independent,0,0,1,16,1348125215.317614,835569802.7322348,native,8261,32,5000,512555412.5853792,557168669.9263153,835569802.7322348,1348125215.317614,0.6134202204404361,446564493.40509254,573692221.8630922,0.46188542821184386,0.8087345981699755,0.0,0.0,False,False
memory_lightgbm_vs_ewma,memory_um,lightgbm,independent,ewma,independent,1,0,1,16,1348125215.317614,835569802.7322348,native,8261,32,5000,512555412.5853792,557168669.9263153,835569802.7322348,1348125215.317614,0.6134202204404361,446564493.40509254,573692221.8630922,0.46188542821184386,0.8087345981699755,0.0,0.0,False,False
memory_lightgbm_vs_ewma,memory_um,lightgbm,independent,ewma,independent,2,0,1,16,1348125215.317614,835569802.7322348,native,8261,32,5000,512555412.5853792,557168669.9263153,835569802.7322348,1348125215.317614,0.6134202204404361,446564493.40509254,573692221.8630922,0.46188542821184386,0.8087345981699755,0.0,0.0,False,False
memory_lightgbm_vs_ewma,memory_um,lightgbm,independent,ewma,independent,0,0,2,1,1263368437.7287288,1034898874.6414589,native,8279,32,5000,228469563.08726966,218308337.13087463,1034898874.6414589,1263368437.7287288,0.22076510921554826,169880696.64249206,282008514.14144963,0.14699011831147624,0.3023801634089194,0.0,0.0,False,False
memory_lightgbm_vs_ewma,memory_um,lightgbm,independent,ewma,independent,1,0,2,1,1263368437.7287288,1034898874.6414589,native,8279,32,5000,228469563.08726966,218308337.13087463,1034898874.6414589,1263368437.7287288,0.22076510921554826,169880696.64249206,282008514.14144963,0.14699011831147624,0.3023801634089194,0.0,0.0,False,False
memory_lightgbm_vs_ewma,memory_um,lightgbm,independent,ewma,independent,2,0,2,1,1263368437.7287288,1034898874.6414589,native,8279,32,5000,228469563.08726966,218308337.13087463,1034898874.6414589,1263368437.7287288,0.22076510921554826,169880696.64249206,282008514.14144963,0.14699011831147624,0.3023801634089194,0.0,0.0,False,False
memory_lightgbm_vs_ewma,memory_um,lightgbm,independent,ewma,independent,0,0,2,8,1262294522.4928114,1035591176.3913442,native,8272,32,5000,226703346.1014674,240325991.78420258,1035591176.3913442,1262294522.4928114,0.2189120101345837,166649945.81552342,281595568.6109182,0.14488523597927772,0.30307705908562704,0.0,0.0,False,False
memory_lightgbm_vs_ewma,memory_um,lightgbm,independent,ewma,independent,1,0,2,8,1262294522.4928114,1035591176.3913442,native,8272,32,5000,226703346.1014674,240325991.78420258,1035591176.3913442,1262294522.4928114,0.2189120101345837,166649945.81552342,281595568.6109182,0.14488523597927772,0.30307705908562704,0.0,0.0,False,False
memory_lightgbm_vs_ewma,memory_um,lightgbm,independent,ewma,independent,2,0,2,8,1262294522.4928114,1035591176.3913442,native,8272,32,5000,226703346.1014674,240325991.78420258,1035591176.3913442,1262294522.4928114,0.2189120101345837,166649945.81552342,281595568.6109182,0.14488523597927772,0.30307705908562704,0.0,0.0,False,False
memory_lightgbm_vs_ewma,memory_um,lightgbm,independent,ewma,independent,0,0,2,16,1266339742.2184117,1036338955.8872703,native,8264,32,5000,230000786.3311413,215780514.4062729,1036338955.8872703,1266339742.2184117,0.22193586859255346,171396288.1994259,282848787.6816956,0.1481683820309109,0.3048688682925994,0.0,0.0,False,False
memory_lightgbm_vs_ewma,memory_um,lightgbm,independent,ewma,independent,1,0,2,16,1266339742.2184117,1036338955.8872703,native,8264,32,5000,230000786.3311413,215780514.4062729,1036338955.8872703,1266339742.2184117,0.22193586859255346,171396288.1994259,282848787.6816956,0.1481683820309109,0.3048688682925994,0.0,0.0,False,False
memory_lightgbm_vs_ewma,memory_um,lightgbm,independent,ewma,independent,2,0,2,16,1266339742.2184117,1036338955.8872703,native,8264,32,5000,230000786.3311413,215780514.4062729,1036338955.8872703,1266339742.2184117,0.22193586859255346,171396288.1994259,282848787.6816956,0.1481683820309109,0.3048688682925994,0.0,0.0,False,False
memory_lightgbm_reconciliation,memory_um,lightgbm,bottom_up,lightgbm,independent,0,0,0,1,2075080793.3826785,1848635679.4026902,native,8276,32,5000,226445113.9799882,509124778.1463547,1848635679.4026902,2075080793.3826785,0.12249309937215673,113403082.64470142,352388393.56593573,0.057098007368322455,0.2080385221744598,0.0004,0.0008,False,False
memory_lightgbm_reconciliation,memory_um,lightgbm,bottom_up,lightgbm,independent,1,0,0,1,2075080793.3826785,1848635679.4026902,native,8276,32,5000,226445113.9799882,509124778.1463547,1848635679.4026902,2075080793.3826785,0.12249309937215673,113403082.64470142,352388393.56593573,0.057098007368322455,0.2080385221744598,0.0004,0.0008,False,False
memory_lightgbm_reconciliation,memory_um,lightgbm,bottom_up,lightgbm,independent,2,0,0,1,2075080793.3826785,1848635679.4026902,native,8276,32,5000,226445113.9799882,509124778.1463547,1848635679.4026902,2075080793.3826785,0.12249309937215673,113403082.64470142,352388393.56593573,0.057098007368322455,0.2080385221744598,0.0004,0.0008,False,False
memory_lightgbm_reconciliation,memory_um,lightgbm,bottom_up,lightgbm,independent,0,0,0,8,2008866215.1720126,1526324191.3500135,native,8269,32,5000,482542023.82199913,600942159.2368011,1526324191.3500135,2008866215.1720126,0.31614648221961095,363017916.1392525,611801840.9451164,0.2171210264061993,0.44686643416123645,0.0,0.0,False,False
memory_lightgbm_reconciliation,memory_um,lightgbm,bottom_up,lightgbm,independent,1,0,0,8,2008866215.1720126,1526324191.3500135,native,8269,32,5000,482542023.82199913,600942159.2368011,1526324191.3500135,2008866215.1720126,0.31614648221961095,363017916.1392525,611801840.9451164,0.2171210264061993,0.44686643416123645,0.0,0.0,False,False
memory_lightgbm_reconciliation,memory_um,lightgbm,bottom_up,lightgbm,independent,2,0,0,8,2008866215.1720126,1526324191.3500135,native,8269,32,5000,482542023.82199913,600942159.2368011,1526324191.3500135,2008866215.1720126,0.31614648221961095,363017916.1392525,611801840.9451164,0.2171210264061993,0.44686643416123645,0.0,0.0,False,False
memory_lightgbm_reconciliation,memory_um,lightgbm,bottom_up,lightgbm,independent,0,0,0,16,2111881147.9847877,1735274052.5911322,native,8261,32,5000,376607095.3936553,571239278.4701691,1735274052.5911322,2111881147.9847877,0.2170303271873979,256041707.9699265,506716327.3489141,0.13682381181290942,0.3213913601490045,0.0,0.0,False,False
memory_lightgbm_reconciliation,memory_um,lightgbm,bottom_up,lightgbm,independent,1,0,0,16,2111881147.9847877,1735274052.5911322,native,8261,32,5000,376607095.3936553,571239278.4701691,1735274052.5911322,2111881147.9847877,0.2170303271873979,256041707.9699265,506716327.3489141,0.13682381181290942,0.3213913601490045,0.0,0.0,False,False
memory_lightgbm_reconciliation,memory_um,lightgbm,bottom_up,lightgbm,independent,2,0,0,16,2111881147.9847877,1735274052.5911322,native,8261,32,5000,376607095.3936553,571239278.4701691,1735274052.5911322,2111881147.9847877,0.2170303271873979,256041707.9699265,506716327.3489141,0.13682381181290942,0.3213913601490045,0.0,0.0,False,False
memory_lightgbm_reconciliation,memory_um,lightgbm,bottom_up,lightgbm,independent,0,0,1,1,1196299637.4371316,1352577183.8579013,native,8276,32,5000,-156277546.42076963,-34846278.145858765,1352577183.8579013,1196299637.4371316,-0.11554057564022002,-198692654.95187083,-115521834.03366163,-0.14390313408169578,-0.08765855371113852,1.0,0.0,False,False
memory_lightgbm_reconciliation,memory_um,lightgbm,bottom_up,lightgbm,independent,1,0,1,1,1196299637.4371316,1352577183.8579013,native,8276,32,5000,-156277546.42076963,-34846278.145858765,1352577183.8579013,1196299637.4371316,-0.11554057564022002,-198692654.95187083,-115521834.03366163,-0.14390313408169578,-0.08765855371113852,1.0,0.0,False,False
memory_lightgbm_reconciliation,memory_um,lightgbm,bottom_up,lightgbm,independent,2,0,1,1,1196299637.4371316,1352577183.8579013,native,8276,32,5000,-156277546.42076963,-34846278.145858765,1352577183.8579013,1196299637.4371316,-0.11554057564022002,-198692654.95187083,-115521834.03366163,-0.14390313408169578,-0.08765855371113852,1.0,0.0,False,False
memory_lightgbm_reconciliation,memory_um,lightgbm,bottom_up,lightgbm,independent,0,0,1,8,1340514100.6138046,1349230704.7903304,native,8269,32,5000,-8716604.176525947,86723792.38044739,1349230704.7903304,1340514100.6138046,-0.006460425296858702,-53529911.4559443,35114470.257797085,-0.03897731938850296,0.026570189407562977,0.6434,0.7132,True,True
memory_lightgbm_reconciliation,memory_um,lightgbm,bottom_up,lightgbm,independent,1,0,1,8,1340514100.6138046,1349230704.7903304,native,8269,32,5000,-8716604.176525947,86723792.38044739,1349230704.7903304,1340514100.6138046,-0.006460425296858702,-53529911.4559443,35114470.257797085,-0.03897731938850296,0.026570189407562977,0.6434,0.7132,True,True
memory_lightgbm_reconciliation,memory_um,lightgbm,bottom_up,lightgbm,independent,2,0,1,8,1340514100.6138046,1349230704.7903304,native,8269,32,5000,-8716604.176525947,86723792.38044739,1349230704.7903304,1340514100.6138046,-0.006460425296858702,-53529911.4559443,35114470.257797085,-0.03897731938850296,0.026570189407562977,0.6434,0.7132,True,True
memory_lightgbm_reconciliation,memory_um,lightgbm,bottom_up,lightgbm,independent,0,0,1,16,1398288473.5837512,1348125215.317614,native,8261,32,5000,50163258.26613721,117738796.6214447,1348125215.317614,1398288473.5837512,0.037209643211308756,6743272.890027523,91673030.74116543,0.004899209301626979,0.0704077421375394,0.011,0.022,False,False
memory_lightgbm_reconciliation,memory_um,lightgbm,bottom_up,lightgbm,independent,1,0,1,16,1398288473.5837512,1348125215.317614,native,8261,32,5000,50163258.26613721,117738796.6214447,1348125215.317614,1398288473.5837512,0.037209643211308756,6743272.890027523,91673030.74116543,0.004899209301626979,0.0704077421375394,0.011,0.022,False,False
memory_lightgbm_reconciliation,memory_um,lightgbm,bottom_up,lightgbm,independent,2,0,1,16,1398288473.5837512,1348125215.317614,native,8261,32,5000,50163258.26613721,117738796.6214447,1348125215.317614,1398288473.5837512,0.037209643211308756,6743272.890027523,91673030.74116543,0.004899209301626979,0.0704077421375394,0.011,0.022,False,False
memory_lightgbm_reconciliation,memory_um,lightgbm,bottom_up,lightgbm,independent,0,0,2,1,1173657905.0886176,1263368437.7287288,native,8279,32,5000,-89710532.64011082,-64563854.4067688,1263368437.7287288,1173657905.0886176,-0.07100900256887177,-126703873.42109495,-52136341.10080119,-0.10001286552556753,-0.04147358393076704,1.0,0.0,False,False
memory_lightgbm_reconciliation,memory_um,lightgbm,bottom_up,lightgbm,independent,1,0,2,1,1173657905.0886176,1263368437.7287288,native,8279,32,5000,-89710532.64011082,-64563854.4067688,1263368437.7287288,1173657905.0886176,-0.07100900256887177,-126703873.42109495,-52136341.10080119,-0.10001286552556753,-0.04147358393076704,1.0,0.0,False,False
memory_lightgbm_reconciliation,memory_um,lightgbm,bottom_up,lightgbm,independent,2,0,2,1,1173657905.0886176,1263368437.7287288,native,8279,32,5000,-89710532.64011082,-64563854.4067688,1263368437.7287288,1173657905.0886176,-0.07100900256887177,-126703873.42109495,-52136341.10080119,-0.10001286552556753,-0.04147358393076704,1.0,0.0,False,False
memory_lightgbm_reconciliation,memory_um,lightgbm,bottom_up,lightgbm,independent,0,0,2,8,1167561614.072031,1262294522.4928114,native,8272,32,5000,-94732908.42078078,-86299620.32493591,1262294522.4928114,1167561614.072031,-0.07504818149230325,-132271571.14719322,-56257703.369340315,-0.10538206460244101,-0.04390224210831381,1.0,0.0,False,False
memory_lightgbm_reconciliation,memory_um,lightgbm,bottom_up,lightgbm,independent,1,0,2,8,1167561614.072031,1262294522.4928114,native,8272,32,5000,-94732908.42078078,-86299620.32493591,1262294522.4928114,1167561614.072031,-0.07504818149230325,-132271571.14719322,-56257703.369340315,-0.10538206460244101,-0.04390224210831381,1.0,0.0,False,False
memory_lightgbm_reconciliation,memory_um,lightgbm,bottom_up,lightgbm,independent,2,0,2,8,1167561614.072031,1262294522.4928114,native,8272,32,5000,-94732908.42078078,-86299620.32493591,1262294522.4928114,1167561614.072031,-0.07504818149230325,-132271571.14719322,-56257703.369340315,-0.10538206460244101,-0.04390224210831381,1.0,0.0,False,False
memory_lightgbm_reconciliation,memory_um,lightgbm,bottom_up,lightgbm,independent,0,0,2,16,1130609376.3134103,1266339742.2184117,native,8264,32,5000,-135730365.9050015,-118923101.48039246,1266339742.2184117,1130609376.3134103,-0.10718321583055192,-171465383.57418194,-97483516.57312874,-0.1363158972913839,-0.07563395046749563,1.0,0.0,False,False
memory_lightgbm_reconciliation,memory_um,lightgbm,bottom_up,lightgbm,independent,1,0,2,16,1130609376.3134103,1266339742.2184117,native,8264,32,5000,-135730365.9050015,-118923101.48039246,1266339742.2184117,1130609376.3134103,-0.10718321583055192,-171465383.57418194,-97483516.57312874,-0.1363158972913839,-0.07563395046749563,1.0,0.0,False,False
memory_lightgbm_reconciliation,memory_um,lightgbm,bottom_up,lightgbm,independent,2,0,2,16,1130609376.3134103,1266339742.2184117,native,8264,32,5000,-135730365.9050015,-118923101.48039246,1266339742.2184117,1130609376.3134103,-0.10718321583055192,-171465383.57418194,-97483516.57312874,-0.1363158972913839,-0.07563395046749563,1.0,0.0,False,False
memory_lightgbm_reconciliation,memory_um,lightgbm,bottom_up,ewma,independent,0,0,0,1,2075080793.3826785,1286777035.5287719,native,8276,32,5000,788303757.8539065,1228461108.2085876,1286777035.5287719,2075080793.3826785,0.6126187646253501,669512638.0353441,917469403.7684904,0.46691667964855843,0.8158113812524231,0.0,0.0,False,False
memory_lightgbm_reconciliation,memory_um,lightgbm,bottom_up,ewma,independent,1,0,0,1,2075080793.3826785,1286777035.5287719,native,8276,32,5000,788303757.8539065,1228461108.2085876,1286777035.5287719,2075080793.3826785,0.6126187646253501,669512638.0353441,917469403.7684904,0.46691667964855843,0.8158113812524231,0.0,0.0,False,False
memory_lightgbm_reconciliation,memory_um,lightgbm,bottom_up,ewma,independent,2,0,0,1,2075080793.3826785,1286777035.5287719,native,8276,32,5000,788303757.8539065,1228461108.2085876,1286777035.5287719,2075080793.3826785,0.6126187646253501,669512638.0353441,917469403.7684904,0.46691667964855843,0.8158113812524231,0.0,0.0,False,False
memory_lightgbm_reconciliation,memory_um,lightgbm,bottom_up,ewma,independent,0,0,0,8,2008866215.1720126,1284254786.1130323,native,8269,32,5000,724611429.0589802,1096930837.376648,1284254786.1130323,2008866215.1720126,0.5642271587339089,606830530.1169112,846081461.3861538,0.42515016880811946,0.7541683157363975,0.0,0.0,False,False
memory_lightgbm_reconciliation,memory_um,lightgbm,bottom_up,ewma,independent,1,0,0,8,2008866215.1720126,1284254786.1130323,native,8269,32,5000,724611429.0589802,1096930837.376648,1284254786.1130323,2008866215.1720126,0.5642271587339089,606830530.1169112,846081461.3861538,0.42515016880811946,0.7541683157363975,0.0,0.0,False,False
memory_lightgbm_reconciliation,memory_um,lightgbm,bottom_up,ewma,independent,2,0,0,8,2008866215.1720126,1284254786.1130323,native,8269,32,5000,724611429.0589802,1096930837.376648,1284254786.1130323,2008866215.1720126,0.5642271587339089,606830530.1169112,846081461.3861538,0.42515016880811946,0.7541683157363975,0.0,0.0,False,False
memory_lightgbm_reconciliation,memory_um,lightgbm,bottom_up,ewma,independent,0,0,0,16,2111881147.9847877,1278392838.9775565,native,8261,32,5000,833488309.0072311,1314268299.8962708,1278392838.9775565,2111881147.9847877,0.6519813656605314,710627873.9394931,960419521.8807442,0.4972156720425027,0.8506046717502274,0.0,0.0,False,False
memory_lightgbm_reconciliation,memory_um,lightgbm,bottom_up,ewma,independent,1,0,0,16,2111881147.9847877,1278392838.9775565,native,8261,32,5000,833488309.0072311,1314268299.8962708,1278392838.9775565,2111881147.9847877,0.6519813656605314,710627873.9394931,960419521.8807442,0.4972156720425027,0.8506046717502274,0.0,0.0,False,False
memory_lightgbm_reconciliation,memory_um,lightgbm,bottom_up,ewma,independent,2,0,0,16,2111881147.9847877,1278392838.9775565,native,8261,32,5000,833488309.0072311,1314268299.8962708,1278392838.9775565,2111881147.9847877,0.6519813656605314,710627873.9394931,960419521.8807442,0.4972156720425027,0.8506046717502274,0.0,0.0,False,False
memory_lightgbm_reconciliation,memory_um,lightgbm,bottom_up,ewma,independent,0,0,1,1,1196299637.4371316,834534180.4979616,native,8276,32,5000,361765456.93917,556296894.7317505,834534180.4979616,1196299637.4371316,0.4334938764560928,293807018.4207381,419445996.17910576,0.3069645826234912,0.5929172005907117,0.0,0.0,False,False
memory_lightgbm_reconciliation,memory_um,lightgbm,bottom_up,ewma,independent,1,0,1,1,1196299637.4371316,834534180.4979616,native,8276,32,5000,361765456.93917,556296894.7317505,834534180.4979616,1196299637.4371316,0.4334938764560928,293807018.4207381,419445996.17910576,0.3069645826234912,0.5929172005907117,0.0,0.0,False,False
memory_lightgbm_reconciliation,memory_um,lightgbm,bottom_up,ewma,independent,2,0,1,1,1196299637.4371316,834534180.4979616,native,8276,32,5000,361765456.93917,556296894.7317505,834534180.4979616,1196299637.4371316,0.4334938764560928,293807018.4207381,419445996.17910576,0.3069645826234912,0.5929172005907117,0.0,0.0,False,False
memory_lightgbm_reconciliation,memory_um,lightgbm,bottom_up,ewma,independent,0,0,1,8,1340514100.6138046,835071934.4879591,native,8269,32,5000,505442166.12584543,669143118.4253998,835071934.4879591,1340514100.6138046,0.6052678161621696,435734234.4604252,569303558.2619435,0.4513568454844339,0.80503706274947,0.0,0.0,False,False
memory_lightgbm_reconciliation,memory_um,lightgbm,bottom_up,ewma,independent,1,0,1,8,1340514100.6138046,835071934.4879591,native,8269,32,5000,505442166.12584543,669143118.4253998,835071934.4879591,1340514100.6138046,0.6052678161621696,435734234.4604252,569303558.2619435,0.4513568454844339,0.80503706274947,0.0,0.0,False,False
memory_lightgbm_reconciliation,memory_um,lightgbm,bottom_up,ewma,independent,2,0,1,8,1340514100.6138046,835071934.4879591,native,8269,32,5000,505442166.12584543,669143118.4253998,835071934.4879591,1340514100.6138046,0.6052678161621696,435734234.4604252,569303558.2619435,0.4513568454844339,0.80503706274947,0.0,0.0,False,False
memory_lightgbm_reconciliation,memory_um,lightgbm,bottom_up,ewma,independent,0,0,1,16,1398288473.5837512,835569802.7322348,native,8261,32,5000,562718670.8515164,730071335.8846588,835569802.7322348,1398288473.5837512,0.6734550111929358,486994999.2987539,630552885.1153984,0.5055766126335689,0.8917371368566763,0.0,0.0,False,False
memory_lightgbm_reconciliation,memory_um,lightgbm,bottom_up,ewma,independent,1,0,1,16,1398288473.5837512,835569802.7322348,native,8261,32,5000,562718670.8515164,730071335.8846588,835569802.7322348,1398288473.5837512,0.6734550111929358,486994999.2987539,630552885.1153984,0.5055766126335689,0.8917371368566763,0.0,0.0,False,False
memory_lightgbm_reconciliation,memory_um,lightgbm,bottom_up,ewma,independent,2,0,1,16,1398288473.5837512,835569802.7322348,native,8261,32,5000,562718670.8515164,730071335.8846588,835569802.7322348,1398288473.5837512,0.6734550111929358,486994999.2987539,630552885.1153984,0.5055766126335689,0.8917371368566763,0.0,0.0,False,False
memory_lightgbm_reconciliation,memory_um,lightgbm,bottom_up,ewma,independent,0,0,2,1,1173657905.0886176,1034898874.6414589,native,8279,32,5000,138759030.44715887,206159190.00952148,1034898874.6414589,1173657905.0886176,0.13407979643927237,78613889.50781119,192721496.15410867,0.06906826515499749,0.20816149010193574,0.0,0.0,False,False
memory_lightgbm_reconciliation,memory_um,lightgbm,bottom_up,ewma,independent,1,0,2,1,1173657905.0886176,1034898874.6414589,native,8279,32,5000,138759030.44715887,206159190.00952148,1034898874.6414589,1173657905.0886176,0.13407979643927237,78613889.50781119,192721496.15410867,0.06906826515499749,0.20816149010193574,0.0,0.0,False,False
memory_lightgbm_reconciliation,memory_um,lightgbm,bottom_up,ewma,independent,2,0,2,1,1173657905.0886176,1034898874.6414589,native,8279,32,5000,138759030.44715887,206159190.00952148,1034898874.6414589,1173657905.0886176,0.13407979643927237,78613889.50781119,192721496.15410867,0.06906826515499749,0.20816149010193574,0.0,0.0,False,False
memory_lightgbm_reconciliation,memory_um,lightgbm,bottom_up,ewma,independent,0,0,2,8,1167561614.072031,1035591176.3913442,native,8272,32,5000,131970437.6806866,197708239.5602646,1035591176.3913442,1167561614.072031,0.12743488037485529,72737041.09580287,185598903.3483994,0.06406280730743535,0.1992524414188226,0.0,0.0,False,False
memory_lightgbm_reconciliation,memory_um,lightgbm,bottom_up,ewma,independent,1,0,2,8,1167561614.072031,1035591176.3913442,native,8272,32,5000,131970437.6806866,197708239.5602646,1035591176.3913442,1167561614.072031,0.12743488037485529,72737041.09580287,185598903.3483994,0.06406280730743535,0.1992524414188226,0.0,0.0,False,False
memory_lightgbm_reconciliation,memory_um,lightgbm,bottom_up,ewma,independent,2,0,2,8,1167561614.072031,1035591176.3913442,native,8272,32,5000,131970437.6806866,197708239.5602646,1035591176.3913442,1167561614.072031,0.12743488037485529,72737041.09580287,185598903.3483994,0.06406280730743535,0.1992524414188226,0.0,0.0,False,False
memory_lightgbm_reconciliation,memory_um,lightgbm,bottom_up,ewma,independent,0,0,2,16,1130609376.3134103,1036338955.8872703,native,8264,32,5000,94270420.42613982,163098109.4949646,1036338955.8872703,1130609376.3134103,0.0909648526581049,38533539.31245053,146098731.52450535,0.03332257803020918,0.15572275209570524,0.0006,0.0012,False,False
memory_lightgbm_reconciliation,memory_um,lightgbm,bottom_up,ewma,independent,1,0,2,16,1130609376.3134103,1036338955.8872703,native,8264,32,5000,94270420.42613982,163098109.4949646,1036338955.8872703,1130609376.3134103,0.0909648526581049,38533539.31245053,146098731.52450535,0.03332257803020918,0.15572275209570524,0.0006,0.0012,False,False
memory_lightgbm_reconciliation,memory_um,lightgbm,bottom_up,ewma,independent,2,0,2,16,1130609376.3134103,1036338955.8872703,native,8264,32,5000,94270420.42613982,163098109.4949646,1036338955.8872703,1130609376.3134103,0.0909648526581049,38533539.31245053,146098731.52450535,0.03332257803020918,0.15572275209570524,0.0006,0.0012,False,False
memory_lightgbm_reconciliation,memory_um,lightgbm,wls,lightgbm,independent,0,0,0,1,1868845404.0685003,1848635679.4026902,native,8276,32,5000,20209724.66580991,238483535.86486816,1848635679.4026902,1868845404.0685003,0.01093223769885251,-66732203.88433147,117564886.0824907,-0.03354339056135766,0.06920685372491596,0.3062,0.6124,True,True
memory_lightgbm_reconciliation,memory_um,lightgbm,wls,lightgbm,independent,1,0,0,1,1868845404.0685003,1848635679.4026902,native,8276,32,5000,20209724.66580991,238483535.86486816,1848635679.4026902,1868845404.0685003,0.01093223769885251,-66732203.88433147,117564886.0824907,-0.03354339056135766,0.06920685372491596,0.3062,0.6124,True,True
memory_lightgbm_reconciliation,memory_um,lightgbm,wls,lightgbm,independent,2,0,0,1,1868845404.0685003,1848635679.4026902,native,8276,32,5000,20209724.66580991,238483535.86486816,1848635679.4026902,1868845404.0685003,0.01093223769885251,-66732203.88433147,117564886.0824907,-0.03354339056135766,0.06920685372491596,0.3062,0.6124,True,True
memory_lightgbm_reconciliation,memory_um,lightgbm,wls,lightgbm,independent,0,0,0,8,1616183556.0337863,1526324191.3500135,native,8269,32,5000,89859364.68377295,138378776.9590454,1526324191.3500135,1616183556.0337863,0.058873052784607666,10719696.200560203,172596219.0790501,0.006546138493094192,0.12495641365460929,0.0126,0.0252,False,False
memory_lightgbm_reconciliation,memory_um,lightgbm,wls,lightgbm,independent,1,0,0,8,1616183556.0337863,1526324191.3500135,native,8269,32,5000,89859364.68377295,138378776.9590454,1526324191.3500135,1616183556.0337863,0.058873052784607666,10719696.200560203,172596219.0790501,0.006546138493094192,0.12495641365460929,0.0126,0.0252,False,False
memory_lightgbm_reconciliation,memory_um,lightgbm,wls,lightgbm,independent,2,0,0,8,1616183556.0337863,1526324191.3500135,native,8269,32,5000,89859364.68377295,138378776.9590454,1526324191.3500135,1616183556.0337863,0.058873052784607666,10719696.200560203,172596219.0790501,0.006546138493094192,0.12495641365460929,0.0126,0.0252,False,False
memory_lightgbm_reconciliation,memory_um,lightgbm,wls,lightgbm,independent,0,0,0,16,1841620625.6393313,1735274052.5911322,native,8261,32,5000,106346573.04819909,239053898.62568665,1735274052.5911322,1841620625.6393313,0.061285174459562226,22981544.278926972,197094552.14469656,0.012069609358316528,0.12476579837771978,0.0072,0.0144,False,False
memory_lightgbm_reconciliation,memory_um,lightgbm,wls,lightgbm,independent,1,0,0,16,1841620625.6393313,1735274052.5911322,native,8261,32,5000,106346573.04819909,239053898.62568665,1735274052.5911322,1841620625.6393313,0.061285174459562226,22981544.278926972,197094552.14469656,0.012069609358316528,0.12476579837771978,0.0072,0.0144,False,False
memory_lightgbm_reconciliation,memory_um,lightgbm,wls,lightgbm,independent,2,0,0,16,1841620625.6393313,1735274052.5911322,native,8261,32,5000,106346573.04819909,239053898.62568665,1735274052.5911322,1841620625.6393313,0.061285174459562226,22981544.278926972,197094552.14469656,0.012069609358316528,0.12476579837771978,0.0072,0.0144,False,False
memory_lightgbm_reconciliation,memory_um,lightgbm,wls,lightgbm,independent,0,0,1,1,1221869948.1311007,1352577183.8579013,native,8276,32,5000,-130707235.72680077,-43601426.60296631,1352577183.8579013,1221869948.1311007,-0.09663569464774631,-159857688.16844055,-102214508.1948255,-0.11546050537853089,-0.07789305758547256,1.0,0.0,False,False
memory_lightgbm_reconciliation,memory_um,lightgbm,wls,lightgbm,independent,1,0,1,1,1221869948.1311007,1352577183.8579013,native,8276,32,5000,-130707235.72680077,-43601426.60296631,1352577183.8579013,1221869948.1311007,-0.09663569464774631,-159857688.16844055,-102214508.1948255,-0.11546050537853089,-0.07789305758547256,1.0,0.0,False,False
memory_lightgbm_reconciliation,memory_um,lightgbm,wls,lightgbm,independent,2,0,1,1,1221869948.1311007,1352577183.8579013,native,8276,32,5000,-130707235.72680077,-43601426.60296631,1352577183.8579013,1221869948.1311007,-0.09663569464774631,-159857688.16844055,-102214508.1948255,-0.11546050537853089,-0.07789305758547256,1.0,0.0,False,False
memory_lightgbm_reconciliation,memory_um,lightgbm,wls,lightgbm,independent,0,0,1,8,1316136713.382926,1349230704.7903304,native,8269,32,5000,-33093991.40740466,43587127.56039429,1349230704.7903304,1316136713.382926,-0.02452804497400424,-64006650.99163358,-2802154.49291458,-0.0463320264927278,-0.0021338644175493272,0.9832,0.0336,False,False
memory_lightgbm_reconciliation,memory_um,lightgbm,wls,lightgbm,independent,1,0,1,8,1316136713.382926,1349230704.7903304,native,8269,32,5000,-33093991.40740466,43587127.56039429,1349230704.7903304,1316136713.382926,-0.02452804497400424,-64006650.99163358,-2802154.49291458,-0.0463320264927278,-0.0021338644175493272,0.9832,0.0336,False,False
memory_lightgbm_reconciliation,memory_um,lightgbm,wls,lightgbm,independent,2,0,1,8,1316136713.382926,1349230704.7903304,native,8269,32,5000,-33093991.40740466,43587127.56039429,1349230704.7903304,1316136713.382926,-0.02452804497400424,-64006650.99163358,-2802154.49291458,-0.0463320264927278,-0.0021338644175493272,0.9832,0.0336,False,False
memory_lightgbm_reconciliation,memory_um,lightgbm,wls,lightgbm,independent,0,0,1,16,1354999717.5109816,1348125215.317614,native,8261,32,5000,6874502.193367428,61955319.560180664,1348125215.317614,1354999717.5109816,0.005099305402241747,-23436633.27649024,35788567.26231463,-0.017004173591659243,0.027569075189130078,0.339,0.678,True,True
memory_lightgbm_reconciliation,memory_um,lightgbm,wls,lightgbm,independent,1,0,1,16,1354999717.5109816,1348125215.317614,native,8261,32,5000,6874502.193367428,61955319.560180664,1348125215.317614,1354999717.5109816,0.005099305402241747,-23436633.27649024,35788567.26231463,-0.017004173591659243,0.027569075189130078,0.339,0.678,True,True
memory_lightgbm_reconciliation,memory_um,lightgbm,wls,lightgbm,independent,2,0,1,16,1354999717.5109816,1348125215.317614,native,8261,32,5000,6874502.193367428,61955319.560180664,1348125215.317614,1354999717.5109816,0.005099305402241747,-23436633.27649024,35788567.26231463,-0.017004173591659243,0.027569075189130078,0.339,0.678,True,True
memory_lightgbm_reconciliation,memory_um,lightgbm,wls,lightgbm,independent,0,0,2,1,1167809504.6159296,1263368437.7287288,native,8279,32,5000,-95558933.11279877,-67974183.86335754,1263368437.7287288,1167809504.6159296,-0.0756382146799501,-122324631.26097141,-68907040.07665604,-0.09573096523749726,-0.05504571288780916,1.0,0.0,False,False
memory_lightgbm_reconciliation,memory_um,lightgbm,wls,lightgbm,independent,1,0,2,1,1167809504.6159296,1263368437.7287288,native,8279,32,5000,-95558933.11279877,-67974183.86335754,1263368437.7287288,1167809504.6159296,-0.0756382146799501,-122324631.26097141,-68907040.07665604,-0.09573096523749726,-0.05504571288780916,1.0,0.0,False,False
memory_lightgbm_reconciliation,memory_um,lightgbm,wls,lightgbm,independent,2,0,2,1,1167809504.6159296,1263368437.7287288,native,8279,32,5000,-95558933.11279877,-67974183.86335754,1263368437.7287288,1167809504.6159296,-0.0756382146799501,-122324631.26097141,-68907040.07665604,-0.09573096523749726,-0.05504571288780916,1.0,0.0,False,False
memory_lightgbm_reconciliation,memory_um,lightgbm,wls,lightgbm,independent,0,0,2,8,1162557010.7609544,1262294522.4928114,native,8272,32,5000,-99737511.73185709,-86992319.73634338,1262294522.4928114,1162557010.7609544,-0.07901286898947554,-126363915.21159686,-73367233.96281926,-0.1002824583108626,-0.05785639463200465,1.0,0.0,False,False
memory_lightgbm_reconciliation,memory_um,lightgbm,wls,lightgbm,independent,1,0,2,8,1162557010.7609544,1262294522.4928114,native,8272,32,5000,-99737511.73185709,-86992319.73634338,1262294522.4928114,1162557010.7609544,-0.07901286898947554,-126363915.21159686,-73367233.96281926,-0.1002824583108626,-0.05785639463200465,1.0,0.0,False,False
memory_lightgbm_reconciliation,memory_um,lightgbm,wls,lightgbm,independent,2,0,2,8,1162557010.7609544,1262294522.4928114,native,8272,32,5000,-99737511.73185709,-86992319.73634338,1262294522.4928114,1162557010.7609544,-0.07901286898947554,-126363915.21159686,-73367233.96281926,-0.1002824583108626,-0.05785639463200465,1.0,0.0,False,False
memory_lightgbm_reconciliation,memory_um,lightgbm,wls,lightgbm,independent,0,0,2,16,1135057345.1545937,1266339742.2184117,native,8264,32,5000,-131282397.06381798,-109736668.12836456,1266339742.2184117,1135057345.1545937,-0.10367075492224034,-156889293.92406732,-104598143.8448863,-0.12508749741344194,-0.08182556919709891,1.0,0.0,False,False
memory_lightgbm_reconciliation,memory_um,lightgbm,wls,lightgbm,independent,1,0,2,16,1135057345.1545937,1266339742.2184117,native,8264,32,5000,-131282397.06381798,-109736668.12836456,1266339742.2184117,1135057345.1545937,-0.10367075492224034,-156889293.92406732,-104598143.8448863,-0.12508749741344194,-0.08182556919709891,1.0,0.0,False,False
memory_lightgbm_reconciliation,memory_um,lightgbm,wls,lightgbm,independent,2,0,2,16,1135057345.1545937,1266339742.2184117,native,8264,32,5000,-131282397.06381798,-109736668.12836456,1266339742.2184117,1135057345.1545937,-0.10367075492224034,-156889293.92406732,-104598143.8448863,-0.12508749741344194,-0.08182556919709891,1.0,0.0,False,False
memory_lightgbm_reconciliation,memory_um,lightgbm,wls,ewma,independent,0,0,0,1,1868845404.0685003,1286777035.5287719,native,8276,32,5000,582068368.5397283,955192722.8908234,1286777035.5287719,1868845404.0685003,0.45234594064739464,486669241.03145975,684069259.2664164,0.3410047131367196,0.6075665864632446,0.0,0.0,False,False
memory_lightgbm_reconciliation,memory_um,lightgbm,wls,ewma,independent,1,0,0,1,1868845404.0685003,1286777035.5287719,native,8276,32,5000,582068368.5397283,955192722.8908234,1286777035.5287719,1868845404.0685003,0.45234594064739464,486669241.03145975,684069259.2664164,0.3410047131367196,0.6075665864632446,0.0,0.0,False,False
memory_lightgbm_reconciliation,memory_um,lightgbm,wls,ewma,independent,2,0,0,1,1868845404.0685003,1286777035.5287719,native,8276,32,5000,582068368.5397283,955192722.8908234,1286777035.5287719,1868845404.0685003,0.45234594064739464,486669241.03145975,684069259.2664164,0.3410047131367196,0.6075665864632446,0.0,0.0,False,False
memory_lightgbm_reconciliation,memory_um,lightgbm,wls,ewma,independent,0,0,0,8,1616183556.0337863,1284254786.1130323,native,8269,32,5000,331928769.920754,572046077.7906036,1284254786.1130323,1616183556.0337863,0.2584602163916247,255133244.16646376,409386161.1748798,0.17727807894981315,0.36557263492646763,0.0,0.0,False,False
memory_lightgbm_reconciliation,memory_um,lightgbm,wls,ewma,independent,1,0,0,8,1616183556.0337863,1284254786.1130323,native,8269,32,5000,331928769.920754,572046077.7906036,1284254786.1130323,1616183556.0337863,0.2584602163916247,255133244.16646376,409386161.1748798,0.17727807894981315,0.36557263492646763,0.0,0.0,False,False
memory_lightgbm_reconciliation,memory_um,lightgbm,wls,ewma,independent,2,0,0,8,1616183556.0337863,1284254786.1130323,native,8269,32,5000,331928769.920754,572046077.7906036,1284254786.1130323,1616183556.0337863,0.2584602163916247,255133244.16646376,409386161.1748798,0.17727807894981315,0.36557263492646763,0.0,0.0,False,False
memory_lightgbm_reconciliation,memory_um,lightgbm,wls,ewma,independent,0,0,0,16,1841620625.6393313,1278392838.9775565,native,8261,32,5000,563227786.661775,917510383.9573059,1278392838.9775565,1841620625.6393313,0.4405748917619391,477084295.73036134,650852607.7901777,0.33273022314572076,0.5760769705651031,0.0,0.0,False,False
memory_lightgbm_reconciliation,memory_um,lightgbm,wls,ewma,independent,1,0,0,16,1841620625.6393313,1278392838.9775565,native,8261,32,5000,563227786.661775,917510383.9573059,1278392838.9775565,1841620625.6393313,0.4405748917619391,477084295.73036134,650852607.7901777,0.33273022314572076,0.5760769705651031,0.0,0.0,False,False
memory_lightgbm_reconciliation,memory_um,lightgbm,wls,ewma,independent,2,0,0,16,1841620625.6393313,1278392838.9775565,native,8261,32,5000,563227786.661775,917510383.9573059,1278392838.9775565,1841620625.6393313,0.4405748917619391,477084295.73036134,650852607.7901777,0.33273022314572076,0.5760769705651031,0.0,0.0,False,False
memory_lightgbm_reconciliation,memory_um,lightgbm,wls,ewma,independent,0,0,1,1,1221869948.1311007,834534180.4979616,native,8276,32,5000,387335767.6331389,586508172.8410339,834534180.4979616,1221869948.1311007,0.46413409622361773,321857328.7228399,443558964.94075805,0.3323599315933421,0.6288451496119997,0.0,0.0,False,False
memory_lightgbm_reconciliation,memory_um,lightgbm,wls,ewma,independent,1,0,1,1,1221869948.1311007,834534180.4979616,native,8276,32,5000,387335767.6331389,586508172.8410339,834534180.4979616,1221869948.1311007,0.46413409622361773,321857328.7228399,443558964.94075805,0.3323599315933421,0.6288451496119997,0.0,0.0,False,False
memory_lightgbm_reconciliation,memory_um,lightgbm,wls,ewma,independent,2,0,1,1,1221869948.1311007,834534180.4979616,native,8276,32,5000,387335767.6331389,586508172.8410339,834534180.4979616,1221869948.1311007,0.46413409622361773,321857328.7228399,443558964.94075805,0.3323599315933421,0.6288451496119997,0.0,0.0,False,False
memory_lightgbm_reconciliation,memory_um,lightgbm,wls,ewma,independent,0,0,1,8,1316136713.382926,835071934.4879591,native,8269,32,5000,481064778.89496666,661985357.0015717,835071934.4879591,1316136713.382926,0.5760758552973535,413762423.02575904,542313123.6116747,0.4294745136111944,0.7693015082308162,0.0,0.0,False,False
memory_lightgbm_reconciliation,memory_um,lightgbm,wls,ewma,independent,1,0,1,8,1316136713.382926,835071934.4879591,native,8269,32,5000,481064778.89496666,661985357.0015717,835071934.4879591,1316136713.382926,0.5760758552973535,413762423.02575904,542313123.6116747,0.4294745136111944,0.7693015082308162,0.0,0.0,False,False
memory_lightgbm_reconciliation,memory_um,lightgbm,wls,ewma,independent,2,0,1,8,1316136713.382926,835071934.4879591,native,8269,32,5000,481064778.89496666,661985357.0015717,835071934.4879591,1316136713.382926,0.5760758552973535,413762423.02575904,542313123.6116747,0.4294745136111944,0.7693015082308162,0.0,0.0,False,False
memory_lightgbm_reconciliation,memory_um,lightgbm,wls,ewma,independent,0,0,1,16,1354999717.5109816,835569802.7322348,native,8261,32,5000,519429914.7787466,710557510.4730072,835569802.7322348,1354999717.5109816,0.6216475428866141,447382430.40531856,584912578.8612808,0.4600331922081365,0.8301009829504388,0.0,0.0,False,False
memory_lightgbm_reconciliation,memory_um,lightgbm,wls,ewma,independent,1,0,1,16,1354999717.5109816,835569802.7322348,native,8261,32,5000,519429914.7787466,710557510.4730072,835569802.7322348,1354999717.5109816,0.6216475428866141,447382430.40531856,584912578.8612808,0.4600331922081365,0.8301009829504388,0.0,0.0,False,False
memory_lightgbm_reconciliation,memory_um,lightgbm,wls,ewma,independent,2,0,1,16,1354999717.5109816,835569802.7322348,native,8261,32,5000,519429914.7787466,710557510.4730072,835569802.7322348,1354999717.5109816,0.6216475428866141,447382430.40531856,584912578.8612808,0.4600331922081365,0.8301009829504388,0.0,0.0,False,False
memory_lightgbm_reconciliation,memory_um,lightgbm,wls,ewma,independent,0,0,2,1,1167809504.6159296,1034898874.6414589,native,8279,32,5000,132910629.97447096,246003976.54022217,1034898874.6414589,1167809504.6159296,0.12842861581090992,73427636.33269128,184753271.55425346,0.06415904844061164,0.19922397379037754,0.0,0.0,False,False
memory_lightgbm_reconciliation,memory_um,lightgbm,wls,ewma,independent,1,0,2,1,1167809504.6159296,1034898874.6414589,native,8279,32,5000,132910629.97447096,246003976.54022217,1034898874.6414589,1167809504.6159296,0.12842861581090992,73427636.33269128,184753271.55425346,0.06415904844061164,0.19922397379037754,0.0,0.0,False,False
memory_lightgbm_reconciliation,memory_um,lightgbm,wls,ewma,independent,2,0,2,1,1167809504.6159296,1034898874.6414589,native,8279,32,5000,132910629.97447096,246003976.54022217,1034898874.6414589,1167809504.6159296,0.12842861581090992,73427636.33269128,184753271.55425346,0.06415904844061164,0.19922397379037754,0.0,0.0,False,False
memory_lightgbm_reconciliation,memory_um,lightgbm,wls,ewma,independent,0,0,2,8,1162557010.7609544,1035591176.3913442,native,8272,32,5000,126965834.36961031,248965023.3742981,1035591176.3913442,1162557010.7609544,0.12260227516812158,69104293.3078829,179710533.704557,0.06007634516377372,0.19435873769469061,0.0,0.0,False,False
memory_lightgbm_reconciliation,memory_um,lightgbm,wls,ewma,independent,1,0,2,8,1162557010.7609544,1035591176.3913442,native,8272,32,5000,126965834.36961031,248965023.3742981,1035591176.3913442,1162557010.7609544,0.12260227516812158,69104293.3078829,179710533.704557,0.06007634516377372,0.19435873769469061,0.0,0.0,False,False
memory_lightgbm_reconciliation,memory_um,lightgbm,wls,ewma,independent,2,0,2,8,1162557010.7609544,1035591176.3913442,native,8272,32,5000,126965834.36961031,248965023.3742981,1035591176.3913442,1162557010.7609544,0.12260227516812158,69104293.3078829,179710533.704557,0.06007634516377372,0.19435873769469061,0.0,0.0,False,False
memory_lightgbm_reconciliation,memory_um,lightgbm,wls,ewma,independent,0,0,2,16,1135057345.1545937,1036338955.8872703,native,8264,32,5000,98718389.26732332,210224784.4606018,1036338955.8872703,1135057345.1545937,0.09525685462899997,42400520.30192734,149604581.83263928,0.03646300859820926,0.16101763520117904,0.0004,0.0008,False,False
memory_lightgbm_reconciliation,memory_um,lightgbm,wls,ewma,independent,1,0,2,16,1135057345.1545937,1036338955.8872703,native,8264,32,5000,98718389.26732332,210224784.4606018,1036338955.8872703,1135057345.1545937,0.09525685462899997,42400520.30192734,149604581.83263928,0.03646300859820926,0.16101763520117904,0.0004,0.0008,False,False
memory_lightgbm_reconciliation,memory_um,lightgbm,wls,ewma,independent,2,0,2,16,1135057345.1545937,1036338955.8872703,native,8264,32,5000,98718389.26732332,210224784.4606018,1036338955.8872703,1135057345.1545937,0.09525685462899997,42400520.30192734,149604581.83263928,0.03646300859820926,0.16101763520117904,0.0004,0.0008,False,False
memory_lightgbm_reconciliation,memory_um,lightgbm,mint,lightgbm,independent,0,0,0,1,1832887965.9285433,1848635679.4026902,native,8276,32,5000,-15747713.474146979,168354206.88220978,1848635679.4026902,1832887965.9285433,-0.008518559740897784,-89209566.47100414,65444181.174178764,-0.044948454689218854,0.03910417831744281,0.623,0.754,True,True
memory_lightgbm_reconciliation,memory_um,lightgbm,mint,lightgbm,independent,1,0,0,1,1832887965.9285433,1848635679.4026902,native,8276,32,5000,-15747713.474146979,168354206.88220978,1848635679.4026902,1832887965.9285433,-0.008518559740897784,-89209566.47100414,65444181.174178764,-0.044948454689218854,0.03910417831744281,0.623,0.754,True,True
memory_lightgbm_reconciliation,memory_um,lightgbm,mint,lightgbm,independent,2,0,0,1,1832887965.9285433,1848635679.4026902,native,8276,32,5000,-15747713.474146979,168354206.88220978,1848635679.4026902,1832887965.9285433,-0.008518559740897784,-89209566.47100414,65444181.174178764,-0.044948454689218854,0.03910417831744281,0.623,0.754,True,True
memory_lightgbm_reconciliation,memory_um,lightgbm,mint,lightgbm,independent,0,0,0,8,1758572960.419478,1526324191.3500135,native,8269,32,5000,232248769.0694646,293231121.36291504,1526324191.3500135,1758572960.419478,0.15216214902814562,133564483.03693041,335780015.86092645,0.08085755864996522,0.24449239587900445,0.0,0.0,False,False
memory_lightgbm_reconciliation,memory_um,lightgbm,mint,lightgbm,independent,1,0,0,8,1758572960.419478,1526324191.3500135,native,8269,32,5000,232248769.0694646,293231121.36291504,1526324191.3500135,1758572960.419478,0.15216214902814562,133564483.03693041,335780015.86092645,0.08085755864996522,0.24449239587900445,0.0,0.0,False,False
memory_lightgbm_reconciliation,memory_um,lightgbm,mint,lightgbm,independent,2,0,0,8,1758572960.419478,1526324191.3500135,native,8269,32,5000,232248769.0694646,293231121.36291504,1526324191.3500135,1758572960.419478,0.15216214902814562,133564483.03693041,335780015.86092645,0.08085755864996522,0.24449239587900445,0.0,0.0,False,False
memory_lightgbm_reconciliation,memory_um,lightgbm,mint,lightgbm,independent,0,0,0,16,1896120912.491208,1735274052.5911322,native,8261,32,5000,160846859.90007547,316997548.8530426,1735274052.5911322,1896120912.491208,0.09269248258504009,65788551.152803324,262408413.08942696,0.03526833150463655,0.16651206855002806,0.0016,0.0032,False,False
memory_lightgbm_reconciliation,memory_um,lightgbm,mint,lightgbm,independent,1,0,0,16,1896120912.491208,1735274052.5911322,native,8261,32,5000,160846859.90007547,316997548.8530426,1735274052.5911322,1896120912.491208,0.09269248258504009,65788551.152803324,262408413.08942696,0.03526833150463655,0.16651206855002806,0.0016,0.0032,False,False
memory_lightgbm_reconciliation,memory_um,lightgbm,mint,lightgbm,independent,2,0,0,16,1896120912.491208,1735274052.5911322,native,8261,32,5000,160846859.90007547,316997548.8530426,1735274052.5911322,1896120912.491208,0.09269248258504009,65788551.152803324,262408413.08942696,0.03526833150463655,0.16651206855002806,0.0016,0.0032,False,False
memory_lightgbm_reconciliation,memory_um,lightgbm,mint,lightgbm,independent,0,0,1,1,1220404550.4824648,1352577183.8579013,native,8276,32,5000,-132172633.37543651,-42851723.92221832,1352577183.8579013,1220404550.4824648,-0.09771910612778921,-161996082.8343094,-103118166.20459564,-0.116903720641607,-0.07863416762518403,1.0,0.0,False,False
memory_lightgbm_reconciliation,memory_um,lightgbm,mint,lightgbm,independent,1,0,1,1,1220404550.4824648,1352577183.8579013,native,8276,32,5000,-132172633.37543651,-42851723.92221832,1352577183.8579013,1220404550.4824648,-0.09771910612778921,-161996082.8343094,-103118166.20459564,-0.116903720641607,-0.07863416762518403,1.0,0.0,False,False
memory_lightgbm_reconciliation,memory_um,lightgbm,mint,lightgbm,independent,2,0,1,1,1220404550.4824648,1352577183.8579013,native,8276,32,5000,-132172633.37543651,-42851723.92221832,1352577183.8579013,1220404550.4824648,-0.09771910612778921,-161996082.8343094,-103118166.20459564,-0.116903720641607,-0.07863416762518403,1.0,0.0,False,False
memory_lightgbm_reconciliation,memory_um,lightgbm,mint,lightgbm,independent,0,0,1,8,1316686002.217671,1349230704.7903304,native,8269,32,5000,-32544702.57265974,45517971.81057739,1349230704.7903304,1316686002.217671,-0.02412093236324411,-63945137.76661442,-1689622.0677507063,-0.04636454837648464,-0.001291750162613459,0.981,0.038,False,False
memory_lightgbm_reconciliation,memory_um,lightgbm,mint,lightgbm,independent,1,0,1,8,1316686002.217671,1349230704.7903304,native,8269,32,5000,-32544702.57265974,45517971.81057739,1349230704.7903304,1316686002.217671,-0.02412093236324411,-63945137.76661442,-1689622.0677507063,-0.04636454837648464,-0.001291750162613459,0.981,0.038,False,False
memory_lightgbm_reconciliation,memory_um,lightgbm,mint,lightgbm,independent,2,0,1,8,1316686002.217671,1349230704.7903304,native,8269,32,5000,-32544702.57265974,45517971.81057739,1349230704.7903304,1316686002.217671,-0.02412093236324411,-63945137.76661442,-1689622.0677507063,-0.04636454837648464,-0.001291750162613459,0.981,0.038,False,False
memory_lightgbm_reconciliation,memory_um,lightgbm,mint,lightgbm,independent,0,0,1,16,1355061135.6553676,1348125215.317614,native,8261,32,5000,6935920.337753763,62029384.61062622,1348125215.317614,1355061135.6553676,0.005144863592006684,-23399704.123822723,35870504.69986419,-0.01697944381152809,0.02763502556886761,0.3376,0.6752,True,True
memory_lightgbm_reconciliation,memory_um,lightgbm,mint,lightgbm,independent,1,0,1,16,1355061135.6553676,1348125215.317614,native,8261,32,5000,6935920.337753763,62029384.61062622,1348125215.317614,1355061135.6553676,0.005144863592006684,-23399704.123822723,35870504.69986419,-0.01697944381152809,0.02763502556886761,0.3376,0.6752,True,True
memory_lightgbm_reconciliation,memory_um,lightgbm,mint,lightgbm,independent,2,0,1,16,1355061135.6553676,1348125215.317614,native,8261,32,5000,6935920.337753763,62029384.61062622,1348125215.317614,1355061135.6553676,0.005144863592006684,-23399704.123822723,35870504.69986419,-0.01697944381152809,0.02763502556886761,0.3376,0.6752,True,True
memory_lightgbm_reconciliation,memory_um,lightgbm,mint,lightgbm,independent,0,0,2,1,1166472261.9314036,1263368437.7287288,native,8279,32,5000,-96896175.7973249,-68872310.45028687,1263368437.7287288,1166472261.9314036,-0.0766966887122207,-128559731.86866422,-65107316.40883017,-0.10084771748548724,-0.051745041152208154,1.0,0.0,False,False
memory_lightgbm_reconciliation,memory_um,lightgbm,mint,lightgbm,independent,1,0,2,1,1166472261.9314036,1263368437.7287288,native,8279,32,5000,-96896175.7973249,-68872310.45028687,1263368437.7287288,1166472261.9314036,-0.0766966887122207,-128559731.86866422,-65107316.40883017,-0.10084771748548724,-0.051745041152208154,1.0,0.0,False,False
memory_lightgbm_reconciliation,memory_um,lightgbm,mint,lightgbm,independent,2,0,2,1,1166472261.9314036,1263368437.7287288,native,8279,32,5000,-96896175.7973249,-68872310.45028687,1263368437.7287288,1166472261.9314036,-0.0766966887122207,-128559731.86866422,-65107316.40883017,-0.10084771748548724,-0.051745041152208154,1.0,0.0,False,False
memory_lightgbm_reconciliation,memory_um,lightgbm,mint,lightgbm,independent,0,0,2,8,1160263172.3851845,1262294522.4928114,native,8272,32,5000,-102031350.1076269,-90177391.10508728,1262294522.4928114,1160263172.3851845,-0.08083006643024386,-132790265.75418997,-71223247.27359353,-0.10574706157485385,-0.056062949513104865,1.0,0.0,False,False
memory_lightgbm_reconciliation,memory_um,lightgbm,mint,lightgbm,independent,1,0,2,8,1160263172.3851845,1262294522.4928114,native,8272,32,5000,-102031350.1076269,-90177391.10508728,1262294522.4928114,1160263172.3851845,-0.08083006643024386,-132790265.75418997,-71223247.27359353,-0.10574706157485385,-0.056062949513104865,1.0,0.0,False,False
memory_lightgbm_reconciliation,memory_um,lightgbm,mint,lightgbm,independent,2,0,2,8,1160263172.3851845,1262294522.4928114,native,8272,32,5000,-102031350.1076269,-90177391.10508728,1262294522.4928114,1160263172.3851845,-0.08083006643024386,-132790265.75418997,-71223247.27359353,-0.10574706157485385,-0.056062949513104865,1.0,0.0,False,False
memory_lightgbm_reconciliation,memory_um,lightgbm,mint,lightgbm,independent,0,0,2,16,1128115358.949221,1266339742.2184117,native,8264,32,5000,-138224383.26919088,-117587498.75045776,1266339742.2184117,1128115358.949221,-0.10915268522414473,-168680898.8642119,-106322713.39774162,-0.13453239949717485,-0.0828440398403133,1.0,0.0,False,False
memory_lightgbm_reconciliation,memory_um,lightgbm,mint,lightgbm,independent,1,0,2,16,1128115358.949221,1266339742.2184117,native,8264,32,5000,-138224383.26919088,-117587498.75045776,1266339742.2184117,1128115358.949221,-0.10915268522414473,-168680898.8642119,-106322713.39774162,-0.13453239949717485,-0.0828440398403133,1.0,0.0,False,False
memory_lightgbm_reconciliation,memory_um,lightgbm,mint,lightgbm,independent,2,0,2,16,1128115358.949221,1266339742.2184117,native,8264,32,5000,-138224383.26919088,-117587498.75045776,1266339742.2184117,1128115358.949221,-0.10915268522414473,-168680898.8642119,-106322713.39774162,-0.13453239949717485,-0.0828440398403133,1.0,0.0,False,False
memory_lightgbm_reconciliation,memory_um,lightgbm,mint,ewma,independent,0,0,0,1,1832887965.9285433,1286777035.5287719,native,8276,32,5000,546110930.3997713,881922287.1193695,1286777035.5287719,1832887965.9285433,0.42440214219035965,463433766.05774194,634423477.9806932,0.3242508442737494,0.5624185783423125,0.0,0.0,False,False
memory_lightgbm_reconciliation,memory_um,lightgbm,mint,ewma,independent,1,0,0,1,1832887965.9285433,1286777035.5287719,native,8276,32,5000,546110930.3997713,881922287.1193695,1286777035.5287719,1832887965.9285433,0.42440214219035965,463433766.05774194,634423477.9806932,0.3242508442737494,0.5624185783423125,0.0,0.0,False,False
memory_lightgbm_reconciliation,memory_um,lightgbm,mint,ewma,independent,2,0,0,1,1832887965.9285433,1286777035.5287719,native,8276,32,5000,546110930.3997713,881922287.1193695,1286777035.5287719,1832887965.9285433,0.42440214219035965,463433766.05774194,634423477.9806932,0.3242508442737494,0.5624185783423125,0.0,0.0,False,False
memory_lightgbm_reconciliation,memory_um,lightgbm,mint,ewma,independent,0,0,0,8,1758572960.419478,1284254786.1130323,native,8269,32,5000,474318174.30644554,780286775.1530457,1284254786.1130323,1758572960.419478,0.36933339041081753,379690279.5177866,571492888.1360619,0.2640124906368533,0.5097408947428951,0.0,0.0,False,False
memory_lightgbm_reconciliation,memory_um,lightgbm,mint,ewma,independent,1,0,0,8,1758572960.419478,1284254786.1130323,native,8269,32,5000,474318174.30644554,780286775.1530457,1284254786.1130323,1758572960.419478,0.36933339041081753,379690279.5177866,571492888.1360619,0.2640124906368533,0.5097408947428951,0.0,0.0,False,False
memory_lightgbm_reconciliation,memory_um,lightgbm,mint,ewma,independent,2,0,0,8,1758572960.419478,1284254786.1130323,native,8269,32,5000,474318174.30644554,780286775.1530457,1284254786.1130323,1758572960.419478,0.36933339041081753,379690279.5177866,571492888.1360619,0.2640124906368533,0.5097408947428951,0.0,0.0,False,False
memory_lightgbm_reconciliation,memory_um,lightgbm,mint,ewma,independent,0,0,0,16,1896120912.491208,1278392838.9775565,native,8261,32,5000,617728073.5136514,1016566067.7689056,1278392838.9775565,1896120912.491208,0.4832067692179057,520664825.8484895,716374793.8744352,0.3633562469967201,0.6348427407271338,0.0,0.0,False,False
memory_lightgbm_reconciliation,memory_um,lightgbm,mint,ewma,independent,1,0,0,16,1896120912.491208,1278392838.9775565,native,8261,32,5000,617728073.5136514,1016566067.7689056,1278392838.9775565,1896120912.491208,0.4832067692179057,520664825.8484895,716374793.8744352,0.3633562469967201,0.6348427407271338,0.0,0.0,False,False
memory_lightgbm_reconciliation,memory_um,lightgbm,mint,ewma,independent,2,0,0,16,1896120912.491208,1278392838.9775565,native,8261,32,5000,617728073.5136514,1016566067.7689056,1278392838.9775565,1896120912.491208,0.4832067692179057,520664825.8484895,716374793.8744352,0.3633562469967201,0.6348427407271338,0.0,0.0,False,False
memory_lightgbm_reconciliation,memory_um,lightgbm,mint,ewma,independent,0,0,1,1,1220404550.4824648,834534180.4979616,native,8276,32,5000,385870369.98450303,586294828.5916672,834534180.4979616,1220404550.4824648,0.4623781493937809,320547755.4881181,442126027.91422546,0.3305002193034694,0.6269896055776455,0.0,0.0,False,False
memory_lightgbm_reconciliation,memory_um,lightgbm,mint,ewma,independent,1,0,1,1,1220404550.4824648,834534180.4979616,native,8276,32,5000,385870369.98450303,586294828.5916672,834534180.4979616,1220404550.4824648,0.4623781493937809,320547755.4881181,442126027.91422546,0.3305002193034694,0.6269896055776455,0.0,0.0,False,False
memory_lightgbm_reconciliation,memory_um,lightgbm,mint,ewma,independent,2,0,1,1,1220404550.4824648,834534180.4979616,native,8276,32,5000,385870369.98450303,586294828.5916672,834534180.4979616,1220404550.4824648,0.4623781493937809,320547755.4881181,442126027.91422546,0.3305002193034694,0.6269896055776455,0.0,0.0,False,False
memory_lightgbm_reconciliation,memory_um,lightgbm,mint,ewma,independent,0,0,1,8,1316686002.217671,835071934.4879591,native,8269,32,5000,481614067.7297116,662467222.0706482,835071934.4879591,1316686002.217671,0.5767336295705145,414374349.11617255,542769458.8722767,0.4300469960723251,0.7700965923137264,0.0,0.0,False,False
memory_lightgbm_reconciliation,memory_um,lightgbm,mint,ewma,independent,1,0,1,8,1316686002.217671,835071934.4879591,native,8269,32,5000,481614067.7297116,662467222.0706482,835071934.4879591,1316686002.217671,0.5767336295705145,414374349.11617255,542769458.8722767,0.4300469960723251,0.7700965923137264,0.0,0.0,False,False
memory_lightgbm_reconciliation,memory_um,lightgbm,mint,ewma,independent,2,0,1,8,1316686002.217671,835071934.4879591,native,8269,32,5000,481614067.7297116,662467222.0706482,835071934.4879591,1316686002.217671,0.5767336295705145,414374349.11617255,542769458.8722767,0.4300469960723251,0.7700965923137264,0.0,0.0,False,False
memory_lightgbm_reconciliation,memory_um,lightgbm,mint,ewma,independent,0,0,1,16,1355061135.6553676,835569802.7322348,native,8261,32,5000,519491332.9231329,711333020.8586884,835569802.7322348,1355061135.6553676,0.6217210473911874,447428751.5940899,584988631.0821685,0.46010054450287396,0.8301865359820504,0.0,0.0,False,False
memory_lightgbm_reconciliation,memory_um,lightgbm,mint,ewma,independent,1,0,1,16,1355061135.6553676,835569802.7322348,native,8261,32,5000,519491332.9231329,711333020.8586884,835569802.7322348,1355061135.6553676,0.6217210473911874,447428751.5940899,584988631.0821685,0.46010054450287396,0.8301865359820504,0.0,0.0,False,False
memory_lightgbm_reconciliation,memory_um,lightgbm,mint,ewma,independent,2,0,1,16,1355061135.6553676,835569802.7322348,native,8261,32,5000,519491332.9231329,711333020.8586884,835569802.7322348,1355061135.6553676,0.6217210473911874,447428751.5940899,584988631.0821685,0.46010054450287396,0.8301865359820504,0.0,0.0,False,False
memory_lightgbm_reconciliation,memory_um,lightgbm,mint,ewma,independent,0,0,2,1,1166472261.9314036,1034898874.6414589,native,8279,32,5000,131573387.2899448,228974257.04766846,1034898874.6414589,1166472261.9314036,0.12713646764330327,72893854.5845189,185057218.9674005,0.0640237172564317,0.1991744039845186,0.0,0.0,False,False
memory_lightgbm_reconciliation,memory_um,lightgbm,mint,ewma,independent,1,0,2,1,1166472261.9314036,1034898874.6414589,native,8279,32,5000,131573387.2899448,228974257.04766846,1034898874.6414589,1166472261.9314036,0.12713646764330327,72893854.5845189,185057218.9674005,0.0640237172564317,0.1991744039845186,0.0,0.0,False,False
memory_lightgbm_reconciliation,memory_um,lightgbm,mint,ewma,independent,2,0,2,1,1166472261.9314036,1034898874.6414589,native,8279,32,5000,131573387.2899448,228974257.04766846,1034898874.6414589,1166472261.9314036,0.12713646764330327,72893854.5845189,185057218.9674005,0.0640237172564317,0.1991744039845186,0.0,0.0,False,False
memory_lightgbm_reconciliation,memory_um,lightgbm,mint,ewma,independent,0,0,2,8,1160263172.3851845,1035591176.3913442,native,8272,32,5000,124671995.99384052,228580024.0903244,1035591176.3913442,1160263172.3851845,0.12038727138278325,65968651.66324577,178048130.2201499,0.05795035246110156,0.19192899257910861,0.0,0.0,False,False
memory_lightgbm_reconciliation,memory_um,lightgbm,mint,ewma,independent,1,0,2,8,1160263172.3851845,1035591176.3913442,native,8272,32,5000,124671995.99384052,228580024.0903244,1035591176.3913442,1160263172.3851845,0.12038727138278325,65968651.66324577,178048130.2201499,0.05795035246110156,0.19192899257910861,0.0,0.0,False,False
memory_lightgbm_reconciliation,memory_um,lightgbm,mint,ewma,independent,2,0,2,8,1160263172.3851845,1035591176.3913442,native,8272,32,5000,124671995.99384052,228580024.0903244,1035591176.3913442,1160263172.3851845,0.12038727138278325,65968651.66324577,178048130.2201499,0.05795035246110156,0.19192899257910861,0.0,0.0,False,False
memory_lightgbm_reconciliation,memory_um,lightgbm,mint,ewma,independent,0,0,2,16,1128115358.949221,1036338955.8872703,native,8264,32,5000,91776403.06195042,190314521.12056732,1036338955.8872703,1128115358.949221,0.08855828736397858,36043926.7032334,142564285.42235437,0.031584002561376355,0.1533704077146807,0.001,0.002,False,False
memory_lightgbm_reconciliation,memory_um,lightgbm,mint,ewma,independent,1,0,2,16,1128115358.949221,1036338955.8872703,native,8264,32,5000,91776403.06195042,190314521.12056732,1036338955.8872703,1128115358.949221,0.08855828736397858,36043926.7032334,142564285.42235437,0.031584002561376355,0.1533704077146807,0.001,0.002,False,False
memory_lightgbm_reconciliation,memory_um,lightgbm,mint,ewma,independent,2,0,2,16,1128115358.949221,1036338955.8872703,native,8264,32,5000,91776403.06195042,190314521.12056732,1036338955.8872703,1128115358.949221,0.08855828736397858,36043926.7032334,142564285.42235437,0.031584002561376355,0.1533704077146807,0.001,0.002,False,False
cpu_dlinear_vs_deterministic,cpu_core_weighted,dlinear,independent,persistence,independent,0,0,0,1,1.3150739218475105,1.4204331179186942,weighted_mean_pct,4847,32,5000,-0.10535919607118396,-0.061399174732601036,1.4204331179186942,1.3150739218475105,-0.07417399294770227,-0.14073364457402002,-0.07290162864796354,-0.09446974103532844,-0.05392979017226701,1.0,0.0,False,False
cpu_dlinear_vs_deterministic,cpu_core_weighted,dlinear,independent,persistence,independent,1,0,0,1,1.3252106782778483,1.4204331179186942,weighted_mean_pct,4847,32,5000,-0.09522243964084594,-0.05347275394197437,1.4204331179186942,1.3252106782778483,-0.0670376087684943,-0.1299567785571559,-0.06274581374088217,-0.08754027331175154,-0.046425826448849565,1.0,0.0,False,False
cpu_dlinear_vs_deterministic,cpu_core_weighted,dlinear,independent,persistence,independent,2,0,0,1,1.3414495075816595,1.4204331179186942,weighted_mean_pct,4847,32,5000,-0.07898361033703494,-0.0703817813951062,1.4204331179186942,1.3414495075816595,-0.0556053004824096,-0.11397460516902382,-0.04547756473443633,-0.0789666407842266,-0.032635795460607984,1.0,0.0,False,False
cpu_dlinear_vs_deterministic,cpu_core_weighted,dlinear,independent,persistence,independent,0,0,0,8,1.2969408053016054,1.3906675083299915,weighted_mean_pct,4295,32,5000,-0.09372670302838604,-0.05395466097467061,1.3906675083299915,1.2969408053016054,-0.06739691728394478,-0.12976590854114398,-0.0569570071759586,-0.09059284182150912,-0.04262224484749115,1.0,0.0,False,False
cpu_dlinear_vs_deterministic,cpu_core_weighted,dlinear,independent,persistence,independent,1,0,0,8,1.3030927416271199,1.3906675083299915,weighted_mean_pct,4295,32,5000,-0.0875747667028717,-0.053830792006444916,1.3906675083299915,1.3030927416271199,-0.06297318818359211,-0.1224954231630589,-0.05159602908509052,-0.085104101003828,-0.03855568845347789,1.0,0.0,False,False
cpu_dlinear_vs_deterministic,cpu_core_weighted,dlinear,independent,persistence,independent,2,0,0,8,1.3355527694322997,1.3906675083299915,weighted_mean_pct,4295,32,5000,-0.05511473889769178,-0.04136918952799551,1.3906675083299915,1.3355527694322997,-0.039631859209738295,-0.09245709458922459,-0.015879125008590695,-0.06563024095536239,-0.011563983046128375,0.997,0.006,False,False
cpu_dlinear_vs_deterministic,cpu_core_weighted,dlinear,independent,persistence,independent,0,0,0,16,1.3105642612208253,1.4060271584162536,weighted_mean_pct,3707,32,5000,-0.0954628971954285,-0.06701569206724489,1.4060271584162536,1.3105642612208253,-0.06789548596127953,-0.14099348159227817,-0.06153466213461675,-0.0956052179113028,-0.04571262029711842,1.0,0.0,False,False
cpu_dlinear_vs_deterministic,cpu_core_weighted,dlinear,independent,persistence,independent,1,0,0,16,1.3219026564755074,1.4060271584162536,weighted_mean_pct,3707,32,5000,-0.08412450194074626,-0.05113168895267117,1.4060271584162536,1.3219026564755074,-0.059831349229060374,-0.13088633374752268,-0.04928571751082241,-0.08788390426814943,-0.03722350507986362,1.0,0.0,False,False
cpu_dlinear_vs_deterministic,cpu_core_weighted,dlinear,independent,persistence,independent,2,0,0,16,1.3268482970246676,1.4060271584162536,weighted_mean_pct,3707,32,5000,-0.07917886139158599,-0.06887445548809135,1.4060271584162536,1.3268482970246676,-0.05631389188866943,-0.12388490688485343,-0.04589885851234962,-0.08525252258748978,-0.033537676769808324,1.0,0.0,False,False
cpu_dlinear_vs_deterministic,cpu_core_weighted,dlinear,independent,persistence,independent,0,0,1,1,1.0373307869955866,1.0957052557717806,weighted_mean_pct,5261,32,5000,-0.05837446877619395,-0.03438150937558726,1.0957052557717806,1.0373307869955866,-0.053275703907322045,-0.08300533738496506,-0.02990856248152532,-0.07417023974740547,-0.028024163959917657,1.0,0.0,False,False
cpu_dlinear_vs_deterministic,cpu_core_weighted,dlinear,independent,persistence,independent,1,0,1,1,1.028170899651214,1.0957052557717806,weighted_mean_pct,5261,32,5000,-0.06753435612056646,-0.022868158842344943,1.0957052557717806,1.028170899651214,-0.06163551353324245,-0.0928079079618872,-0.03869943218241074,-0.08118460431348702,-0.03698255157910522,1.0,0.0,False,False
cpu_dlinear_vs_deterministic,cpu_core_weighted,dlinear,independent,persistence,independent,2,0,1,1,1.0297217258171718,1.0957052557717806,weighted_mean_pct,5261,32,5000,-0.06598352995460871,-0.021808999809428187,1.0957052557717806,1.0297217258171718,-0.06022014552456625,-0.09030169655219837,-0.03788240731472281,-0.07975652006258897,-0.036114039733021075,1.0,0.0,False,False
cpu_dlinear_vs_deterministic,cpu_core_weighted,dlinear,independent,persistence,independent,0,0,1,8,1.033701682753594,1.1125931579402315,weighted_mean_pct,4778,32,5000,-0.07889147518663757,-0.032508859255782285,1.1125931579402315,1.033701682753594,-0.07090774792529833,-0.10325842338462779,-0.05138662543736259,-0.08938601765452056,-0.048369765258737436,1.0,0.0,False,False
cpu_dlinear_vs_deterministic,cpu_core_weighted,dlinear,independent,persistence,independent,1,0,1,8,1.0370802709173366,1.1125931579402315,weighted_mean_pct,4778,32,5000,-0.07551288702289538,-0.04212766728957029,1.1125931579402315,1.0370802709173366,-0.06787106902822777,-0.09850268415635627,-0.04854199828887903,-0.08685028927223283,-0.045665040783956376,1.0,0.0,False,False
cpu_dlinear_vs_deterministic,cpu_core_weighted,dlinear,independent,persistence,independent,2,0,1,8,1.039404831988524,1.1125931579402315,weighted_mean_pct,4778,32,5000,-0.07318832595170773,-0.022969323824372445,1.1125931579402315,1.039404831988524,-0.06578175088475549,-0.09673809573543463,-0.04659652210531447,-0.0832943296987357,-0.044106573709023024,1.0,0.0,False,False
cpu_dlinear_vs_deterministic,cpu_core_weighted,dlinear,independent,persistence,independent,0,0,1,16,1.0368843629622824,1.1116127835890854,weighted_mean_pct,4317,32,5000,-0.07472842062680303,-0.034153794037533824,1.1116127835890854,1.0368843629622824,-0.06722522602297352,-0.10457985025359498,-0.045745912651626024,-0.08969161639500463,-0.043398490604281054,1.0,0.0,False,False
cpu_dlinear_vs_deterministic,cpu_core_weighted,dlinear,independent,persistence,independent,1,0,1,16,1.034688478796868,1.1116127835890854,weighted_mean_pct,4317,32,5000,-0.07692430479221744,-0.042625198689560495,1.1116127835890854,1.034688478796868,-0.06920062986667935,-0.10476551628794888,-0.049797273201721004,-0.0903023374580285,-0.04720280626328371,1.0,0.0,False,False
cpu_dlinear_vs_deterministic,cpu_core_weighted,dlinear,independent,persistence,independent,2,0,1,16,1.0286942821379108,1.1116127835890854,weighted_mean_pct,4317,32,5000,-0.08291850145117464,-0.06251260403721659,1.1116127835890854,1.0286942821379108,-0.07459297218897942,-0.10921036218143608,-0.057076920142974955,-0.0965423834491464,-0.05286782149847869,1.0,0.0,False,False
cpu_dlinear_vs_deterministic,cpu_core_weighted,dlinear,independent,persistence,independent,0,0,2,1,1.3941457895497487,1.4448569341568862,weighted_mean_pct,4852,32,5000,-0.05071114460713759,-0.025233580806471423,1.4448569341568862,1.3941457895497487,-0.03509769265614449,-0.08092806393175556,-0.020370400184561738,-0.05493939785600044,-0.014408297550254374,0.9998,0.0004,False,False
cpu_dlinear_vs_deterministic,cpu_core_weighted,dlinear,independent,persistence,independent,1,0,2,1,1.3849816526048875,1.4448569341568862,weighted_mean_pct,4852,32,5000,-0.059875281551998616,-0.01781958531531025,1.4448569341568862,1.3849816526048875,-0.041440283903912946,-0.0921497232336807,-0.028219197657304494,-0.06161568553672505,-0.020326929611971266,1.0,0.0,False,False
cpu_dlinear_vs_deterministic,cpu_core_weighted,dlinear,independent,persistence,independent,2,0,2,1,1.3797603690185691,1.4448569341568862,weighted_mean_pct,4852,32,5000,-0.06509656513831706,-0.012400322261612473,1.4448569341568862,1.3797603690185691,-0.04505398673004445,-0.09644764828748041,-0.03460780077015794,-0.06380275352733769,-0.0252040475568483,1.0,0.0,False,False
cpu_dlinear_vs_deterministic,cpu_core_weighted,dlinear,independent,persistence,independent,0,0,2,8,1.3866029396631767,1.4445949212341347,weighted_mean_pct,4341,32,5000,-0.05799198157095784,-0.008988712419366163,1.4445949212341347,1.3866029396631767,-0.04014411287104249,-0.0913010263695864,-0.02597095800546283,-0.059744832443917976,-0.0187122171356524,0.9998,0.0004,False,False
cpu_dlinear_vs_deterministic,cpu_core_weighted,dlinear,independent,persistence,independent,1,0,2,8,1.3974002705984339,1.4445949212341347,weighted_mean_pct,4341,32,5000,-0.04719465063570094,-0.011222328878850885,1.4445949212341347,1.3974002705984339,-0.032669816252283365,-0.08249214761837376,-0.013139405107493379,-0.05418209782692217,-0.009498282592969682,0.9946,0.0108,False,False
cpu_dlinear_vs_deterministic,cpu_core_weighted,dlinear,independent,persistence,independent,2,0,2,8,1.3974777681655879,1.4445949212341347,weighted_mean_pct,4341,32,5000,-0.04711715306854664,-0.0053295381932270125,1.4445949212341347,1.3974777681655879,-0.03261616967910554,-0.07953536788392702,-0.014038920274081957,-0.05321638299279104,-0.010103234273008707,0.9986,0.0028,False,False
cpu_dlinear_vs_deterministic,cpu_core_weighted,dlinear,independent,persistence,independent,0,0,2,16,1.3862077577261862,1.465749503775071,weighted_mean_pct,3798,32,5000,-0.07954174604888475,-0.02454752257885806,1.465749503775071,1.3862077577261862,-0.05426694387002908,-0.11694281080755363,-0.04433369876445788,-0.07510753779472658,-0.03207277404341747,1.0,0.0,False,False
cpu_dlinear_vs_deterministic,cpu_core_weighted,dlinear,independent,persistence,independent,1,0,2,16,1.3996258342387302,1.465749503775071,weighted_mean_pct,3798,32,5000,-0.06612366953634073,0.02500235355098801,1.465749503775071,1.3996258342387302,-0.04511253073327859,-0.10569253520134674,-0.029345767266504497,-0.06621594714518234,-0.021745856257525873,1.0,0.0,False,False
cpu_dlinear_vs_deterministic,cpu_core_weighted,dlinear,independent,persistence,independent,2,0,2,16,1.4053671312056173,1.465749503775071,weighted_mean_pct,3798,32,5000,-0.06038237256945341,0.002400462745234533,1.465749503775071,1.4053671312056173,-0.04119556064248171,-0.09805671389570383,-0.024576555000213853,-0.06295723824373539,-0.017725355146762052,0.9998,0.0004,False,False
cpu_dlinear_vs_deterministic,cpu_core_weighted,dlinear,independent,ewma,independent,0,0,0,1,1.3150739218475105,1.4217285441973344,weighted_mean_pct,4847,32,5000,-0.10665462234982392,-0.025748701264356022,1.4217285441973344,1.3150739218475105,-0.07501757124109648,-0.14812528641337208,-0.07036945386277127,-0.09652993285713632,-0.05365555271011723,1.0,0.0,False,False
cpu_dlinear_vs_deterministic,cpu_core_weighted,dlinear,independent,ewma,independent,1,0,0,1,1.3252106782778483,1.4217285441973344,weighted_mean_pct,4847,32,5000,-0.09651786591948588,-0.01975891427357679,1.4217285441973344,1.3252106782778483,-0.06788768947026874,-0.13714243128168288,-0.060773170167214285,-0.09012665961781609,-0.04615802390832188,1.0,0.0,False,False
cpu_dlinear_vs_deterministic,cpu_core_weighted,dlinear,independent,ewma,independent,2,0,0,1,1.3414495075816595,1.4217285441973344,weighted_mean_pct,4847,32,5000,-0.08027903661567488,-0.04284410125764149,1.4217285441973344,1.3414495075816595,-0.05646579787915705,-0.11766917355162945,-0.0454676957879428,-0.07916805591857673,-0.033750709294866274,1.0,0.0,False,False
cpu_dlinear_vs_deterministic,cpu_core_weighted,dlinear,independent,ewma,independent,0,0,0,8,1.2969408053016054,1.391766045075517,weighted_mean_pct,4295,32,5000,-0.09482523977391157,-0.02002114183722936,1.391766045075517,1.2969408053016054,-0.06813303148861227,-0.1341948241503571,-0.055496618479036725,-0.09122052282244243,-0.04253264393370911,1.0,0.0,False,False
cpu_dlinear_vs_deterministic,cpu_core_weighted,dlinear,independent,ewma,independent,1,0,0,8,1.3030927416271199,1.391766045075517,weighted_mean_pct,4295,32,5000,-0.08867330344839724,-0.01887925918776201,1.391766045075517,1.3030927416271199,-0.06371279408787836,-0.12780160168323224,-0.050282467492366104,-0.08651787140693747,-0.038553176129610185,1.0,0.0,False,False
cpu_dlinear_vs_deterministic,cpu_core_weighted,dlinear,independent,ewma,independent,2,0,0,8,1.3355527694322997,1.391766045075517,weighted_mean_pct,4295,32,5000,-0.05621327564321734,-0.01643415135066517,1.391766045075517,1.3355527694322997,-0.04038988869006875,-0.09464124827278135,-0.016792045480465173,-0.06583475195332265,-0.012587271318296189,0.9974,0.0052,False,False
cpu_dlinear_vs_deterministic,cpu_core_weighted,dlinear,independent,ewma,independent,0,0,0,16,1.3105642612208253,1.404968480146244,weighted_mean_pct,3707,32,5000,-0.09440421892541878,-0.029064861550170296,1.404968480146244,1.3105642612208253,-0.06719312230804793,-0.14395590556574445,-0.05562690940063798,-0.09533976295414688,-0.04293511582455833,1.0,0.0,False,False
cpu_dlinear_vs_deterministic,cpu_core_weighted,dlinear,independent,ewma,independent,1,0,0,16,1.3219026564755074,1.404968480146244,weighted_mean_pct,3707,32,5000,-0.08306582367073655,-0.01916231765234544,1.404968480146244,1.3219026564755074,-0.05912290905066438,-0.133549174811942,-0.04334535640688473,-0.08809595045978746,-0.033547102141043304,0.9998,0.0004,False,False
cpu_dlinear_vs_deterministic,cpu_core_weighted,dlinear,independent,ewma,independent,2,0,0,16,1.3268482970246676,1.404968480146244,weighted_mean_pct,3707,32,5000,-0.07812018312157626,-0.03655057920225113,1.404968480146244,1.3268482970246676,-0.05560280121974315,-0.1254038584041862,-0.042568697010771595,-0.08420847101918029,-0.03184272994036279,1.0,0.0,False,False
cpu_dlinear_vs_deterministic,cpu_core_weighted,dlinear,independent,ewma,independent,0,0,1,1,1.0373307869955866,1.08740076279778,weighted_mean_pct,5261,32,5000,-0.05006997580219334,-0.003193815868021588,1.08740076279778,1.0373307869955866,-0.04604555883643856,-0.07860607411891916,-0.01713813087639463,-0.06932121358080924,-0.016668759946648046,0.9994,0.0012,False,False
cpu_dlinear_vs_deterministic,cpu_core_weighted,dlinear,independent,ewma,independent,1,0,1,1,1.028170899651214,1.08740076279778,weighted_mean_pct,5261,32,5000,-0.05922986314656584,0.014228767929905128,1.08740076279778,1.028170899651214,-0.054469212431093914,-0.08894170727405364,-0.025526421114114514,-0.07646857609017,-0.025832374498681664,1.0,0.0,False,False
cpu_dlinear_vs_deterministic,cpu_core_weighted,dlinear,independent,ewma,independent,2,0,1,1,1.0297217258171718,1.08740076279778,weighted_mean_pct,5261,32,5000,-0.05767903698060811,0.013849554342030945,1.08740076279778,1.0297217258171718,-0.05304303523956096,-0.08612992804587927,-0.02484197381860196,-0.07473265908433803,-0.024687336162688218,1.0,0.0,False,False
cpu_dlinear_vs_deterministic,cpu_core_weighted,dlinear,independent,ewma,independent,0,0,1,8,1.033701682753594,1.1046683251753342,weighted_mean_pct,4778,32,5000,-0.07096664242174,0.00858682971651703,1.1046683251753342,1.033701682753594,-0.06424248872210227,-0.10061414154438865,-0.03889573302672245,-0.08456809938205466,-0.03803552778478549,1.0,0.0,False,False
cpu_dlinear_vs_deterministic,cpu_core_weighted,dlinear,independent,ewma,independent,1,0,1,8,1.0370802709173366,1.1046683251753342,weighted_mean_pct,4778,32,5000,-0.06758805425799781,-0.002972439923073722,1.1046683251753342,1.0370802709173366,-0.061184024849513234,-0.09595484265557817,-0.03629503269516695,-0.0816053801326536,-0.03551288551228434,1.0,0.0,False,False
cpu_dlinear_vs_deterministic,cpu_core_weighted,dlinear,independent,ewma,independent,2,0,1,8,1.039404831988524,1.1046683251753342,weighted_mean_pct,4778,32,5000,-0.06526349318681014,0.022292847048769993,1.1046683251753342,1.039404831988524,-0.05907971804699971,-0.09344805960088785,-0.03404492232208539,-0.0784775805612259,-0.033595333379173926,1.0,0.0,False,False
cpu_dlinear_vs_deterministic,cpu_core_weighted,dlinear,independent,ewma,independent,0,0,1,16,1.0368843629622824,1.105875514139072,weighted_mean_pct,4317,32,5000,-0.06899115117678946,-9.68165437482682e-05,1.105875514139072,1.0368843629622824,-0.0623860012222979,-0.10408070881173183,-0.03513310846192256,-0.08687882011667733,-0.034862806401008695,1.0,0.0,False,False
cpu_dlinear_vs_deterministic,cpu_core_weighted,dlinear,independent,ewma,independent,1,0,1,16,1.034688478796868,1.105875514139072,weighted_mean_pct,4317,32,5000,-0.07118703534220387,-0.006756132136448212,1.105875514139072,1.034688478796868,-0.06437165343842814,-0.1035730283281509,-0.039272101216966955,-0.0871073652719656,-0.03865079851736269,1.0,0.0,False,False
cpu_dlinear_vs_deterministic,cpu_core_weighted,dlinear,independent,ewma,independent,2,0,1,16,1.0286942821379108,1.105875514139072,weighted_mean_pct,4317,32,5000,-0.07718123200116109,-0.02868350996756952,1.105875514139072,1.0286942821379108,-0.06979197117068547,-0.1080204298940604,-0.04664855792486004,-0.09196440666183575,-0.04550691014281266,1.0,0.0,False,False
cpu_dlinear_vs_deterministic,cpu_core_weighted,dlinear,independent,ewma,independent,0,0,2,1,1.3941457895497487,1.4488408409865017,weighted_mean_pct,4852,32,5000,-0.05469505143675293,0.0008085610286094891,1.4488408409865017,1.3941457895497487,-0.037750903956787686,-0.0885654568022433,-0.021299629819484436,-0.058062592036471454,-0.015314747834823624,0.9998,0.0004,False,False
cpu_dlinear_vs_deterministic,cpu_core_weighted,dlinear,independent,ewma,independent,1,0,2,1,1.3849816526048875,1.4488408409865017,weighted_mean_pct,4852,32,5000,-0.06385918838161396,0.005808809364822087,1.4488408409865017,1.3849816526048875,-0.04407605485370833,-0.10221232265832803,-0.027104636543622832,-0.06614233256144533,-0.02010934276169793,0.9998,0.0004,False,False
cpu_dlinear_vs_deterministic,cpu_core_weighted,dlinear,independent,ewma,independent,2,0,2,1,1.3797603690185691,1.4488408409865017,weighted_mean_pct,4852,32,5000,-0.0690804719679324,0.011211826865776153,1.4488408409865017,1.3797603690185691,-0.04767982100842504,-0.10696673413033604,-0.033886990897221095,-0.06822781053888413,-0.02515891900853901,0.9998,0.0004,False,False
cpu_dlinear_vs_deterministic,cpu_core_weighted,dlinear,independent,ewma,independent,0,0,2,8,1.3866029396631767,1.4494911511395023,weighted_mean_pct,4341,32,5000,-0.06288821147632573,0.014766088382641929,1.4494911511395023,1.3866029396631767,-0.043386405930720455,-0.10057977419064787,-0.026653064394317857,-0.06447251833526085,-0.02023700134003785,0.9996,0.0008,False,False
cpu_dlinear_vs_deterministic,cpu_core_weighted,dlinear,independent,ewma,independent,1,0,2,8,1.3974002705984339,1.4494911511395023,weighted_mean_pct,4341,32,5000,-0.052090880541068814,0.017033381144544446,1.4494911511395023,1.3974002705984339,-0.035937356706260755,-0.09311039178396753,-0.013380037515287114,-0.05990589433052899,-0.009912621335362467,0.9944,0.0112,False,False
cpu_dlinear_vs_deterministic,cpu_core_weighted,dlinear,independent,ewma,independent,2,0,2,8,1.3974777681655879,1.4494911511395023,weighted_mean_pct,4341,32,5000,-0.052013382973914515,0.025656505433212295,1.4494911511395023,1.3974777681655879,-0.035883891345611,-0.08764431954140631,-0.016907832913311747,-0.05705123492334735,-0.012555966619282688,0.9988,0.0024,False,False
cpu_dlinear_vs_deterministic,cpu_core_weighted,dlinear,independent,ewma,independent,0,0,2,16,1.3862077577261862,1.4696981211174147,weighted_mean_pct,3798,32,5000,-0.0834903633912287,-0.003009515245693928,1.4696981211174147,1.3862077577261862,-0.05680783161629872,-0.12747650883607695,-0.042059653569634786,-0.07947445799893593,-0.031358717848415485,1.0,0.0,False,False
cpu_dlinear_vs_deterministic,cpu_core_weighted,dlinear,independent,ewma,independent,1,0,2,16,1.3996258342387302,1.4696981211174147,weighted_mean_pct,3798,32,5000,-0.07007228687868466,0.0504247916904379,1.4696981211174147,1.3996258342387302,-0.04767801351301215,-0.11663123790909297,-0.025900518363814518,-0.07197424377246177,-0.01946814597164895,0.9998,0.0004,False,False
cpu_dlinear_vs_deterministic,cpu_core_weighted,dlinear,independent,ewma,independent,2,0,2,16,1.4053671312056173,1.4696981211174147,weighted_mean_pct,3798,32,5000,-0.06433098991179734,0.026133353617560307,1.4696981211174147,1.4053671312056173,-0.04377156709085696,-0.10874156117012061,-0.02295928980318319,-0.06732427399455727,-0.01688193003052064,0.9988,0.0024,False,False
cpu_dlinear_vs_deterministic,cpu_core_weighted,dlinear,independent,ridge,independent,0,0,0,1,1.3150739218475105,1.336759005851477,weighted_mean_pct,4847,32,5000,-0.02168508400396654,-0.02392740886774991,1.336759005851477,1.3150739218475105,-0.016222134213454403,-0.0323879055702509,-0.010305675651526491,-0.024960170394835314,-0.0073471781988837205,1.0,0.0,False,False
cpu_dlinear_vs_deterministic,cpu_core_weighted,dlinear,independent,ridge,independent,1,0,0,1,1.3252106782778483,1.336759005851477,weighted_mean_pct,4847,32,5000,-0.011548327573628512,-0.014944968768665579,1.336759005851477,1.3252106782778483,-0.00863904976370259,-0.02195994948066635,-7.260132844444325e-05,-0.016961530845475095,-4.842754932168799e-05,0.976,0.048,False,False
cpu_dlinear_vs_deterministic,cpu_core_weighted,dlinear,independent,ridge,independent,2,0,0,1,1.3414495075816595,1.336759005851477,weighted_mean_pct,4847,32,5000,0.004690501730182483,-0.021752992818504513,1.336759005851477,1.3414495075816595,0.0035088611407519702,-0.015322025072597471,0.02740969884381724,-0.012247479324801958,0.019159140958598515,0.3076,0.6152,True,True
cpu_dlinear_vs_deterministic,cpu_core_weighted,dlinear,independent,ridge,independent,0,0,0,8,1.2969408053016054,1.305772444046933,weighted_mean_pct,4295,32,5000,-0.008831638745327445,-0.028522617772701597,1.305772444046933,1.2969408053016054,-0.006763535856183233,-0.028192165451296238,0.011583828676743433,-0.022636811840683977,0.008667451299124974,0.7978,0.4044,True,True
cpu_dlinear_vs_deterministic,cpu_core_weighted,dlinear,independent,ridge,independent,1,0,0,8,1.3030927416271199,1.305772444046933,weighted_mean_pct,4295,32,5000,-0.0026797024198131213,-0.01590591319990553,1.305772444046933,1.3030927416271199,-0.0020521970976106812,-0.01994824478519867,0.01645862047094109,-0.016154023376165266,0.012086803553365357,0.5922,0.8156,True,True
cpu_dlinear_vs_deterministic,cpu_core_weighted,dlinear,independent,ridge,independent,2,0,0,8,1.3355527694322997,1.305772444046933,weighted_mean_pct,4295,32,5000,0.029780325385366787,-0.009086181358712864,1.305772444046933,1.3355527694322997,0.02280667318500742,0.0034914496100769132,0.05875854733315874,0.00276362656503623,0.04232566215198931,0.0138,0.0276,False,False
cpu_dlinear_vs_deterministic,cpu_core_weighted,dlinear,independent,ridge,independent,0,0,0,16,1.3105642612208253,1.3307644384106914,weighted_mean_pct,3707,32,5000,-0.020200177189866147,-0.0238018073835633,1.3307644384106914,1.3105642612208253,-0.015179378563790646,-0.0326844182320195,-0.008884254642638928,-0.0263583816032618,-0.006439491136584206,0.9994,0.0012,False,False
cpu_dlinear_vs_deterministic,cpu_core_weighted,dlinear,independent,ridge,independent,1,0,0,16,1.3219026564755074,1.3307644384106914,weighted_mean_pct,3707,32,5000,-0.008861781935183909,-0.013792179052956932,1.3307644384106914,1.3219026564755074,-0.006659166475599077,-0.02038398683989411,0.001327255188522244,-0.015819952405897852,0.0009108966906282554,0.9596,0.0808,True,True
cpu_dlinear_vs_deterministic,cpu_core_weighted,dlinear,independent,ridge,independent,2,0,0,16,1.3268482970246676,1.3307644384106914,weighted_mean_pct,3707,32,5000,-0.003916141386023629,-0.022104352953222328,1.3307644384106914,1.3268482970246676,-0.002942775800877733,-0.024270952682488748,0.014540313714473715,-0.0194616673288988,0.010306785463536333,0.6948,0.6104,True,True
cpu_dlinear_vs_deterministic,cpu_core_weighted,dlinear,independent,ridge,independent,0,0,1,1,1.0373307869955866,1.0386258182547239,weighted_mean_pct,5261,32,5000,-0.0012950312591373536,-0.015167474655712887,1.0386258182547239,1.0373307869955866,-0.0012468698894020234,-0.007549968511541045,0.005386674144740386,-0.008035527388164026,0.004776418548123378,0.6718,0.6564,True,True
cpu_dlinear_vs_deterministic,cpu_core_weighted,dlinear,independent,ridge,independent,1,0,1,1,1.028170899651214,1.0386258182547239,weighted_mean_pct,5261,32,5000,-0.010454918603509855,-0.006061652562194375,1.0386258182547239,1.028170899651214,-0.010066106984590458,-0.014171559795397713,-0.0061747182761800745,-0.013861069101722192,-0.005921991230026744,1.0,0.0,False,False
cpu_dlinear_vs_deterministic,cpu_core_weighted,dlinear,independent,ridge,independent,2,0,1,1,1.0297217258171718,1.0386258182547239,weighted_mean_pct,5261,32,5000,-0.00890409243755212,-0.008577907211987146,1.0386258182547239,1.0297217258171718,-0.008572955034484213,-0.012945793758775739,-0.004211051835244872,-0.013215603675877223,-0.0038689059079804133,0.9996,0.0008,False,False
cpu_dlinear_vs_deterministic,cpu_core_weighted,dlinear,independent,ridge,independent,0,0,1,8,1.033701682753594,1.052109336067894,weighted_mean_pct,4778,32,5000,-0.01840765331429991,-0.012131333756659535,1.052109336067894,1.033701682753594,-0.017495950927586903,-0.026959772293538957,-0.009619042498507181,-0.025879367806803274,-0.009203695607432769,0.9998,0.0004,False,False
cpu_dlinear_vs_deterministic,cpu_core_weighted,dlinear,independent,ridge,independent,1,0,1,8,1.0370802709173366,1.052109336067894,weighted_mean_pct,4778,32,5000,-0.015029065150557717,-0.015369126151151935,1.052109336067894,1.0370802709173366,-0.014284698971236838,-0.02248224775037468,-0.0072519601669845035,-0.022680215394047517,-0.006540644495918976,0.9994,0.0012,False,False
cpu_dlinear_vs_deterministic,cpu_core_weighted,dlinear,independent,ridge,independent,2,0,1,8,1.039404831988524,1.052109336067894,weighted_mean_pct,4778,32,5000,-0.012704504079370054,-0.006230866473940111,1.052109336067894,1.039404831988524,-0.012075269787882785,-0.02298584457213575,-0.002199110797492503,-0.022030100764272947,-0.002080754820352724,0.9896,0.0208,False,False
cpu_dlinear_vs_deterministic,cpu_core_weighted,dlinear,independent,ridge,independent,0,0,1,16,1.0368843629622824,1.047340358377533,weighted_mean_pct,4317,32,5000,-0.010455995415250637,-0.011141469186508157,1.047340358377533,1.0368843629622824,-0.009983378690236229,-0.015281719561614731,-0.005471329661645412,-0.015799874226749566,-0.004899774974407635,1.0,0.0,False,False
cpu_dlinear_vs_deterministic,cpu_core_weighted,dlinear,independent,ridge,independent,1,0,1,16,1.034688478796868,1.047340358377533,weighted_mean_pct,4317,32,5000,-0.01265187958066503,-0.01386118762093469,1.047340358377533,1.034688478796868,-0.012080007687533825,-0.020894767279899862,-0.003730517595090137,-0.021360306745379923,-0.0034059829072375578,0.9954,0.0092,False,False
cpu_dlinear_vs_deterministic,cpu_core_weighted,dlinear,independent,ridge,independent,2,0,1,16,1.0286942821379108,1.047340358377533,weighted_mean_pct,4317,32,5000,-0.01864607623962225,-0.026510889645338764,1.047340358377533,1.0286942821379108,-0.017803263371333707,-0.029459919481202478,-0.007228076370891998,-0.03138457286092828,-0.006410023660169359,0.9986,0.0028,False,False
cpu_dlinear_vs_deterministic,cpu_core_weighted,dlinear,independent,ridge,independent,0,0,2,1,1.3941457895497487,1.3847823097729834,weighted_mean_pct,4852,32,5000,0.009363479776765217,-0.017327844429812167,1.3847823097729834,1.3941457895497487,0.006761698001688247,-0.004529377363293431,0.025031784110502754,-0.0035058043459165493,0.016637680262342604,0.0988,0.1976,True,True
cpu_dlinear_vs_deterministic,cpu_core_weighted,dlinear,independent,ridge,independent,1,0,2,1,1.3849816526048875,1.3847823097729834,weighted_mean_pct,4852,32,5000,0.00019934283190420164,-0.018847564263345884,1.3847823097729834,1.3849816526048875,0.0001439524685557842,-0.006562688091994793,0.007667501020955878,-0.005141994924618286,0.0051555747919290965,0.4706,0.9412,True,True
cpu_dlinear_vs_deterministic,cpu_core_weighted,dlinear,independent,ridge,independent,2,0,2,1,1.3797603690185691,1.3847823097729834,weighted_mean_pct,4852,32,5000,-0.0050219407544142445,-0.014772824353432634,1.3847823097729834,1.3797603690185691,-0.0036265200089373793,-0.01130436414650131,0.001782082989738203,-0.008757310936129876,0.0011965528654308403,0.9304,0.1392,True,True
cpu_dlinear_vs_deterministic,cpu_core_weighted,dlinear,independent,ridge,independent,0,0,2,8,1.3866029396631767,1.382419569308397,weighted_mean_pct,4341,32,5000,0.004183370354779658,-0.013176794822397309,1.382419569308397,1.3866029396631767,0.0030261220599419997,-0.00824284434797903,0.018057608458451575,-0.006325133219346781,0.012217491162133595,0.2592,0.5184,True,True
cpu_dlinear_vs_deterministic,cpu_core_weighted,dlinear,independent,ridge,independent,1,0,2,8,1.3974002705984339,1.382419569308397,weighted_mean_pct,4341,32,5000,0.01498070129003657,-0.008586717408544775,1.382419569308397,1.3974002705984339,0.010836580747718424,0.006186724579262562,0.024915493481294522,0.004871337467406934,0.016635134060143702,0.0004,0.0008,False,False
cpu_dlinear_vs_deterministic,cpu_core_weighted,dlinear,independent,ridge,independent,2,0,2,8,1.3974777681655879,1.382419569308397,weighted_mean_pct,4341,32,5000,0.015058198857190869,-0.015154467818426554,1.382419569308397,1.3974777681655879,0.010892640115565098,-0.0048866598213806655,0.03735520492327371,-0.00377062137454409,0.025567438556763262,0.0738,0.1476,True,True
cpu_dlinear_vs_deterministic,cpu_core_weighted,dlinear,independent,ridge,independent,0,0,2,16,1.3862077577261862,1.3964343073665617,weighted_mean_pct,3798,32,5000,-0.010226549640375575,-0.02100735970723755,1.3964343073665617,1.3862077577261862,-0.007323330275135616,-0.018226389552605825,-0.0014010203598434695,-0.01420474328526778,-0.0009036466743298866,0.9882,0.0236,False,False
cpu_dlinear_vs_deterministic,cpu_core_weighted,dlinear,independent,ridge,independent,1,0,2,16,1.3996258342387302,1.3964343073665617,weighted_mean_pct,3798,32,5000,0.0031915268721684617,0.015547713548264674,1.3964343073665617,1.3996258342387302,0.00228548300147906,-0.0010335365071247062,0.007569474290469499,-0.0007178564243899414,0.005472518922494102,0.0692,0.1384,True,True
cpu_dlinear_vs_deterministic,cpu_core_weighted,dlinear,independent,ridge,independent,2,0,2,16,1.4053671312056173,1.3964343073665617,weighted_mean_pct,3798,32,5000,0.008932823839055793,-0.003796798362682763,1.3964343073665617,1.4053671312056173,0.006396880821341023,-0.0010436826765319422,0.020194296250791912,-0.0008061333148659439,0.013695667302135067,0.0404,0.0808,True,True
cpu_dlinear_reconciliation,cpu_core_weighted,dlinear,bottom_up,dlinear,independent,0,0,0,1,1.2210091027185592,1.3150739218475105,weighted_mean_pct,4847,32,5000,-0.09406481912895116,-0.04667655799790893,1.3150739218475105,1.2210091027185592,-0.07152816093927415,-0.11429256332313988,-0.07189305323955265,-0.09260377808928948,-0.051213532540086884,1.0,0.0,False,False
cpu_dlinear_reconciliation,cpu_core_weighted,dlinear,bottom_up,dlinear,independent,1,0,0,1,1.2201163911590962,1.3252106782778483,weighted_mean_pct,4847,32,5000,-0.10509428711875228,-0.05677068617063785,1.3252106782778483,1.2201163911590962,-0.07930383360276383,-0.12540522845561847,-0.08236636454516774,-0.10098787996151819,-0.0584647760713558,1.0,0.0,False,False
cpu_dlinear_reconciliation,cpu_core_weighted,dlinear,bottom_up,dlinear,independent,2,0,0,1,1.2447078549960777,1.3414495075816595,weighted_mean_pct,4847,32,5000,-0.09674165258558191,-0.05536647853858012,1.3414495075816595,1.2447078549960777,-0.07211725229970525,-0.11777133055338751,-0.0749208218484729,-0.09128824970905886,-0.0538123071909764,1.0,0.0,False,False
cpu_dlinear_reconciliation,cpu_core_weighted,dlinear,bottom_up,dlinear,independent,0,0,0,8,1.2041326979239406,1.2969408053016054,weighted_mean_pct,4295,32,5000,-0.09280810737766478,-0.0608441986909769,1.2969408053016054,1.2041326979239406,-0.07155924695890968,-0.11345642773294541,-0.07243258487975612,-0.09318093130090307,-0.052967608318832474,1.0,0.0,False,False
cpu_dlinear_reconciliation,cpu_core_weighted,dlinear,bottom_up,dlinear,independent,1,0,0,8,1.228390145145229,1.3030927416271199,weighted_mean_pct,4295,32,5000,-0.07470259648189063,-0.05275478712243631,1.3030927416271199,1.228390145145229,-0.057327152623544264,-0.09671025615298202,-0.052618785551035,-0.07918799506177122,-0.038193293998111486,1.0,0.0,False,False
cpu_dlinear_reconciliation,cpu_core_weighted,dlinear,bottom_up,dlinear,independent,2,0,0,8,1.265109991251127,1.3355527694322997,weighted_mean_pct,4295,32,5000,-0.07044277818117278,-0.05625618792614562,1.3355527694322997,1.265109991251127,-0.05274428670543338,-0.09176566362683956,-0.049548709070358445,-0.07314185930121654,-0.03479371581723226,1.0,0.0,False,False
cpu_dlinear_reconciliation,cpu_core_weighted,dlinear,bottom_up,dlinear,independent,0,0,0,16,1.2198480014346502,1.3105642612208253,weighted_mean_pct,3707,32,5000,-0.09071625978617483,-0.04161654397744563,1.3105642612208253,1.2198480014346502,-0.0692192382094032,-0.11644081058392217,-0.0660339768327981,-0.09590152867955595,-0.04825816182287725,1.0,0.0,False,False
cpu_dlinear_reconciliation,cpu_core_weighted,dlinear,bottom_up,dlinear,independent,1,0,0,16,1.2215806651094538,1.3219026564755074,weighted_mean_pct,3707,32,5000,-0.10032199136605371,-0.05326778646185559,1.3219026564755074,1.2215806651094538,-0.07589211722558672,-0.1272245320252378,-0.07392513715922135,-0.10330759019358246,-0.05349806551937136,1.0,0.0,False,False
cpu_dlinear_reconciliation,cpu_core_weighted,dlinear,bottom_up,dlinear,independent,2,0,0,16,1.2655222030194577,1.3268482970246676,weighted_mean_pct,3707,32,5000,-0.06132609400520972,-0.036208219625150306,1.3268482970246676,1.2655222030194577,-0.0462193712293468,-0.088738155226432,-0.035677651185530374,-0.07181368718649345,-0.025427191211229286,1.0,0.0,False,False
cpu_dlinear_reconciliation,cpu_core_weighted,dlinear,bottom_up,dlinear,independent,0,0,1,1,0.9147081496676741,1.0373307869955866,weighted_mean_pct,5261,32,5000,-0.12262263732791241,-0.05804067756196529,1.0373307869955866,0.9147081496676741,-0.11820977345429363,-0.14530507786882732,-0.10227870368289989,-0.1417521841265584,-0.09905231341233085,1.0,0.0,False,False
cpu_dlinear_reconciliation,cpu_core_weighted,dlinear,bottom_up,dlinear,independent,1,0,1,1,0.917185497819208,1.028170899651214,weighted_mean_pct,5261,32,5000,-0.1109854018320061,-0.057170797862025946,1.028170899651214,0.917185497819208,-0.10794450793117723,-0.1316299210573011,-0.09246939834313825,-0.13400208775770578,-0.08705671009701592,1.0,0.0,False,False
cpu_dlinear_reconciliation,cpu_core_weighted,dlinear,bottom_up,dlinear,independent,2,0,1,1,0.9279442720428407,1.0297217258171718,weighted_mean_pct,5261,32,5000,-0.10177745377433113,-0.03692474375488697,1.0297217258171718,0.9279442720428407,-0.09883976536822321,-0.12374803995061982,-0.08205884275924043,-0.12206772915894755,-0.07934526805242388,1.0,0.0,False,False
cpu_dlinear_reconciliation,cpu_core_weighted,dlinear,bottom_up,dlinear,independent,0,0,1,8,0.9361980040103265,1.033701682753594,weighted_mean_pct,4778,32,5000,-0.0975036787432677,-0.05213219267900793,1.033701682753594,0.9361980040103265,-0.09432477509713978,-0.12031474072250198,-0.07846304235965457,-0.12503710047297217,-0.07135178906972192,1.0,0.0,False,False
cpu_dlinear_reconciliation,cpu_core_weighted,dlinear,bottom_up,dlinear,independent,1,0,1,8,0.9401228753138295,1.0370802709173366,weighted_mean_pct,4778,32,5000,-0.09695739560350677,-0.03996500200905029,1.0370802709173366,0.9401228753138295,-0.09349073386358445,-0.11959709828411696,-0.07683306270487626,-0.11904611731487137,-0.07311574133965452,1.0,0.0,False,False
cpu_dlinear_reconciliation,cpu_core_weighted,dlinear,bottom_up,dlinear,independent,2,0,1,8,0.9348743317307809,1.039404831988524,weighted_mean_pct,4778,32,5000,-0.10453050025774298,-0.05664473298054662,1.039404831988524,0.9348743317307809,-0.1005676489474864,-0.12538136307512635,-0.08653009706062698,-0.12826584174410877,-0.07955213092832841,1.0,0.0,False,False
cpu_dlinear_reconciliation,cpu_core_weighted,dlinear,bottom_up,dlinear,independent,0,0,1,16,0.9291772402608398,1.0368843629622824,weighted_mean_pct,4317,32,5000,-0.10770712270144256,-0.04471564063455613,1.0368843629622824,0.9291772402608398,-0.10387573248161763,-0.13088026816594298,-0.08635399727610484,-0.1308228949972756,-0.08213527867216217,1.0,0.0,False,False
cpu_dlinear_reconciliation,cpu_core_weighted,dlinear,bottom_up,dlinear,independent,1,0,1,16,0.9334668105645666,1.034688478796868,weighted_mean_pct,4317,32,5000,-0.10122166823230128,-0.04461242829097589,1.034688478796868,0.9334668105645666,-0.09782815823947462,-0.12366685311643812,-0.08075922606237405,-0.12500786587248827,-0.07571713994499259,1.0,0.0,False,False
cpu_dlinear_reconciliation,cpu_core_weighted,dlinear,bottom_up,dlinear,independent,2,0,1,16,0.9440487163279161,1.0286942821379108,weighted_mean_pct,4317,32,5000,-0.08464556580999465,-0.026048111685975872,1.0286942821379108,0.9440487163279161,-0.08228447195611682,-0.10870678579544125,-0.06229036373698986,-0.10620276137335836,-0.06169464505257564,1.0,0.0,False,False
cpu_dlinear_reconciliation,cpu_core_weighted,dlinear,bottom_up,dlinear,independent,0,0,2,1,1.3226841038486563,1.3941457895497487,weighted_mean_pct,4852,32,5000,-0.07146168570109235,-0.013654346831262654,1.3941457895497487,1.3226841038486563,-0.051258402268080955,-0.09383371448084343,-0.04899637933769377,-0.06630281309689892,-0.03515283190027,1.0,0.0,False,False
cpu_dlinear_reconciliation,cpu_core_weighted,dlinear,bottom_up,dlinear,independent,1,0,2,1,1.3220225604466844,1.3849816526048875,weighted_mean_pct,4852,32,5000,-0.06295909215820299,-0.012071247619401149,1.3849816526048875,1.3220225604466844,-0.04545843047074948,-0.08719410572204554,-0.03819123510222682,-0.06307522387514335,-0.02697009357596893,1.0,0.0,False,False
cpu_dlinear_reconciliation,cpu_core_weighted,dlinear,bottom_up,dlinear,independent,2,0,2,1,1.295761435674019,1.3797603690185691,weighted_mean_pct,4852,32,5000,-0.08399893334455022,-0.0375632127221166,1.3797603690185691,1.295761435674019,-0.060879363714656555,-0.10639758782280376,-0.06038565585365918,-0.07882352078745909,-0.042582670155600334,1.0,0.0,False,False
cpu_dlinear_reconciliation,cpu_core_weighted,dlinear,bottom_up,dlinear,independent,0,0,2,8,1.335410317985586,1.3866029396631767,weighted_mean_pct,4341,32,5000,-0.05119262167759083,-0.005915502498095471,1.3866029396631767,1.335410317985586,-0.03691945272381015,-0.07169467475480258,-0.027346269089056043,-0.054022589654544616,-0.019184487719425925,1.0,0.0,False,False
cpu_dlinear_reconciliation,cpu_core_weighted,dlinear,bottom_up,dlinear,independent,1,0,2,8,1.3263745798640398,1.3974002705984339,weighted_mean_pct,4341,32,5000,-0.07102569073439376,-0.009770395088815498,1.3974002705984339,1.3263745798640398,-0.05082701945089588,-0.09837648087252747,-0.04152874935547288,-0.06910806692574206,-0.030219697938373778,1.0,0.0,False,False
cpu_dlinear_reconciliation,cpu_core_weighted,dlinear,bottom_up,dlinear,independent,2,0,2,8,1.3371456676203453,1.3974777681655879,weighted_mean_pct,4341,32,5000,-0.06033210054524275,-0.013301454747274954,1.3974777681655879,1.3371456676203453,-0.04317213620109195,-0.08189558309949388,-0.037469675699971644,-0.057928728084766345,-0.027259098627529035,1.0,0.0,False,False
cpu_dlinear_reconciliation,cpu_core_weighted,dlinear,bottom_up,dlinear,independent,0,0,2,16,1.3255570504160183,1.3862077577261862,weighted_mean_pct,3798,32,5000,-0.060650707310167765,-0.02005819832961997,1.3862077577261862,1.3255570504160183,-0.04375297062949198,-0.0868903038337504,-0.03327151200020443,-0.06544714803953725,-0.022937789541190884,1.0,0.0,False,False
cpu_dlinear_reconciliation,cpu_core_weighted,dlinear,bottom_up,dlinear,independent,1,0,2,16,1.3409944288012665,1.3996258342387302,weighted_mean_pct,3798,32,5000,-0.05863140543746384,-0.0031723803354541946,1.3996258342387302,1.3409944288012665,-0.04189077109265708,-0.08575054576010378,-0.02949544178604781,-0.06387739879380894,-0.020451595443761888,1.0,0.0,False,False
cpu_dlinear_reconciliation,cpu_core_weighted,dlinear,bottom_up,dlinear,independent,2,0,2,16,1.3321438927786555,1.4053671312056173,weighted_mean_pct,3798,32,5000,-0.07322323842696182,-0.009135701645603955,1.4053671312056173,1.3321438927786555,-0.05210256935790583,-0.10159886812916039,-0.04472933830976201,-0.07281553503332136,-0.03138012191046028,1.0,0.0,False,False
cpu_dlinear_reconciliation,cpu_core_weighted,dlinear,wls,dlinear,independent,0,0,0,1,1.2320609766432158,1.3150739218475105,weighted_mean_pct,4847,32,5000,-0.08301294520429456,-0.056202177222302474,1.3150739218475105,1.2320609766432158,-0.06312416650135683,-0.09586788346356509,-0.06931686863983667,-0.07784689788284888,-0.04937554967849836,1.0,0.0,False,False
cpu_dlinear_reconciliation,cpu_core_weighted,dlinear,wls,dlinear,independent,1,0,0,1,1.2348735140996032,1.3252106782778483,weighted_mean_pct,4847,32,5000,-0.09033716417824507,-0.06318700486824858,1.3252106782778483,1.2348735140996032,-0.06816815292768465,-0.10337151190470244,-0.07638308997288766,-0.08352313515987365,-0.054120136682842324,1.0,0.0,False,False
cpu_dlinear_reconciliation,cpu_core_weighted,dlinear,wls,dlinear,independent,2,0,0,1,1.2568038736157374,1.3414495075816595,weighted_mean_pct,4847,32,5000,-0.08464563396592209,-0.05691405503522162,1.3414495075816595,1.2568038736157374,-0.06310012675655581,-0.09776677915198877,-0.07055312742245809,-0.07650548706208836,-0.050157906388318706,1.0,0.0,False,False
cpu_dlinear_reconciliation,cpu_core_weighted,dlinear,wls,dlinear,independent,0,0,0,8,1.2215810718434479,1.2969408053016054,weighted_mean_pct,4295,32,5000,-0.07535973345815773,-0.05165816118052158,1.2969408053016054,1.2215810718434479,-0.05810576176653855,-0.0884065669323514,-0.06270828218005185,-0.07267442254408972,-0.0457793323424481,1.0,0.0,False,False
cpu_dlinear_reconciliation,cpu_core_weighted,dlinear,wls,dlinear,independent,1,0,0,8,1.2363161812922452,1.3030927416271199,weighted_mean_pct,4295,32,5000,-0.06677656033487481,-0.052911203721772715,1.3030927416271199,1.2363161812922452,-0.05124467215702052,-0.08073345189662869,-0.05300042580390749,-0.0662552487981267,-0.038490932025580016,1.0,0.0,False,False
cpu_dlinear_reconciliation,cpu_core_weighted,dlinear,wls,dlinear,independent,2,0,0,8,1.2716515828418913,1.3355527694322997,weighted_mean_pct,4295,32,5000,-0.06390118659040843,-0.05474388914915451,1.3355527694322997,1.2716515828418913,-0.04784624617833016,-0.07684835031286986,-0.050457014024724356,-0.06158664590063091,-0.03581320083220232,1.0,0.0,False,False
cpu_dlinear_reconciliation,cpu_core_weighted,dlinear,wls,dlinear,independent,0,0,0,16,1.2311344015701307,1.3105642612208253,weighted_mean_pct,3707,32,5000,-0.0794298596506946,-0.05292635189081629,1.3105642612208253,1.2311344015701307,-0.060607375007085566,-0.09513959987560738,-0.06518911886155221,-0.07848255618109297,-0.04668481695058525,1.0,0.0,False,False
cpu_dlinear_reconciliation,cpu_core_weighted,dlinear,wls,dlinear,independent,1,0,0,16,1.2350241153770274,1.3219026564755074,weighted_mean_pct,3707,32,5000,-0.08687854109848024,-0.06156171717165826,1.3219026564755074,1.2350241153770274,-0.06572234398115075,-0.10342026124611936,-0.0712640864409147,-0.08408465413216505,-0.05109065811851763,1.0,0.0,False,False
cpu_dlinear_reconciliation,cpu_core_weighted,dlinear,wls,dlinear,independent,2,0,0,16,1.2655807774904178,1.3268482970246676,weighted_mean_pct,3707,32,5000,-0.06126751953424974,-0.044420100011277164,1.3268482970246676,1.2655807774904178,-0.0461752256619211,-0.07797673264723264,-0.04564930182129612,-0.06347930584032802,-0.03284224808811147,1.0,0.0,False,False
cpu_dlinear_reconciliation,cpu_core_weighted,dlinear,wls,dlinear,independent,0,0,1,1,0.9358879991696007,1.0373307869955866,weighted_mean_pct,5261,32,5000,-0.10144278782598587,-0.07162890712615688,1.0373307869955866,0.9358879991696007,-0.0977921306276794,-0.11584365156703866,-0.08858951042166319,-0.11440784318249217,-0.08476495459639584,1.0,0.0,False,False
cpu_dlinear_reconciliation,cpu_core_weighted,dlinear,wls,dlinear,independent,1,0,1,1,0.9355919932375956,1.028170899651214,weighted_mean_pct,5261,32,5000,-0.09257890641361836,-0.0634076663392995,1.028170899651214,0.9355919932375956,-0.09004233288942905,-0.10570519040129388,-0.08067693954570745,-0.108024324316936,-0.07582955593086085,1.0,0.0,False,False
cpu_dlinear_reconciliation,cpu_core_weighted,dlinear,wls,dlinear,independent,2,0,1,1,0.9409694933168959,1.0297217258171718,weighted_mean_pct,5261,32,5000,-0.08875223250027577,-0.058889977939472704,1.0297217258171718,0.9409694933168959,-0.08619050203086986,-0.10293375070405066,-0.07618577019655111,-0.10225073313296541,-0.07307210638391455,1.0,0.0,False,False
cpu_dlinear_reconciliation,cpu_core_weighted,dlinear,wls,dlinear,independent,0,0,1,8,0.9551432921371278,1.033701682753594,weighted_mean_pct,4778,32,5000,-0.07855839061646627,-0.05004754951997947,1.033701682753594,0.9551432921371278,-0.07599715849083359,-0.0930537485425874,-0.0663701011201701,-0.0969265897763357,-0.060633278083209015,1.0,0.0,False,False
cpu_dlinear_reconciliation,cpu_core_weighted,dlinear,wls,dlinear,independent,1,0,1,8,0.9542072313783911,1.0370802709173366,weighted_mean_pct,4778,32,5000,-0.08287303953894515,-0.054013761883569655,1.0370802709173366,0.9542072313783911,-0.07990995669567681,-0.0968785454784771,-0.06993369712726714,-0.09712018994373875,-0.06614925674862633,1.0,0.0,False,False
cpu_dlinear_reconciliation,cpu_core_weighted,dlinear,wls,dlinear,independent,2,0,1,8,0.9569594800223096,1.039404831988524,weighted_mean_pct,4778,32,5000,-0.08244535196621432,-0.05017107529297071,1.039404831988524,0.9569594800223096,-0.07931976976524638,-0.09568798671756162,-0.07093308909934556,-0.09770222797782137,-0.06524557841394246,1.0,0.0,False,False
cpu_dlinear_reconciliation,cpu_core_weighted,dlinear,wls,dlinear,independent,0,0,1,16,0.946907513565757,1.0368843629622824,weighted_mean_pct,4317,32,5000,-0.08997684939652531,-0.05919203588774735,1.0368843629622824,0.946907513565757,-0.08677616580065863,-0.10511725616748652,-0.07625190299137898,-0.10535794619971277,-0.07231904538589949,1.0,0.0,False,False
cpu_dlinear_reconciliation,cpu_core_weighted,dlinear,wls,dlinear,independent,1,0,1,16,0.950341265198475,1.034688478796868,weighted_mean_pct,4317,32,5000,-0.08434721359839302,-0.053147551710737595,1.034688478796868,0.950341265198475,-0.0815194286269348,-0.09882468988833205,-0.07121823514998299,-0.10021526302070277,-0.06715214717631678,1.0,0.0,False,False
cpu_dlinear_reconciliation,cpu_core_weighted,dlinear,wls,dlinear,independent,2,0,1,16,0.9512840295659025,1.0286942821379108,weighted_mean_pct,4317,32,5000,-0.07741025257200823,-0.04870522589334714,1.0286942821379108,0.9512840295659025,-0.07525097972852376,-0.09318639673678371,-0.06282949223480655,-0.09117026191662844,-0.06195133945891618,1.0,0.0,False,False
cpu_dlinear_reconciliation,cpu_core_weighted,dlinear,wls,dlinear,independent,0,0,2,1,1.321318301751538,1.3941457895497487,weighted_mean_pct,4852,32,5000,-0.07282748779821085,-0.03533233187486351,1.3941457895497487,1.321318301751538,-0.05223807175986316,-0.08621208719624428,-0.05946005622618491,-0.06169233023368487,-0.042625797429149896,1.0,0.0,False,False
cpu_dlinear_reconciliation,cpu_core_weighted,dlinear,wls,dlinear,independent,1,0,2,1,1.3070506415492051,1.3849816526048875,weighted_mean_pct,4852,32,5000,-0.0779310110556825,-0.05315849118562377,1.3849816526048875,1.3070506415492051,-0.056268623421190496,-0.09259953554136413,-0.06297987502217049,-0.06794800936947434,-0.04453020891011695,1.0,0.0,False,False
cpu_dlinear_reconciliation,cpu_core_weighted,dlinear,wls,dlinear,independent,2,0,2,1,1.2971269129392666,1.3797603690185691,weighted_mean_pct,4852,32,5000,-0.08263345607930246,-0.05386567780528284,1.3797603690185691,1.2971269129392666,-0.05988971558741035,-0.09593500330509244,-0.06856609306220166,-0.07165502414927108,-0.04844016340618718,1.0,0.0,False,False
cpu_dlinear_reconciliation,cpu_core_weighted,dlinear,wls,dlinear,independent,0,0,2,8,1.329577909702938,1.3866029396631767,weighted_mean_pct,4341,32,5000,-0.057025029960238685,-0.031468437811462024,1.3866029396631767,1.329577909702938,-0.041125709696022125,-0.0699050344812386,-0.04230961425097937,-0.052204677697568654,-0.029460448919763606,1.0,0.0,False,False
cpu_dlinear_reconciliation,cpu_core_weighted,dlinear,wls,dlinear,independent,1,0,2,8,1.317202597384722,1.3974002705984339,weighted_mean_pct,4341,32,5000,-0.08019767321371177,-0.046564855594105836,1.3974002705984339,1.317202597384722,-0.05739062378982314,-0.09765171414213926,-0.0612202879383087,-0.06930328140806322,-0.04431067808980441,1.0,0.0,False,False
cpu_dlinear_reconciliation,cpu_core_weighted,dlinear,wls,dlinear,independent,2,0,2,8,1.335674158659848,1.3974777681655879,weighted_mean_pct,4341,32,5000,-0.0618036095057401,-0.027117918188760637,1.3974777681655879,1.335674158659848,-0.04422511106338899,-0.0761473748978947,-0.04686279978444036,-0.053408632782524085,-0.034539321134557675,1.0,0.0,False,False
cpu_dlinear_reconciliation,cpu_core_weighted,dlinear,wls,dlinear,independent,0,0,2,16,1.3202023555469582,1.3862077577261862,weighted_mean_pct,3798,32,5000,-0.06600540217922782,-0.04664518457164313,1.3862077577261862,1.3202023555469582,-0.04761580781188045,-0.0817493527597624,-0.04955765938475059,-0.06264717338491355,-0.03416168934740075,1.0,0.0,False,False
cpu_dlinear_reconciliation,cpu_core_weighted,dlinear,wls,dlinear,independent,1,0,2,16,1.3321357981229185,1.3996258342387302,weighted_mean_pct,3798,32,5000,-0.0674900361158117,-0.0281218662242253,1.3996258342387302,1.3321357981229185,-0.04822005600698287,-0.08439620806762559,-0.04957672053032821,-0.06227936166534161,-0.03440571288442465,1.0,0.0,False,False
cpu_dlinear_reconciliation,cpu_core_weighted,dlinear,wls,dlinear,independent,2,0,2,16,1.331447400415796,1.4053671312056173,weighted_mean_pct,3798,32,5000,-0.07391973078982153,-0.03481418504201361,1.4053671312056173,1.331447400415796,-0.05259816395905622,-0.0914652866550638,-0.05619386557325694,-0.06581726576750442,-0.039525260787116705,1.0,0.0,False,False
cpu_dlinear_reconciliation,cpu_core_weighted,dlinear,mint,dlinear,independent,0,0,0,1,1.224241249457534,1.3150739218475105,weighted_mean_pct,4847,32,5000,-0.09083267238997637,-0.0555062846217238,1.3150739218475105,1.224241249457534,-0.06907039283568797,-0.10623824741473564,-0.07443241005548018,-0.08640479337600454,-0.05288779708716835,1.0,0.0,False,False
cpu_dlinear_reconciliation,cpu_core_weighted,dlinear,mint,dlinear,independent,1,0,0,1,1.2250760193646761,1.3252106782778483,weighted_mean_pct,4847,32,5000,-0.1001346589131724,-0.06552670229084878,1.3252106782778483,1.2250760193646761,-0.07556131304593805,-0.11606606399345157,-0.08293693651606124,-0.09351761207468409,-0.05875047160020256,1.0,0.0,False,False
cpu_dlinear_reconciliation,cpu_core_weighted,dlinear,mint,dlinear,independent,2,0,0,1,1.2486302270378404,1.3414495075816595,weighted_mean_pct,4847,32,5000,-0.09281928054381894,-0.05727073124830673,1.3414495075816595,1.2486302270378404,-0.06919327191908388,-0.1090256950298833,-0.07593896844779567,-0.08473978542550514,-0.054185968995392055,1.0,0.0,False,False
cpu_dlinear_reconciliation,cpu_core_weighted,dlinear,mint,dlinear,independent,0,0,0,8,1.209524961701427,1.2969408053016054,weighted_mean_pct,4295,32,5000,-0.08741584360017858,-0.05663861802882675,1.2969408053016054,1.209524961701427,-0.06740156778385109,-0.10421001381942813,-0.07078986284420583,-0.08573040738069078,-0.05185602732017062,1.0,0.0,False,False
cpu_dlinear_reconciliation,cpu_core_weighted,dlinear,mint,dlinear,independent,1,0,0,8,1.2287397634756363,1.3030927416271199,weighted_mean_pct,4295,32,5000,-0.0743529781514837,-0.0542247922443182,1.3030927416271199,1.2287397634756363,-0.05705885373794816,-0.0921957320869743,-0.05628217227720826,-0.0759396779530583,-0.04085642235686587,1.0,0.0,False,False
cpu_dlinear_reconciliation,cpu_core_weighted,dlinear,mint,dlinear,independent,2,0,0,8,1.2651365765264677,1.3355527694322997,weighted_mean_pct,4295,32,5000,-0.07041619290583187,-0.058597893757403874,1.3355527694322997,1.2651365765264677,-0.052724380883702196,-0.08603372434699602,-0.054152964891576234,-0.06918639929433126,-0.038170990585208536,1.0,0.0,False,False
cpu_dlinear_reconciliation,cpu_core_weighted,dlinear,mint,dlinear,independent,0,0,0,16,1.2221808184484957,1.3105642612208253,weighted_mean_pct,3707,32,5000,-0.08838344277232962,-0.054379213436206886,1.3105642612208253,1.2221808184484957,-0.06743922857319344,-0.1078556974136193,-0.07047520853294945,-0.08864531715699478,-0.05083043419157805,1.0,0.0,False,False
cpu_dlinear_reconciliation,cpu_core_weighted,dlinear,mint,dlinear,independent,1,0,0,16,1.2246303704861847,1.3219026564755074,weighted_mean_pct,3707,32,5000,-0.09727228598932268,-0.06054669962823178,1.3219026564755074,1.2246303704861847,-0.07358505977185391,-0.11810828512629715,-0.07706995441398705,-0.09624105056667828,-0.055420936365099586,1.0,0.0,False,False
cpu_dlinear_reconciliation,cpu_core_weighted,dlinear,mint,dlinear,independent,2,0,0,16,1.2616735994911594,1.3268482970246676,weighted_mean_pct,3707,32,5000,-0.06517469753350837,-0.04688138946537057,1.3268482970246676,1.2616735994911594,-0.04911993155484051,-0.08477227577884022,-0.046996563608119685,-0.06891286071316521,-0.03359569045409047,1.0,0.0,False,False
cpu_dlinear_reconciliation,cpu_core_weighted,dlinear,mint,dlinear,independent,0,0,1,1,0.9341661836274087,1.0373307869955866,weighted_mean_pct,5261,32,5000,-0.1031646033681778,-0.07238008175113952,1.0373307869955866,0.9341661836274087,-0.09945198258982814,-0.11797480492574793,-0.08999573869649505,-0.11645794816850143,-0.0861665613225491,1.0,0.0,False,False
cpu_dlinear_reconciliation,cpu_core_weighted,dlinear,mint,dlinear,independent,1,0,1,1,0.934309168018619,1.028170899651214,weighted_mean_pct,5261,32,5000,-0.09386173163259506,-0.06357999472820275,1.028170899651214,0.934309168018619,-0.09129000992387136,-0.10727195529044276,-0.08170278504998678,-0.10954506428834496,-0.07682881809004688,1.0,0.0,False,False
cpu_dlinear_reconciliation,cpu_core_weighted,dlinear,mint,dlinear,independent,2,0,1,1,0.9404288538572764,1.0297217258171718,weighted_mean_pct,5261,32,5000,-0.08929287195989556,-0.05867722778858209,1.0297217258171718,0.9404288538572764,-0.08671553655822312,-0.10368047984837367,-0.0765695858540285,-0.10287953948637588,-0.07347942415792372,1.0,0.0,False,False
cpu_dlinear_reconciliation,cpu_core_weighted,dlinear,mint,dlinear,independent,0,0,1,8,0.9537043969454486,1.033701682753594,weighted_mean_pct,4778,32,5000,-0.07999728580814545,-0.050091490548471285,1.033701682753594,0.9537043969454486,-0.07738914151232411,-0.09486214143679046,-0.06745358357585092,-0.098796255067812,-0.06161699161957304,1.0,0.0,False,False
cpu_dlinear_reconciliation,cpu_core_weighted,dlinear,mint,dlinear,independent,1,0,1,8,0.9535393570438622,1.0370802709173366,weighted_mean_pct,4778,32,5000,-0.08354091387347412,-0.052764649787034656,1.0370802709173366,0.9535393570438622,-0.08055395152737699,-0.09775542230506427,-0.07041938661027707,-0.09794362350986648,-0.06659944387076117,1.0,0.0,False,False
cpu_dlinear_reconciliation,cpu_core_weighted,dlinear,mint,dlinear,independent,2,0,1,8,0.9552376000585656,1.039404831988524,weighted_mean_pct,4778,32,5000,-0.08416723192995833,-0.05091477304434733,1.039404831988524,0.9552376000585656,-0.08097637161156435,-0.09782889626003223,-0.07233525549629223,-0.0998578023796823,-0.06648098172106723,1.0,0.0,False,False
cpu_dlinear_reconciliation,cpu_core_weighted,dlinear,mint,dlinear,independent,0,0,1,16,0.9445418468941472,1.0368843629622824,weighted_mean_pct,4317,32,5000,-0.09234251606813515,-0.06055870472241853,1.0368843629622824,0.9445418468941472,-0.08905768026467402,-0.10809455364522902,-0.07803447761087917,-0.10828967231106634,-0.07406743964381753,1.0,0.0,False,False
cpu_dlinear_reconciliation,cpu_core_weighted,dlinear,mint,dlinear,independent,1,0,1,16,0.94917787712477,1.034688478796868,weighted_mean_pct,4317,32,5000,-0.0855106016720981,-0.05429244146423251,1.034688478796868,0.94917787712477,-0.08264381349981738,-0.10032358934781208,-0.07208303464634337,-0.10168095517539238,-0.06800209079940507,1.0,0.0,False,False
cpu_dlinear_reconciliation,cpu_core_weighted,dlinear,mint,dlinear,independent,2,0,1,16,0.9499113174445813,1.0286942821379108,weighted_mean_pct,4317,32,5000,-0.07878296469332939,-0.0478046919836026,1.0286942821379108,0.9499113174445813,-0.07658540157294996,-0.09517025807946694,-0.06361751640158564,-0.09296914353847836,-0.0627976072375372,1.0,0.0,False,False
cpu_dlinear_reconciliation,cpu_core_weighted,dlinear,mint,dlinear,independent,0,0,2,1,1.318273320667904,1.3941457895497487,weighted_mean_pct,4852,32,5000,-0.07587246888184453,-0.0339383816948724,1.3941457895497487,1.318273320667904,-0.054422191316410455,-0.09180552213443308,-0.059919976830474314,-0.06522670310878555,-0.04290632349703557,1.0,0.0,False,False
cpu_dlinear_reconciliation,cpu_core_weighted,dlinear,mint,dlinear,independent,1,0,2,1,1.3069356149588696,1.3849816526048875,weighted_mean_pct,4852,32,5000,-0.07804603764601797,-0.03974365441677885,1.3849816526048875,1.3069356149588696,-0.056351676211181714,-0.09538960205270033,-0.05998771215187798,-0.06973897334883399,-0.042702489438664046,1.0,0.0,False,False
cpu_dlinear_reconciliation,cpu_core_weighted,dlinear,mint,dlinear,independent,2,0,2,1,1.2929018380128785,1.3797603690185691,weighted_mean_pct,4852,32,5000,-0.08685853100569077,-0.052985405033445954,1.3797603690185691,1.2929018380128785,-0.06295189581903538,-0.10286332943739845,-0.06986427744911747,-0.07665227313113253,-0.049352248048971196,1.0,0.0,False,False
cpu_dlinear_reconciliation,cpu_core_weighted,dlinear,mint,dlinear,independent,0,0,2,8,1.3281562939660692,1.3866029396631767,weighted_mean_pct,4341,32,5000,-0.058446645697107544,-0.028423617169087034,1.3866029396631767,1.3281562939660692,-0.04215096046984075,-0.07321283445782585,-0.0418503639719811,-0.05466342912925753,-0.029054715300800574,1.0,0.0,False,False
cpu_dlinear_reconciliation,cpu_core_weighted,dlinear,mint,dlinear,independent,1,0,2,8,1.3153741356553086,1.3974002705984339,weighted_mean_pct,4341,32,5000,-0.08202613494312508,-0.04084679768873434,1.3974002705984339,1.3153741356553086,-0.058699097652240725,-0.10238154184495758,-0.059888328522787346,-0.07220441339049762,-0.043478826454215254,1.0,0.0,False,False
cpu_dlinear_reconciliation,cpu_core_weighted,dlinear,mint,dlinear,independent,2,0,2,8,1.3333655910441014,1.3974777681655879,weighted_mean_pct,4341,32,5000,-0.06411217712148663,-0.026340753818667295,1.3974777681655879,1.3333655910441014,-0.04587706408070024,-0.08028910994188897,-0.047173019514545556,-0.0563972699520878,-0.03482856130949779,1.0,0.0,False,False
cpu_dlinear_reconciliation,cpu_core_weighted,dlinear,mint,dlinear,independent,0,0,2,16,1.3184523917545723,1.3862077577261862,weighted_mean_pct,3798,32,5000,-0.067755365971614,-0.041110195345694045,1.3862077577261862,1.3184523917545723,-0.04887821871863851,-0.08596339768000454,-0.0487448004691395,-0.06563066519917289,-0.033654356737889024,1.0,0.0,False,False
cpu_dlinear_reconciliation,cpu_core_weighted,dlinear,mint,dlinear,independent,1,0,2,16,1.3307078769705416,1.3996258342387302,weighted_mean_pct,3798,32,5000,-0.06891795726818849,-0.02565428262492353,1.3996258342387302,1.3307078769705416,-0.049240272351555744,-0.08826690602744197,-0.04841961013360432,-0.06532342626528442,-0.03337363906719832,1.0,0.0,False,False
cpu_dlinear_reconciliation,cpu_core_weighted,dlinear,mint,dlinear,independent,2,0,2,16,1.3283900009444531,1.4053671312056173,weighted_mean_pct,3798,32,5000,-0.07697713026116441,-0.03354435652351517,1.4053671312056173,1.3283900009444531,-0.05477368052227628,-0.0974543473172985,-0.05655291302405833,-0.06982695349672674,-0.03969272963535041,1.0,0.0,False,False
cpu_dlinear_vs_deterministic,cpu_core_weighted,dlinear,independent,lightgbm,independent,0,0,0,1,1.3150739218475105,1.1094787687062335,weighted_mean_pct,4847,32,5000,0.20559515314127702,0.11430824441919762,1.1094787687062335,1.3150739218475105,0.1853078751394424,0.15785660546017805,0.25549659136053493,0.1396091759006129,0.23692560388956801,0.0,0.0,False,False
cpu_dlinear_vs_deterministic,cpu_core_weighted,dlinear,independent,lightgbm,independent,1,0,0,1,1.3252106782778483,1.1094787687062335,weighted_mean_pct,4847,32,5000,0.2157319095716151,0.12185095037239968,1.1094787687062335,1.3252106782778483,0.19444437843833703,0.16799856922734027,0.2654369447077237,0.1491551301466108,0.24577509656651272,0.0,0.0,False,False
cpu_dlinear_vs_deterministic,cpu_core_weighted,dlinear,independent,lightgbm,independent,2,0,0,1,1.3414495075816595,1.1094787687062335,weighted_mean_pct,4847,32,5000,0.23197073887542607,0.11825206669055177,1.1094787687062335,1.3414495075816595,0.2090808273383436,0.18018291452520124,0.28820915962347843,0.16326812712347344,0.2613019322176071,0.0,0.0,False,False
cpu_dlinear_vs_deterministic,cpu_core_weighted,dlinear,independent,lightgbm,independent,0,0,0,8,1.2969408053016054,1.08977444725631,weighted_mean_pct,4295,32,5000,0.20716635804529535,0.13304515233989989,1.08977444725631,1.2969408053016054,0.19010021621159442,0.15280423956472067,0.26209587860615685,0.13602460970232202,0.24802562078026022,0.0,0.0,False,False
cpu_dlinear_vs_deterministic,cpu_core_weighted,dlinear,independent,lightgbm,independent,1,0,0,8,1.3030927416271199,1.08977444725631,weighted_mean_pct,4295,32,5000,0.21331829437080968,0.1318566500017302,1.08977444725631,1.3030927416271199,0.19574536263707987,0.15974744232309612,0.26736043310778357,0.14310176483561357,0.25110303111500143,0.0,0.0,False,False
cpu_dlinear_vs_deterministic,cpu_core_weighted,dlinear,independent,lightgbm,independent,2,0,0,8,1.3355527694322997,1.08977444725631,weighted_mean_pct,4295,32,5000,0.24577832217598955,0.15623286788261126,1.08977444725631,1.3355527694322997,0.2255313682521899,0.18642704366242094,0.3068398111075418,0.16942742770763777,0.285777775515933,0.0,0.0,False,False
cpu_dlinear_vs_deterministic,cpu_core_weighted,dlinear,independent,lightgbm,independent,0,0,0,16,1.3105642612208253,1.117143297745833,weighted_mean_pct,3707,32,5000,0.1934209634749921,0.10788764653550187,1.117143297745833,1.3105642612208253,0.17313890157625803,0.13785257539676518,0.24804836914055858,0.12151546013224922,0.22874239033706792,0.0,0.0,False,False
cpu_dlinear_vs_deterministic,cpu_core_weighted,dlinear,independent,lightgbm,independent,1,0,0,16,1.3219026564755074,1.117143297745833,weighted_mean_pct,3707,32,5000,0.20475935872967435,0.12012180902225733,1.117143297745833,1.3219026564755074,0.18328835624117057,0.1492407160057739,0.2578177869958777,0.1308644193227603,0.23969786499525358,0.0,0.0,False,False
cpu_dlinear_vs_deterministic,cpu_core_weighted,dlinear,independent,lightgbm,independent,2,0,0,16,1.3268482970246676,1.117143297745833,weighted_mean_pct,3707,32,5000,0.2097049992788346,0.11514209359519478,1.117143297745833,1.3268482970246676,0.1877153984649744,0.15051339989841878,0.26770693010256286,0.13458131962486944,0.24363733719527875,0.0,0.0,False,False
cpu_dlinear_vs_deterministic,cpu_core_weighted,dlinear,independent,lightgbm,independent,0,0,1,1,1.0373307869955866,0.8458250834966149,weighted_mean_pct,5261,32,5000,0.19150570349897164,0.12061120869726016,0.8458250834966149,1.0373307869955866,0.226412892258164,0.15103337451870325,0.23560654518683796,0.1715267148816222,0.29505426615296537,0.0,0.0,False,False
cpu_dlinear_vs_deterministic,cpu_core_weighted,dlinear,independent,lightgbm,independent,1,0,1,1,1.028170899651214,0.8458250834966149,weighted_mean_pct,5261,32,5000,0.18234581615459913,0.12360824571641249,0.8458250834966149,1.028170899651214,0.2155833631710083,0.14255705293821427,0.2266283774760977,0.15965162638193273,0.2878788029588352,0.0,0.0,False,False
cpu_dlinear_vs_deterministic,cpu_core_weighted,dlinear,independent,lightgbm,independent,2,0,1,1,1.0297217258171718,0.8458250834966149,weighted_mean_pct,5261,32,5000,0.18389664232055686,0.12405202807724303,0.8458250834966149,1.0297217258171718,0.21741687011732236,0.14389748668884483,0.22770790591371715,0.16217832644614869,0.2881807669560682,0.0,0.0,False,False
cpu_dlinear_vs_deterministic,cpu_core_weighted,dlinear,independent,lightgbm,independent,0,0,1,8,1.033701682753594,0.8619293246865776,weighted_mean_pct,4778,32,5000,0.17177235806701657,0.12063472045995627,0.8619293246865776,1.033701682753594,0.19928821673340558,0.12934303318507298,0.2163079834736296,0.14044542938993324,0.27222914544570925,0.0,0.0,False,False
cpu_dlinear_vs_deterministic,cpu_core_weighted,dlinear,independent,lightgbm,independent,1,0,1,8,1.0370802709173366,0.8619293246865776,weighted_mean_pct,4778,32,5000,0.17515094623075875,0.11980114885733095,0.8619293246865776,1.0370802709173366,0.2032080139452834,0.13295760429293593,0.21928652265973655,0.1458305195501594,0.27458219320085475,0.0,0.0,False,False
cpu_dlinear_vs_deterministic,cpu_core_weighted,dlinear,independent,lightgbm,independent,2,0,1,8,1.039404831988524,0.8619293246865776,weighted_mean_pct,4778,32,5000,0.17747550730194642,0.12958516153565247,0.8619293246865776,1.039404831988524,0.20590494164528123,0.13488236303210102,0.2225833963983659,0.1465348524024577,0.27944146195419484,0.0,0.0,False,False
cpu_dlinear_vs_deterministic,cpu_core_weighted,dlinear,independent,lightgbm,independent,0,0,1,16,1.0368843629622824,0.8648501103571508,weighted_mean_pct,4317,32,5000,0.17203425260513153,0.11428904815447805,0.8648501103571508,1.0368843629622824,0.19891799809574842,0.12974365924829592,0.2209041562721007,0.14095631866307495,0.27368979377582975,0.0,0.0,False,False
cpu_dlinear_vs_deterministic,cpu_core_weighted,dlinear,independent,lightgbm,independent,1,0,1,16,1.034688478796868,0.8648501103571508,weighted_mean_pct,4317,32,5000,0.16983836843971714,0.11279680100177814,0.8648501103571508,1.034688478796868,0.19637896371381655,0.1263951352764161,0.22089707477898718,0.13873276424084943,0.2710303264547316,0.0,0.0,False,False
cpu_dlinear_vs_deterministic,cpu_core_weighted,dlinear,independent,lightgbm,independent,2,0,1,16,1.0286942821379108,0.8648501103571508,weighted_mean_pct,4317,32,5000,0.16384417178075994,0.09876830500943212,0.8648501103571508,1.0286942821379108,0.18944805558630087,0.12126729597832099,0.21478397472645933,0.13395665411205931,0.2613923542761986,0.0,0.0,False,False
cpu_dlinear_vs_deterministic,cpu_core_weighted,dlinear,independent,lightgbm,independent,0,0,2,1,1.3941457895497487,1.1492168649705437,weighted_mean_pct,4852,32,5000,0.24492892457920498,0.09692553259096037,1.1492168649705437,1.3941457895497487,0.2131268101303777,0.19493670076632544,0.2995958746996854,0.17006984659380275,0.25900283176229316,0.0,0.0,False,False
cpu_dlinear_vs_deterministic,cpu_core_weighted,dlinear,independent,lightgbm,independent,1,0,2,1,1.3849816526048875,1.1492168649705437,weighted_mean_pct,4852,32,5000,0.23576478763434394,0.10649313885572975,1.1492168649705437,1.3849816526048875,0.2051525650386161,0.18921529984156146,0.2854402815895565,0.16293313442368568,0.2500781046921519,0.0,0.0,False,False
cpu_dlinear_vs_deterministic,cpu_core_weighted,dlinear,independent,lightgbm,independent,2,0,2,1,1.3797603690185691,1.1492168649705437,weighted_mean_pct,4852,32,5000,0.2305435040480255,0.10140484266975247,1.1492168649705437,1.3797603690185691,0.20060922448604573,0.18438960603274052,0.28011342595547983,0.15808441466732892,0.2461957599704158,0.0,0.0,False,False
cpu_dlinear_vs_deterministic,cpu_core_weighted,dlinear,independent,lightgbm,independent,0,0,2,8,1.3866029396631767,1.132114434314775,weighted_mean_pct,4341,32,5000,0.2544885053484016,0.10377801344396431,1.132114434314775,1.3866029396631767,0.22479044311667454,0.20318082789699507,0.31060970754057216,0.17761509390538824,0.2739843501845721,0.0,0.0,False,False
cpu_dlinear_vs_deterministic,cpu_core_weighted,dlinear,independent,lightgbm,independent,1,0,2,8,1.3974002705984339,1.132114434314775,weighted_mean_pct,4341,32,5000,0.2652858362836585,0.10807034537437898,1.132114434314775,1.3974002705984339,0.2343277571972887,0.21459251898189752,0.3200884832943683,0.18767866691389593,0.28288774257280236,0.0,0.0,False,False
cpu_dlinear_vs_deterministic,cpu_core_weighted,dlinear,independent,lightgbm,independent,2,0,2,8,1.3974777681655879,1.132114434314775,weighted_mean_pct,4341,32,5000,0.2653633338508128,0.11955645683902327,1.132114434314775,1.3974777681655879,0.23439621102563443,0.2087565166410341,0.3268411270729258,0.1842993010784631,0.28764291310564505,0.0,0.0,False,False
cpu_dlinear_vs_deterministic,cpu_core_weighted,dlinear,independent,lightgbm,independent,0,0,2,16,1.3862077577261862,1.1549701444181844,weighted_mean_pct,3798,32,5000,0.23123761330800172,0.0940101136174134,1.1549701444181844,1.3862077577261862,0.20021090105708972,0.17913826626230092,0.2860414044156258,0.15618274183544517,0.24748056205062235,0.0,0.0,False,False
cpu_dlinear_vs_deterministic,cpu_core_weighted,dlinear,independent,lightgbm,independent,1,0,2,16,1.3996258342387302,1.1549701444181844,weighted_mean_pct,3798,32,5000,0.24465568982054572,0.12141769155152082,1.1549701444181844,1.3996258342387302,0.21182858362437665,0.1953782711318103,0.2966692648134682,0.16795719878008492,0.26069077756500064,0.0,0.0,False,False
cpu_dlinear_vs_deterministic,cpu_core_weighted,dlinear,independent,lightgbm,independent,2,0,2,16,1.4053671312056173,1.1549701444181844,weighted_mean_pct,3798,32,5000,0.25039698678743305,0.10953033721676442,1.1549701444181844,1.4053671312056173,0.21679953200311547,0.19777831230785026,0.30652916686697246,0.1722817979651929,0.2660535978775387,0.0,0.0,False,False
memory_dlinear_vs_ewma,memory_um,dlinear,independent,ewma,independent,0,0,0,1,1288970217.5265772,1286777035.5287719,native,8276,32,5000,2193181.9978055996,139573343.64203644,1286777035.5287719,1288970217.5265772,0.0017043993926301002,-39218743.51047634,45727324.10738588,-0.028039058184710766,0.04036069293195758,0.4152,0.8304,True,True
memory_dlinear_vs_ewma,memory_um,dlinear,independent,ewma,independent,1,0,0,1,1341642528.9338136,1286777035.5287719,native,8276,32,5000,54865493.40504164,191306075.7777481,1286777035.5287719,1341642528.9338136,0.04263791775122557,13542334.647839492,97795111.50580283,0.009329873160396705,0.08589861885260379,0.006,0.012,False,False
memory_dlinear_vs_ewma,memory_um,dlinear,independent,ewma,independent,2,0,0,1,1342112238.0998075,1286777035.5287719,native,8276,32,5000,55335202.57103576,162151800.46089935,1286777035.5287719,1342112238.0998075,0.04300294537685544,13401403.1464662,99131298.22813009,0.009680559668714362,0.08570886342252412,0.0062,0.0124,False,False
memory_dlinear_vs_ewma,memory_um,dlinear,independent,ewma,independent,0,0,0,8,1351523873.7521622,1284254786.1130323,native,8269,32,5000,67269087.63912982,213798148.3243103,1284254786.1130323,1351523873.7521622,0.052379861353469157,23955144.12765602,111942776.76652153,0.01655662509251737,0.09804707387888391,0.0012,0.0024,False,False
memory_dlinear_vs_ewma,memory_um,dlinear,independent,ewma,independent,1,0,0,8,1368538216.7719264,1284254786.1130323,native,8269,32,5000,84283430.65889406,248955095.8775177,1284254786.1130323,1368538216.7719264,0.06562827841505584,40792087.73339237,128852156.88352604,0.028766586363705274,0.11467984690163904,0.0004,0.0008,False,False
memory_dlinear_vs_ewma,memory_um,dlinear,independent,ewma,independent,2,0,0,8,1600707736.3900595,1284254786.1130323,native,8269,32,5000,316452950.27702713,358806813.42652893,1284254786.1130323,1600707736.3900595,0.24640978853955764,275291787.734716,359321101.4291801,0.19754064854694398,0.3079756838665339,0.0,0.0,False,False
memory_dlinear_vs_ewma,memory_um,dlinear,independent,ewma,independent,0,0,0,16,1349931371.2096462,1278392838.9775565,native,8261,32,5000,71538532.23208962,221636015.37095642,1278392838.9775565,1349931371.2096462,0.05595974105213645,26644767.69455031,114543739.58725013,0.01855641628264484,0.10069962565319332,0.0012,0.0024,False,False
memory_dlinear_vs_ewma,memory_um,dlinear,independent,ewma,independent,1,0,0,16,1351460849.0060005,1278392838.9775565,native,8261,32,5000,73068010.02844414,216286443.9049225,1278392838.9775565,1351460849.0060005,0.057156147782306946,28522011.19856772,115165712.68555923,0.02003244976304728,0.10176890466787478,0.001,0.002,False,False
memory_dlinear_vs_ewma,memory_um,dlinear,independent,ewma,independent,2,0,0,16,1393497020.5925777,1278392838.9775565,native,8261,32,5000,115104181.6150212,197357730.24725342,1278392838.9775565,1393497020.5925777,0.0900381933514898,72720060.8086325,156030986.1464682,0.052122476600275254,0.1352297014589177,0.0,0.0,False,False
memory_dlinear_vs_ewma,memory_um,dlinear,independent,ewma,independent,0,0,1,1,836589801.3086051,834534180.4979616,native,8276,32,5000,2055620.8106433395,30280663.965286255,834534180.4979616,836589801.3086051,0.0024631954672207227,-30243031.06619686,33117246.537261385,-0.03345971813552042,0.04392084956631662,0.4644,0.9288,True,True
memory_dlinear_vs_ewma,memory_um,dlinear,independent,ewma,independent,1,0,1,1,835042020.9050137,834534180.4979616,native,8276,32,5000,507840.40705196955,43214286.457336426,834534180.4979616,835042020.9050137,0.0006085315843491805,-31215998.038601562,30801408.44520243,-0.034339902724653024,0.041291474636885275,0.4994,0.9988,True,True
memory_dlinear_vs_ewma,memory_um,dlinear,independent,ewma,independent,2,0,1,1,836233490.9888268,834534180.4979616,native,8276,32,5000,1699310.4908649707,31118401.39125824,834534180.4979616,836233490.9888268,0.002036238335799502,-30471550.54412749,32195308.988882378,-0.03342433027094236,0.04308230868254399,0.4754,0.9508,True,True
memory_dlinear_vs_ewma,memory_um,dlinear,independent,ewma,independent,0,0,1,8,836114125.5450646,835071934.4879591,native,8269,32,5000,1042191.057105316,27526035.040878296,835071934.4879591,836114125.5450646,0.0012480254862646725,-31089414.103386838,31454318.12715434,-0.034348902253967736,0.041961157200876474,0.4966,0.9932,True,True
memory_dlinear_vs_ewma,memory_um,dlinear,independent,ewma,independent,1,0,1,8,846440845.2396958,835071934.4879591,native,8269,32,5000,11368910.751736615,28128830.87324524,835071934.4879591,846440845.2396958,0.013614289119544758,-22442771.47851593,43256377.45411384,-0.02515812317244287,0.05720820623882369,0.2608,0.5216,True,True
memory_dlinear_vs_ewma,memory_um,dlinear,independent,ewma,independent,2,0,1,8,837441384.0210297,835071934.4879591,native,8269,32,5000,2369449.5330705126,35256657.68734741,835071934.4879591,837441384.0210297,0.002837419670346588,-29974451.12257857,32365032.92068027,-0.03274829410720711,0.04420542912994993,0.458,0.916,True,True
memory_dlinear_vs_ewma,memory_um,dlinear,independent,ewma,independent,0,0,1,16,846438532.3283072,835569802.7322348,native,8261,32,5000,10868729.596072262,48392788.48832703,835569802.7322348,846438532.3283072,0.013007566286541873,-20492813.79758797,41748891.047471665,-0.022805752206157878,0.057136632007189665,0.2564,0.5128,True,True
memory_dlinear_vs_ewma,memory_um,dlinear,independent,ewma,independent,1,0,1,16,848788268.2440104,835569802.7322348,native,8261,32,5000,13218465.511775684,63714933.00393677,835569802.7322348,848788268.2440104,0.015819702278077236,-16367524.371224875,43026706.97559879,-0.017670160821498478,0.05870850470544218,0.2022,0.4044,True,True
memory_dlinear_vs_ewma,memory_um,dlinear,independent,ewma,independent,2,0,1,16,860186673.0334218,835569802.7322348,native,8261,32,5000,24616870.301186822,75872416.05892944,835569802.7322348,860186673.0334218,0.029461177535009004,-6911155.643511164,55444331.62473291,-0.007376194491598148,0.0756045887426953,0.067,0.134,True,True
memory_dlinear_vs_ewma,memory_um,dlinear,independent,ewma,independent,0,0,2,1,1048733686.1079497,1034898874.6414589,native,8279,32,5000,13834811.466490932,32180918.077178955,1034898874.6414589,1048733686.1079497,0.013368273756490466,-27449575.783401147,55482669.363278136,-0.02462172566459518,0.057157503438926484,0.251,0.502,True,True
memory_dlinear_vs_ewma,memory_um,dlinear,independent,ewma,independent,1,0,2,1,1060078627.4855586,1034898874.6414589,native,8279,32,5000,25179752.84409979,40978976.272369385,1034898874.6414589,1060078627.4855586,0.024330640858821424,-16294068.853845423,66413489.01581964,-0.014822167322840397,0.06921402605855755,0.1068,0.2136,True,True
memory_dlinear_vs_ewma,memory_um,dlinear,independent,ewma,independent,2,0,2,1,1047857594.3617969,1034898874.6414589,native,8279,32,5000,12958719.720338013,51527868.873565674,1034898874.6414589,1047857594.3617969,0.012521725588722441,-28313938.39154669,53439370.28245068,-0.024975700341919097,0.0556362179348046,0.2664,0.5328,True,True
memory_dlinear_vs_ewma,memory_um,dlinear,independent,ewma,independent,0,0,2,8,1047041227.013701,1035591176.3913442,native,8272,32,5000,11450050.622356774,40111376.62970734,1035591176.3913442,1047041227.013701,0.011056535516511453,-28575489.060768526,51216551.882209495,-0.025304084269525722,0.05330088014607732,0.2796,0.5592,True,True
memory_dlinear_vs_ewma,memory_um,dlinear,independent,ewma,independent,1,0,2,8,1043534124.4204463,1035591176.3913442,native,8272,32,5000,7942948.029102241,49171287.08151245,1035591176.3913442,1043534124.4204463,0.007669964953525873,-31847753.565397464,46866143.84894064,-0.027835231153844966,0.049082620925669,0.3414,0.6828,True,True
memory_dlinear_vs_ewma,memory_um,dlinear,independent,ewma,independent,2,0,2,8,1065201981.9429041,1035591176.3913442,native,8272,32,5000,29610805.55155992,49695282.42645264,1035591176.3913442,1065201981.9429041,0.028593141991362585,-12609968.254244408,72567394.46721442,-0.011080355207949307,0.07522515341182524,0.082,0.164,True,True
memory_dlinear_vs_ewma,memory_um,dlinear,independent,ewma,independent,0,0,2,16,1056253575.3982915,1036338955.8872703,native,8264,32,5000,19914619.511021115,35922846.5765686,1036338955.8872703,1056253575.3982915,0.01921631855860426,-21105045.703140974,61384371.0353496,-0.019391703846161273,0.0627904242937453,0.1652,0.3304,True,True
memory_dlinear_vs_ewma,memory_um,dlinear,independent,ewma,independent,1,0,2,16,1061806479.0421293,1036338955.8872703,native,8264,32,5000,25467523.154858775,41594349.42727661,1036338955.8872703,1061806479.0421293,0.02457451108074437,-15803394.852972265,66547037.08419182,-0.013902853151364554,0.06840723934505138,0.1088,0.2176,True,True
memory_dlinear_vs_ewma,memory_um,dlinear,independent,ewma,independent,2,0,2,16,1057947382.5346687,1036338955.8872703,native,8264,32,5000,21608426.647398204,40635285.16279602,1036338955.8872703,1057947382.5346687,0.020850732788383862,-19647183.136284247,62694448.43951258,-0.017582291656301572,0.0643320871674003,0.1464,0.2928,True,True
memory_dlinear_reconciliation,memory_um,dlinear,bottom_up,dlinear,independent,0,0,0,1,1294588434.3318505,1288970217.5265772,native,8276,32,5000,5618216.805273066,5173099.684234619,1288970217.5265772,1294588434.3318505,0.004358686282181089,-12574363.032415455,23284331.994573288,-0.010020967648613214,0.017860355653773037,0.2804,0.5608,True,True
memory_dlinear_reconciliation,memory_um,dlinear,bottom_up,dlinear,independent,1,0,0,1,1282500335.0896914,1341642528.9338136,native,8276,32,5000,-59142193.84412232,-42495486.223335266,1341642528.9338136,1282500335.0896914,-0.044081931340624596,-76773028.47741836,-41711578.88347136,-0.05917492892663718,-0.03062054388691533,1.0,0.0,False,False
memory_dlinear_reconciliation,memory_um,dlinear,bottom_up,dlinear,independent,2,0,0,1,1337857115.53044,1342112238.0998075,native,8276,32,5000,-4255122.569367735,-4369046.378486633,1342112238.0998075,1337857115.53044,-0.0031704670060920034,-25384989.451875824,15768826.986158594,-0.019316331838643123,0.011738331511966946,0.6746,0.6508,True,True
memory_dlinear_reconciliation,memory_um,dlinear,bottom_up,dlinear,independent,0,0,0,8,1250599025.5425317,1351523873.7521622,native,8269,32,5000,-100924848.2096304,-109108667.85430908,1351523873.7521622,1250599025.5425317,-0.07467485419213368,-117567167.97228906,-84822572.00224662,-0.09249615491421445,-0.05962223086118869,1.0,0.0,False,False
memory_dlinear_reconciliation,memory_um,dlinear,bottom_up,dlinear,independent,1,0,0,8,1254704821.655651,1368538216.7719264,native,8269,32,5000,-113833395.11627547,-130626310.79951477,1368538216.7719264,1254704821.655651,-0.08317882081859784,-133740988.07866788,-94072406.33441365,-0.10320932261215324,-0.06552521132224792,1.0,0.0,False,False
memory_dlinear_reconciliation,memory_um,dlinear,bottom_up,dlinear,independent,2,0,0,8,1380891951.8403738,1600707736.3900595,native,8269,32,5000,-219815784.5496853,-228618729.80010986,1600707736.3900595,1380891951.8403738,-0.13732412204455088,-243101214.89055634,-195662480.0838126,-0.16090553458142548,-0.11763689500323729,1.0,0.0,False,False
memory_dlinear_reconciliation,memory_um,dlinear,bottom_up,dlinear,independent,0,0,0,16,1245082125.597914,1349931371.2096462,native,8261,32,5000,-104849245.61173221,-115017915.20491028,1349931371.2096462,1245082125.597914,-0.07767005630647647,-121847971.98445398,-86943693.49989624,-0.09583237225202033,-0.060943306769578084,1.0,0.0,False,False
memory_dlinear_reconciliation,memory_um,dlinear,bottom_up,dlinear,independent,1,0,0,16,1291864173.4255064,1351460849.0060005,native,8261,32,5000,-59596675.580494426,-47603809.00930786,1351460849.0060005,1291864173.4255064,-0.04409796674785495,-76373607.64660405,-42566263.04917343,-0.058413900128899555,-0.030391912016074555,1.0,0.0,False,False
memory_dlinear_reconciliation,memory_um,dlinear,bottom_up,dlinear,independent,2,0,0,16,1400298306.5383697,1393497020.5925777,native,8261,32,5000,6801285.945792118,-42054286.83538818,1393497020.5925777,1400298306.5383697,0.00488073231968584,-20477506.21996045,35931569.59379102,-0.015350826074433584,0.024403314396525055,0.316,0.632,True,True
memory_dlinear_reconciliation,memory_um,dlinear,bottom_up,dlinear,independent,0,0,1,1,799487870.2696177,836589801.3086051,native,8276,32,5000,-37101931.038987346,-11900938.176773071,836589801.3086051,799487870.2696177,-0.04434901188246857,-50743957.11649018,-23878646.530726854,-0.06064031356110699,-0.02859073731443474,1.0,0.0,False,False
memory_dlinear_reconciliation,memory_um,dlinear,bottom_up,dlinear,independent,1,0,1,1,789788087.818767,835042020.9050137,native,8276,32,5000,-45253933.086246684,-23955150.63017273,835042020.9050137,789788087.818767,-0.05419359978699124,-58271271.08220163,-32101928.652245272,-0.07136760364448383,-0.03789202443985451,1.0,0.0,False,False
memory_dlinear_reconciliation,memory_um,dlinear,bottom_up,dlinear,independent,2,0,1,1,804186280.5178248,836233490.9888268,native,8276,32,5000,-32047210.471001986,-14168892.786766052,836233490.9888268,804186280.5178248,-0.038323280299509294,-44853552.3315989,-18983443.76592385,-0.054606435688391304,-0.02224306867561438,1.0,0.0,False,False
memory_dlinear_reconciliation,memory_um,dlinear,bottom_up,dlinear,independent,0,0,1,8,798545078.7047428,836114125.5450646,native,8269,32,5000,-37569046.84032168,-16565873.367782593,836114125.5450646,798545078.7047428,-0.04493291728067666,-50906719.04108427,-24389458.49100973,-0.0607328717786086,-0.029129552099202177,1.0,0.0,False,False
memory_dlinear_reconciliation,memory_um,dlinear,bottom_up,dlinear,independent,1,0,1,8,814135817.3139976,846440845.2396958,native,8269,32,5000,-32305027.925698146,1171404.4624481201,846440845.2396958,814135817.3139976,-0.03816572428821058,-47056194.42376702,-17918955.87308043,-0.053889952037371826,-0.021945470765611076,1.0,0.0,False,False
memory_dlinear_reconciliation,memory_um,dlinear,bottom_up,dlinear,independent,2,0,1,8,810015026.8022116,837441384.0210297,native,8269,32,5000,-27426357.21881806,-11790241.899429321,837441384.0210297,810015026.8022116,-0.03275018137643092,-41675644.88803038,-12897734.6469565,-0.050420729049338524,-0.015374741180482179,1.0,0.0,False,False
memory_dlinear_reconciliation,memory_um,dlinear,bottom_up,dlinear,independent,0,0,1,16,805620111.2654964,846438532.3283072,native,8261,32,5000,-40818421.06281064,-29257916.57623291,846438532.3283072,805620111.2654964,-0.04822372742239296,-53585792.10225793,-27939357.30374915,-0.06630739231481272,-0.03189203162230347,1.0,0.0,False,False
memory_dlinear_reconciliation,memory_um,dlinear,bottom_up,dlinear,independent,1,0,1,16,794251346.0221783,848788268.2440104,native,8261,32,5000,-54536922.221832305,-38419136.38272095,848788268.2440104,794251346.0221783,-0.06425268145453912,-67900051.24574167,-41017263.362068444,-0.08358498312414309,-0.046857311355661284,1.0,0.0,False,False
memory_dlinear_reconciliation,memory_um,dlinear,bottom_up,dlinear,independent,2,0,1,16,806641602.0151223,860186673.0334218,native,8261,32,5000,-53545071.01829944,-42938976.48902893,860186673.0334218,806641602.0151223,-0.06224819878861224,-68416154.46017194,-38679568.028148554,-0.08408063355779065,-0.04287455354056908,1.0,0.0,False,False
memory_dlinear_reconciliation,memory_um,dlinear,bottom_up,dlinear,independent,0,0,2,1,1087821698.7668452,1048733686.1079497,native,8279,32,5000,39088012.658895634,38860678.49847412,1048733686.1079497,1087821698.7668452,0.037271628800213986,16350999.116038324,61478950.40194551,0.015899965591340305,0.05868101212144073,0.0002,0.0004,False,False
memory_dlinear_reconciliation,memory_um,dlinear,bottom_up,dlinear,independent,1,0,2,1,1088970658.4786875,1060078627.4855586,native,8279,32,5000,28892030.993129093,16436750.85244751,1060078627.4855586,1088970658.4786875,0.027254611350536532,6149729.282754315,52118747.25940018,0.006068588674979117,0.047922737543384934,0.0054,0.0108,False,False
memory_dlinear_reconciliation,memory_um,dlinear,bottom_up,dlinear,independent,2,0,2,1,1089924119.544496,1047857594.3617969,native,8279,32,5000,42066525.182699226,7849964.790527344,1047857594.3617969,1089924119.544496,0.04014526917497798,19347646.29800009,66055598.848696314,0.019095152585829032,0.060547022270091115,0.0,0.0,False,False
memory_dlinear_reconciliation,memory_um,dlinear,bottom_up,dlinear,independent,0,0,2,8,1102962664.1543586,1047041227.013701,native,8272,32,5000,55921437.1406579,39036925.942741394,1047041227.013701,1102962664.1543586,0.053409011696849015,35304477.181518026,77081816.23179087,0.03382745028578118,0.07278726971507388,0.0,0.0,False,False
memory_dlinear_reconciliation,memory_um,dlinear,bottom_up,dlinear,independent,1,0,2,8,1096835386.279895,1043534124.4204463,native,8272,32,5000,53301261.85944866,12967401.491722107,1043534124.4204463,1096835386.279895,0.051077641460983265,30404333.006079733,77833872.1889149,0.030056980889418643,0.07247968901727929,0.0,0.0,False,False
memory_dlinear_reconciliation,memory_um,dlinear,bottom_up,dlinear,independent,2,0,2,8,1143045349.8114996,1065201981.9429041,native,8272,32,5000,77843367.86859562,82677430.74643707,1065201981.9429041,1143045349.8114996,0.07307850453546011,54764951.43489431,100802458.14226608,0.05061313928591663,0.09586914980200556,0.0,0.0,False,False
memory_dlinear_reconciliation,memory_um,dlinear,bottom_up,dlinear,independent,0,0,2,16,1114268869.9370599,1056253575.3982915,native,8264,32,5000,58015294.53876856,46727899.8031311,1056253575.3982915,1114268869.9370599,0.05492553671772631,35752774.11623618,80085831.82523401,0.034097973874537224,0.07471315847526137,0.0,0.0,False,False
memory_dlinear_reconciliation,memory_um,dlinear,bottom_up,dlinear,independent,1,0,2,16,1109621115.1633756,1061806479.0421293,native,8264,32,5000,47814636.12124658,32235543.856384277,1061806479.0421293,1109621115.1633756,0.04503140361733415,25503154.412840538,70363270.10927168,0.02406280839873786,0.06566330379338368,0.0,0.0,False,False
memory_dlinear_reconciliation,memory_um,dlinear,bottom_up,dlinear,independent,2,0,2,16,1124392060.6235838,1057947382.5346687,native,8264,32,5000,66444678.08891529,55877637.764671326,1057947382.5346687,1124392060.6235838,0.06280527669507034,43941925.19061882,88992320.88430579,0.04146346422998425,0.08370473749902742,0.0,0.0,False,False
memory_dlinear_reconciliation,memory_um,dlinear,wls,dlinear,independent,0,0,0,1,1272621477.3740215,1288970217.5265772,native,8276,32,5000,-16348740.152555935,-3743953.434364319,1288970217.5265772,1272621477.3740215,-0.012683567029134124,-29161792.462819554,-4319190.714430463,-0.022723948303110347,-0.003355782640816403,0.996,0.008,False,False
memory_dlinear_reconciliation,memory_um,dlinear,wls,dlinear,independent,1,0,0,1,1280308331.775755,1341642528.9338136,native,8276,32,5000,-61334197.15805832,-37025732.45915222,1341642528.9338136,1280308331.775755,-0.045715752024348716,-73618603.1543657,-49740176.85864432,-0.05592543134451709,-0.036608576531391115,1.0,0.0,False,False
memory_dlinear_reconciliation,memory_um,dlinear,wls,dlinear,independent,2,0,0,1,1316841627.8783777,1342112238.0998075,native,8276,32,5000,-25270610.22142993,-10389333.734275818,1342112238.0998075,1316841627.8783777,-0.018828984271247406,-39864010.97913232,-11296952.152329214,-0.030168498638854353,-0.008441337323932804,1.0,0.0,False,False
memory_dlinear_reconciliation,memory_um,dlinear,wls,dlinear,independent,0,0,0,8,1273168433.9610877,1351523873.7521622,native,8269,32,5000,-78355439.79107442,-78122382.56640625,1351523873.7521622,1273168433.9610877,-0.05797562389596603,-88235601.67020836,-68734894.67774318,-0.06915528534086737,-0.04856250701246773,1.0,0.0,False,False
memory_dlinear_reconciliation,memory_um,dlinear,wls,dlinear,independent,1,0,0,8,1278375137.7857482,1368538216.7719264,native,8269,32,5000,-90163078.98617814,-89290885.41297913,1368538216.7719264,1278375137.7857482,-0.06588276299572587,-101838969.08626959,-78340682.0170721,-0.0782539992913382,-0.05517475939486942,1.0,0.0,False,False
memory_dlinear_reconciliation,memory_um,dlinear,wls,dlinear,independent,2,0,0,8,1438352225.063982,1600707736.3900595,native,8269,32,5000,-162355511.32607737,-160087827.1999359,1600707736.3900595,1438352225.063982,-0.1014273296961905,-176531298.15755695,-147510151.7134753,-0.1164140558681886,-0.08907808641257763,1.0,0.0,False,False
memory_dlinear_reconciliation,memory_um,dlinear,wls,dlinear,independent,0,0,0,16,1268714690.5064023,1349931371.2096462,native,8261,32,5000,-81216680.70324388,-81042474.7522583,1349931371.2096462,1268714690.5064023,-0.06016356270798215,-91061982.7500233,-70634717.1899488,-0.07145238653512102,-0.04980474639672836,1.0,0.0,False,False
memory_dlinear_reconciliation,memory_um,dlinear,wls,dlinear,independent,1,0,0,16,1296714082.035089,1351460849.0060005,native,8261,32,5000,-54746766.97091158,-36157610.02455139,1351460849.0060005,1296714082.035089,-0.04050932515816335,-64749165.11491761,-44445642.7920133,-0.04934931893016582,-0.03210029326149715,1.0,0.0,False,False
memory_dlinear_reconciliation,memory_um,dlinear,wls,dlinear,independent,2,0,0,16,1367547069.698006,1393497020.5925777,native,8261,32,5000,-25949950.894571654,-36006640.19758606,1393497020.5925777,1367547069.698006,-0.018622178957753758,-41093347.53865114,-10513708.12148621,-0.030896846219403393,-0.007148084916416418,0.999,0.002,False,False
memory_dlinear_reconciliation,memory_um,dlinear,wls,dlinear,independent,0,0,1,1,792786911.0619098,836589801.3086051,native,8276,32,5000,-43802890.246695355,-20618514.680740356,836589801.3086051,792786911.0619098,-0.05235886234589315,-54052905.848248444,-33987070.27012726,-0.06432744168944385,-0.04110319914226692,1.0,0.0,False,False
memory_dlinear_reconciliation,memory_um,dlinear,wls,dlinear,independent,1,0,1,1,784987446.2757449,835042020.9050137,native,8276,32,5000,-50054574.62926888,-29358101.989463806,835042020.9050137,784987446.2757449,-0.05994258178171683,-59584415.34072818,-40703817.49983005,-0.07288962435312771,-0.04816164475906521,1.0,0.0,False,False
memory_dlinear_reconciliation,memory_um,dlinear,wls,dlinear,independent,2,0,1,1,796969617.4532963,836233490.9888268,native,8276,32,5000,-39263873.535530396,-20234618.08882141,836233490.9888268,796969617.4532963,-0.04695324207728367,-48677713.825840436,-29957680.377708964,-0.05920442639700145,-0.03554289362402717,1.0,0.0,False,False
memory_dlinear_reconciliation,memory_um,dlinear,wls,dlinear,independent,0,0,1,8,794256307.6040021,836114125.5450646,native,8269,32,5000,-41857817.941062436,-20097481.875808716,836114125.5450646,794256307.6040021,-0.050062326017725436,-51683827.694002956,-32350297.83258324,-0.0615215945596341,-0.039106581683521456,1.0,0.0,False,False
memory_dlinear_reconciliation,memory_um,dlinear,wls,dlinear,independent,1,0,1,8,805020064.0723344,846440845.2396958,native,8269,32,5000,-41420781.167361386,-13247153.624938965,846440845.2396958,805020064.0723344,-0.04893523439979059,-51957088.51413101,-31212662.81552171,-0.060014074034633456,-0.037938905469217674,1.0,0.0,False,False
memory_dlinear_reconciliation,memory_um,dlinear,wls,dlinear,independent,2,0,1,8,798790711.7710268,837441384.0210297,native,8269,32,5000,-38650672.250002876,-21078904.211776733,837441384.0210297,798790711.7710268,-0.04615328665084491,-48912505.964481086,-28565154.902411733,-0.05869011448243572,-0.034187999928093106,1.0,0.0,False,False
memory_dlinear_reconciliation,memory_um,dlinear,wls,dlinear,independent,0,0,1,16,800705804.6421564,846438532.3283072,native,8261,32,5000,-45732727.68615079,-31748376.92567444,846438532.3283072,800705804.6421564,-0.05402959097378673,-54996522.258145235,-36806294.53932353,-0.06763284801771452,-0.04237686478749781,1.0,0.0,False,False
memory_dlinear_reconciliation,memory_um,dlinear,wls,dlinear,independent,1,0,1,16,791043489.7628727,848788268.2440104,native,8261,32,5000,-57744778.48113775,-41850982.583099365,848788268.2440104,791043489.7628727,-0.06803201769105653,-67416472.06344533,-48076524.15904502,-0.08292700131425318,-0.055088875277869334,1.0,0.0,False,False
memory_dlinear_reconciliation,memory_um,dlinear,wls,dlinear,independent,2,0,1,16,805140793.5784646,860186673.0334218,native,8261,32,5000,-55045879.45495711,-41556850.71031189,860186673.0334218,805140793.5784646,-0.06399294615997655,-65335029.80932643,-44685275.25043297,-0.07952189694465507,-0.05012590159176982,1.0,0.0,False,False
memory_dlinear_reconciliation,memory_um,dlinear,wls,dlinear,independent,0,0,2,1,1045026092.8781725,1048733686.1079497,native,8279,32,5000,-3707593.2297771927,9725156.523895264,1048733686.1079497,1045026092.8781725,-0.0035353047955737713,-18640725.033477105,11204593.54894582,-0.018053909540516784,0.01044177900695451,0.7128,0.5744,True,True
memory_dlinear_reconciliation,memory_um,dlinear,wls,dlinear,independent,1,0,2,1,1053543218.4334736,1060078627.4855586,native,8279,32,5000,-6535409.052084951,-247337.1244354248,1060078627.4855586,1053543218.4334736,-0.006165022935691609,-21328649.048060644,8136865.822843152,-0.020567094417730983,0.007595387854087278,0.8226,0.3548,True,True
memory_dlinear_reconciliation,memory_um,dlinear,wls,dlinear,independent,2,0,2,1,1049065310.6556197,1047857594.3617969,native,8279,32,5000,1207716.2938230506,-2801632.854675293,1047857594.3617969,1049065310.6556197,0.001152557656995955,-13391485.531923488,16081706.327725945,-0.013206987794401999,0.014849576757326512,0.45,0.9,True,True
memory_dlinear_reconciliation,memory_um,dlinear,wls,dlinear,independent,0,0,2,8,1057524495.8382838,1047041227.013701,native,8272,32,5000,10483268.824582689,12902156.851287842,1047041227.013701,1057524495.8382838,0.010012278938129636,-3584095.5217361394,24254078.520565573,-0.003414820601832415,0.022926465415236415,0.0682,0.1364,True,True
memory_dlinear_reconciliation,memory_um,dlinear,wls,dlinear,independent,1,0,2,8,1052795742.0968314,1043534124.4204463,native,8272,32,5000,9261617.676384946,1611555.1677856445,1043534124.4204463,1052795742.0968314,0.008875241795785667,-5425497.540090749,24498302.550869968,-0.005316328187559489,0.023022957469792833,0.1092,0.2184,True,True
memory_dlinear_reconciliation,memory_um,dlinear,wls,dlinear,independent,2,0,2,8,1084196815.425309,1065201981.9429041,native,8272,32,5000,18994833.48240506,39620882.973976135,1065201981.9429041,1084196815.425309,0.017832142452231376,3265064.99310622,33953877.51107096,0.0029350947512866927,0.032665583422729974,0.009,0.018,False,False
memory_dlinear_reconciliation,memory_um,dlinear,wls,dlinear,independent,0,0,2,16,1065327935.1031616,1056253575.3982915,native,8264,32,5000,9074359.704870036,17035112.45465851,1056253575.3982915,1065327935.1031616,0.008591080699015178,-5574673.536471818,22910771.81295573,-0.005271701824582712,0.02156915335351254,0.1086,0.2172,True,True
memory_dlinear_reconciliation,memory_um,dlinear,wls,dlinear,independent,1,0,2,16,1066505691.4668428,1061806479.0421293,native,8264,32,5000,4699212.424713415,11414247.28591919,1061806479.0421293,1066505691.4668428,0.004425676917090053,-10142452.86083285,19004727.177155714,-0.009408066734814018,0.017872297012773233,0.2708,0.5416,True,True
memory_dlinear_reconciliation,memory_um,dlinear,wls,dlinear,independent,2,0,2,16,1073923370.0244174,1057947382.5346687,native,8264,32,5000,15975987.48974894,24552586.699378967,1057947382.5346687,1073923370.0244174,0.015100928225251704,1157167.179035573,30435431.372544702,0.0010959809536533014,0.02857221908545085,0.0166,0.0332,False,False
memory_dlinear_reconciliation,memory_um,dlinear,mint,dlinear,independent,0,0,0,1,1274651157.037978,1288970217.5265772,native,8276,32,5000,-14319060.488599483,-2833012.066421509,1288970217.5265772,1274651157.037978,-0.011108914925960452,-27995992.687007777,-1456829.758277405,-0.021835360748585653,-0.001130758425204871,0.9854,0.0292,False,False
memory_dlinear_reconciliation,memory_um,dlinear,mint,dlinear,independent,1,0,0,1,1279143676.6099043,1341642528.9338136,native,8276,32,5000,-62498852.32390922,-38404486.58821106,1341642528.9338136,1279143676.6099043,-0.04658383360400499,-75492339.3664277,-50109976.71838602,-0.05749088606110659,-0.03688037702364246,1.0,0.0,False,False
memory_dlinear_reconciliation,memory_um,dlinear,mint,dlinear,independent,2,0,0,1,1317886610.2539024,1342112238.0998075,native,8276,32,5000,-24225627.845905133,-10317281.134613037,1342112238.0998075,1317886610.2539024,-0.018050373998678617,-39588753.44094576,-9654493.256807055,-0.029883345034713942,-0.007250881248961897,0.9998,0.0004,False,False
memory_dlinear_reconciliation,memory_um,dlinear,mint,dlinear,independent,0,0,0,8,1266422328.8764336,1351523873.7521622,native,8269,32,5000,-85101544.87572846,-85378087.41850281,1351523873.7521622,1266422328.8764336,-0.06296710441338019,-96256839.17370652,-74142393.25133215,-0.07559977172303975,-0.05236844285348976,1.0,0.0,False,False
memory_dlinear_reconciliation,memory_um,dlinear,mint,dlinear,independent,1,0,0,8,1271154575.830348,1368538216.7719264,native,8269,32,5000,-97383640.94157843,-99032219.03825378,1368538216.7719264,1271154575.830348,-0.07115887576109092,-110535627.7262884,-84070400.46068344,-0.08490798360260966,-0.059131280499960415,1.0,0.0,False,False
memory_dlinear_reconciliation,memory_um,dlinear,mint,dlinear,independent,2,0,0,8,1416321050.0157015,1600707736.3900595,native,8269,32,5000,-184386686.3743578,-184442098.4875641,1600707736.3900595,1416321050.0157015,-0.11519072606607716,-201423640.0584823,-166824153.45907182,-0.13289275383300847,-0.10041874991452496,1.0,0.0,False,False
memory_dlinear_reconciliation,memory_um,dlinear,mint,dlinear,independent,0,0,0,16,1262612695.8106487,1349931371.2096462,native,8261,32,5000,-87318675.39899747,-88396188.27670288,1349931371.2096462,1262612695.8106487,-0.06468378856975,-98442004.23165306,-75366815.19197531,-0.07726086234794557,-0.05311897192553187,1.0,0.0,False,False
memory_dlinear_reconciliation,memory_um,dlinear,mint,dlinear,independent,1,0,0,16,1293806896.8056438,1351460849.0060005,native,8261,32,5000,-57653952.200356804,-38772191.05809021,1351460849.0060005,1293806896.8056438,-0.04266046792458789,-68794930.3367496,-46316504.46262328,-0.05247236135128185,-0.03331976509048562,1.0,0.0,False,False
memory_dlinear_reconciliation,memory_um,dlinear,mint,dlinear,independent,2,0,0,16,1371102034.437272,1393497020.5925777,native,8261,32,5000,-22394986.15530584,-38542883.5193634,1393497020.5925777,1371102034.437272,-0.01607106855943078,-40104077.8658818,-4341335.854684073,-0.03014851543143452,-0.0029366924804193795,0.9914,0.0172,False,False
memory_dlinear_reconciliation,memory_um,dlinear,mint,dlinear,independent,0,0,1,1,792890342.5107149,836589801.3086051,native,8276,32,5000,-43699458.79789012,-20642958.541641235,836589801.3086051,792890342.5107149,-0.05223522774188119,-53828730.618096046,-33961591.32330639,-0.06409142096805585,-0.04110825288710149,1.0,0.0,False,False
memory_dlinear_reconciliation,memory_um,dlinear,mint,dlinear,independent,1,0,1,1,785173797.7174767,835042020.9050137,native,8276,32,5000,-49868223.18753708,-29608992.427322388,835042020.9050137,785173797.7174767,-0.05971941763300749,-59307702.14660284,-40619136.160070136,-0.07255730429119166,-0.04806622149931254,1.0,0.0,False,False
memory_dlinear_reconciliation,memory_um,dlinear,mint,dlinear,independent,2,0,1,1,797087545.8944224,836233490.9888268,native,8276,32,5000,-39145945.094404295,-20482858.478141785,836233490.9888268,797087545.8944224,-0.0468122187358403,-48449948.72225016,-29977543.301349655,-0.05891152750499461,-0.035570545867181946,1.0,0.0,False,False
memory_dlinear_reconciliation,memory_um,dlinear,mint,dlinear,independent,0,0,1,8,794415111.9192388,836114125.5450646,native,8269,32,5000,-41699013.62582569,-20120005.15864563,836114125.5450646,794415111.9192388,-0.04987239463110615,-51382276.0023649,-32323627.866125762,-0.061170877316234946,-0.0390553745316488,1.0,0.0,False,False
memory_dlinear_reconciliation,memory_um,dlinear,mint,dlinear,independent,1,0,1,8,805044241.3326281,846440845.2396958,native,8269,32,5000,-41396603.907067634,-13469334.38595581,846440845.2396958,805044241.3326281,-0.048906670962156736,-51897453.01586746,-31229262.829414856,-0.05993658475289191,-0.03796911367847522,1.0,0.0,False,False
memory_dlinear_reconciliation,memory_um,dlinear,mint,dlinear,independent,2,0,1,8,798881175.0295172,837441384.0210297,native,8269,32,5000,-38560208.991512574,-21146709.593795776,837441384.0210297,798881175.0295172,-0.04604526325933787,-48582548.6295917,-28682369.380789183,-0.058379413788224456,-0.03434510055340484,1.0,0.0,False,False
memory_dlinear_reconciliation,memory_um,dlinear,mint,dlinear,independent,0,0,1,16,800943702.60157,846438532.3283072,native,8261,32,5000,-45494829.72673706,-31724758.04663086,846438532.3283072,800943702.60157,-0.05374853340099483,-54651433.56430066,-36726430.61410936,-0.067206996354761,-0.04228843355298437,1.0,0.0,False,False
memory_dlinear_reconciliation,memory_um,dlinear,mint,dlinear,independent,1,0,1,16,791327446.0788033,848788268.2440104,native,8261,32,5000,-57460822.16520726,-41601630.096710205,848788268.2440104,791327446.0788033,-0.06769747452339712,-67014340.06685995,-47919160.482002944,-0.08244758159473828,-0.054895126602158964,1.0,0.0,False,False
memory_dlinear_reconciliation,memory_um,dlinear,mint,dlinear,independent,2,0,1,16,805903054.7677052,860186673.0334218,native,8261,32,5000,-54283618.26571646,-40918516.13056946,860186673.0334218,805903054.7677052,-0.06310678829083338,-64228744.10874023,-44204419.77482716,-0.07811164356929538,-0.04963251735149434,1.0,0.0,False,False
memory_dlinear_reconciliation,memory_um,dlinear,mint,dlinear,independent,0,0,2,1,1044144042.2036036,1048733686.1079497,native,8279,32,5000,-4589643.904346078,9194563.932067871,1048733686.1079497,1044144042.2036036,-0.004376367389684143,-19314809.25236964,10040362.972717814,-0.018658493930938637,0.009403339060399928,0.7544,0.4912,True,True
memory_dlinear_reconciliation,memory_um,dlinear,mint,dlinear,independent,1,0,2,1,1052851462.0479527,1060078627.4855586,native,8279,32,5000,-7227165.437605807,-649068.8605957031,1060078627.4855586,1052851462.0479527,-0.0068175748951265994,-21829844.716652833,7251703.460995336,-0.02102860294815626,0.006760871109701403,0.8512,0.2976,True,True
memory_dlinear_reconciliation,memory_um,dlinear,mint,dlinear,independent,2,0,2,1,1047712950.3144735,1047857594.3617969,native,8279,32,5000,-144644.04732325894,-3193049.845413208,1047857594.3617969,1047712950.3144735,-0.00013803788616081477,-14304449.710991716,14332725.705395998,-0.01416098429148741,0.013260843557327184,0.5314,0.9372,True,True
memory_dlinear_reconciliation,memory_um,dlinear,mint,dlinear,independent,0,0,2,8,1055903452.2580509,1047041227.013701,native,8272,32,5000,8862225.244349942,11433647.198760986,1047041227.013701,1055903452.2580509,0.008464065230388465,-4853094.214353905,22265111.824941,-0.004625655271194149,0.02104449164618948,0.0964,0.1928,True,True
memory_dlinear_reconciliation,memory_um,dlinear,mint,dlinear,independent,1,0,2,8,1051138787.7667587,1043534124.4204463,native,8272,32,5000,7604663.346312388,1161614.9833145142,1043534124.4204463,1051138787.7667587,0.0072874122353553455,-6662127.385783743,22428484.873800185,-0.006575584822378609,0.02109703364934205,0.1484,0.2968,True,True
memory_dlinear_reconciliation,memory_um,dlinear,mint,dlinear,independent,2,0,2,8,1081950068.4160104,1065201981.9429041,native,8272,32,5000,16748086.473106517,38071906.399620056,1065201981.9429041,1081950068.4160104,0.015722920870423457,1400216.9568039717,31289198.83486875,0.0012419729558636608,0.030129126375327532,0.0156,0.0312,False,False
memory_dlinear_reconciliation,memory_um,dlinear,mint,dlinear,independent,0,0,2,16,1063840218.9395489,1056253575.3982915,native,8264,32,5000,7586643.541257321,16075214.72505951,1056253575.3982915,1063840218.9395489,0.007182596791112924,-6709071.110526811,21092214.359912474,-0.00633591869973144,0.019837987352665194,0.149,0.298,True,True
memory_dlinear_reconciliation,memory_um,dlinear,mint,dlinear,independent,1,0,2,16,1065254537.6591183,1061806479.0421293,native,8264,32,5000,3448058.6169889937,10644697.318656921,1061806479.0421293,1065254537.6591183,0.0032473512688484785,-11061001.774628712,17352094.53417785,-0.010325775933113535,0.01640839964781624,0.3266,0.6532,True,True
memory_dlinear_reconciliation,memory_um,dlinear,mint,dlinear,independent,2,0,2,16,1072180974.3016919,1057947382.5346687,native,8264,32,5000,14233591.767023271,23369660.04787445,1057947382.5346687,1072180974.3016919,0.013453969452546795,-171171.01965883668,28279808.915715165,-0.00015933197510700667,0.026547517711428645,0.0268,0.0536,True,True
memory_dlinear_vs_ewma,memory_um,dlinear,wls,ewma,independent,0,0,0,1,1272621477.3740215,1286777035.5287719,native,8276,32,5000,-14155558.154750336,145321699.85224152,1286777035.5287719,1272621477.3740215,-0.011000785500444862,-57740687.38307202,31599132.594330225,-0.04045070580635702,0.027221303187944815,0.6958,0.6084,True,True
memory_dlinear_vs_ewma,memory_um,dlinear,wls,ewma,independent,1,0,0,1,1280308331.775755,1286777035.5287719,native,8276,32,5000,-6468703.753016686,147567637.33333588,1286777035.5287719,1280308331.775755,-0.005027058747872757,-49042162.5505201,37870558.80070795,-0.03496175098469493,0.03269827598618392,0.5754,0.8492,True,True
memory_dlinear_vs_ewma,memory_um,dlinear,wls,ewma,independent,2,0,0,1,1316841627.8783777,1286777035.5287719,native,8276,32,5000,30064592.34960582,159131946.59908295,1286777035.5287719,1316841627.8783777,0.023364259323489914,-10383554.032603865,73818631.64454435,-0.007394487883497526,0.06363020457945104,0.0786,0.1572,True,True
memory_dlinear_vs_ewma,memory_um,dlinear,wls,ewma,independent,0,0,0,8,1273168433.9610877,1284254786.1130323,native,8269,32,5000,-11086352.151944602,146963782.6623993,1284254786.1130323,1273168433.9610877,-0.008632517684048442,-52711584.11241258,31626101.233326457,-0.03742779147282549,0.027660308650951485,0.6658,0.6684,True,True
memory_dlinear_vs_ewma,memory_um,dlinear,wls,ewma,independent,1,0,0,8,1278375137.7857482,1284254786.1130323,native,8269,32,5000,-5879648.327284074,166450334.07920837,1284254786.1130323,1278375137.7857482,-0.004578256893306671,-49573048.774107985,38869524.66971408,-0.034935465327297265,0.03412268398436195,0.5644,0.8712,True,True
memory_dlinear_vs_ewma,memory_um,dlinear,wls,ewma,independent,2,0,0,8,1438352225.063982,1284254786.1130323,native,8269,32,5000,154097438.95094973,214271633.42314148,1284254786.1130323,1438352225.063982,0.11998977198079681,113515279.1681427,195399688.0711105,0.08235342063405504,0.1646593307319968,0.0,0.0,False,False
memory_dlinear_vs_ewma,memory_um,dlinear,wls,ewma,independent,0,0,0,16,1268714690.5064023,1278392838.9775565,native,8261,32,5000,-9678148.47115426,148503486.55130005,1278392838.9775565,1268714690.5064023,-0.007570559045758367,-52627757.15337024,31853502.02947308,-0.0378598649462531,0.02769895871285398,0.6574,0.6852,True,True
memory_dlinear_vs_ewma,memory_um,dlinear,wls,ewma,independent,1,0,0,16,1296714082.035089,1278392838.9775565,native,8261,32,5000,18321243.057532553,182335798.61302185,1278392838.9775565,1296714082.035089,0.014331465648842079,-26820168.512651805,61693862.40142194,-0.01879003213197511,0.053552152765686936,0.2058,0.4116,True,True
memory_dlinear_vs_ewma,memory_um,dlinear,wls,ewma,independent,2,0,0,16,1367547069.698006,1278392838.9775565,native,8261,32,5000,89154230.72044955,169382941.74986267,1278392838.9775565,1367547069.698006,0.06973930704411177,48332840.07094937,128971355.4957348,0.03472892308631913,0.10942554382391392,0.0,0.0,False,False
memory_dlinear_vs_ewma,memory_um,dlinear,wls,ewma,independent,0,0,1,1,792786911.0619098,834534180.4979616,native,8276,32,5000,-41747269.43605202,12301318.185005188,834534180.4979616,792786911.0619098,-0.05002463699107167,-74616155.68858787,-10467088.97787723,-0.08141684724002363,-0.013659984368607391,0.9948,0.0104,False,False
memory_dlinear_vs_ewma,memory_um,dlinear,wls,ewma,independent,1,0,1,1,784987446.2757449,834534180.4979616,native,8276,32,5000,-49546734.22221691,11210588.122276306,834534180.4979616,784987446.2757449,-0.05937052715162927,-82029047.71268591,-18342051.40774818,-0.08969264481420777,-0.024630153046908652,0.9986,0.0028,False,False
memory_dlinear_vs_ewma,memory_um,dlinear,wls,ewma,independent,2,0,1,1,796969617.4532963,834534180.4979616,native,8276,32,5000,-37564563.04466543,11760352.15700531,834534180.4979616,796969617.4532963,-0.04501261173299203,-71316347.32378778,-5340252.571211882,-0.0780308851899606,-0.0071757172499858695,0.9888,0.0224,False,False
memory_dlinear_vs_ewma,memory_um,dlinear,wls,ewma,independent,0,0,1,8,794256307.6040021,835071934.4879591,native,8269,32,5000,-40815626.88395711,10178534.095214844,835071934.4879591,794256307.6040021,-0.048876779590232566,-73342213.97913614,-9159965.316163179,-0.08181734957065079,-0.012469060892303862,0.9932,0.0136,False,False
memory_dlinear_vs_ewma,memory_um,dlinear,wls,ewma,independent,1,0,1,8,805020064.0723344,835071934.4879591,native,8269,32,5000,-30051870.415624768,16471093.989608765,835071934.4879591,805020064.0723344,-0.035987163709497276,-63607288.450015664,1568671.541632784,-0.07057826484248991,0.002145591566074991,0.9694,0.0612,True,True
memory_dlinear_vs_ewma,memory_um,dlinear,wls,ewma,independent,2,0,1,8,798790711.7710268,835071934.4879591,native,8269,32,5000,-36281222.716932364,13367057.661575317,835071934.4879591,798790711.7710268,-0.043446823223892574,-69842126.45990622,-4572513.243220162,-0.07737412262101752,-0.006239681551801026,0.9874,0.0252,False,False
memory_dlinear_vs_ewma,memory_um,dlinear,wls,ewma,independent,0,0,1,16,800705804.6421564,835569802.7322348,native,8261,32,5000,-34863998.090078525,11794461.504516602,835569802.7322348,800705804.6421564,-0.04172481817327113,-67962619.73660213,-2703826.5370941255,-0.0750083930514877,-0.003525937614461597,0.9822,0.0356,False,False
memory_dlinear_vs_ewma,memory_um,dlinear,wls,ewma,independent,1,0,1,16,791043489.7628727,835569802.7322348,native,8261,32,5000,-44526312.969362065,12933598.049758911,835569802.7322348,791043489.7628727,-0.05328856167822868,-76061899.0120373,-13500948.739551846,-0.08345652200246609,-0.01852834328604665,0.9982,0.0036,False,False
memory_dlinear_vs_ewma,memory_um,dlinear,wls,ewma,independent,2,0,1,16,805140793.5784646,835569802.7322348,native,8261,32,5000,-30429009.153770287,23949530.066467285,835569802.7322348,805140793.5784646,-0.03641707617277489,-63245019.18846983,1032641.4865870666,-0.06963098756372875,0.0014812129743360604,0.9704,0.0592,True,True
memory_dlinear_vs_ewma,memory_um,dlinear,wls,ewma,independent,0,0,2,1,1045026092.8781725,1034898874.6414589,native,8279,32,5000,10127218.23671374,51878313.07376099,1034898874.6414589,1045026092.8781725,0.009785708038596831,-31476010.849666473,50071314.86941325,-0.02816315988106474,0.05286995697847575,0.32,0.64,True,True
memory_dlinear_vs_ewma,memory_um,dlinear,wls,ewma,independent,1,0,2,1,1053543218.4334736,1034898874.6414589,native,8279,32,5000,18644343.79201484,50691306.70698547,1034898874.6414589,1053543218.4334736,0.018015618964195106,-23823432.769797128,59960565.64253625,-0.021355441399519958,0.062464440416593874,0.182,0.364,True,True
memory_dlinear_vs_ewma,memory_um,dlinear,wls,ewma,independent,2,0,2,1,1049065310.6556197,1034898874.6414589,native,8279,32,5000,14166436.014161063,47874157.99343872,1034898874.6414589,1049065310.6556197,0.01368871525642448,-28123132.67341374,55094498.38801589,-0.025244574720667556,0.05733245528136789,0.25,0.5,True,True
memory_dlinear_vs_ewma,memory_um,dlinear,wls,ewma,independent,0,0,2,8,1057524495.8382838,1035591176.3913442,native,8272,32,5000,21933319.446939465,59303590.135513306,1035591176.3913442,1057524495.8382838,0.02117951557232174,-18773955.55057512,62247593.84248466,-0.01652907477538657,0.0653070706448634,0.1444,0.2888,True,True
memory_dlinear_vs_ewma,memory_um,dlinear,wls,ewma,independent,1,0,2,8,1052795742.0968314,1035591176.3913442,native,8272,32,5000,17204565.705487188,50671348.374305725,1035591176.3913442,1052795742.0968314,0.016613279542839286,-24415484.214966223,58761169.724347375,-0.022046958535612643,0.06071760306392987,0.2058,0.4116,True,True
memory_dlinear_vs_ewma,memory_um,dlinear,wls,ewma,independent,2,0,2,8,1084196815.425309,1035591176.3913442,native,8272,32,5000,48605639.03396498,95635056.74350739,1035591176.3913442,1084196815.425309,0.046935161424740815,6294235.49900081,90412438.91901214,0.005533050472269268,0.094451612888985,0.0126,0.0252,False,False
memory_dlinear_vs_ewma,memory_um,dlinear,wls,ewma,independent,0,0,2,16,1065327935.1031616,1036338955.8872703,native,8264,32,5000,28988979.215891156,61069088.975364685,1036338955.8872703,1065327935.1031616,0.0279724882010944,-12674345.684309553,69400732.06664403,-0.011318817201361932,0.07255440186146822,0.0836,0.1672,True,True
memory_dlinear_vs_ewma,memory_um,dlinear,wls,ewma,independent,1,0,2,16,1066505691.4668428,1036338955.8872703,native,8264,32,5000,30166735.579572193,60928087.35033417,1036338955.8872703,1066505691.4668428,0.029108946844273252,-11724817.856044974,71147575.22575118,-0.010366467616239619,0.07412681804101874,0.077,0.154,True,True
memory_dlinear_vs_ewma,memory_um,dlinear,wls,ewma,independent,2,0,2,16,1073923370.0244174,1036338955.8872703,native,8264,32,5000,37584414.13714714,72975955.01285553,1036338955.8872703,1073923370.0244174,0.036266526432916855,-4623945.15846589,78804440.93268329,-0.0043068725902133,0.0823650121436246,0.0382,0.0764,True,True
memory_dlinear_vs_ewma,memory_um,dlinear,mint,ewma,independent,0,0,0,1,1274651157.037978,1286777035.5287719,native,8276,32,5000,-12125878.490793882,145273373.84432983,1286777035.5287719,1274651157.037978,-0.009423449561182934,-55637653.227667816,33631364.412656054,-0.03921817840676507,0.028903310586104885,0.6656,0.6688,True,True
memory_dlinear_vs_ewma,memory_um,dlinear,mint,ewma,independent,1,0,0,1,1279143676.6099043,1286777035.5287719,native,8276,32,5000,-7633358.918867584,143552342.00110626,1286777035.5287719,1279143676.6099043,-0.0059321535185237655,-50305295.98307666,36672909.06576955,-0.035631295081932905,0.03159754560277102,0.595,0.81,True,True
memory_dlinear_vs_ewma,memory_um,dlinear,mint,ewma,independent,2,0,0,1,1317886610.2539024,1286777035.5287719,native,8276,32,5000,31109574.725130618,160458385.00141907,1286777035.5287719,1317886610.2539024,0.024176352131079836,-9142512.326044932,74971178.14983527,-0.00667585688684612,0.06456542294243987,0.0708,0.1416,True,True
memory_dlinear_vs_ewma,memory_um,dlinear,mint,ewma,independent,0,0,0,8,1266422328.8764336,1284254786.1130323,native,8269,32,5000,-17832457.236598644,137867335.91609192,1284254786.1130323,1266422328.8764336,-0.013885451258913308,-59108620.3993162,24792185.357695695,-0.042093949248117477,0.021669747010694147,0.769,0.462,True,True
memory_dlinear_vs_ewma,memory_um,dlinear,mint,ewma,independent,1,0,0,8,1271154575.830348,1284254786.1130323,native,8269,32,5000,-13100210.282684375,156353773.62809753,1284254786.1130323,1271154575.830348,-0.010200631856186342,-56848553.65037611,31538902.2394846,-0.04003277869418243,0.027689921647639774,0.6892,0.6216,True,True
memory_dlinear_vs_ewma,memory_um,dlinear,mint,ewma,independent,2,0,0,8,1416321050.0157015,1284254786.1130323,native,8269,32,5000,132066263.9026693,188991764.0132141,1284254786.1130323,1416321050.0157015,0.10283494002182027,91107044.82400374,174043383.01969022,0.06643290184712797,0.1458293231019952,0.0,0.0,False,False
memory_dlinear_vs_ewma,memory_um,dlinear,mint,ewma,independent,0,0,0,16,1262612695.8106487,1278392838.9775565,native,8261,32,5000,-15780143.166907853,139279066.30737305,1278392838.9775565,1262612695.8106487,-0.012343735576247928,-58397370.23817682,25524212.01760676,-0.042296512487316654,0.02195367526211283,0.7632,0.4736,True,True
memory_dlinear_vs_ewma,memory_um,dlinear,mint,ewma,independent,1,0,0,16,1293806896.8056438,1278392838.9775565,native,8261,32,5000,15414057.828087326,177405660.6343994,1278392838.9775565,1293806896.8056438,0.012057371848558936,-29717470.303023826,58796771.87051497,-0.020874212835089674,0.05104641270392187,0.241,0.482,True,True
memory_dlinear_vs_ewma,memory_um,dlinear,mint,ewma,independent,2,0,0,16,1371102034.437272,1278392838.9775565,native,8261,32,5000,92709195.45971538,167067511.75126648,1278392838.9775565,1371102034.437272,0.07252011481373996,51576972.782617584,132997743.04546405,0.03739347966527889,0.11255328397699126,0.0,0.0,False,False
memory_dlinear_vs_ewma,memory_um,dlinear,mint,ewma,independent,0,0,1,1,792890342.5107149,834534180.4979616,native,8276,32,5000,-41643837.98724678,12482402.619316101,834534180.4979616,792890342.5107149,-0.04990069785086352,-74531603.38688748,-10367136.608392686,-0.08126920774367484,-0.013679566320982129,0.9948,0.0104,False,False
memory_dlinear_vs_ewma,memory_um,dlinear,mint,ewma,independent,1,0,1,1,785173797.7174767,834534180.4979616,native,8276,32,5000,-49360382.780485116,11611875.986099243,834534180.4979616,785173797.7174767,-0.05914722720048694,-81808811.78240801,-18239817.184003703,-0.08945189323675254,-0.024470045984504137,0.9986,0.0028,False,False
memory_dlinear_vs_ewma,memory_um,dlinear,mint,ewma,independent,2,0,1,1,797087545.8944224,834534180.4979616,native,8276,32,5000,-37446634.60353932,11565725.688362122,834534180.4979616,797087545.8944224,-0.044871301234414546,-71251755.48705064,-5289088.080158663,-0.07783982998914087,-0.0069867057488000265,0.9884,0.0232,False,False
memory_dlinear_vs_ewma,memory_um,dlinear,mint,ewma,independent,0,0,1,8,794415111.9192388,835071934.4879591,native,8269,32,5000,-40656822.56872038,10371815.238174438,835071934.4879591,794415111.9192388,-0.048686611164402156,-73195530.81985979,-9055417.831138408,-0.08161310446243318,-0.012252011672705902,0.993,0.014,False,False
memory_dlinear_vs_ewma,memory_um,dlinear,mint,ewma,independent,1,0,1,8,805044241.3326281,835071934.4879591,native,8269,32,5000,-30027693.155331027,16436227.719345093,835071934.4879591,805044241.3326281,-0.03595821140096524,-63581175.54400339,1580525.5197744402,-0.07054670111476294,0.002180183537430494,0.9694,0.0612,True,True
memory_dlinear_vs_ewma,memory_um,dlinear,mint,ewma,independent,2,0,1,8,798881175.0295172,835071934.4879591,native,8269,32,5000,-36190759.45844206,13846692.908203125,835071934.4879591,798881175.0295172,-0.043338493324689614,-69658266.10277922,-4413485.269323728,-0.07717381732983039,-0.0060633678009388604,0.9872,0.0256,False,False
memory_dlinear_vs_ewma,memory_um,dlinear,mint,ewma,independent,0,0,1,16,800943702.60157,835569802.7322348,native,8261,32,5000,-34626100.130664796,12098851.246170044,835569802.7322348,800943702.60157,-0.04144010472547081,-67684503.40336165,-2461159.853411991,-0.07466952493869854,-0.003063412597387873,0.982,0.036,False,False
memory_dlinear_vs_ewma,memory_um,dlinear,mint,ewma,independent,1,0,1,16,791327446.0788033,835569802.7322348,native,8261,32,5000,-44242356.65343158,13352146.53742981,835569802.7322348,791327446.0788033,-0.05294872613725774,-75775550.65563555,-13208776.393725682,-0.08299167743537288,-0.0181742142393523,0.9982,0.0036,False,False
memory_dlinear_vs_ewma,memory_um,dlinear,mint,ewma,independent,2,0,1,16,805903054.7677052,835569802.7322348,native,8261,32,5000,-29666747.964529634,25500183.48477173,835569802.7322348,805903054.7677052,-0.03550481104932485,-62291360.7146332,1816632.639501989,-0.06867988392519306,0.002563764065524392,0.9674,0.0652,True,True
memory_dlinear_vs_ewma,memory_um,dlinear,mint,ewma,independent,0,0,2,1,1044144042.2036036,1034898874.6414589,native,8279,32,5000,9245167.562144855,50665822.572006226,1034898874.6414589,1044144042.2036036,0.00893340188948205,-32330217.894601207,49031058.99797997,-0.028876258827706815,0.05199652102943806,0.3324,0.6648,True,True
memory_dlinear_vs_ewma,memory_um,dlinear,mint,ewma,independent,1,0,2,1,1052851462.0479527,1034898874.6414589,native,8279,32,5000,17952587.40649398,49883444.837249756,1034898874.6414589,1052851462.0479527,0.01734718999739338,-24356011.7346136,59269503.4878661,-0.02183183663438243,0.061705901740269985,0.1926,0.3852,True,True
memory_dlinear_vs_ewma,memory_um,dlinear,mint,ewma,independent,2,0,2,1,1047712950.3144735,1034898874.6414589,native,8279,32,5000,12814075.673014754,47269995.67652893,1034898874.6414589,1047712950.3144735,0.012381959230030274,-29376568.927185383,53684926.79204569,-0.026491569256850426,0.05592246817069065,0.272,0.544,True,True
memory_dlinear_vs_ewma,memory_um,dlinear,mint,ewma,independent,0,0,2,8,1055903452.2580509,1035591176.3913442,native,8272,32,5000,20312275.866706714,57703611.89941406,1035591176.3913442,1055903452.2580509,0.019614183984733777,-20429390.958074015,60656838.45955349,-0.01806000614747791,0.06354693244445797,0.164,0.328,True,True
memory_dlinear_vs_ewma,memory_um,dlinear,mint,ewma,independent,1,0,2,8,1051138787.7667587,1035591176.3913442,native,8272,32,5000,15547611.375414629,50024632.4050827,1035591176.3913442,1051138787.7667587,0.015013271385328288,-25961276.314488836,56961852.33324836,-0.023379789408476317,0.05894532037335986,0.2274,0.4548,True,True
memory_dlinear_vs_ewma,memory_um,dlinear,mint,ewma,independent,2,0,2,8,1081950068.4160104,1035591176.3913442,native,8272,32,5000,46358892.02466643,93038420.38520813,1035591176.3913442,1081950068.4160104,0.04476563057075301,3889760.12131117,88116275.43003142,0.0034080422301126694,0.09210297984805611,0.0164,0.0328,False,False
memory_dlinear_vs_ewma,memory_um,dlinear,mint,ewma,independent,0,0,2,16,1063840218.9395489,1036338955.8872703,native,8264,32,5000,27501263.05227844,60280530.40892792,1036338955.8872703,1063840218.9395489,0.026536938417733223,-14181234.408759644,67796753.76363921,-0.012535596831673941,0.07094555538816151,0.097,0.194,True,True
memory_dlinear_vs_ewma,memory_um,dlinear,mint,ewma,independent,1,0,2,16,1065254537.6591183,1036338955.8872703,native,8264,32,5000,28915581.771847773,59626148.08753967,1036338955.8872703,1065254537.6591183,0.02790166441933224,-12764032.635194834,69896250.55987507,-0.011553281431073896,0.07286811697327046,0.0876,0.1752,True,True
memory_dlinear_vs_ewma,memory_um,dlinear,mint,ewma,independent,2,0,2,16,1072180974.3016919,1036338955.8872703,native,8264,32,5000,35842018.41442148,70953653.29013824,1036338955.8872703,1072180974.3016919,0.034585227362928794,-6224521.828132444,76950168.79592124,-0.005867696499698197,0.08035893044244902,0.045,0.09,True,True
