hierarchy,unit,base_model,horizon,fold,method_a,method_b,n_paired,block_length,n_boot,seed,mean_paired_diff,median_paired_diff,mae_independent,mae_reconciled,relative_mae_diff,ci_low,ci_high,prob_reconciliation_improves,p_value_raw,ci_crosses_zero,effect_class,outcome,correction_family,macro_independent,macro_reconciled,macro_rel,weighted_independent,weighted_reconciled,weighted_rel,worst_independent,worst_reconciled,worst_rel,machines_improved,machines_degraded,coherence_before,coherence_after,tradeoff_class,npz_path,p_value_holm,reject_holm_0.05,family_size,alpha,ci_low_rel,ci_high_rel
memory_um,memory_level,persistence,1,0,independent,bottom_up,8276,32,1000,0,0.0,0.0,1294154012.0869985,1294154012.0869985,0.0,0.0,0.0,0.0,1.0,True,accuracy_neutral,tie,memory_persistence,228518221.43809983,228518221.43809983,0.0,188043701.38596216,188043701.38596216,0.0,428567797.97776705,428567797.97776705,0.0,0,0,0.0,0.0,coherence_only,/Users/fgtek002/TimeTrack/results/final/packs/01_memory_classical/metrics/predictions/base__memory_um__f0__h1__persistence__s0.npz,1.0,False,27.0,0.05,0.0,0.0
memory_um,memory_level,persistence,1,0,independent,wls,8276,32,1000,0,-0.0004399973969346,-0.040283203125,1294154012.0869985,1294154012.0865586,-3.398994820817448e-13,-0.0010891931883202,0.0002862285910855,0.901,0.198,True,accuracy_neutral,tie,memory_persistence,228518221.43809983,228518221.4388193,3.148230622098732e-12,188043701.38596216,188043701.38668665,3.852639836287375e-12,428567797.97776705,428567797.97780174,8.094379331103398e-14,3,4,0.0,0.0,coherence_only,/Users/fgtek002/TimeTrack/results/final/packs/01_memory_classical/metrics/predictions/base__memory_um__f0__h1__persistence__s0.npz,1.0,False,27.0,0.05,-8.416256319939298e-13,2.2117042362208318e-13
memory_um,memory_level,persistence,1,0,independent,mint,8276,32,1000,0,0.0020846555404699,0.18927001953125,1294154012.0869985,1294154012.0890834,1.6110682768590017e-12,-0.0013243244718733,0.0051301246337005,0.094,0.188,True,accuracy_neutral,loss,memory_persistence,228518221.43809983,228518221.43409243,-1.7536453141306052e-11,188043701.38596216,188043701.3819331,-2.142621816558473e-11,428567797.97776705,428567797.97819114,9.895448271615237e-13,5,2,0.0,0.0,coherence_only,/Users/fgtek002/TimeTrack/results/final/packs/01_memory_classical/metrics/predictions/base__memory_um__f0__h1__persistence__s0.npz,1.0,False,27.0,0.05,-1.0233128820098062e-12,3.964075825432461e-12
memory_um,memory_level,persistence,1,1,independent,bottom_up,8276,32,1000,0,0.0,0.0,843922661.6452392,843922661.6452392,0.0,0.0,0.0,0.0,1.0,True,accuracy_neutral,tie,memory_persistence,157294732.34661326,157294732.34661326,0.0,132700380.39602873,132700380.39602873,0.0,271525107.0082165,271525107.0082165,0.0,0,0,0.0,0.0,coherence_only,/Users/fgtek002/TimeTrack/results/final/packs/01_memory_classical/metrics/predictions/base__memory_um__f1__h1__persistence__s0.npz,1.0,False,27.0,0.05,0.0,0.0
memory_um,memory_level,persistence,1,1,independent,wls,8276,32,1000,0,0.0001932128493252,0.0503311157226562,843922661.6452392,843922661.6454324,2.2883500805130333e-13,-0.000661109990691,0.0009889188280654,0.342,0.684,True,accuracy_neutral,tie,memory_persistence,157294732.34661326,157294732.34648773,-7.980393241673324e-13,132700380.39602873,132700380.39586422,-1.2397011906757226e-12,271525107.0082165,271525107.0050003,-1.1844971033702524e-11,5,2,0.0,0.0,coherence_only,/Users/fgtek002/TimeTrack/results/final/packs/01_memory_classical/metrics/predictions/base__memory_um__f1__h1__persistence__s0.npz,1.0,False,27.0,0.05,-7.833774594962964e-13,1.1718121493946953e-12
memory_um,memory_level,persistence,1,1,independent,mint,8276,32,1000,0,-0.0004821840030896,-0.2010116577148437,843922661.6452392,843922661.6447572,-5.712399830614015e-13,-0.0035454729779899,0.0027800200468333,0.597,0.806,True,accuracy_neutral,tie,memory_persistence,157294732.34661326,157294732.34227806,-2.7560966355650755e-11,132700380.39602873,132700380.39180157,-3.1855042886963735e-11,271525107.0082165,271525107.0005922,-2.8079643243500775e-11,2,5,0.0,0.0,coherence_only,/Users/fgtek002/TimeTrack/results/final/packs/01_memory_classical/metrics/predictions/base__memory_um__f1__h1__persistence__s0.npz,1.0,False,27.0,0.05,-4.201182334739003e-12,3.294164469305293e-12
memory_um,memory_level,persistence,1,2,independent,bottom_up,8279,32,1000,0,0.0,0.0,1042314122.8689456,1042314122.8689456,0.0,0.0,0.0,0.0,1.0,True,accuracy_neutral,tie,memory_persistence,190911648.209273,190911648.209273,0.0,160405437.3513672,160405437.3513672,0.0,451439811.7956275,451439811.7956275,0.0,0,0,0.0,0.0,coherence_only,/Users/fgtek002/TimeTrack/results/final/packs/01_memory_classical/metrics/predictions/base__memory_um__f2__h1__persistence__s0.npz,1.0,False,27.0,0.05,0.0,0.0
memory_um,memory_level,persistence,1,2,independent,wls,8279,32,1000,0,-0.0011784285936886,-0.055877685546875,1042314122.8689456,1042314122.8677672,-1.1305457744024406e-12,-0.0021016612665162,-0.0002759286323194,0.998,0.004,False,accuracy_neutral,win,memory_persistence,190911648.209273,190911648.21055385,6.708937989220971e-12,160405437.3513672,160405437.35271966,8.431504658495128e-12,451439811.7956275,451439811.79641336,1.7408461124365932e-12,1,6,0.0,0.0,coherence_only,/Users/fgtek002/TimeTrack/results/final/packs/01_memory_classical/metrics/predictions/base__memory_um__f2__h1__persistence__s0.npz,0.104,False,27.0,0.05,-2.0163415427313082e-12,-2.6472694388896203e-13
memory_um,memory_level,persistence,1,2,independent,mint,8279,32,1000,0,0.0037996467436435,0.188385009765625,1042314122.8689456,1042314122.8727452,3.6455383468970966e-12,0.0007687074836577,0.0069179668995562,0.002,0.004,False,accuracy_neutral,loss,memory_persistence,190911648.209273,190911648.2057,-1.8715621948151137e-11,160405437.3513672,160405437.34771335,-2.2778867051089185e-11,451439811.7956275,451439811.782914,-2.8162097326081763e-11,3,4,0.0,0.0,coherence_only,/Users/fgtek002/TimeTrack/results/final/packs/01_memory_classical/metrics/predictions/base__memory_um__f2__h1__persistence__s0.npz,0.104,False,27.0,0.05,7.375007848323598e-13,6.637122867063007e-12
memory_um,memory_level,persistence,8,0,independent,bottom_up,8269,32,1000,0,0.0,0.0,1291570370.298706,1291570370.298706,0.0,0.0,0.0,0.0,1.0,True,accuracy_neutral,tie,memory_persistence,228173977.45051223,228173977.45051223,0.0,187733491.3794842,187733491.3794842,0.0,427958992.2302576,427958992.2302576,0.0,0,0,0.0,0.0,coherence_only,/Users/fgtek002/TimeTrack/results/final/packs/01_memory_classical/metrics/predictions/base__memory_um__f0__h8__persistence__s0.npz,1.0,False,27.0,0.05,0.0,0.0
memory_um,memory_level,persistence,8,0,independent,wls,8269,32,1000,0,-0.0003909527253522,-0.03228759765625,1291570370.298706,1291570370.298315,-3.0273725591593824e-13,-0.0009465604988086,0.0001227135842217,0.93,0.14,True,accuracy_neutral,tie,memory_persistence,228173977.45051223,228173977.45110172,2.5835108079161457e-12,187733491.3794842,187733491.38009408,3.248619736736249e-12,427958992.2302576,427958992.2302296,-6.532069405523232e-14,2,5,0.0,0.0,coherence_only,/Users/fgtek002/TimeTrack/results/final/packs/01_memory_classical/metrics/predictions/base__memory_um__f0__h8__persistence__s0.npz,1.0,False,27.0,0.05,-7.328756687021906e-13,9.501114847758516e-14
memory_um,memory_level,persistence,8,0,independent,mint,8269,32,1000,0,-0.0003044007550792,-0.0261993408203125,1291570370.298706,1291570370.2984016,-2.357289486613739e-13,-0.0007520150901876,0.000110210797449,0.922,0.156,True,accuracy_neutral,tie,memory_persistence,228173977.45051223,228173977.45096025,1.9633637241959303e-12,187733491.3794842,187733491.37995985,2.5336185984319065e-12,427958992.2302576,427958992.2301779,-1.8621272484402054e-13,4,3,0.0,0.0,coherence_only,/Users/fgtek002/TimeTrack/results/final/packs/01_memory_classical/metrics/predictions/base__memory_um__f0__h8__persistence__s0.npz,1.0,False,27.0,0.05,-5.822486389291191e-13,8.533084993542486e-14
memory_um,memory_level,persistence,8,1,independent,bottom_up,8269,32,1000,0,0.0,0.0,844465442.1477809,844465442.1477809,0.0,0.0,0.0,0.0,1.0,True,accuracy_neutral,tie,memory_persistence,157380669.84724358,157380669.84724358,0.0,132768384.8770438,132768384.8770438,0.0,271687768.66658604,271687768.66658604,0.0,0,0,0.0,0.0,coherence_only,/Users/fgtek002/TimeTrack/results/final/packs/01_memory_classical/metrics/predictions/base__memory_um__f1__h8__persistence__s0.npz,1.0,False,27.0,0.05,0.0,0.0
memory_um,memory_level,persistence,8,1,independent,wls,8269,32,1000,0,0.000277503656352,0.0902557373046875,844465442.1477809,844465442.1480584,3.286330170816547e-13,-0.0011525295625244,0.0016267949716833,0.376,0.752,True,accuracy_neutral,tie,memory_persistence,157380669.84724358,157380669.84928608,1.2978100594076685e-11,132768384.8770438,132768384.8791916,1.6176997045083344e-11,271687768.66658604,271687768.6785433,4.4011137663930104e-11,3,4,0.0,0.0,coherence_only,/Users/fgtek002/TimeTrack/results/final/packs/01_memory_classical/metrics/predictions/base__memory_um__f1__h8__persistence__s0.npz,1.0,False,27.0,0.05,-1.3648037030302868e-12,1.9264198278449052e-12
memory_um,memory_level,persistence,8,1,independent,mint,8269,32,1000,0,0.0001285971400382,0.1047210693359375,844465442.1477809,844465442.1479094,1.5217628540121299e-13,-0.0015593360479227,0.0016853929012887,0.467,0.934,True,accuracy_neutral,tie,memory_persistence,157380669.84724358,157380669.84873253,9.460843128046476e-12,132768384.8770438,132768384.8789621,1.4448364999734687e-11,271687768.66658604,271687768.6933191,9.839618817156987e-11,3,4,0.0,0.0,coherence_only,/Users/fgtek002/TimeTrack/results/final/packs/01_memory_classical/metrics/predictions/base__memory_um__f1__h8__persistence__s0.npz,1.0,False,27.0,0.05,-1.8465362465949403e-12,1.995810387459002e-12
memory_um,memory_level,persistence,8,2,independent,bottom_up,8272,32,1000,0,0.0,0.0,1043003720.7891682,1043003720.7891682,0.0,0.0,0.0,0.0,1.0,True,accuracy_neutral,tie,memory_persistence,191036776.90411717,191036776.90411717,0.0,160512950.6227378,160512950.6227378,0.0,451769564.84332687,451769564.84332687,0.0,0,0,0.0,0.0,coherence_only,/Users/fgtek002/TimeTrack/results/final/packs/01_memory_classical/metrics/predictions/base__memory_um__f2__h8__persistence__s0.npz,1.0,False,27.0,0.05,0.0,0.0
memory_um,memory_level,persistence,8,2,independent,wls,8272,32,1000,0,-0.0002176683230372,-0.0101089477539062,1043003720.7891682,1043003720.7889508,-2.085869389474139e-13,-0.0003882734180649,-5.320644932051462e-05,0.997,0.006,False,accuracy_neutral,tie,memory_persistence,191036776.90411717,191036776.90459737,2.5136773579149794e-12,160512950.6227378,160512950.62327012,3.316424502968457e-12,451769564.84332687,451769564.84187067,-3.2233270893593224e-12,3,4,0.0,0.0,coherence_only,/Users/fgtek002/TimeTrack/results/final/packs/01_memory_classical/metrics/predictions/base__memory_um__f2__h8__persistence__s0.npz,0.138,False,27.0,0.05,-3.7226465287306987e-13,-5.101271285998578e-14
memory_um,memory_level,persistence,8,2,independent,mint,8272,32,1000,0,0.0004988712775638,0.022247314453125,1043003720.7891682,1043003720.7896672,4.783212819150286e-13,0.0001323920845754,0.0008800269095533,0.002,0.004,False,accuracy_neutral,tie,memory_persistence,191036776.90411717,191036776.90357807,-2.821939410868495e-12,160512950.6227378,160512950.62217543,-3.5035791272542148e-12,451769564.84332687,451769564.8428908,-9.65243378730007e-13,5,2,0.0,0.0,coherence_only,/Users/fgtek002/TimeTrack/results/final/packs/01_memory_classical/metrics/predictions/base__memory_um__f2__h8__persistence__s0.npz,0.104,False,27.0,0.05,1.269334729460295e-13,8.437428285370305e-13
memory_um,memory_level,persistence,16,0,independent,bottom_up,8261,32,1000,0,0.0,0.0,1285438902.927975,1285438902.927975,0.0,0.0,0.0,0.0,1.0,True,accuracy_neutral,tie,memory_persistence,227277894.74342436,227277894.74342436,0.0,186907252.11715588,186907252.11715588,0.0,426683283.0427309,426683283.0427309,0.0,0,0,0.0,0.0,coherence_only,/Users/fgtek002/TimeTrack/results/final/packs/01_memory_classical/metrics/predictions/base__memory_um__f0__h16__persistence__s0.npz,1.0,False,27.0,0.05,0.0,0.0
memory_um,memory_level,persistence,16,0,independent,wls,8261,32,1000,0,-1.3385842432627709e-05,-0.0001373291015625,1285438902.927975,1285438902.9279616,-1.0386678354977094e-14,-1.8996093365805825e-05,-8.23685540195932e-06,1.0,0.0,False,accuracy_neutral,tie,memory_persistence,227277894.74342436,227277894.7426948,-3.209994763786367e-12,186907252.11715588,186907252.11640164,-4.03535532433502e-12,426683283.0427309,426683283.0425798,-3.5412161786165713e-13,6,1,0.0,0.0,coherence_only,/Users/fgtek002/TimeTrack/results/final/packs/01_memory_classical/metrics/predictions/base__memory_um__f0__h16__persistence__s0.npz,0.0,True,27.0,0.05,-1.4777904513809635e-14,-6.4078155587149236e-15
memory_um,memory_level,persistence,16,0,independent,mint,8261,32,1000,0,1.773573327419501e-05,0.003387451171875,1285438902.927975,1285438902.9279926,1.3725253540505448e-14,-4.321902849645075e-05,8.779709772918778e-05,0.29,0.58,True,accuracy_neutral,tie,memory_persistence,227277894.74342436,227277894.74295175,-2.0792845984215857e-12,186907252.11715588,186907252.1166774,-2.5599664032005197e-12,426683283.0427309,426683283.0425937,-3.2157316146648313e-13,6,1,0.0,0.0,coherence_only,/Users/fgtek002/TimeTrack/results/final/packs/01_memory_classical/metrics/predictions/base__memory_um__f0__h16__persistence__s0.npz,1.0,False,27.0,0.05,-3.3622001324221926e-14,6.830126078275941e-14
memory_um,memory_level,persistence,16,1,independent,bottom_up,8261,32,1000,0,0.0,0.0,844976853.3901465,844976853.3901465,0.0,0.0,0.0,0.0,1.0,True,accuracy_neutral,tie,memory_persistence,157471415.92404935,157471415.92404935,0.0,132840004.7300878,132840004.7300878,0.0,271934026.06367266,271934026.06367266,0.0,0,0,0.0,0.0,coherence_only,/Users/fgtek002/TimeTrack/results/final/packs/01_memory_classical/metrics/predictions/base__memory_um__f1__h16__persistence__s0.npz,1.0,False,27.0,0.05,0.0,0.0
memory_um,memory_level,persistence,16,1,independent,wls,8261,32,1000,0,0.0002004773258051,0.1517791748046875,844976853.3901465,844976853.390347,2.372964705718793e-13,-0.0022839194679791,0.0023770619904846,0.434,0.868,True,accuracy_neutral,tie,memory_persistence,157471415.92404935,157471415.9286682,2.933137613266855e-11,132840004.7300878,132840004.73506305,3.745301962428907e-11,271934026.06367266,271934026.0956686,1.1766071569827102e-10,5,2,0.0,0.0,coherence_only,/Users/fgtek002/TimeTrack/results/final/packs/01_memory_classical/metrics/predictions/base__memory_um__f1__h16__persistence__s0.npz,1.0,False,27.0,0.05,-2.7029373157569306e-12,2.813168172533422e-12
memory_um,memory_level,persistence,16,1,independent,mint,8261,32,1000,0,0.0001726361773317,0.0750732421875,844976853.3901465,844976853.3903192,2.0442484295996027e-13,-0.0010367549687981,0.001243716587297,0.393,0.786,True,accuracy_neutral,tie,memory_persistence,157471415.92404935,157471415.92744425,2.1558844394396836e-11,132840004.7300878,132840004.73359711,2.6417815006640237e-11,271934026.06367266,271934026.080095,6.039086601584442e-11,3,4,0.0,0.0,coherence_only,/Users/fgtek002/TimeTrack/results/final/packs/01_memory_classical/metrics/predictions/base__memory_um__f1__h16__persistence__s0.npz,1.0,False,27.0,0.05,-1.2269625666531778e-12,1.4718942682359437e-12
memory_um,memory_level,persistence,16,2,independent,bottom_up,8264,32,1000,0,0.0,0.0,1043733133.2584704,1043733133.2584704,0.0,0.0,0.0,0.0,1.0,True,accuracy_neutral,tie,memory_persistence,191170063.50656897,191170063.50656897,0.0,160625852.16243568,160625852.16243568,0.0,452192737.76573086,452192737.76573086,0.0,0,0,0.0,0.0,coherence_only,/Users/fgtek002/TimeTrack/results/final/packs/01_memory_classical/metrics/predictions/base__memory_um__f2__h16__persistence__s0.npz,1.0,False,27.0,0.05,0.0,0.0
memory_um,memory_level,persistence,16,2,independent,wls,8264,32,1000,0,-0.000289580944316,-0.0132598876953125,1043733133.2584704,1043733133.258181,-2.773124142621425e-13,-0.0005158070788609,-8.049131247565685e-05,0.995,0.01,False,accuracy_neutral,tie,memory_persistence,191170063.50656897,191170063.5071413,2.993794052454425e-12,160625852.16243568,160625852.1630111,3.5823824926993344e-12,452192737.76573086,452192737.7677998,4.575342883702935e-12,1,6,0.0,0.0,coherence_only,/Users/fgtek002/TimeTrack/results/final/packs/01_memory_classical/metrics/predictions/base__memory_um__f2__h16__persistence__s0.npz,0.22,False,27.0,0.05,-4.941944089200101e-13,-7.711867134500937e-14
memory_um,memory_level,persistence,16,2,independent,mint,8264,32,1000,0,-0.0008356864316188,-0.04150390625,1043733133.2584704,1043733133.2576348,-8.00642513994077e-13,-0.0015348338896168,-0.0001970513630928,0.994,0.012,False,accuracy_neutral,tie,memory_persistence,191170063.50656897,191170063.50865695,1.0922266137422511e-11,160625852.16243568,160625852.16447347,1.2686584198430828e-11,452192737.76573086,452192737.77444184,1.9263866240720495e-11,2,5,0.0,0.0,coherence_only,/Users/fgtek002/TimeTrack/results/final/packs/01_memory_classical/metrics/predictions/base__memory_um__f2__h16__persistence__s0.npz,0.252,False,27.0,0.05,-1.4705232982545483e-12,-1.8879477599567795e-13
memory_um,memory_level,ridge,1,0,independent,bottom_up,8276,32,1000,0,-95293358.03805548,-114708280.18115234,1358694507.6124406,1263401149.574385,-0.0701359705983572,-116936798.93021588,-73560026.25384,1.0,0.0,False,substantial_improvement,win,memory_ridge,261733944.41832024,261733944.41832024,0.0,218129331.6554483,218129331.6554483,0.0,559235518.7529912,559235518.7529912,0.0,0,0,465104157.5826315,0.0,pareto_improvement,/Users/fgtek002/TimeTrack/results/final/packs/01_memory_classical/metrics/predictions/base__memory_um__f0__h1__ridge__s0.npz,0.0,True,27.0,0.05,-0.08606555651402648,-0.0541402249304025
memory_um,memory_level,ridge,1,0,independent,wls,8276,32,1000,0,-86210717.44397233,-90491829.18976592,1358694507.6124406,1272483790.1684682,-0.0634511414898303,-100560140.81792584,-72274333.18524277,1.0,0.0,False,substantial_improvement,win,memory_ridge,261733944.41832024,262021246.0064301,0.0010976856240345,218129331.6554483,219006625.46121135,0.0040218974637892,559235518.7529912,545227534.6865411,-0.0250484520326708,3,4,465104157.5826315,0.0,pareto_improvement,/Users/fgtek002/TimeTrack/results/final/packs/01_memory_classical/metrics/predictions/base__memory_um__f0__h1__ridge__s0.npz,0.0,True,27.0,0.05,-0.07401232598977284,-0.053193954034778945
memory_um,memory_level,ridge,1,0,independent,mint,8276,32,1000,0,-89277176.44040298,-94759401.04060364,1358694507.6124406,1269417331.1720374,-0.065708057212423,-104902284.14561293,-73935455.37175222,1.0,0.0,False,substantial_improvement,win,memory_ridge,261733944.41832024,261697154.58173132,-0.0001405619613867,218129331.6554483,218580714.1197467,0.002069334100429,559235518.7529912,545639721.5498856,-0.0243113978765549,3,4,465104157.5826315,0.0,pareto_improvement,/Users/fgtek002/TimeTrack/results/final/packs/01_memory_classical/metrics/predictions/base__memory_um__f0__h1__ridge__s0.npz,0.0,True,27.0,0.05,-0.07720814617110064,-0.05441654099395378
memory_um,memory_level,ridge,1,1,independent,bottom_up,8276,32,1000,0,-42353317.92880735,-24010812.059944153,834422178.6472346,792068860.7184273,-0.0507576608252077,-54515516.782840416,-29582378.544573717,1.0,0.0,False,substantial_improvement,win,memory_ridge,178183129.56075722,178183129.56075722,0.0,150152195.76093137,150152195.76093137,0.0,323324236.2392891,323324236.2392891,0.0,0,0,301581705.2888302,0.0,pareto_improvement,/Users/fgtek002/TimeTrack/results/final/packs/01_memory_classical/metrics/predictions/base__memory_um__f1__h1__ridge__s0.npz,0.0,True,27.0,0.05,-0.06533325476945134,-0.03545253146618499
memory_um,memory_level,ridge,1,1,independent,wls,8276,32,1000,0,-47401350.98729179,-28780802.85640717,834422178.6472346,787020827.6599429,-0.0568073958246636,-56451871.73499072,-38447826.20183865,1.0,0.0,False,substantial_improvement,win,memory_ridge,178183129.56075722,177628446.42540455,-0.0031129946854117,150152195.76093137,150372762.813466,0.0014689565571576,323324236.2392891,333659702.0682692,0.0319662576155624,3,4,301581705.2888302,0.0,pareto_improvement,/Users/fgtek002/TimeTrack/results/final/packs/01_memory_classical/metrics/predictions/base__memory_um__f1__h1__ridge__s0.npz,0.0,True,27.0,0.05,-0.06765384859078231,-0.046077186328113036
memory_um,memory_level,ridge,1,1,independent,mint,8276,32,1000,0,-47174094.16847809,-28950418.164222717,834422178.6472346,787248084.4787565,-0.0565350435015481,-56121900.396215156,-38457041.411422975,1.0,0.0,False,substantial_improvement,win,memory_ridge,178183129.56075722,177520776.7147126,-0.003717259022655,150152195.76093137,150248508.40439934,0.000641433466756,323324236.2392891,332717766.9077562,0.029052974121974,4,3,301581705.2888302,0.0,pareto_improvement,/Users/fgtek002/TimeTrack/results/final/packs/01_memory_classical/metrics/predictions/base__memory_um__f1__h1__ridge__s0.npz,0.0,True,27.0,0.05,-0.06725839968347916,-0.0460882301495983
memory_um,memory_level,ridge,1,2,independent,bottom_up,8279,32,1000,0,41509894.84440204,33942748.47314453,1062872941.5920458,1104382836.436448,0.0390544280694791,17804581.90424014,63958716.91742993,0.0,0.0,False,modest_degradation,loss,memory_ridge,224063327.55073184,224063327.55073184,0.0,188936680.61391616,188936680.61391616,0.0,624311043.0919858,624311043.0919858,0.0,0,0,427789448.3116636,0.0,accuracy_costly_coherence,/Users/fgtek002/TimeTrack/results/final/packs/01_memory_classical/metrics/predictions/base__memory_um__f2__h1__ridge__s0.npz,0.0,True,27.0,0.05,0.016751373760226868,0.06017531768343643
memory_um,memory_level,ridge,1,2,independent,wls,8279,32,1000,0,736093.168010057,10883609.504394531,1062872941.5920458,1063609034.760056,0.0006925504820055,-14800081.985870669,15449739.162913533,0.503,0.994,True,accuracy_neutral,loss,memory_ridge,224063327.55073184,222852884.5840256,-0.005402235965777,188936680.61391616,188165170.1667587,-0.0040834339030969,624311043.0919858,597631222.4171891,-0.0427348209998997,3,4,427789448.3116636,0.0,coherence_only,/Users/fgtek002/TimeTrack/results/final/packs/01_memory_classical/metrics/predictions/base__memory_um__f2__h1__ridge__s0.npz,1.0,False,27.0,0.05,-0.013924601339179889,0.01453582884495284
memory_um,memory_level,ridge,1,2,independent,mint,8279,32,1000,0,155157.00321908476,10054617.54624939,1062872941.5920458,1063028098.595265,0.0001459788815273,-15205734.685610617,14690240.858176256,0.538,0.924,True,accuracy_neutral,loss,memory_ridge,224063327.55073184,221996840.723512,-0.0092227802282902,188936680.61391616,187289740.8993446,-0.0087168871032354,624311043.0919858,594671676.187193,-0.047475320567773,3,4,427789448.3116636,0.0,coherence_only,/Users/fgtek002/TimeTrack/results/final/packs/01_memory_classical/metrics/predictions/base__memory_um__f2__h1__ridge__s0.npz,1.0,False,27.0,0.05,-0.014306258152394394,0.013821257728296461
memory_um,memory_level,ridge,8,0,independent,bottom_up,8269,32,1000,0,-95690047.0932594,-115166473.11401369,1357156730.239117,1261466683.145857,-0.070507735003016,-117886461.62646993,-73616240.70448446,1.0,0.0,False,substantial_improvement,win,memory_ridge,261400373.5963501,261400373.5963501,0.0,217818747.40955713,217818747.40955713,0.0,557653013.287769,557653013.287769,0.0,0,0,464923296.3696819,0.0,pareto_improvement,/Users/fgtek002/TimeTrack/results/final/packs/01_memory_classical/metrics/predictions/base__memory_um__f0__h8__ridge__s0.npz,0.0,True,27.0,0.05,-0.08686282063067215,-0.05424299129512775
memory_um,memory_level,ridge,8,0,independent,wls,8269,32,1000,0,-79762487.00902544,-81505423.28456116,1357156730.239117,1277394243.230091,-0.0587717580673029,-92401042.22433531,-67613059.70072275,1.0,0.0,False,substantial_improvement,win,memory_ridge,261400373.5963501,267470159.40056887,0.023220264457585,217818747.40955713,224369680.90469652,0.0300751591543307,557653013.287769,556351577.2994949,-0.0023337737934942,2,5,464923296.3696819,0.0,aggregate_focused_improvement,/Users/fgtek002/TimeTrack/results/final/packs/01_memory_classical/metrics/predictions/base__memory_um__f0__h8__ridge__s0.npz,0.0,True,27.0,0.05,-0.06808428250439079,-0.049819639982782264
memory_um,memory_level,ridge,8,0,independent,mint,8269,32,1000,0,-84070165.16092171,-87012856.2021637,1357156730.239117,1273086565.0781949,-0.0619458042595489,-97777132.71062057,-70540075.81991835,1.0,0.0,False,substantial_improvement,win,memory_ridge,261400373.5963501,265875886.39355135,0.0171212945705742,217818747.40955713,222876767.92479283,0.0232212358917172,557653013.287769,555259558.2555041,-0.0042920148824332,2,5,464923296.3696819,0.0,pareto_improvement,/Users/fgtek002/TimeTrack/results/final/packs/01_memory_classical/metrics/predictions/base__memory_um__f0__h8__ridge__s0.npz,0.0,True,27.0,0.05,-0.0720455718429759,-0.05197636665552248
memory_um,memory_level,ridge,8,1,independent,bottom_up,8269,32,1000,0,-42212487.7237821,-23861293.380996704,835005834.3233938,792793346.5996116,-0.0505535242852368,-54465225.943996094,-29514660.66852418,1.0,0.0,False,substantial_improvement,win,memory_ridge,178261117.22330353,178261117.22330353,0.0,150206568.73585832,150206568.73585832,0.0,323284304.3208599,323284304.3208599,0.0,0,0,301967643.2167778,0.0,pareto_improvement,/Users/fgtek002/TimeTrack/results/final/packs/01_memory_classical/metrics/predictions/base__memory_um__f1__h8__ridge__s0.npz,0.0,True,27.0,0.05,-0.06522735974429368,-0.035346652029611195
memory_um,memory_level,ridge,8,1,independent,wls,8269,32,1000,0,-47352220.104366705,-28929834.408828735,835005834.3233938,787653614.2190269,-0.056708849397126,-55868471.98610802,-38504482.54043316,1.0,0.0,False,substantial_improvement,win,memory_ridge,178261117.22330353,177698230.19479868,-0.0031576545534589,150206568.73585832,150422087.1953866,0.0014348138123523,323284304.3208599,333630435.66114074,0.0320031971920674,3,4,301967643.2167778,0.0,pareto_improvement,/Users/fgtek002/TimeTrack/results/final/packs/01_memory_classical/metrics/predictions/base__memory_um__f1__h8__ridge__s0.npz,0.0,True,27.0,0.05,-0.06690788218429432,-0.04611283054283493
memory_um,memory_level,ridge,8,1,independent,mint,8269,32,1000,0,-47141653.106079265,-28842626.798065186,835005834.3233938,787864181.2173144,-0.0564566751132683,-55549988.469259374,-38435804.532173336,1.0,0.0,False,substantial_improvement,win,memory_ridge,178261117.22330353,177587842.28029156,-0.0037769029696396,150206568.73585832,150293959.29128724,0.0005818024881628,323284304.3208599,332668107.37921786,0.0290264727762487,4,3,301967643.2167778,0.0,pareto_improvement,/Users/fgtek002/TimeTrack/results/final/packs/01_memory_classical/metrics/predictions/base__memory_um__f1__h8__ridge__s0.npz,0.0,True,27.0,0.05,-0.06652646746387299,-0.04603058200583462
memory_um,memory_level,ridge,8,2,independent,bottom_up,8272,32,1000,0,41637765.31720144,33850399.984680176,1063739741.8137752,1105377507.130977,0.0391428125513155,19103703.94789547,64655834.86073065,0.0,0.0,False,modest_degradation,loss,memory_ridge,224244437.99396488,224244437.99396488,0.0,189089443.13660216,189089443.13660216,0.0,624820134.8466765,624820134.8466765,0.0,0,0,428265056.35127103,0.0,accuracy_costly_coherence,/Users/fgtek002/TimeTrack/results/final/packs/01_memory_classical/metrics/predictions/base__memory_um__f2__h8__ridge__s0.npz,0.0,True,27.0,0.05,0.017959001809335316,0.060781629490016455
memory_um,memory_level,ridge,8,2,independent,wls,8272,32,1000,0,788121.1944554973,10686343.703559875,1063739741.8137752,1064527863.0082308,0.0007408966342761,-14202478.036114683,15780601.120447254,0.497,0.994,True,accuracy_neutral,loss,memory_ridge,224244437.99396488,223031947.13097057,-0.0054070052922649,189089443.13660216,188316784.94409543,-0.0040862048123359,624820134.8466765,598099219.7586842,-0.0427657714560516,3,4,428265056.35127103,0.0,coherence_only,/Users/fgtek002/TimeTrack/results/final/packs/01_memory_classical/metrics/predictions/base__memory_um__f2__h8__ridge__s0.npz,1.0,False,27.0,0.05,-0.01335145945745915,0.014835020729356094
memory_um,memory_level,ridge,8,2,independent,mint,8272,32,1000,0,200484.08803988705,10147903.34841156,1063739741.8137752,1063940225.901815,0.0001884709954503,-14662445.42881494,15059732.436235324,0.529,0.942,True,accuracy_neutral,loss,memory_ridge,224244437.99396488,222174121.57506785,-0.0092324092290429,189089443.13660216,187439530.60053593,-0.0087255666350146,624820134.8466765,595128490.4955506,-0.0475203065573612,3,4,428265056.35127103,0.0,coherence_only,/Users/fgtek002/TimeTrack/results/final/packs/01_memory_classical/metrics/predictions/base__memory_um__f2__h8__ridge__s0.npz,1.0,False,27.0,0.05,-0.013783865406602284,0.014157346806049645
memory_um,memory_level,ridge,16,0,independent,bottom_up,8261,32,1000,0,-96136426.4847737,-115332915.41197205,1353419666.8608923,1257283240.376119,-0.0710322369614677,-116222134.2911176,-74064055.76532169,1.0,0.0,False,substantial_improvement,win,memory_ridge,260710830.93452504,260710830.93452504,0.0,217179470.30972603,217179470.30972603,0.0,556011047.6539077,556011047.6539077,0.0,0,0,464949215.46992654,0.0,pareto_improvement,/Users/fgtek002/TimeTrack/results/final/packs/01_memory_classical/metrics/predictions/base__memory_um__f0__h16__ridge__s0.npz,0.0,True,27.0,0.05,-0.08587294623897554,-0.0547236438030379
memory_um,memory_level,ridge,16,0,independent,wls,8261,32,1000,0,-79931965.22641352,-81482124.7598114,1353419666.8608923,1273487701.6344788,-0.0590592609104069,-90479464.37530568,-67622502.04267061,1.0,0.0,False,substantial_improvement,win,memory_ridge,260710830.93452504,266823319.9246361,0.0234454739306405,217179470.30972603,223765696.94971105,0.0303261934960621,556011047.6539077,554703099.8890121,-0.0023523772961246,2,5,464949215.46992654,0.0,aggregate_focused_improvement,/Users/fgtek002/TimeTrack/results/final/packs/01_memory_classical/metrics/predictions/base__memory_um__f0__h16__ridge__s0.npz,0.0,True,27.0,0.05,-0.06685248233843301,-0.04996417866419331
memory_um,memory_level,ridge,16,0,independent,mint,8261,32,1000,0,-83894752.65052839,-86396719.45524597,1353419666.8608923,1269524914.210364,-0.0619872421723507,-95512788.56507468,-70157497.96022199,1.0,0.0,False,substantial_improvement,win,memory_ridge,260710830.93452504,265376802.99344355,0.0178971162885454,217179470.30972603,222425955.3337836,0.0241573709364674,556011047.6539077,553536332.6715086,-0.0044508377897187,2,5,464949215.46992654,0.0,pareto_improvement,/Users/fgtek002/TimeTrack/results/final/packs/01_memory_classical/metrics/predictions/base__memory_um__f0__h16__ridge__s0.npz,0.0,True,27.0,0.05,-0.0705714501597321,-0.051837208870286755
memory_um,memory_level,ridge,16,1,independent,bottom_up,8261,32,1000,0,-42652711.705829024,-23684094.60762024,835539072.0094448,792886360.3036158,-0.0510481354309985,-55134831.54660508,-29175672.532408528,1.0,0.0,False,substantial_improvement,win,memory_ridge,178285454.22070652,178285454.22070652,0.0,150222682.06183684,150222682.06183684,0.0,323099011.5389217,323099011.5389217,0.0,0,0,301682596.29424995,0.0,pareto_improvement,/Users/fgtek002/TimeTrack/results/final/packs/01_memory_classical/metrics/predictions/base__memory_um__f1__h16__ridge__s0.npz,0.0,True,27.0,0.05,-0.06598713739862287,-0.03491838204794177
memory_um,memory_level,ridge,16,1,independent,wls,8261,32,1000,0,-47566860.96953527,-28790678.16442871,835539072.0094448,787972211.0399096,-0.0569295471187702,-56237599.83326197,-38300931.66480248,1.0,0.0,False,substantial_improvement,win,memory_ridge,178285454.22070652,177692845.99600843,-0.0033239291858576,150222682.06183684,150401170.4411101,0.0011881586510337,323099011.5389217,333151279.2355276,0.0311120348178314,3,4,301682596.29424995,0.0,pareto_improvement,/Users/fgtek002/TimeTrack/results/final/packs/01_memory_classical/metrics/predictions/base__memory_um__f1__h16__ridge__s0.npz,0.0,True,27.0,0.05,-0.06730696590646842,-0.04583978529297254
memory_um,memory_level,ridge,16,1,independent,mint,8261,32,1000,0,-47338892.900148705,-28869999.55340576,835539072.0094448,788200179.1092962,-0.0566567076106927,-55900656.03302503,-38202791.12604963,1.0,0.0,False,substantial_improvement,win,memory_ridge,178285454.22070652,177595965.74185032,-0.0038673288399773,150222682.06183684,150284225.18542963,0.0004096793024069,323099011.5389217,332226909.9484973,0.0282510873868024,4,3,301682596.29424995,0.0,pareto_improvement,/Users/fgtek002/TimeTrack/results/final/packs/01_memory_classical/metrics/predictions/base__memory_um__f1__h16__ridge__s0.npz,0.0,True,27.0,0.05,-0.06690370074326474,-0.04572232754378935
memory_um,memory_level,ridge,16,2,independent,bottom_up,8264,32,1000,0,41702464.74280591,34363893.168144226,1065098498.0995754,1106800962.842381,0.0391536227092744,19654962.819048543,63626488.23546096,0.0,0.0,False,modest_degradation,loss,memory_ridge,224455614.59220657,224455614.59220657,0.0,189261975.4112936,189261975.4112936,0.0,625552604.2462171,625552604.2462171,0.0,0,0,428885072.4161675,0.0,accuracy_costly_coherence,/Users/fgtek002/TimeTrack/results/final/packs/01_memory_classical/metrics/predictions/base__memory_um__f2__h16__ridge__s0.npz,0.0,True,27.0,0.05,0.018453657435550164,0.059737656516263865
memory_um,memory_level,ridge,16,2,independent,wls,8264,32,1000,0,821308.7758039695,10739839.891021729,1065098498.0995754,1065919806.8753792,0.0007711106318048,-13880896.466866149,14281495.022228245,0.489,0.978,True,accuracy_neutral,loss,memory_ridge,224455614.59220657,223245201.7651642,-0.0053926600554921,189261975.4112936,188491492.8729529,-0.0040709843414997,625552604.2462171,598803485.1918505,-0.0427607828227314,3,4,428885072.4161675,0.0,coherence_only,/Users/fgtek002/TimeTrack/results/final/packs/01_memory_classical/metrics/predictions/base__memory_um__f2__h16__ridge__s0.npz,1.0,False,27.0,0.05,-0.013032500272635285,0.013408614365441605
memory_um,memory_level,ridge,16,2,independent,mint,8264,32,1000,0,242009.1462704436,10156266.91407013,1065098498.0995754,1065340507.2458456,0.0002272176204378,-14322746.978702717,13576811.815271525,0.514,0.972,True,accuracy_neutral,loss,memory_ridge,224455614.59220657,222383878.84618917,-0.0092300464382738,189261975.4112936,187610627.84060377,-0.008725194625604,625552604.2462171,595829702.1221107,-0.0475146325382533,3,4,428885072.4161675,0.0,coherence_only,/Users/fgtek002/TimeTrack/results/final/packs/01_memory_classical/metrics/predictions/base__memory_um__f2__h16__ridge__s0.npz,1.0,False,27.0,0.05,-0.013447345014811665,0.012747001182985648
memory_um,memory_level,lightgbm,1,0,independent,bottom_up,8276,32,1000,0,226445113.9799882,509124778.1463547,1848635679.4026904,2075080793.3826785,0.1224930993721568,106815421.66039965,352654279.6092527,0.0,0.0,False,substantial_degradation,loss,memory_lightgbm,506790526.9619207,506790526.9619207,0.0,469267932.2761948,469267932.2761948,0.0,1186296378.234332,1186296378.234332,0.0,0,0,1491534985.8369813,0.0,accuracy_costly_coherence,/Users/fgtek002/TimeTrack/results/final/packs/01_memory_classical/metrics/predictions/base__memory_um__f0__h1__lightgbm__s0.npz,0.0,True,27.0,0.05,0.057780677312748066,0.19076461822006932
memory_um,memory_level,lightgbm,1,0,independent,wls,8276,32,1000,0,20209724.66580991,238483535.86486816,1848635679.4026904,1868845404.0685005,0.0109322376988526,-69634099.66764595,116303935.3634823,0.29,0.58,True,accuracy_neutral,loss,memory_lightgbm,506790526.9619207,522887013.1767534,0.0317616162072464,469267932.2761948,484708473.642953,0.0329034658129386,1186296378.234332,1185538040.141952,-0.0006392484258518,4,3,1491534985.8369813,0.0,coherence_only,/Users/fgtek002/TimeTrack/results/final/packs/01_memory_classical/metrics/predictions/base__memory_um__f0__h1__lightgbm__s0.npz,1.0,False,27.0,0.05,-0.03766783279339567,0.06291338886256975
memory_um,memory_level,lightgbm,1,0,independent,mint,8276,32,1000,0,-15747713.47414698,168354206.88220978,1848635679.4026904,1832887965.928543,-0.0085185597408977,-89796053.34795697,63208959.890063114,0.606,0.788,True,accuracy_neutral,win,memory_lightgbm,506790526.9619207,536030867.676578,0.0576970940833201,469267932.2761948,497590915.4598068,0.0603556757996028,1186296378.234332,1185513850.6278994,-0.0006596392105633,4,3,1491534985.8369813,0.0,coherence_only,/Users/fgtek002/TimeTrack/results/final/packs/01_memory_classical/metrics/predictions/base__memory_um__f0__h1__lightgbm__s0.npz,1.0,False,27.0,0.05,-0.048574229280790915,0.03419222110355809
memory_um,memory_level,lightgbm,1,1,independent,bottom_up,8276,32,1000,0,-156277546.42076963,-34846278.145858765,1352577183.857901,1196299637.4371316,-0.11554057564022,-194782081.55446577,-114806955.74422117,1.0,0.0,False,substantial_improvement,win,memory_lightgbm,238395087.0982274,238395087.0982274,0.0,223877201.5154698,223877201.5154698,0.0,792462122.9281087,792462122.9281087,0.0,0,0,732754784.1564883,0.0,pareto_improvement,/Users/fgtek002/TimeTrack/results/final/packs/01_memory_classical/metrics/predictions/base__memory_um__f1__h1__lightgbm__s0.npz,0.0,True,27.0,0.05,-0.1440081082832528,-0.08488015110292038
memory_um,memory_level,lightgbm,1,1,independent,wls,8276,32,1000,0,-130707235.72680075,-43601426.60296631,1352577183.857901,1221869948.131101,-0.0966356946477462,-157628940.8696314,-102210483.78528728,1.0,0.0,False,substantial_improvement,win,memory_lightgbm,238395087.0982274,246352054.7894912,0.0333772301607257,223877201.5154698,229833081.53860596,0.026603334251186,792462122.9281087,802856518.267588,0.0131165831637132,4,3,732754784.1564883,0.0,aggregate_focused_improvement,/Users/fgtek002/TimeTrack/results/final/packs/01_memory_classical/metrics/predictions/base__memory_um__f1__h1__lightgbm__s0.npz,0.0,True,27.0,0.05,-0.11653970120953303,-0.0755672097719085
memory_um,memory_level,lightgbm,1,1,independent,mint,8276,32,1000,0,-132172633.37543651,-42851723.92221832,1352577183.857901,1220404550.4824648,-0.0977191061277892,-159548760.99279577,-103109067.8484212,1.0,0.0,False,substantial_improvement,win,memory_lightgbm,238395087.0982274,246949233.4340988,0.0358822257622565,223877201.5154698,229606510.0102773,0.0255912994088932,792462122.9281087,799701665.3748889,0.0091355059596166,2,5,732754784.1564883,0.0,aggregate_focused_improvement,/Users/fgtek002/TimeTrack/results/final/packs/01_memory_classical/metrics/predictions/base__memory_um__f1__h1__lightgbm__s0.npz,0.0,True,27.0,0.05,-0.11795908055887894,-0.07623155933647156
memory_um,memory_level,lightgbm,1,2,independent,bottom_up,8279,32,1000,0,-89710532.64011082,-64563854.4067688,1263368437.7287288,1173657905.0886176,-0.071009002568872,-124614890.96449856,-53747883.88632332,1.0,0.0,False,substantial_improvement,win,memory_lightgbm,232768082.75907645,232768082.75907645,0.0,200081156.39439029,200081156.39439029,0.0,543885368.384455,543885368.384455,0.0,0,0,763501987.9491076,0.0,pareto_improvement,/Users/fgtek002/TimeTrack/results/final/packs/01_memory_classical/metrics/predictions/base__memory_um__f2__h1__lightgbm__s0.npz,0.0,True,27.0,0.05,-0.09863701454227397,-0.04254331696219254
memory_um,memory_level,lightgbm,1,2,independent,wls,8279,32,1000,0,-95558933.11279877,-67974183.86335754,1263368437.7287288,1167809504.6159296,-0.0756382146799504,-121162388.1129172,-70890048.38996544,1.0,0.0,False,substantial_improvement,win,memory_lightgbm,232768082.75907645,240270211.25762352,0.0322300566710946,200081156.39439029,207378560.60773885,0.0364722212968635,543885368.384455,557938720.5242872,0.0258388126556447,3,4,763501987.9491076,0.0,aggregate_focused_improvement,/Users/fgtek002/TimeTrack/results/final/packs/01_memory_classical/metrics/predictions/base__memory_um__f2__h1__lightgbm__s0.npz,0.0,True,27.0,0.05,-0.09590423861683749,-0.05611193557867479
memory_um,memory_level,lightgbm,1,2,independent,mint,8279,32,1000,0,-96896175.7973249,-68872310.45028687,1263368437.7287288,1166472261.9314036,-0.0766966887122208,-127035174.04950204,-66495059.40658539,1.0,0.0,False,substantial_improvement,win,memory_lightgbm,232768082.75907645,234949607.0931168,0.0093720939236258,200081156.39439029,202301022.3617857,0.0110948277558918,543885368.384455,549081040.4288753,0.0095528807106053,4,3,763501987.9491076,0.0,pareto_improvement,/Users/fgtek002/TimeTrack/results/final/packs/01_memory_classical/metrics/predictions/base__memory_um__f2__h1__lightgbm__s0.npz,0.0,True,27.0,0.05,-0.1005527526695891,-0.05263314914383135
memory_um,memory_level,lightgbm,8,0,independent,bottom_up,8269,32,1000,0,482542023.82199913,600942159.2368011,1526324191.3500135,2008866215.1720128,0.3161464822196109,359976770.12931705,610767159.0501137,0.0,0.0,False,substantial_degradation,loss,memory_lightgbm,506382941.607602,506382941.607602,0.0,469080802.04342926,469080802.04342926,0.0,1174995716.2805135,1174995716.2805135,0.0,0,0,1792691829.1344185,0.0,accuracy_costly_coherence,/Users/fgtek002/TimeTrack/results/final/packs/01_memory_classical/metrics/predictions/base__memory_um__f0__h8__lightgbm__s0.npz,0.0,True,27.0,0.05,0.23584555114134853,0.4001555911329023
memory_um,memory_level,lightgbm,8,0,independent,wls,8269,32,1000,0,89859364.68377295,138378776.9590454,1526324191.3500135,1616183556.0337863,0.0588730527846075,9074697.992122885,170352074.96993563,0.014,0.028,False,substantial_degradation,loss,memory_lightgbm,506382941.607602,535715187.2514022,0.0579250271556932,469080802.04342926,499294374.7263399,0.0644101667586757,1174995716.2805135,1158612420.2120178,-0.0139432815298745,5,2,1792691829.1344185,0.0,accuracy_costly_coherence,/Users/fgtek002/TimeTrack/results/final/packs/01_memory_classical/metrics/predictions/base__memory_um__f0__h8__lightgbm__s0.npz,0.224,False,27.0,0.05,0.0059454590601072995,0.11160936577914124
memory_um,memory_level,lightgbm,8,0,independent,mint,8269,32,1000,0,232248769.0694646,293231121.36291504,1526324191.3500135,1758572960.419478,0.1521621490281455,133115810.53500228,335727663.49253446,0.0,0.0,False,substantial_degradation,loss,memory_lightgbm,506382941.607602,528429739.88751686,0.0435377981136635,469080802.04342926,490808386.789528,0.046319492615021,1174995716.2805135,1165246761.1729977,-0.0082970133188029,4,3,1792691829.1344185,0.0,accuracy_costly_coherence,/Users/fgtek002/TimeTrack/results/final/packs/01_memory_classical/metrics/predictions/base__memory_um__f0__h8__lightgbm__s0.npz,0.0,True,27.0,0.05,0.08721332682099672,0.21995829286803598
memory_um,memory_level,lightgbm,8,1,independent,bottom_up,8269,32,1000,0,-8716604.176525947,86723792.38044739,1349230704.7903304,1340514100.6138046,-0.0064604252968586,-51974690.57026885,32929992.25970373,0.646,0.708,True,accuracy_neutral,win,memory_lightgbm,255925025.03682604,255925025.03682604,0.0,241788600.47990948,241788600.47990948,0.0,861639278.7633283,861639278.7633283,0.0,0,0,799168503.5116102,0.0,coherence_only,/Users/fgtek002/TimeTrack/results/final/packs/01_memory_classical/metrics/predictions/base__memory_um__f1__h8__lightgbm__s0.npz,1.0,False,27.0,0.05,-0.03852172233090832,0.024406494858728426
memory_um,memory_level,lightgbm,8,1,independent,wls,8269,32,1000,0,-33093991.40740466,43587127.56039429,1349230704.7903304,1316136713.382926,-0.024528044974004,-62538508.412876226,-5108503.161998729,0.986,0.028,False,modest_improvement,win,memory_lightgbm,255925025.03682604,260569657.43985084,0.018148410466528,241788600.47990948,244222097.0491127,0.0100645628634814,861639278.7633283,854592106.592839,-0.0081787963294846,3,4,799168503.5116102,0.0,pareto_improvement,/Users/fgtek002/TimeTrack/results/final/packs/01_memory_classical/metrics/predictions/base__memory_um__f1__h8__lightgbm__s0.npz,0.224,False,27.0,0.05,-0.04635123421875777,-0.0037862339953140833
memory_um,memory_level,lightgbm,8,1,independent,mint,8269,32,1000,0,-32544702.57265974,45517971.81057739,1349230704.7903304,1316686002.217671,-0.0241209323632439,-62591995.23286442,-4081399.542501138,0.984,0.032,False,modest_improvement,win,memory_lightgbm,255925025.03682604,261977288.54998517,0.0236485803304629,241788600.47990948,244722750.78232944,0.0121351887417197,861639278.7633283,855531821.3243225,-0.0070881836396451,5,2,799168503.5116102,0.0,aggregate_focused_improvement,/Users/fgtek002/TimeTrack/results/final/packs/01_memory_classical/metrics/predictions/base__memory_um__f1__h8__lightgbm__s0.npz,0.224,False,27.0,0.05,-0.04639087667560247,-0.003024982701631731
memory_um,memory_level,lightgbm,8,2,independent,bottom_up,8272,32,1000,0,-94732908.42078078,-86299620.32493591,1262294522.4928114,1167561614.072031,-0.0750481814923029,-132604541.51504792,-58574743.44811989,1.0,0.0,False,substantial_improvement,win,memory_lightgbm,232323552.07860935,232323552.07860935,0.0,199329520.9562443,199329520.9562443,0.0,551178955.4349654,551178955.4349654,0.0,0,0,767941323.936843,0.0,pareto_improvement,/Users/fgtek002/TimeTrack/results/final/packs/01_memory_classical/metrics/predictions/base__memory_um__f2__h8__lightgbm__s0.npz,0.0,True,27.0,0.05,-0.10505039763079783,-0.04640338875308196
memory_um,memory_level,lightgbm,8,2,independent,wls,8272,32,1000,0,-99737511.73185708,-86992319.73634338,1262294522.4928114,1162557010.7609544,-0.0790128689894755,-126673282.97157884,-75079857.38177748,1.0,0.0,False,substantial_improvement,win,memory_lightgbm,232323552.07860935,240670947.22559813,0.0359300427025337,199329520.9562443,207373313.55931425,0.0403542463980318,551178955.4349654,567682546.3159047,0.0299423457993157,4,3,767941323.936843,0.0,aggregate_focused_improvement,/Users/fgtek002/TimeTrack/results/final/packs/01_memory_classical/metrics/predictions/base__memory_um__f2__h8__lightgbm__s0.npz,0.0,True,27.0,0.05,-0.10035160631246438,-0.05947887441791941
memory_um,memory_level,lightgbm,8,2,independent,mint,8272,32,1000,0,-102031350.1076269,-90177391.10508728,1262294522.4928114,1160263172.3851843,-0.0808300664302438,-133244615.77294934,-72681284.40032828,1.0,0.0,False,substantial_improvement,win,memory_lightgbm,232323552.07860935,235799166.0215833,0.0149602307294178,199329520.9562443,202652853.7655973,0.0166725570472952,551178955.4349654,559273749.4987204,0.0146863264352445,3,4,767941323.936843,0.0,pareto_improvement,/Users/fgtek002/TimeTrack/results/final/packs/01_memory_classical/metrics/predictions/base__memory_um__f2__h8__lightgbm__s0.npz,0.0,True,27.0,0.05,-0.10555746967024342,-0.057578705369643386
memory_um,memory_level,lightgbm,16,0,independent,bottom_up,8261,32,1000,0,376607095.3936553,571239278.4701691,1735274052.5911322,2111881147.9847877,0.217030327187398,254590599.39876136,506662845.08439904,0.0,0.0,False,substantial_degradation,loss,memory_lightgbm,493552141.9963023,493552141.9963023,0.0,452720677.16397387,452720677.16397387,0.0,1183450473.6562254,1183450473.6562254,0.0,0,0,1522331834.1169596,0.0,accuracy_costly_coherence,/Users/fgtek002/TimeTrack/results/final/packs/01_memory_classical/metrics/predictions/base__memory_um__f0__h16__lightgbm__s0.npz,0.0,True,27.0,0.05,0.14671492322414642,0.2919785749852272
memory_um,memory_level,lightgbm,16,0,independent,wls,8261,32,1000,0,106346573.04819909,239053898.62568665,1735274052.5911322,1841620625.639331,0.0612851744595622,24040449.513087273,197509144.21961668,0.005,0.01,False,substantial_degradation,loss,memory_lightgbm,493552141.9963023,517959041.81285065,0.0494515122917472,452720677.16397387,478574874.7877197,0.0571084974198816,1183450473.6562254,1174124004.24636,-0.0078807433158158,5,2,1522331834.1169596,0.0,accuracy_costly_coherence,/Users/fgtek002/TimeTrack/results/final/packs/01_memory_classical/metrics/predictions/base__memory_um__f0__h16__lightgbm__s0.npz,0.1,False,27.0,0.05,0.013853978555830869,0.11382014496482191
memory_um,memory_level,lightgbm,16,0,independent,mint,8261,32,1000,0,160846859.90007547,316997548.8530426,1735274052.5911322,1896120912.491208,0.0926924825850403,68142051.8998164,265415162.51102403,0.001,0.002,False,substantial_degradation,loss,memory_lightgbm,493552141.9963023,514972121.9736704,0.0433996292483492,452720677.16397387,474914161.1536096,0.049022465968784,1183450473.6562254,1178029089.1527336,-0.0045809982117314,4,3,1522331834.1169596,0.0,accuracy_costly_coherence,/Users/fgtek002/TimeTrack/results/final/packs/01_memory_classical/metrics/predictions/base__memory_um__f0__h16__lightgbm__s0.npz,0.022,True,27.0,0.05,0.0392687551560319,0.1529528791804977
memory_um,memory_level,lightgbm,16,1,independent,bottom_up,8261,32,1000,0,50163258.26613721,117738796.6214447,1348125215.317614,1398288473.5837512,0.0372096432113086,8929432.090190964,88636877.67994787,0.008,0.016,False,modest_degradation,loss,memory_lightgbm,265230185.9482822,265230185.9482822,0.0,251893111.30323815,251893111.30323815,0.0,923669854.1910512,923669854.1910512,0.0,0,0,787283428.9104376,0.0,accuracy_costly_coherence,/Users/fgtek002/TimeTrack/results/final/packs/01_memory_classical/metrics/predictions/base__memory_um__f1__h16__lightgbm__s0.npz,0.144,False,27.0,0.05,0.006623592518508911,0.06574825296110591
memory_um,memory_level,lightgbm,16,1,independent,wls,8261,32,1000,0,6874502.193367428,61955319.560180664,1348125215.317614,1354999717.5109816,0.0050993054022417,-21787842.124375273,34239179.593514025,0.343,0.686,True,accuracy_neutral,loss,memory_lightgbm,265230185.9482822,269224669.04179174,0.015060439215197,251893111.30323815,253512997.0622259,0.006430845808394,923669854.1910512,912366007.155678,-0.0122379733235671,3,4,787283428.9104376,0.0,coherence_only,/Users/fgtek002/TimeTrack/results/final/packs/01_memory_classical/metrics/predictions/base__memory_um__f1__h16__lightgbm__s0.npz,1.0,False,27.0,0.05,-0.01616158638442359,0.025397625683788862
memory_um,memory_level,lightgbm,16,1,independent,mint,8261,32,1000,0,6935920.337753763,62029384.61062622,1348125215.317614,1355061135.6553676,0.0051448635920065,-21757516.279361747,34326053.40916701,0.343,0.686,True,accuracy_neutral,loss,memory_lightgbm,265230185.9482822,271808252.7808545,0.0248013506043953,251893111.30323815,254770139.77459377,0.0114216242614593,923669854.1910512,914951920.4303038,-0.0094383655818046,4,3,787283428.9104376,0.0,coherence_only,/Users/fgtek002/TimeTrack/results/final/packs/01_memory_classical/metrics/predictions/base__memory_um__f1__h16__lightgbm__s0.npz,1.0,False,27.0,0.05,-0.01613909155629564,0.025462066148714456
memory_um,memory_level,lightgbm,16,2,independent,bottom_up,8264,32,1000,0,-135730365.9050015,-118923101.48039246,1266339742.2184117,1130609376.3134103,-0.1071832158305518,-170540099.86082113,-98560577.09322327,1.0,0.0,False,substantial_improvement,win,memory_lightgbm,228151917.36735824,228151917.36735824,0.0,194508386.88383937,194508386.88383937,0.0,550804983.1242969,550804983.1242969,0.0,0,0,780548531.5914713,0.0,pareto_improvement,/Users/fgtek002/TimeTrack/results/final/packs/01_memory_classical/metrics/predictions/base__memory_um__f2__h16__lightgbm__s0.npz,0.0,True,27.0,0.05,-0.13467167946736308,-0.07783106997855245
memory_um,memory_level,lightgbm,16,2,independent,wls,8264,32,1000,0,-131282397.06381798,-109736668.12836456,1266339742.2184117,1135057345.1545937,-0.1036707549222403,-156901383.5758805,-105918625.91716336,1.0,0.0,False,substantial_improvement,win,memory_lightgbm,228151917.36735824,237802041.6769665,0.0422969240011694,194508386.88383937,203737897.08421627,0.0474504485294446,550804983.1242969,570643348.9154766,0.0360170412378111,2,5,780548531.5914713,0.0,aggregate_focused_improvement,/Users/fgtek002/TimeTrack/results/final/packs/01_memory_classical/metrics/predictions/base__memory_um__f2__h16__lightgbm__s0.npz,0.0,True,27.0,0.05,-0.12390149210749399,-0.08364155556834373
memory_um,memory_level,lightgbm,16,2,independent,mint,8264,32,1000,0,-138224383.26919088,-117587498.75045776,1266339742.2184117,1128115358.949221,-0.1091526852241446,-168131582.90303913,-107581882.81326953,1.0,0.0,False,substantial_improvement,win,memory_lightgbm,228151917.36735824,231715380.6134359,0.0156188178788782,194508386.88383937,198022288.0333319,0.0180655508268189,550804983.1242969,559339434.2160808,0.0154945059563086,2,5,780548531.5914713,0.0,pareto_improvement,/Users/fgtek002/TimeTrack/results/final/packs/01_memory_classical/metrics/predictions/base__memory_um__f2__h16__lightgbm__s0.npz,0.0,True,27.0,0.05,-0.13276972782083046,-0.08495499211357323
memory_um,memory_level,dlinear,1,0,independent,bottom_up,8276,32,1000,0,5618216.805273066,5173099.684234619,1288970217.5265772,1294588434.3318503,0.0043586862821812,-11960901.485851243,24488119.697945066,0.272,0.544,True,accuracy_neutral,loss,memory_dlinear,269954482.4285871,269954482.4285871,0.0,225153559.34342843,225153559.34342843,0.0,548074446.1739744,548074446.1739744,0.0,0,0,405896187.4710493,0.0,coherence_only,/Users/fgtek002/TimeTrack/results/final/packs/02_memory_dlinear/metrics/predictions/base__memory_um__f0__h1__dlinear__s0.npz,1.0,False,27.0,0.05,-0.009279424243644033,0.018998204430925997
memory_um,memory_level,dlinear,1,0,independent,wls,8276,32,1000,0,-16348740.152555935,-3743953.434364319,1288970217.5265772,1272621477.3740215,-0.0126835670291339,-29005185.179198932,-3917371.262840547,0.997,0.006,False,accuracy_neutral,win,memory_dlinear,269954482.4285871,270074328.9517489,0.0004439508545427,225153559.34342843,225425436.96192393,0.001207520855048,548074446.1739744,542870484.0337868,-0.0094949913766564,6,1,405896187.4710493,0.0,coherence_only,/Users/fgtek002/TimeTrack/results/final/packs/02_memory_dlinear/metrics/predictions/base__memory_um__f0__h1__dlinear__s0.npz,0.054,False,27.0,0.05,-0.02250260307399296,-0.003039148003246844
memory_um,memory_level,dlinear,1,0,independent,mint,8276,32,1000,0,-14319060.488599485,-2833012.066421509,1288970217.5265772,1274651157.037978,-0.0111089149259603,-27579575.50984991,-833043.8087904082,0.984,0.032,False,accuracy_neutral,win,memory_dlinear,269954482.4285871,269953063.9497292,-5.254511223943504e-06,225153559.34342843,225293647.42618492,0.0006221890658313,548074446.1739744,542670741.6845521,-0.0098594352047331,5,2,405896187.4710493,0.0,coherence_only,/Users/fgtek002/TimeTrack/results/final/packs/02_memory_dlinear/metrics/predictions/base__memory_um__f0__h1__dlinear__s0.npz,0.256,False,27.0,0.05,-0.021396596395200456,-0.0006462863124866822
memory_um,memory_level,dlinear,1,1,independent,bottom_up,8276,32,1000,0,-37101931.038987346,-11900938.176773071,836589801.3086051,799487870.2696177,-0.0443490118824686,-50513269.84600134,-24526831.09390776,1.0,0.0,False,modest_improvement,win,memory_dlinear,178494246.02162883,178494246.02162883,0.0,149803462.7639448,149803462.7639448,0.0,328854318.090123,328854318.090123,0.0,0,0,303539149.51929253,0.0,pareto_improvement,/Users/fgtek002/TimeTrack/results/final/packs/02_memory_dlinear/metrics/predictions/base__memory_um__f1__h1__dlinear__s0.npz,0.0,True,27.0,0.05,-0.060379973276016276,-0.02931763100093087
memory_um,memory_level,dlinear,1,1,independent,wls,8276,32,1000,0,-43802890.246695355,-20618514.680740356,836589801.3086051,792786911.0619098,-0.052358862345893,-53902018.285496615,-34437168.95217814,1.0,0.0,False,substantial_improvement,win,memory_dlinear,178494246.02162883,177809120.0540493,-0.0038383644450728,149803462.7639448,149937442.2836439,0.0008943686429346,328854318.090123,322746810.76172173,-0.0185720758172544,3,4,303539149.51929253,0.0,pareto_improvement,/Users/fgtek002/TimeTrack/results/final/packs/02_memory_dlinear/metrics/predictions/base__memory_um__f1__h1__dlinear__s0.npz,0.0,True,27.0,0.05,-0.06443064235445178,-0.04116374464320633
memory_um,memory_level,dlinear,1,1,independent,mint,8276,32,1000,0,-43699458.79789012,-20642958.541641235,836589801.3086051,792890342.5107149,-0.0522352277418812,-53694625.41066431,-34439047.02048787,1.0,0.0,False,substantial_improvement,win,memory_dlinear,178494246.02162883,177528654.64329857,-0.0054096498898527,149803462.7639448,149642544.6410825,-0.0010741949477888,328854318.090123,321138315.97130764,-0.0234632835707536,4,3,303539149.51929253,0.0,pareto_improvement,/Users/fgtek002/TimeTrack/results/final/packs/02_memory_dlinear/metrics/predictions/base__memory_um__f1__h1__dlinear__s0.npz,0.0,True,27.0,0.05,-0.06418273964931732,-0.041165989552607314
memory_um,memory_level,dlinear,1,2,independent,bottom_up,8279,32,1000,0,39088012.658895634,38860678.49847412,1048733686.1079496,1087821698.7668452,0.0372716288002138,15493589.99473728,61386711.42842053,0.0,0.0,False,modest_degradation,loss,memory_dlinear,222412737.13792375,222412737.13792375,0.0,187615647.80681637,187615647.80681637,0.0,616887912.2037297,616887912.2037297,0.0,0,0,446698754.89137936,0.0,accuracy_costly_coherence,/Users/fgtek002/TimeTrack/results/final/packs/02_memory_dlinear/metrics/predictions/base__memory_um__f2__h1__dlinear__s0.npz,0.0,True,27.0,0.05,0.014773617172760935,0.05853412762608809
memory_um,memory_level,dlinear,1,2,independent,wls,8279,32,1000,0,-3707593.2297771927,9725156.523895264,1048733686.1079496,1045026092.8781724,-0.0035353047955737,-19502078.988279913,11514299.600236649,0.699,0.602,True,accuracy_neutral,win,memory_dlinear,222412737.13792375,220735988.842688,-0.0075389040970075,187615647.80681637,186601676.11529955,-0.0054045155794301,616887912.2037297,587208850.1702096,-0.0481109476233641,4,3,446698754.89137936,0.0,coherence_only,/Users/fgtek002/TimeTrack/results/final/packs/02_memory_dlinear/metrics/predictions/base__memory_um__f2__h1__dlinear__s0.npz,1.0,False,27.0,0.05,-0.01859583538377206,0.010979240728853106
memory_um,memory_level,dlinear,1,2,independent,mint,8279,32,1000,0,-4589643.904346078,9194563.932067871,1048733686.1079496,1044144042.2036036,-0.0043763673896841,-20173726.918104663,10334250.10314704,0.742,0.516,True,accuracy_neutral,win,memory_dlinear,222412737.13792375,219747163.00494167,-0.011984808816633,187615647.80681637,185605564.0183649,-0.0107138387013496,616887912.2037297,583648941.2473478,-0.0538817024921775,4,3,446698754.89137936,0.0,coherence_only,/Users/fgtek002/TimeTrack/results/final/packs/02_memory_dlinear/metrics/predictions/base__memory_um__f2__h1__dlinear__s0.npz,1.0,False,27.0,0.05,-0.01923627245442378,0.009854027042365168
memory_um,memory_level,dlinear,8,0,independent,bottom_up,8269,32,1000,0,-100924848.2096304,-109108667.85430908,1351523873.7521622,1250599025.5425315,-0.0746748541921337,-117030787.19992594,-84823098.65748441,1.0,0.0,False,substantial_improvement,win,memory_dlinear,262265333.2811841,262265333.2811841,0.0,218348592.37683824,218348592.37683824,0.0,549070948.1062276,549070948.1062276,0.0,0,0,411277892.719184,0.0,pareto_improvement,/Users/fgtek002/TimeTrack/results/final/packs/02_memory_dlinear/metrics/predictions/base__memory_um__f0__h8__dlinear__s0.npz,0.0,True,27.0,0.05,-0.08659172765851315,-0.06276108051424549
memory_um,memory_level,dlinear,8,0,independent,wls,8269,32,1000,0,-78355439.79107442,-78122382.56640625,1351523873.7521622,1273168433.9610877,-0.057975623895966,-88150817.82666518,-68474473.79426903,1.0,0.0,False,substantial_improvement,win,memory_dlinear,262265333.2811841,267428650.1525541,0.0196873784528517,218348592.37683824,224284532.64433295,0.0271856127070887,549070948.1062276,548077883.7986716,-0.0018086265736352,2,5,411277892.719184,0.0,pareto_improvement,/Users/fgtek002/TimeTrack/results/final/packs/02_memory_dlinear/metrics/predictions/base__memory_um__f0__h8__dlinear__s0.npz,0.0,True,27.0,0.05,-0.06522327835906949,-0.05066464242630585
memory_um,memory_level,dlinear,8,0,independent,mint,8269,32,1000,0,-85101544.87572846,-85378087.41850281,1351523873.7521622,1266422328.8764336,-0.0629671044133803,-96250161.49768367,-73809843.57717675,1.0,0.0,False,substantial_improvement,win,memory_dlinear,262265333.2811841,265909607.69162023,0.0138953721593429,218348592.37683824,222825484.8896081,0.0205034182452771,549070948.1062276,547584167.8624038,-0.0027078108010483,2,5,411277892.719184,0.0,pareto_improvement,/Users/fgtek002/TimeTrack/results/final/packs/02_memory_dlinear/metrics/predictions/base__memory_um__f0__h8__dlinear__s0.npz,0.0,True,27.0,0.05,-0.07121602760184294,-0.054612312080187304
memory_um,memory_level,dlinear,8,1,independent,bottom_up,8269,32,1000,0,-37569046.84032168,-16565873.367782593,836114125.5450646,798545078.7047428,-0.0449329172806767,-50644881.9397768,-24260233.298644684,1.0,0.0,False,modest_improvement,win,memory_dlinear,177605775.0677328,177605775.0677328,0.0,149348562.6727302,149348562.6727302,0.0,316219021.5783459,316219021.5783459,0.0,0,0,287605532.3304146,0.0,pareto_improvement,/Users/fgtek002/TimeTrack/results/final/packs/02_memory_dlinear/metrics/predictions/base__memory_um__f1__h8__dlinear__s0.npz,0.0,True,27.0,0.05,-0.060571733442203596,-0.029015456810790496
memory_um,memory_level,dlinear,8,1,independent,wls,8269,32,1000,0,-41857817.941062436,-20097481.875808716,836114125.5450646,794256307.6040021,-0.0500623260177254,-51227499.07385936,-32271429.398885697,1.0,0.0,False,substantial_improvement,win,memory_dlinear,177605775.0677328,177383673.798938,-0.001250529543367,149348562.6727302,149715079.32075864,0.0024541022790529,316219021.5783459,325102628.84437406,0.0280932096421251,4,3,287605532.3304146,0.0,pareto_improvement,/Users/fgtek002/TimeTrack/results/final/packs/02_memory_dlinear/metrics/predictions/base__memory_um__f1__h8__dlinear__s0.npz,0.0,True,27.0,0.05,-0.0612685487647563,-0.03859691926368052
memory_um,memory_level,dlinear,8,1,independent,mint,8269,32,1000,0,-41699013.62582569,-20120005.15864563,836114125.5450646,794415111.9192388,-0.0498723946311062,-50939130.23543477,-32216009.650019664,1.0,0.0,False,modest_improvement,win,memory_dlinear,177605775.0677328,177276521.15879196,-0.0018538468628921,149348562.6727302,149592818.38285932,0.0016354741268207,316219021.5783459,324245774.5982371,0.0253835236723813,5,2,287605532.3304146,0.0,pareto_improvement,/Users/fgtek002/TimeTrack/results/final/packs/02_memory_dlinear/metrics/predictions/base__memory_um__f1__h8__dlinear__s0.npz,0.0,True,27.0,0.05,-0.060923657045295634,-0.03853063674653024
memory_um,memory_level,dlinear,8,2,independent,bottom_up,8272,32,1000,0,55921437.1406579,39036925.942741394,1047041227.013701,1102962664.1543586,0.0534090116968487,34837272.951484434,76535659.96438132,0.0,0.0,False,substantial_degradation,loss,memory_dlinear,226639661.50603175,226639661.50603175,0.0,190606969.09167227,190606969.09167227,0.0,604648543.99596,604648543.99596,0.0,0,0,422773609.62416166,0.0,accuracy_costly_coherence,/Users/fgtek002/TimeTrack/results/final/packs/02_memory_dlinear/metrics/predictions/base__memory_um__f2__h8__dlinear__s0.npz,0.0,True,27.0,0.05,0.03327211197867051,0.07309708346697204
memory_um,memory_level,dlinear,8,2,independent,wls,8272,32,1000,0,10483268.824582689,12902156.851287842,1047041227.013701,1057524495.8382838,0.0100122789381297,-4336577.050451971,24410953.28786968,0.079,0.158,True,accuracy_neutral,loss,memory_dlinear,226639661.50603175,224774257.35124716,-0.0082307048218697,190606969.09167227,189277168.2724499,-0.0069766642088663,604648543.99596,578887060.3866627,-0.0426057151135212,4,3,422773609.62416166,0.0,coherence_only,/Users/fgtek002/TimeTrack/results/final/packs/02_memory_dlinear/metrics/predictions/base__memory_um__f2__h8__dlinear__s0.npz,1.0,False,27.0,0.05,-0.004141744315857034,0.023314223602725677
memory_um,memory_level,dlinear,8,2,independent,mint,8272,32,1000,0,8862225.244349942,11433647.198760986,1047041227.013701,1055903452.2580508,0.0084640652303884,-5533219.599779112,22476531.5638968,0.112,0.224,True,accuracy_neutral,loss,memory_dlinear,226639661.50603175,224103729.42082828,-0.0111892687641346,190606969.09167227,188602120.0851888,-0.0105182355925258,604648543.99596,576032849.123813,-0.0473261618774991,4,3,422773609.62416166,0.0,coherence_only,/Users/fgtek002/TimeTrack/results/final/packs/02_memory_dlinear/metrics/predictions/base__memory_um__f2__h8__dlinear__s0.npz,1.0,False,27.0,0.05,-0.005284624384429046,0.02146671113228542
memory_um,memory_level,dlinear,16,0,independent,bottom_up,8261,32,1000,0,-104849245.6117322,-115017915.20491028,1349931371.2096462,1245082125.597914,-0.0776700563064765,-121950222.7903455,-87691218.5190232,1.0,0.0,False,substantial_improvement,win,memory_dlinear,261870716.21953335,261870716.21953335,0.0,218891128.81444025,218891128.81444025,0.0,545422081.7846897,545422081.7846897,0.0,0,0,414229236.4238867,0.0,pareto_improvement,/Users/fgtek002/TimeTrack/results/final/packs/02_memory_dlinear/metrics/predictions/base__memory_um__f0__h16__dlinear__s0.npz,0.0,True,27.0,0.05,-0.09033809080314088,-0.06495976046578195
memory_um,memory_level,dlinear,16,0,independent,wls,8261,32,1000,0,-81216680.70324388,-81042474.7522583,1349931371.2096462,1268714690.5064025,-0.0601635627079822,-90932343.65665282,-71459130.73523927,1.0,0.0,False,substantial_improvement,win,memory_dlinear,261870716.21953335,267048263.310882,0.0197713863012012,218891128.81444025,224749242.82770064,0.0267626835540991,545422081.7846897,544432314.8144474,-0.0018146807826401,2,5,414229236.4238867,0.0,pareto_improvement,/Users/fgtek002/TimeTrack/results/final/packs/02_memory_dlinear/metrics/predictions/base__memory_um__f0__h16__dlinear__s0.npz,0.0,True,27.0,0.05,-0.06736071595637502,-0.05293538046397587
memory_um,memory_level,dlinear,16,0,independent,mint,8261,32,1000,0,-87318675.39899747,-88396188.27670288,1349931371.2096462,1262612695.810649,-0.06468378856975,-98247302.33511682,-76140173.32503703,1.0,0.0,False,substantial_improvement,win,memory_dlinear,261870716.21953335,265480675.0801792,0.0137852712695813,218891128.81444025,223274758.6661557,0.0200265304284286,545422081.7846897,543836456.1874857,-0.0029071532857921,3,4,414229236.4238867,0.0,pareto_improvement,/Users/fgtek002/TimeTrack/results/final/packs/02_memory_dlinear/metrics/predictions/base__memory_um__f0__h16__dlinear__s0.npz,0.0,True,27.0,0.05,-0.07277947933536755,-0.056402995699558686
memory_um,memory_level,dlinear,16,1,independent,bottom_up,8261,32,1000,0,-40818421.06281064,-29257916.57623291,846438532.3283072,805620111.2654964,-0.0482237274223931,-52948525.547399096,-28057916.145524666,1.0,0.0,False,modest_improvement,win,memory_dlinear,178379845.79303184,178379845.79303184,0.0,150275758.2697989,150275758.2697989,0.0,323826852.0686276,323826852.0686276,0.0,0,0,298993412.82859784,0.0,pareto_improvement,/Users/fgtek002/TimeTrack/results/final/packs/02_memory_dlinear/metrics/predictions/base__memory_um__f1__h16__dlinear__s0.npz,0.0,True,27.0,0.05,-0.06255448390534991,-0.033148202821468284
memory_um,memory_level,dlinear,16,1,independent,wls,8261,32,1000,0,-45732727.68615079,-31748376.92567444,846438532.3283072,800705804.6421564,-0.0540295909737867,-54465995.4159894,-36835322.04423805,1.0,0.0,False,substantial_improvement,win,memory_dlinear,178379845.79303184,177859003.6910645,-0.002919848369931,150275758.2697989,150563577.41675118,0.0019152732966785,323826852.0686276,332536005.22984236,0.0268944749503634,3,4,298993412.82859784,0.0,pareto_improvement,/Users/fgtek002/TimeTrack/results/final/packs/02_memory_dlinear/metrics/predictions/base__memory_um__f1__h16__dlinear__s0.npz,0.0,True,27.0,0.05,-0.06434725421368664,-0.043518011807561215
memory_um,memory_level,dlinear,16,1,independent,mint,8261,32,1000,0,-45494829.72673706,-31724758.04663086,846438532.3283072,800943702.60157,-0.0537485334009949,-54096325.455969624,-36764466.150192626,1.0,0.0,False,substantial_improvement,win,memory_dlinear,178379845.79303184,177837218.94399452,-0.003041973977637,150275758.2697989,150527517.40016994,0.0016753143239446,323826852.0686276,331710457.69678426,0.0243451263469834,4,3,298993412.82859784,0.0,pareto_improvement,/Users/fgtek002/TimeTrack/results/final/packs/02_memory_dlinear/metrics/predictions/base__memory_um__f1__h16__dlinear__s0.npz,0.0,True,27.0,0.05,-0.06391051847222302,-0.043434301187901064
memory_um,memory_level,dlinear,16,2,independent,bottom_up,8264,32,1000,0,58015294.53876856,46727899.8031311,1056253575.3982916,1114268869.93706,0.0549255367177261,36096501.45753455,79465990.60314605,0.0,0.0,False,substantial_degradation,loss,memory_dlinear,228959976.162846,228959976.162846,0.0,192985905.78749323,192985905.78749323,0.0,629540423.6563805,629540423.6563805,0.0,0,0,442752201.4274765,0.0,accuracy_costly_coherence,/Users/fgtek002/TimeTrack/results/final/packs/02_memory_dlinear/metrics/predictions/base__memory_um__f2__h16__dlinear__s0.npz,0.0,True,27.0,0.05,0.03417408688431971,0.0752338192778955
memory_um,memory_level,dlinear,16,2,independent,wls,8264,32,1000,0,9074359.704870036,17035112.45465851,1056253575.3982916,1065327935.1031616,0.0085910806990152,-6034591.735214044,22792993.94487192,0.128,0.256,True,accuracy_neutral,loss,memory_dlinear,228959976.162846,226909603.9732956,-0.0089551554988461,192985905.78749323,191513171.42209607,-0.0076313052986307,629540423.6563805,600080413.7275304,-0.0467960576030145,4,3,442752201.4274765,0.0,coherence_only,/Users/fgtek002/TimeTrack/results/final/packs/02_memory_dlinear/metrics/predictions/base__memory_um__f2__h16__dlinear__s0.npz,1.0,False,27.0,0.05,-0.005713203605430186,0.021579092819900895
memory_um,memory_level,dlinear,16,2,independent,mint,8264,32,1000,0,7586643.541257321,16075214.72505951,1056253575.3982916,1063840218.9395489,0.0071825967911129,-7201567.277457187,20814665.75500177,0.161,0.322,True,accuracy_neutral,loss,memory_dlinear,228959976.162846,226014500.40097895,-0.0128645880001842,192985905.78749323,190620467.1245153,-0.0122570539715094,629540423.6563805,596211151.2072144,-0.0529422276898268,5,2,442752201.4274765,0.0,coherence_only,/Users/fgtek002/TimeTrack/results/final/packs/02_memory_dlinear/metrics/predictions/base__memory_um__f2__h16__dlinear__s0.npz,1.0,False,27.0,0.05,-0.006818028781338443,0.019706125725683803
cpu_core_weighted,cpu_weighted_mean_pct,persistence,1,0,independent,bottom_up,4847,32,1000,0,0.0,0.0,1.4204331179186944,1.4204331179186944,0.0,0.0,0.0,0.0,1.0,True,accuracy_neutral,tie,cpu_persistence,1.747626173256086,1.747626173256086,0.0,1.8353525047354895,1.8353525047354895,0.0,3.6004420577882987,3.6004420577882987,0.0,0,0,0.0,0.0,coherence_only,/Users/fgtek002/TimeTrack/results/final/packs/03_cpu_classical/metrics/predictions/base__cpu_core_weighted__f0__h1__persistence__s0.npz,1.0,False,27.0,0.05,0.0,0.0
cpu_core_weighted,cpu_weighted_mean_pct,persistence,1,0,independent,wls,4847,32,1000,0,4.291385273784966e-14,2.0738966099997927e-13,1.4204331179186944,1.4204331179187373,3.0170099675882134e-14,3.7969073118645606e-14,4.8167688512297724e-14,0.0,0.0,False,accuracy_neutral,tie,cpu_persistence,1.747626173256086,1.747626173256093,3.9387043167539706e-15,1.8353525047354895,1.835352504735495,3.024549839228736e-15,3.6004420577882987,3.6004420577883245,7.153892149322882e-15,0,0,0.0,0.0,coherence_only,/Users/fgtek002/TimeTrack/results/final/packs/03_cpu_classical/metrics/predictions/base__cpu_core_weighted__f0__h1__persistence__s0.npz,0.0,True,27.0,0.05,2.6730630706696148e-14,3.39105642530188e-14
cpu_core_weighted,cpu_weighted_mean_pct,persistence,1,0,independent,mint,4847,32,1000,0,-9.643505208579464e-14,-1.9539925233402758e-13,1.4204331179186944,1.4204331179185978,-6.79999655907188e-14,-1.0342337500467165e-13,-8.958763091165984e-14,1.0,0.0,False,accuracy_neutral,tie,cpu_persistence,1.747626173256086,1.7476261732560805,-3.1763744489951387e-15,1.8353525047354895,1.8353525047354835,-3.266513826367035e-15,3.6004420577882987,3.600442057788252,-1.2951011649636252e-14,0,0,0.0,0.0,coherence_only,/Users/fgtek002/TimeTrack/results/final/packs/03_cpu_classical/metrics/predictions/base__cpu_core_weighted__f0__h1__persistence__s0.npz,0.0,True,27.0,0.05,-7.281115435847758e-14,-6.307064358153597e-14
cpu_core_weighted,cpu_weighted_mean_pct,persistence,1,1,independent,bottom_up,5261,32,1000,0,0.0,0.0,1.0957052557717806,1.0957052557717806,0.0,0.0,0.0,0.0,1.0,True,accuracy_neutral,tie,cpu_persistence,1.391345895714105,1.391345895714105,0.0,1.452203637079268,1.452203637079268,0.0,2.3069031244356757,2.3069031244356757,0.0,0,0,0.0,0.0,coherence_only,/Users/fgtek002/TimeTrack/results/final/packs/03_cpu_classical/metrics/predictions/base__cpu_core_weighted__f1__h1__persistence__s0.npz,1.0,False,27.0,0.05,0.0,0.0
cpu_core_weighted,cpu_weighted_mean_pct,persistence,1,1,independent,wls,5261,32,1000,0,-7.0316144109547385e-15,-5.684341886080803e-14,1.0957052557717806,1.0957052557717737,-6.4847980970905906e-15,-9.080079118490798e-15,-5.275307884517511e-15,1.0,0.0,False,accuracy_neutral,tie,cpu_persistence,1.391345895714105,1.391345895714102,-2.074667322422996e-15,1.452203637079268,1.4522036370792648,-2.2935275665431114e-15,2.3069031244356757,2.3069031244356717,-1.732540411565084e-15,0,0,0.0,0.0,coherence_only,/Users/fgtek002/TimeTrack/results/final/packs/03_cpu_classical/metrics/predictions/base__cpu_core_weighted__f1__h1__persistence__s0.npz,0.0,True,27.0,0.05,-8.286972313640198e-15,-4.814531879562582e-15
cpu_core_weighted,cpu_weighted_mean_pct,persistence,1,1,independent,mint,5261,32,1000,0,8.23556802991175e-14,3.7042591216618353e-13,1.0957052557717806,1.0957052557718627,7.498047799760997e-14,7.323603269883012e-14,9.233483059704661e-14,0.0,0.0,False,accuracy_neutral,tie,cpu_persistence,1.391345895714105,1.3913458957141212,1.1650054964375284e-14,1.452203637079268,1.4522036370792857,1.192634334602418e-14,2.3069031244356757,2.306903124435754,3.3880790270606086e-14,0,0,0.0,0.0,coherence_only,/Users/fgtek002/TimeTrack/results/final/packs/03_cpu_classical/metrics/predictions/base__cpu_core_weighted__f1__h1__persistence__s0.npz,0.0,True,27.0,0.05,6.68391725904837e-14,8.42697706437566e-14
cpu_core_weighted,cpu_weighted_mean_pct,persistence,1,2,independent,bottom_up,4852,32,1000,0,0.0,0.0,1.4448569341568862,1.4448569341568862,0.0,0.0,0.0,0.0,1.0,True,accuracy_neutral,tie,cpu_persistence,1.841385528429008,1.841385528429008,0.0,1.919018581929809,1.919018581929809,0.0,3.803415013400604,3.803415013400604,0.0,0,0,0.0,0.0,coherence_only,/Users/fgtek002/TimeTrack/results/final/packs/03_cpu_classical/metrics/predictions/base__cpu_core_weighted__f2__h1__persistence__s0.npz,1.0,False,27.0,0.05,0.0,0.0
cpu_core_weighted,cpu_weighted_mean_pct,persistence,1,2,independent,wls,4852,32,1000,0,-2.772385063553027e-16,-1.887379141862766e-15,1.4448569341568862,1.4448569341568858,-3.073586037147691e-16,-5.384310088183989e-16,1.8688873218859818e-17,0.967,0.066,True,accuracy_neutral,tie,cpu_persistence,1.841385528429008,1.841385528429008,0.0,1.919018581929809,1.9190185819298091,2.3141475232797195e-16,3.803415013400604,3.803415013400605,2.335213003500272e-16,0,0,0.0,0.0,coherence_only,/Users/fgtek002/TimeTrack/results/final/packs/03_cpu_classical/metrics/predictions/base__cpu_core_weighted__f2__h1__persistence__s0.npz,0.66,False,27.0,0.05,-3.7265351059313585e-16,1.2934756914022972e-17
cpu_core_weighted,cpu_weighted_mean_pct,persistence,1,2,independent,mint,4852,32,1000,0,-5.799937398891619e-16,4.822531263215524e-16,1.4448569341568862,1.4448569341568858,-3.073586037147691e-16,-8.846800049196714e-16,-2.6117878876924284e-16,1.0,0.0,False,accuracy_neutral,tie,cpu_persistence,1.841385528429008,1.8413855284290075,-1.205856142002323e-16,1.919018581929809,1.9190185819298091,2.3141475232797195e-16,3.803415013400604,3.803415013400605,2.335213003500272e-16,0,0,0.0,0.0,coherence_only,/Users/fgtek002/TimeTrack/results/final/packs/03_cpu_classical/metrics/predictions/base__cpu_core_weighted__f2__h1__persistence__s0.npz,0.0,True,27.0,0.05,-6.122959194128839e-16,-1.8076446366065153e-16
cpu_core_weighted,cpu_weighted_mean_pct,persistence,8,0,independent,bottom_up,4295,32,1000,0,0.0,0.0,1.3906675083299915,1.3906675083299915,0.0,0.0,0.0,0.0,1.0,True,accuracy_neutral,tie,cpu_persistence,1.7116951307898558,1.7116951307898558,0.0,1.797999805982319,1.797999805982319,0.0,3.44850171742069,3.44850171742069,0.0,0,0,0.0,0.0,coherence_only,/Users/fgtek002/TimeTrack/results/final/packs/03_cpu_classical/metrics/predictions/base__cpu_core_weighted__f0__h8__persistence__s0.npz,1.0,False,27.0,0.05,0.0,0.0
cpu_core_weighted,cpu_weighted_mean_pct,persistence,8,0,independent,wls,4295,32,1000,0,1.2245783029551084e-13,2.928881095987102e-13,1.3906675083299915,1.390667508330114,8.813653960018528e-14,1.1347722630911517e-13,1.3237216938676636e-13,0.0,0.0,False,accuracy_neutral,tie,cpu_persistence,1.7116951307898558,1.711695130789867,6.486102604690171e-15,1.797999805982319,1.797999805982331,6.668748587211806e-15,3.44850171742069,3.4485017174207897,2.897492314169395e-14,0,0,0.0,0.0,coherence_only,/Users/fgtek002/TimeTrack/results/final/packs/03_cpu_classical/metrics/predictions/base__cpu_core_weighted__f0__h8__persistence__s0.npz,0.0,True,27.0,0.05,8.159910663720501e-14,9.518606611132226e-14
cpu_core_weighted,cpu_weighted_mean_pct,persistence,8,0,independent,mint,4295,32,1000,0,4.256745102046131e-14,2.3092638912203256e-14,1.3906675083299915,1.390667508330034,3.0496520042817733e-14,4.0147570041174e-14,4.549265876545868e-14,0.0,0.0,False,accuracy_neutral,tie,cpu_persistence,1.7116951307898558,1.711695130789858,1.297220520938034e-15,1.797999805982319,1.797999805982321,1.1114580978686344e-15,3.44850171742069,3.4485017174207155,7.469091298747775e-15,0,0,0.0,0.0,coherence_only,/Users/fgtek002/TimeTrack/results/final/packs/03_cpu_classical/metrics/predictions/base__cpu_core_weighted__f0__h8__persistence__s0.npz,0.0,True,27.0,0.05,2.886928025620297e-14,3.2712822074982804e-14
cpu_core_weighted,cpu_weighted_mean_pct,persistence,8,1,independent,bottom_up,4778,32,1000,0,0.0,0.0,1.1125931579402315,1.1125931579402315,0.0,0.0,0.0,0.0,1.0,True,accuracy_neutral,tie,cpu_persistence,1.4087321371023267,1.4087321371023267,0.0,1.469866670205091,1.469866670205091,0.0,2.2998753917282144,2.2998753917282144,0.0,0,0,0.0,0.0,coherence_only,/Users/fgtek002/TimeTrack/results/final/packs/03_cpu_classical/metrics/predictions/base__cpu_core_weighted__f1__h8__persistence__s0.npz,1.0,False,27.0,0.05,0.0,0.0
cpu_core_weighted,cpu_weighted_mean_pct,persistence,8,1,independent,wls,4778,32,1000,0,-2.5160332425348392e-14,-6.838279942300575e-14,1.1125931579402315,1.1125931579402064,-2.25518557052608e-14,-2.7606494975930322e-14,-2.2719983185623313e-14,1.0,0.0,False,accuracy_neutral,tie,cpu_persistence,1.4087321371023267,1.408732137102325,-1.2609613940192385e-15,1.469866670205091,1.469866670205089,-1.3595800794955393e-15,2.2998753917282144,2.2998753917281953,-8.302987236714312e-15,0,0,0.0,0.0,coherence_only,/Users/fgtek002/TimeTrack/results/final/packs/03_cpu_classical/metrics/predictions/base__cpu_core_weighted__f1__h8__persistence__s0.npz,0.0,True,27.0,0.05,-2.4812749187707428e-14,-2.0420746814303015e-14
cpu_core_weighted,cpu_weighted_mean_pct,persistence,8,1,independent,mint,4778,32,1000,0,-1.1041403123334448e-14,9.936496070395151e-15,1.1125931579402315,1.1125931579402206,-9.779123270422824e-15,-1.3087745566538847e-14,-9.290425651112136e-15,1.0,0.0,False,accuracy_neutral,tie,cpu_persistence,1.4087321371023267,1.4087321371023285,1.1033412197668337e-15,1.469866670205091,1.4698666702050929,9.06386719663693e-16,2.2998753917282144,2.2998753917282087,-2.5102054436578153e-15,0,0,0.0,0.0,coherence_only,/Users/fgtek002/TimeTrack/results/final/packs/03_cpu_classical/metrics/predictions/base__cpu_core_weighted__f1__h8__persistence__s0.npz,0.0,True,27.0,0.05,-1.1763280650375815e-14,-8.350245177052597e-15
cpu_core_weighted,cpu_weighted_mean_pct,persistence,8,2,independent,bottom_up,4341,32,1000,0,0.0,0.0,1.444594921234135,1.444594921234135,0.0,0.0,0.0,0.0,1.0,True,accuracy_neutral,tie,cpu_persistence,1.841860739576773,1.841860739576773,0.0,1.919630374474152,1.919630374474152,0.0,3.7000608397882337,3.7000608397882337,0.0,0,0,0.0,0.0,coherence_only,/Users/fgtek002/TimeTrack/results/final/packs/03_cpu_classical/metrics/predictions/base__cpu_core_weighted__f2__h8__persistence__s0.npz,1.0,False,27.0,0.05,0.0,0.0
cpu_core_weighted,cpu_weighted_mean_pct,persistence,8,2,independent,wls,4341,32,1000,0,-6.41177945882064e-16,-8.881784197001252e-16,1.444594921234135,1.444594921234134,-4.611215261687393e-16,-9.072412489231105e-16,-3.8026314894075487e-16,1.0,0.0,False,accuracy_neutral,tie,cpu_persistence,1.841860739576773,1.8418607395767723,-3.6166350715969966e-16,1.919630374474152,1.919630374474152,-1.156704998408125e-16,3.7000608397882337,3.700060839788235,4.800885488958385e-16,0,0,0.0,0.0,coherence_only,/Users/fgtek002/TimeTrack/results/final/packs/03_cpu_classical/metrics/predictions/base__cpu_core_weighted__f2__h8__persistence__s0.npz,0.0,True,27.0,0.05,-6.280246701601604e-16,-2.6323168062635263e-16
cpu_core_weighted,cpu_weighted_mean_pct,persistence,8,2,independent,mint,4341,32,1000,0,1.0198240282622808e-15,1.0658141036401504e-14,1.444594921234135,1.4445949212341358,7.685358769478988e-16,5.933729098859279e-16,1.5029217361502253e-15,0.0,0.0,False,accuracy_neutral,tie,cpu_persistence,1.841860739576773,1.8418607395767737,3.6166350715969966e-16,1.919630374474152,1.9196303744741532,5.783524992040627e-16,3.7000608397882337,3.700060839788234,2.4004427444791927e-16,0,0,0.0,0.0,coherence_only,/Users/fgtek002/TimeTrack/results/final/packs/03_cpu_classical/metrics/predictions/base__cpu_core_weighted__f2__h8__persistence__s0.npz,0.0,True,27.0,0.05,4.107538391309048e-16,1.0403758964251799e-15
cpu_core_weighted,cpu_weighted_mean_pct,persistence,16,0,independent,bottom_up,3707,32,1000,0,0.0,0.0,1.4060271584162536,1.4060271584162536,0.0,0.0,0.0,0.0,1.0,True,accuracy_neutral,tie,cpu_persistence,1.7172922111183904,1.7172922111183904,0.0,1.8045981446814063,1.8045981446814063,0.0,3.48873627356052,3.48873627356052,0.0,0,0,0.0,0.0,coherence_only,/Users/fgtek002/TimeTrack/results/final/packs/03_cpu_classical/metrics/predictions/base__cpu_core_weighted__f0__h16__persistence__s0.npz,1.0,False,27.0,0.05,0.0,0.0
cpu_core_weighted,cpu_weighted_mean_pct,persistence,16,0,independent,wls,3707,32,1000,0,1.381619487465598e-13,5.024314297941146e-13,1.4060271584162536,1.4060271584163917,9.82283616903519e-14,1.2553831537324457e-13,1.5332375026036102e-13,0.0,0.0,False,accuracy_neutral,tie,cpu_persistence,1.7172922111183904,1.7172922111184146,1.4093618884503206e-14,1.8045981446814063,1.804598144681433,1.4765255450103477e-14,3.48873627356052,3.4887362735606735,4.4043130394406464e-14,0,0,0.0,0.0,coherence_only,/Users/fgtek002/TimeTrack/results/final/packs/03_cpu_classical/metrics/predictions/base__cpu_core_weighted__f0__h16__persistence__s0.npz,0.0,True,27.0,0.05,8.928583962393067e-14,1.0904750263363661e-13
cpu_core_weighted,cpu_weighted_mean_pct,persistence,16,0,independent,mint,3707,32,1000,0,5.084758393865116e-14,3.179401186770292e-13,1.4060271584162536,1.4060271584163049,3.6322384547879326e-14,4.30501827809641e-14,6.015130695546212e-14,0.0,0.0,False,accuracy_neutral,tie,cpu_persistence,1.7172922111183904,1.7172922111184017,6.464962791056516e-15,1.8045981446814063,1.8045981446814183,6.767408747964093e-15,3.48873627356052,3.488736273560595,2.151239605969564e-14,0,0,0.0,0.0,coherence_only,/Users/fgtek002/TimeTrack/results/final/packs/03_cpu_classical/metrics/predictions/base__cpu_core_weighted__f0__h16__persistence__s0.npz,0.0,True,27.0,0.05,3.0618315246097914e-14,4.278104202710881e-14
cpu_core_weighted,cpu_weighted_mean_pct,persistence,16,1,independent,bottom_up,4317,32,1000,0,0.0,0.0,1.1116127835890854,1.1116127835890854,0.0,0.0,0.0,0.0,1.0,True,accuracy_neutral,tie,cpu_persistence,1.408519067814641,1.408519067814641,0.0,1.469284455426566,1.469284455426566,0.0,2.254445649339148,2.254445649339148,0.0,0,0,0.0,0.0,coherence_only,/Users/fgtek002/TimeTrack/results/final/packs/03_cpu_classical/metrics/predictions/base__cpu_core_weighted__f1__h16__persistence__s0.npz,1.0,False,27.0,0.05,0.0,0.0
cpu_core_weighted,cpu_weighted_mean_pct,persistence,16,1,independent,wls,4317,32,1000,0,-1.10514541477188e-14,-4.263256414560601e-14,1.1116127835890854,1.1116127835890743,-9.98749781412695e-15,-1.3446949527551574e-14,-9.042802395615262e-15,1.0,0.0,False,accuracy_neutral,tie,cpu_persistence,1.408519067814641,1.4085190678146389,-1.5764401774804516e-15,1.469284455426566,1.4692844554265632,-1.9646160778222953e-15,2.254445649339148,2.25444564933913,-7.879350916802802e-15,0,0,0.0,0.0,coherence_only,/Users/fgtek002/TimeTrack/results/final/packs/03_cpu_classical/metrics/predictions/base__cpu_core_weighted__f1__h16__persistence__s0.npz,0.0,True,27.0,0.05,-1.2096792809574526e-14,-8.134849229080106e-15
cpu_core_weighted,cpu_weighted_mean_pct,persistence,16,1,independent,mint,4317,32,1000,0,-8.88844633178771e-14,-3.034933415690944e-13,1.1116127835890854,1.1116127835889964,-8.009973246929814e-14,-9.923123502403189e-14,-7.948780849989387e-14,1.0,0.0,False,accuracy_neutral,tie,cpu_persistence,1.408519067814641,1.408519067814627,-9.7739291003788e-15,1.469284455426566,1.4692844554265512,-1.0125329016468751e-14,2.254445649339148,2.2544456493390803,-2.9941533483850655e-14,0,0,0.0,0.0,coherence_only,/Users/fgtek002/TimeTrack/results/final/packs/03_cpu_classical/metrics/predictions/base__cpu_core_weighted__f1__h16__persistence__s0.npz,0.0,True,27.0,0.05,-8.92678066400443e-14,-7.150674198190675e-14
cpu_core_weighted,cpu_weighted_mean_pct,persistence,16,2,independent,bottom_up,3798,32,1000,0,0.0,0.0,1.465749503775071,1.465749503775071,0.0,0.0,0.0,0.0,1.0,True,accuracy_neutral,tie,cpu_persistence,1.8671557000316272,1.8671557000316272,0.0,1.9477720485447043,1.9477720485447043,0.0,3.805440841268907,3.805440841268907,0.0,0,0,0.0,0.0,coherence_only,/Users/fgtek002/TimeTrack/results/final/packs/03_cpu_classical/metrics/predictions/base__cpu_core_weighted__f2__h16__persistence__s0.npz,1.0,False,27.0,0.05,0.0,0.0
cpu_core_weighted,cpu_weighted_mean_pct,persistence,16,2,independent,wls,3798,32,1000,0,5.24321312480417e-16,-3.552713678800501e-15,1.465749503775071,1.4657495037750714,3.029775611087029e-16,-1.6437544746995378e-17,1.0369989245095404e-15,0.029,0.058,True,accuracy_neutral,tie,cpu_persistence,1.8671557000316272,1.8671557000316277,2.378426233240968e-16,1.9477720485447043,1.947772048544705,3.4199783043031236e-16,3.805440841268907,3.8054408412689105,9.33587940790551e-16,0,0,0.0,0.0,coherence_only,/Users/fgtek002/TimeTrack/results/final/packs/03_cpu_classical/metrics/predictions/base__cpu_core_weighted__f2__h16__persistence__s0.npz,0.638,False,27.0,0.05,-1.1214429685741056e-17,7.074871400868472e-16
cpu_core_weighted,cpu_weighted_mean_pct,persistence,16,2,independent,mint,3798,32,1000,0,-6.958146342800532e-16,0.0,1.465749503775071,1.46574950377507,-6.059551222174059e-16,-9.745191009252913e-16,-4.537873311982928e-16,1.0,0.0,False,accuracy_neutral,tie,cpu_persistence,1.8671557000316272,1.867155700031626,-5.94606558310242e-16,1.9477720485447043,1.947772048544704,-2.2799855362020824e-16,3.805440841268907,3.805440841268904,-7.0019095559291325e-16,0,0,0.0,0.0,coherence_only,/Users/fgtek002/TimeTrack/results/final/packs/03_cpu_classical/metrics/predictions/base__cpu_core_weighted__f2__h16__persistence__s0.npz,0.0,True,27.0,0.05,-6.6486060436343e-16,-3.0959405412012987e-16
cpu_core_weighted,cpu_weighted_mean_pct,ridge,1,0,independent,bottom_up,4847,32,1000,0,-0.1358575649981357,-0.0716403511735004,1.336759005851477,1.2009014408533414,-0.1016320551448973,-0.1569153703999211,-0.113003555712592,1.0,0.0,False,substantial_improvement,win,cpu_ridge,1.5671654438782914,1.5671654438782914,0.0,1.6468663260419918,1.6468663260419918,0.0,3.846644579939137,3.846644579939137,0.0,0,0,123.4773595323048,0.0,pareto_improvement,/Users/fgtek002/TimeTrack/results/final/packs/03_cpu_classical/metrics/predictions/base__cpu_core_weighted__f0__h1__ridge__s0.npz,0.0,True,27.0,0.05,-0.11738493603786909,-0.08453547364778141
cpu_core_weighted,cpu_weighted_mean_pct,ridge,1,0,independent,wls,4847,32,1000,0,-0.115105457521237,-0.0809566784223091,1.336759005851477,1.2216535483302398,-0.0861078601433609,-0.1282497583996276,-0.1018709715819347,1.0,0.0,False,substantial_improvement,win,cpu_ridge,1.5671654438782914,1.5997322030368717,0.0207806771683189,1.6468663260419918,1.6818173594684884,0.0212227506712681,3.846644579939137,4.037020534271874,0.0494914334757044,1,6,123.4773595323048,0.0,aggregate_focused_improvement,/Users/fgtek002/TimeTrack/results/final/packs/03_cpu_classical/metrics/predictions/base__cpu_core_weighted__f0__h1__ridge__s0.npz,0.0,True,27.0,0.05,-0.09594082242066977,-0.07620743240629663
cpu_core_weighted,cpu_weighted_mean_pct,ridge,1,0,independent,mint,4847,32,1000,0,-0.1295229538689706,-0.0846533515457326,1.336759005851477,1.2072360519825065,-0.0968932719375756,-0.14605410637346,-0.112537451947392,1.0,0.0,False,substantial_improvement,win,cpu_ridge,1.5671654438782914,1.5752346276501616,0.0051489035847429,1.6468663260419918,1.655700038374974,0.0053639522487613,3.846644579939137,3.87851385531853,0.0082849545147987,2,5,123.4773595323048,0.0,pareto_improvement,/Users/fgtek002/TimeTrack/results/final/packs/03_cpu_classical/metrics/predictions/base__cpu_core_weighted__f0__h1__ridge__s0.npz,0.0,True,27.0,0.05,-0.10925986339656471,-0.08418679167656618
cpu_core_weighted,cpu_weighted_mean_pct,ridge,1,1,independent,bottom_up,5261,32,1000,0,-0.1226473157855697,-0.0624356540134591,1.038625818254724,0.9159785024691542,-0.1180861419290178,-0.1446281328982243,-0.1040142594810425,1.0,0.0,False,substantial_improvement,win,cpu_ridge,1.2411269929819275,1.2411269929819275,0.0,1.2996482418995434,1.2996482418995434,0.0,2.5473374832200193,2.5473374832200193,0.0,0,0,111.69797010308775,0.0,pareto_improvement,/Users/fgtek002/TimeTrack/results/final/packs/03_cpu_classical/metrics/predictions/base__cpu_core_weighted__f1__h1__ridge__s0.npz,0.0,True,27.0,0.05,-0.13924950675812497,-0.10014603686226957
cpu_core_weighted,cpu_weighted_mean_pct,ridge,1,1,independent,wls,5261,32,1000,0,-0.1036887683093774,-0.0779346928573203,1.038625818254724,0.9349370499453464,-0.0998326504954526,-0.1177743448141369,-0.091836183655918,1.0,0.0,False,substantial_improvement,win,cpu_ridge,1.2411269929819275,1.2733891751392712,0.0259942635522175,1.2996482418995434,1.3341037601935073,0.0265114183847194,2.5473374832200193,2.6843659794998818,0.0537928316065323,0,7,111.69797010308775,0.0,aggregate_focused_improvement,/Users/fgtek002/TimeTrack/results/final/packs/03_cpu_classical/metrics/predictions/base__cpu_core_weighted__f1__h1__ridge__s0.npz,0.0,True,27.0,0.05,-0.1133943935767372,-0.0884208557517247
cpu_core_weighted,cpu_weighted_mean_pct,ridge,1,1,independent,mint,5261,32,1000,0,-0.1065387108382001,-0.0801650546286196,1.038625818254724,0.9320871074165238,-0.1025766055163394,-0.121255090310651,-0.0942022265806597,1.0,0.0,False,substantial_improvement,win,cpu_ridge,1.2411269929819275,1.268683672448598,0.02220294911197,1.2996482418995434,1.3290752136009716,0.0226422586917966,2.5473374832200193,2.6417942060589645,0.03708056881397,0,7,111.69797010308775,0.0,aggregate_focused_improvement,/Users/fgtek002/TimeTrack/results/final/packs/03_cpu_classical/metrics/predictions/base__cpu_core_weighted__f1__h1__ridge__s0.npz,0.0,True,27.0,0.05,-0.11674569241346652,-0.09069890707988977
cpu_core_weighted,cpu_weighted_mean_pct,ridge,1,2,independent,bottom_up,4852,32,1000,0,-0.0788145256130277,-0.0219169135050429,1.3847823097729834,1.3059677841599555,-0.0569147403579617,-0.1010108406478635,-0.0563394720658419,1.0,0.0,False,substantial_improvement,win,cpu_ridge,1.7729855805271082,1.7729855805271082,0.0,1.8611449668587117,1.8611449668587117,0.0,4.213620774389836,4.213620774389836,0.0,0,0,130.53487334987042,0.0,pareto_improvement,/Users/fgtek002/TimeTrack/results/final/packs/03_cpu_classical/metrics/predictions/base__cpu_core_weighted__f2__h1__ridge__s0.npz,0.0,True,27.0,0.05,-0.07294347994987233,-0.040684713884796816
cpu_core_weighted,cpu_weighted_mean_pct,ridge,1,2,independent,wls,4852,32,1000,0,-0.0819284529434111,-0.0464964957478231,1.3847823097729834,1.3028538568295722,-0.0591634167805352,-0.0964153244261271,-0.0667980383797767,1.0,0.0,False,substantial_improvement,win,cpu_ridge,1.7729855805271082,1.7946763215784318,0.012234019999686,1.8611449668587117,1.8846944055689177,0.0126531995785117,4.213620774389836,4.287017897007204,0.0174190147968397,0,7,130.53487334987042,0.0,pareto_improvement,/Users/fgtek002/TimeTrack/results/final/packs/03_cpu_classical/metrics/predictions/base__cpu_core_weighted__f2__h1__ridge__s0.npz,0.0,True,27.0,0.05,-0.06962489609065926,-0.048237212382303864
cpu_core_weighted,cpu_weighted_mean_pct,ridge,1,2,independent,mint,4852,32,1000,0,-0.0854853390175601,-0.0431415408512831,1.3847823097729834,1.2992969707554234,-0.0617319692880639,-0.10277305935881,-0.0679871209946521,1.0,0.0,False,substantial_improvement,win,cpu_ridge,1.7729855805271082,1.7824848743249773,0.0053577952929797,1.8611449668587117,1.8714545712345796,0.0055393881505473,4.213620774389836,4.254968454230816,0.0098128621570049,2,5,130.53487334987042,0.0,pareto_improvement,/Users/fgtek002/TimeTrack/results/final/packs/03_cpu_classical/metrics/predictions/base__cpu_core_weighted__f2__h1__ridge__s0.npz,0.0,True,27.0,0.05,-0.07421604004723188,-0.04909589075108684
cpu_core_weighted,cpu_weighted_mean_pct,ridge,8,0,independent,bottom_up,4295,32,1000,0,-0.1353438615851518,-0.0749134504645105,1.305772444046933,1.170428582461781,-0.1036504194909226,-0.1594133712763433,-0.1130433782139757,1.0,0.0,False,substantial_improvement,win,cpu_ridge,1.5395762495432836,1.5395762495432836,0.0,1.6175623067477187,1.6175623067477187,0.0,3.7355074791753857,3.7355074791753857,0.0,0,0,122.7085416830396,0.0,pareto_improvement,/Users/fgtek002/TimeTrack/results/final/packs/03_cpu_classical/metrics/predictions/base__cpu_core_weighted__f0__h8__ridge__s0.npz,0.0,True,27.0,0.05,-0.1220835774281461,-0.08657203537212385
cpu_core_weighted,cpu_weighted_mean_pct,ridge,8,0,independent,wls,4295,32,1000,0,-0.11025870734162,-0.0790349958974204,1.305772444046933,1.195513736705313,-0.0844394502612561,-0.124527215629974,-0.0975083678041673,1.0,0.0,False,substantial_improvement,win,cpu_ridge,1.5395762495432836,1.5795637000848166,0.0259730237806638,1.6175623067477187,1.660462032230298,0.0265212198031702,3.7355074791753857,3.97599928350762,0.0643799552464886,1,6,122.7085416830396,0.0,aggregate_focused_improvement,/Users/fgtek002/TimeTrack/results/final/packs/03_cpu_classical/metrics/predictions/base__cpu_core_weighted__f0__h8__ridge__s0.npz,0.0,True,27.0,0.05,-0.09536670512362119,-0.07467485490960674
cpu_core_weighted,cpu_weighted_mean_pct,ridge,8,0,independent,mint,4295,32,1000,0,-0.1283815497822187,-0.0848548397777547,1.305772444046933,1.1773908942647142,-0.0983184707010131,-0.1477911065829973,-0.1110880443670338,1.0,0.0,False,substantial_improvement,win,cpu_ridge,1.5395762495432836,1.5480707654978052,0.0055174376436642,1.6175623067477187,1.626864589127452,0.0057508031319278,3.7355074791753857,3.766789091836293,0.0083741266307979,1,6,122.7085416830396,0.0,pareto_improvement,/Users/fgtek002/TimeTrack/results/final/packs/03_cpu_classical/metrics/predictions/base__cpu_core_weighted__f0__h8__ridge__s0.npz,0.0,True,27.0,0.05,-0.11318289588418155,-0.08507458161909336
cpu_core_weighted,cpu_weighted_mean_pct,ridge,8,1,independent,bottom_up,4778,32,1000,0,-0.1229296048746453,-0.0660935972127606,1.052109336067894,0.9291797311932488,-0.1168410930883634,-0.1456882730882498,-0.1025185905170899,1.0,0.0,False,substantial_improvement,win,cpu_ridge,1.2517648100970489,1.2517648100970489,0.0,1.310742352362779,1.310742352362779,0.0,2.5261578992573392,2.5261578992573392,0.0,0,0,111.16586994739626,0.0,pareto_improvement,/Users/fgtek002/TimeTrack/results/final/packs/03_cpu_classical/metrics/predictions/base__cpu_core_weighted__f1__h8__ridge__s0.npz,0.0,True,27.0,0.05,-0.1384725599268405,-0.09744100446845028
cpu_core_weighted,cpu_weighted_mean_pct,ridge,8,1,independent,wls,4778,32,1000,0,-0.1031937606879004,-0.0778290668453213,1.052109336067894,0.9489155753799936,-0.0980827345127191,-0.1176342946544966,-0.0900407350628349,1.0,0.0,False,substantial_improvement,win,cpu_ridge,1.2517648100970489,1.2858569867413825,0.0272352892247308,1.310742352362779,1.3471602990105993,0.0277842144813374,2.5261578992573392,2.662689081870514,0.05404697095669,0,7,111.16586994739626,0.0,aggregate_focused_improvement,/Users/fgtek002/TimeTrack/results/final/packs/03_cpu_classical/metrics/predictions/base__cpu_core_weighted__f1__h8__ridge__s0.npz,0.0,True,27.0,0.05,-0.11180805133251427,-0.08558115775243388
cpu_core_weighted,cpu_weighted_mean_pct,ridge,8,1,independent,mint,4778,32,1000,0,-0.1063830969426303,-0.0801197528397311,1.052109336067894,0.9457262391252638,-0.1011141079122266,-0.1214626117482125,-0.0925619655496019,1.0,0.0,False,substantial_improvement,win,cpu_ridge,1.2517648100970489,1.280564837827223,0.0230075390343823,1.310742352362779,1.341504580069011,0.023469316949116,2.5261578992573392,2.6261573320730105,0.039585582850965,0,7,111.16586994739626,0.0,aggregate_focused_improvement,/Users/fgtek002/TimeTrack/results/final/packs/03_cpu_classical/metrics/predictions/base__cpu_core_weighted__f1__h8__ridge__s0.npz,0.0,True,27.0,0.05,-0.11544675784568303,-0.0879775156216547
cpu_core_weighted,cpu_weighted_mean_pct,ridge,8,2,independent,bottom_up,4341,32,1000,0,-0.0912420761353667,-0.0270259857606784,1.382419569308397,1.2911774931730304,-0.0660017249184439,-0.1156267044944853,-0.0669703935276443,1.0,0.0,False,substantial_improvement,win,cpu_ridge,1.7626867824763626,1.7626867824763626,0.0,1.8506111700015055,1.8506111700015055,0.0,4.090241647321048,4.090241647321048,0.0,0,0,129.19730536784897,0.0,pareto_improvement,/Users/fgtek002/TimeTrack/results/final/packs/03_cpu_classical/metrics/predictions/base__cpu_core_weighted__f2__h8__ridge__s0.npz,0.0,True,27.0,0.05,-0.08364081864981956,-0.048444332686312125
cpu_core_weighted,cpu_weighted_mean_pct,ridge,8,2,independent,wls,4341,32,1000,0,-0.089119254594249,-0.0474826894513174,1.382419569308397,1.293300314714148,-0.0644661407960493,-0.1047711335296596,-0.0721452788987557,1.0,0.0,False,substantial_improvement,win,cpu_ridge,1.7626867824763626,1.785733086472116,0.0130745315758118,1.8506111700015055,1.875582031438328,0.013493305261311,4.090241647321048,4.187871567828481,0.023868985973329,0,7,129.19730536784897,0.0,pareto_improvement,/Users/fgtek002/TimeTrack/results/final/packs/03_cpu_classical/metrics/predictions/base__cpu_core_weighted__f2__h8__ridge__s0.npz,0.0,True,27.0,0.05,-0.0757882309074046,-0.052187686358381676
cpu_core_weighted,cpu_weighted_mean_pct,ridge,8,2,independent,mint,4341,32,1000,0,-0.0942029035529629,-0.045201043684725,1.382419569308397,1.288216665755434,-0.0681434968401751,-0.1121964129039131,-0.0745285968293557,1.0,0.0,False,substantial_improvement,win,cpu_ridge,1.7626867824763626,1.7738988903540764,0.0063608055550074,1.8506111700015055,1.8627394148441263,0.0065536429473786,4.090241647321048,4.149120914078399,0.0143950582469654,2,5,129.19730536784897,0.0,pareto_improvement,/Users/fgtek002/TimeTrack/results/final/packs/03_cpu_classical/metrics/predictions/base__cpu_core_weighted__f2__h8__ridge__s0.npz,0.0,True,27.0,0.05,-0.08115945071585122,-0.0539117055950251
cpu_core_weighted,cpu_weighted_mean_pct,ridge,16,0,independent,bottom_up,3707,32,1000,0,-0.1427455685399099,-0.0787622079798524,1.3307644384106914,1.1880188698707812,-0.1072658424133941,-0.1665180385565807,-0.1179310756876953,1.0,0.0,False,substantial_improvement,win,cpu_ridge,1.5491061962098909,1.5491061962098909,0.0,1.627656317625726,1.627656317625726,0.0,3.8218713894976486,3.8218713894976486,0.0,0,0,122.31013155674466,0.0,pareto_improvement,/Users/fgtek002/TimeTrack/results/final/packs/03_cpu_classical/metrics/predictions/base__cpu_core_weighted__f0__h16__ridge__s0.npz,0.0,True,27.0,0.05,-0.1251296125371747,-0.08861904652978127
cpu_core_weighted,cpu_weighted_mean_pct,ridge,16,0,independent,wls,3707,32,1000,0,-0.1146747045702646,-0.0805183124290429,1.3307644384106914,1.2160897338404266,-0.0861720536410025,-0.1291405637466217,-0.1004059820038126,1.0,0.0,False,substantial_improvement,win,cpu_ridge,1.5491061962098909,1.5907748556210015,0.0268985170371527,1.627656317625726,1.6723293257951006,0.0274462167999566,3.8218713894976486,4.0663247690535185,0.0639616969392581,1,6,122.31013155674466,0.0,aggregate_focused_improvement,/Users/fgtek002/TimeTrack/results/final/packs/03_cpu_classical/metrics/predictions/base__cpu_core_weighted__f0__h16__ridge__s0.npz,0.0,True,27.0,0.05,-0.09704239159024418,-0.07544985356215687
cpu_core_weighted,cpu_weighted_mean_pct,ridge,16,0,independent,mint,3707,32,1000,0,-0.1349870575264986,-0.0862458314807224,1.3307644384106914,1.1957773808841927,-0.1014357264368375,-0.1548981106321807,-0.1152916382041623,1.0,0.0,False,substantial_improvement,win,cpu_ridge,1.5491061962098909,1.5578373062454796,0.0056362243317795,1.627656317625726,1.6371588150317709,0.0058381473429884,3.8218713894976486,3.8479908086675514,0.0068341962635576,1,6,122.31013155674466,0.0,pareto_improvement,/Users/fgtek002/TimeTrack/results/final/packs/03_cpu_classical/metrics/predictions/base__cpu_core_weighted__f0__h16__ridge__s0.npz,0.0,True,27.0,0.05,-0.1163978433457185,-0.08663564705850803
cpu_core_weighted,cpu_weighted_mean_pct,ridge,16,1,independent,bottom_up,4317,32,1000,0,-0.1232713499644527,-0.0644110534108978,1.047340358377533,0.9240690084130804,-0.117699417365541,-0.1481745792637872,-0.1006040456403147,1.0,0.0,False,substantial_improvement,win,cpu_ridge,1.251302964526264,1.251302964526264,0.0,1.3104026243870963,1.3104026243870963,0.0,2.5681618004524034,2.5681618004524034,0.0,0,0,110.65440863300113,0.0,pareto_improvement,/Users/fgtek002/TimeTrack/results/final/packs/03_cpu_classical/metrics/predictions/base__cpu_core_weighted__f1__h16__ridge__s0.npz,0.0,True,27.0,0.05,-0.14147700704795618,-0.09605668762365227
cpu_core_weighted,cpu_weighted_mean_pct,ridge,16,1,independent,wls,4317,32,1000,0,-0.1036641850368985,-0.0769496637077918,1.047340358377533,0.9436761733406346,-0.0989785070418633,-0.1188691836714827,-0.0890424014957834,1.0,0.0,False,substantial_improvement,win,cpu_ridge,1.251302964526264,1.2854972378302896,0.0273269338229141,1.3104026243870963,1.3469258765465677,0.027871778856177,2.5681618004524034,2.65426728436881,0.0335280603820361,0,7,110.65440863300113,0.0,aggregate_focused_improvement,/Users/fgtek002/TimeTrack/results/final/packs/03_cpu_classical/metrics/predictions/base__cpu_core_weighted__f1__h16__ridge__s0.npz,0.0,True,27.0,0.05,-0.11349623140239397,-0.08501763613284387
cpu_core_weighted,cpu_weighted_mean_pct,ridge,16,1,independent,mint,4317,32,1000,0,-0.1069632835378088,-0.0789003019380895,1.047340358377533,0.9403770748397242,-0.1021284844818821,-0.1231630236678222,-0.0916463767844375,1.0,0.0,False,substantial_improvement,win,cpu_ridge,1.251302964526264,1.279439598968975,0.0224858689225301,1.3104026243870963,1.3404547057221758,0.0229334715726285,2.5681618004524034,2.657323524365952,0.034718110010764,0,7,110.65440863300113,0.0,aggregate_focused_improvement,/Users/fgtek002/TimeTrack/results/final/packs/03_cpu_classical/metrics/predictions/base__cpu_core_weighted__f1__h16__ridge__s0.npz,0.0,True,27.0,0.05,-0.11759598747690561,-0.08750391031088472
cpu_core_weighted,cpu_weighted_mean_pct,ridge,16,2,independent,bottom_up,3798,32,1000,0,-0.0862997649513298,-0.0251423733467632,1.3964343073665615,1.310134542415232,-0.0618000893390226,-0.1139070209569942,-0.0577870151209828,1.0,0.0,False,substantial_improvement,win,cpu_ridge,1.7883880037266828,1.7883880037266828,0.0,1.8786495259861589,1.8786495259861589,0.0,4.183032536398787,4.183032536398787,0.0,0,0,129.7838402201766,0.0,pareto_improvement,/Users/fgtek002/TimeTrack/results/final/packs/03_cpu_classical/metrics/predictions/base__cpu_core_weighted__f2__h16__ridge__s0.npz,0.0,True,27.0,0.05,-0.08156991013190126,-0.04138183573415589
cpu_core_weighted,cpu_weighted_mean_pct,ridge,16,2,independent,wls,3798,32,1000,0,-0.0858298703932394,-0.0453218118727863,1.3964343073665615,1.3106044369733223,-0.061463593339453,-0.1030158053479623,-0.0679677851203585,1.0,0.0,False,substantial_improvement,win,cpu_ridge,1.7883880037266828,1.8124577464747251,0.0134589041627908,1.8786495259861589,1.904733602996736,0.0138844827892444,4.183032536398787,4.293287329523202,0.0263576226493649,1,6,129.7838402201766,0.0,pareto_improvement,/Users/fgtek002/TimeTrack/results/final/packs/03_cpu_classical/metrics/predictions/base__cpu_core_weighted__f2__h16__ridge__s0.npz,0.0,True,27.0,0.05,-0.07377060618213588,-0.04867238276932213
cpu_core_weighted,cpu_weighted_mean_pct,ridge,16,2,independent,mint,3798,32,1000,0,-0.0900801004221001,-0.043485468419661,1.3964343073665615,1.3063542069444614,-0.064507223824926,-0.1110209661304107,-0.0692629742513252,1.0,0.0,False,substantial_improvement,win,cpu_ridge,1.7883880037266828,1.8011316555941457,0.0071257757493939,1.8786495259861589,1.8924147162305545,0.0073271730857674,4.183032536398787,4.251124453235393,0.0162781226882895,2,5,129.7838402201766,0.0,pareto_improvement,/Users/fgtek002/TimeTrack/results/final/packs/03_cpu_classical/metrics/predictions/base__cpu_core_weighted__f2__h16__ridge__s0.npz,0.0,True,27.0,0.05,-0.0795031785918934,-0.04959988012751093
cpu_core_weighted,cpu_weighted_mean_pct,lightgbm,1,0,independent,bottom_up,4847,32,1000,0,-0.1035243461773877,-0.0256337937833568,1.1094787687062335,1.0059544225288457,-0.0933089925624335,-0.145599607117284,-0.0619541698043127,1.0,0.0,False,substantial_improvement,win,cpu_lightgbm,1.3184866520292988,1.3184866520292988,0.0,1.3826159787990782,1.3826159787990782,0.0,3.1085182245269385,3.1085182245269385,0.0,0,0,172.09132864608608,0.0,pareto_improvement,/Users/fgtek002/TimeTrack/results/final/packs/03_cpu_classical/metrics/predictions/base__cpu_core_weighted__f0__h1__lightgbm__s0.npz,0.0,True,27.0,0.05,-0.13123244105614398,-0.05584078898288215
cpu_core_weighted,cpu_weighted_mean_pct,lightgbm,1,0,independent,wls,4847,32,1000,0,-0.1095806061780735,-0.0285099793382566,1.1094787687062335,0.9998981625281598,-0.098767645915258,-0.1376201026825626,-0.083294897445462,1.0,0.0,False,substantial_improvement,win,cpu_lightgbm,1.3184866520292988,1.3651382597125197,0.0353826924310675,1.3826159787990782,1.434547650665902,0.0375604453175284,3.1085182245269385,3.3213001007855527,0.0684512236665415,1,6,172.09132864608608,0.0,aggregate_focused_improvement,/Users/fgtek002/TimeTrack/results/final/packs/03_cpu_classical/metrics/predictions/base__cpu_core_weighted__f0__h1__lightgbm__s0.npz,0.0,True,27.0,0.05,-0.1240403210626931,-0.07507570202771201
cpu_core_weighted,cpu_weighted_mean_pct,lightgbm,1,0,independent,mint,4847,32,1000,0,-0.1117356437736901,-0.0279136684449981,1.1094787687062335,0.9977431249325432,-0.1007100333285201,-0.1404488969542732,-0.0840870248105757,1.0,0.0,False,substantial_improvement,win,cpu_lightgbm,1.3184866520292988,1.3627605607406963,0.0335793378289078,1.3826159787990782,1.431176825527844,0.0351224399785579,3.1085182245269385,3.2940333546789757,0.0596796019043026,1,6,172.09132864608608,0.0,aggregate_focused_improvement,/Users/fgtek002/TimeTrack/results/final/packs/03_cpu_classical/metrics/predictions/base__cpu_core_weighted__f0__h1__lightgbm__s0.npz,0.0,True,27.0,0.05,-0.12658998163439494,-0.07578966554594806
cpu_core_weighted,cpu_weighted_mean_pct,lightgbm,1,1,independent,bottom_up,5261,32,1000,0,-0.0652801475771297,-0.0104473500412103,0.8458250834966149,0.7805449359194851,-0.0771792523665337,-0.1079912589572345,-0.0263020886129339,0.998,0.004,False,substantial_improvement,win,cpu_lightgbm,1.0345034356324223,1.0345034356324223,0.0,1.0784409725117516,1.0784409725117516,0.0,1.9752886325882328,1.9752886325882328,0.0,0,0,127.44703509795418,0.0,pareto_improvement,/Users/fgtek002/TimeTrack/results/final/packs/03_cpu_classical/metrics/predictions/base__cpu_core_weighted__f1__h1__lightgbm__s0.npz,0.008,True,27.0,0.05,-0.12767564011083943,-0.03109636865367231
cpu_core_weighted,cpu_weighted_mean_pct,lightgbm,1,1,independent,wls,5261,32,1000,0,-0.0724601135073435,-0.0140685356697621,0.8458250834966149,0.7733649699892713,-0.0856679648323926,-0.099872537155064,-0.0455921245186088,1.0,0.0,False,substantial_improvement,win,cpu_lightgbm,1.0345034356324223,1.0703616150331396,0.0346622139333891,1.0784409725117516,1.11671413958613,0.0354893480959258,1.9752886325882328,2.0912085568984167,0.0586850561471075,2,5,127.44703509795418,0.0,aggregate_focused_improvement,/Users/fgtek002/TimeTrack/results/final/packs/03_cpu_classical/metrics/predictions/base__cpu_core_weighted__f1__h1__lightgbm__s0.npz,0.0,True,27.0,0.05,-0.1180770576608984,-0.05390254487385543
cpu_core_weighted,cpu_weighted_mean_pct,lightgbm,1,1,independent,mint,5261,32,1000,0,-0.0727388472719513,-0.0143245143424746,0.8458250834966149,0.7730862362246635,-0.0859975055022619,-0.1007361988748568,-0.0454206471312177,1.0,0.0,False,substantial_improvement,win,cpu_lightgbm,1.0345034356324223,1.0692624683159118,0.0335997266768283,1.0784409725117516,1.1155351333772705,0.0343960975250452,1.9752886325882328,2.1067188956435667,0.0665372446775639,3,4,127.44703509795418,0.0,aggregate_focused_improvement,/Users/fgtek002/TimeTrack/results/final/packs/03_cpu_classical/metrics/predictions/base__cpu_core_weighted__f1__h1__lightgbm__s0.npz,0.0,True,27.0,0.05,-0.11909814551540189,-0.053699811009919614
cpu_core_weighted,cpu_weighted_mean_pct,lightgbm,1,2,independent,bottom_up,4852,32,1000,0,-0.1286618105462562,-0.0141873842509338,1.1492168649705437,1.0205550544242874,-0.1119560758878648,-0.1807204551748019,-0.080534859802887,1.0,0.0,False,substantial_improvement,win,cpu_lightgbm,1.3925057184841705,1.3925057184841705,0.0,1.4538023571418317,1.4538023571418317,0.0,2.9401254134753323,2.9401254134753323,0.0,0,0,171.5725267317513,0.0,pareto_improvement,/Users/fgtek002/TimeTrack/results/final/packs/03_cpu_classical/metrics/predictions/base__cpu_core_weighted__f2__h1__lightgbm__s0.npz,0.0,True,27.0,0.05,-0.15725531071059776,-0.07007803510171358
cpu_core_weighted,cpu_weighted_mean_pct,lightgbm,1,2,independent,wls,4852,32,1000,0,-0.132715741700876,-0.0190909894941843,1.1492168649705437,1.0165011232696677,-0.1154836356358881,-0.1726579174864618,-0.0977955725180464,1.0,0.0,False,substantial_improvement,win,cpu_lightgbm,1.3925057184841705,1.4269366683624864,0.0247258947818154,1.4538023571418317,1.4923669717394907,0.0265267244947085,2.9401254134753323,3.012782434916393,0.0247122184339673,1,6,171.5725267317513,0.0,aggregate_focused_improvement,/Users/fgtek002/TimeTrack/results/final/packs/03_cpu_classical/metrics/predictions/base__cpu_core_weighted__f2__h1__lightgbm__s0.npz,0.0,True,27.0,0.05,-0.1502396307862114,-0.08509757861981347
cpu_core_weighted,cpu_weighted_mean_pct,lightgbm,1,2,independent,mint,4852,32,1000,0,-0.1380009294507292,-0.0178546559224291,1.1492168649705437,1.0112159355198145,-0.1200825828937572,-0.1838085684173945,-0.0969414396491349,1.0,0.0,False,substantial_improvement,win,cpu_lightgbm,1.3925057184841705,1.4050847085321467,0.0090333489342286,1.4538023571418317,1.4676869368309058,0.0095505277047227,2.9401254134753323,2.982489665576702,0.0144089949045042,3,4,171.5725267317513,0.0,pareto_improvement,/Users/fgtek002/TimeTrack/results/final/packs/03_cpu_classical/metrics/predictions/base__cpu_core_weighted__f2__h1__lightgbm__s0.npz,0.0,True,27.0,0.05,-0.15994245648501323,-0.08435434825577474
cpu_core_weighted,cpu_weighted_mean_pct,lightgbm,8,0,independent,bottom_up,4295,32,1000,0,-0.0932239088107169,-0.0295699706947068,1.08977444725631,0.9965505384455932,-0.0855442234357978,-0.1409027133156738,-0.0527482158410198,1.0,0.0,False,substantial_improvement,win,cpu_lightgbm,1.313124136803469,1.313124136803469,0.0,1.3772005875044395,1.3772005875044395,0.0,3.070396112709679,3.070396112709679,0.0,0,0,171.44483583057644,0.0,pareto_improvement,/Users/fgtek002/TimeTrack/results/final/packs/03_cpu_classical/metrics/predictions/base__cpu_core_weighted__f0__h8__lightgbm__s0.npz,0.0,True,27.0,0.05,-0.1292952992891511,-0.04840287453410408
cpu_core_weighted,cpu_weighted_mean_pct,lightgbm,8,0,independent,wls,4295,32,1000,0,-0.1034151076909682,-0.0278568644632072,1.08977444725631,0.986359339565342,-0.0948958823097136,-0.1328295064680373,-0.080016783881925,1.0,0.0,False,substantial_improvement,win,cpu_lightgbm,1.313124136803469,1.3583125090773407,0.0344128715689238,1.3772005875044395,1.427742932617064,0.0366993345567835,3.070396112709679,3.2913095560632093,0.0719494929136587,1,6,171.44483583057644,0.0,aggregate_focused_improvement,/Users/fgtek002/TimeTrack/results/final/packs/03_cpu_classical/metrics/predictions/base__cpu_core_weighted__f0__h8__lightgbm__s0.npz,0.0,True,27.0,0.05,-0.12188715454143548,-0.07342508725854298
cpu_core_weighted,cpu_weighted_mean_pct,lightgbm,8,0,independent,mint,4295,32,1000,0,-0.1096383731215997,-0.0299835887612669,1.08977444725631,0.9801360741347104,-0.1006064818253288,-0.1447389327798195,-0.0825999012415819,1.0,0.0,False,substantial_improvement,win,cpu_lightgbm,1.313124136803469,1.3422613888887174,0.022189259391863,1.3772005875044395,1.4096449781232898,0.0235582172366343,3.070396112709679,3.2366761480835513,0.0541558904030552,2,5,171.44483583057644,0.0,aggregate_focused_improvement,/Users/fgtek002/TimeTrack/results/final/packs/03_cpu_classical/metrics/predictions/base__cpu_core_weighted__f0__h8__lightgbm__s0.npz,0.0,True,27.0,0.05,-0.13281549511848442,-0.07579541018743925
cpu_core_weighted,cpu_weighted_mean_pct,lightgbm,8,1,independent,bottom_up,4778,32,1000,0,-0.0678200004909336,-0.0096811339290508,0.8619293246865776,0.7941093241956438,-0.0786839460597248,-0.1158283869424667,-0.029200299729549,1.0,0.0,False,substantial_improvement,win,cpu_lightgbm,1.0536113032789494,1.0536113032789494,0.0,1.09947138588605,1.09947138588605,0.0,2.081802796860142,2.081802796860142,0.0,0,0,132.7397281498307,0.0,pareto_improvement,/Users/fgtek002/TimeTrack/results/final/packs/03_cpu_classical/metrics/predictions/base__cpu_core_weighted__f1__h8__lightgbm__s0.npz,0.0,True,27.0,0.05,-0.1343826966144646,-0.033877835331994385
cpu_core_weighted,cpu_weighted_mean_pct,lightgbm,8,1,independent,wls,4778,32,1000,0,-0.07453490339261,-0.0149818786254225,0.8619293246865776,0.7873944212939675,-0.0864744953650499,-0.1066678379424352,-0.0473180951003885,1.0,0.0,False,substantial_improvement,win,cpu_lightgbm,1.0536113032789494,1.092892682804785,0.0372826102032006,1.09947138588605,1.141421374929106,0.0381546892275408,2.081802796860142,2.213935564647074,0.0634703575123544,0,7,132.7397281498307,0.0,aggregate_focused_improvement,/Users/fgtek002/TimeTrack/results/final/packs/03_cpu_classical/metrics/predictions/base__cpu_core_weighted__f1__h8__lightgbm__s0.npz,0.0,True,27.0,0.05,-0.12375473822197976,-0.05489788286016922
cpu_core_weighted,cpu_weighted_mean_pct,lightgbm,8,1,independent,mint,4778,32,1000,0,-0.0741397743284676,-0.0150713398087507,0.8619293246865776,0.7877895503581099,-0.0860160713935878,-0.1056749844290237,-0.0472221186405543,1.0,0.0,False,substantial_improvement,win,cpu_lightgbm,1.0536113032789494,1.0967304775472884,0.0409251249812407,1.09947138588605,1.1455001526274349,0.0418644517103924,2.081802796860142,2.256707587415843,0.0840160224683622,2,5,132.7397281498307,0.0,aggregate_focused_improvement,/Users/fgtek002/TimeTrack/results/final/packs/03_cpu_classical/metrics/predictions/base__cpu_core_weighted__f1__h8__lightgbm__s0.npz,0.0,True,27.0,0.05,-0.12260284155832636,-0.05478653212979571
cpu_core_weighted,cpu_weighted_mean_pct,lightgbm,8,2,independent,bottom_up,4341,32,1000,0,-0.1110586588156043,-0.0093205339489897,1.132114434314775,1.0210557754991707,-0.098098439035294,-0.1598235264671965,-0.0650780413277148,1.0,0.0,False,substantial_improvement,win,cpu_lightgbm,1.4066033305330028,1.4066033305330028,0.0,1.4694797779273212,1.4694797779273212,0.0,2.9643739478587205,2.9643739478587205,0.0,0,0,170.36132440790686,0.0,pareto_improvement,/Users/fgtek002/TimeTrack/results/final/packs/03_cpu_classical/metrics/predictions/base__cpu_core_weighted__f2__h8__lightgbm__s0.npz,0.0,True,27.0,0.05,-0.14117258964543763,-0.05748362476016306
cpu_core_weighted,cpu_weighted_mean_pct,lightgbm,8,2,independent,wls,4341,32,1000,0,-0.1204318715446599,-0.0177295953523191,1.132114434314775,1.0116825627701151,-0.1063778253278368,-0.1590737340753438,-0.0853550278728288,1.0,0.0,False,substantial_improvement,win,cpu_lightgbm,1.4066033305330028,1.4314726108477198,0.0176803792333502,1.4694797779273212,1.4975903944840094,0.0191296382426832,2.9643739478587205,3.0362060214358495,0.0242317854766656,1,6,170.36132440790686,0.0,pareto_improvement,/Users/fgtek002/TimeTrack/results/final/packs/03_cpu_classical/metrics/predictions/base__cpu_core_weighted__f2__h8__lightgbm__s0.npz,0.0,True,27.0,0.05,-0.14051029582678623,-0.07539434644209875
cpu_core_weighted,cpu_weighted_mean_pct,lightgbm,8,2,independent,mint,4341,32,1000,0,-0.1222514074072464,-0.0144045150522691,1.132114434314775,1.0098630269075288,-0.1079850266914407,-0.1668747480353015,-0.0822930369896021,1.0,0.0,False,substantial_improvement,win,cpu_lightgbm,1.4066033305330028,1.420622079120001,0.0099663837577337,1.4694797779273212,1.4847366216347533,0.0103824795254764,2.9643739478587205,3.0210474539558403,0.0191182040774771,3,4,170.36132440790686,0.0,pareto_improvement,/Users/fgtek002/TimeTrack/results/final/packs/03_cpu_classical/metrics/predictions/base__cpu_core_weighted__f2__h8__lightgbm__s0.npz,0.0,True,27.0,0.05,-0.14740095433577288,-0.0726896809149959
cpu_core_weighted,cpu_weighted_mean_pct,lightgbm,16,0,independent,bottom_up,3707,32,1000,0,-0.0864384040953425,-0.022495892982568,1.117143297745833,1.0307048936504906,-0.0773745000034978,-0.1358904416696668,-0.0338843861408127,1.0,0.0,False,substantial_improvement,win,cpu_lightgbm,1.3301354206145657,1.3301354206145657,0.0,1.3958832176436664,1.3958832176436664,0.0,3.160260297508352,3.160260297508352,0.0,0,0,183.11774023810403,0.0,pareto_improvement,/Users/fgtek002/TimeTrack/results/final/packs/03_cpu_classical/metrics/predictions/base__cpu_core_weighted__f0__h16__lightgbm__s0.npz,0.0,True,27.0,0.05,-0.1216410123427012,-0.030331279979197354
cpu_core_weighted,cpu_weighted_mean_pct,lightgbm,16,0,independent,wls,3707,32,1000,0,-0.0991239466887497,-0.0267559440092446,1.117143297745833,1.0180193510570834,-0.0887298405573945,-0.1299465894427765,-0.0706374465162743,1.0,0.0,False,substantial_improvement,win,cpu_lightgbm,1.3301354206145657,1.3870135076814685,0.0427611250594495,1.3958832176436664,1.459051311456015,0.0452531365188129,3.160260297508352,3.474064553048365,0.0992969648061667,1,6,183.11774023810403,0.0,aggregate_focused_improvement,/Users/fgtek002/TimeTrack/results/final/packs/03_cpu_classical/metrics/predictions/base__cpu_core_weighted__f0__h16__lightgbm__s0.npz,0.0,True,27.0,0.05,-0.11632043060633508,-0.0632304259075861
cpu_core_weighted,cpu_weighted_mean_pct,lightgbm,16,0,independent,mint,3707,32,1000,0,-0.1041475203972014,-0.0280126030520559,1.117143297745833,1.0129957773486316,-0.0932266438937153,-0.1399656751524808,-0.0701316991547778,1.0,0.0,False,substantial_improvement,win,cpu_lightgbm,1.3301354206145657,1.361131770103342,0.0233031532040965,1.3958832176436664,1.4305020696602446,0.0248006792968088,3.160260297508352,3.3298265504394307,0.0536557868555225,2,5,183.11774023810403,0.0,aggregate_focused_improvement,/Users/fgtek002/TimeTrack/results/final/packs/03_cpu_classical/metrics/predictions/base__cpu_core_weighted__f0__h16__lightgbm__s0.npz,0.0,True,27.0,0.05,-0.1252889181136412,-0.062777711056665
cpu_core_weighted,cpu_weighted_mean_pct,lightgbm,16,1,independent,bottom_up,4317,32,1000,0,-0.0654562628541001,-0.0103113394336097,0.8648501103571508,0.7993938475030506,-0.0756850951051727,-0.111773108422201,-0.0255074892424429,0.996,0.008,False,substantial_improvement,win,cpu_lightgbm,1.0595547963587733,1.0595547963587733,0.0,1.1057393689345605,1.1057393689345605,0.0,2.1888238664265955,2.1888238664265955,0.0,0,0,131.29275142248974,0.0,pareto_improvement,/Users/fgtek002/TimeTrack/results/final/packs/03_cpu_classical/metrics/predictions/base__cpu_core_weighted__f1__h16__lightgbm__s0.npz,0.008,True,27.0,0.05,-0.12923986143222307,-0.029493537593363157
cpu_core_weighted,cpu_weighted_mean_pct,lightgbm,16,1,independent,wls,4317,32,1000,0,-0.0755769849061497,-0.0143991285671593,0.8648501103571508,0.789273125451001,-0.0873873796176533,-0.1078062906401647,-0.0464853903246438,1.0,0.0,False,substantial_improvement,win,cpu_lightgbm,1.0595547963587733,1.0968776346047082,0.0352250193894617,1.1057393689345605,1.1456182258804664,0.0360653315476426,2.1888238664265955,2.2896318224234387,0.0460557642591036,1,6,131.29275142248974,0.0,aggregate_focused_improvement,/Users/fgtek002/TimeTrack/results/final/packs/03_cpu_classical/metrics/predictions/base__cpu_core_weighted__f1__h16__lightgbm__s0.npz,0.0,True,27.0,0.05,-0.12465315012290942,-0.05374964952649086
cpu_core_weighted,cpu_weighted_mean_pct,lightgbm,16,1,independent,mint,4317,32,1000,0,-0.0746617754195536,-0.0148498539872087,0.8648501103571508,0.7901883349375972,-0.0863291505954957,-0.1057224743191176,-0.0464992569913594,1.0,0.0,False,substantial_improvement,win,cpu_lightgbm,1.0595547963587733,1.103309909510883,0.0412957529921782,1.1057393689345605,1.1524583345882913,0.0422513360438158,2.1888238664265955,2.3451283791874475,0.0714102743296699,2,5,131.29275142248974,0.0,aggregate_focused_improvement,/Users/fgtek002/TimeTrack/results/final/packs/03_cpu_classical/metrics/predictions/base__cpu_core_weighted__f1__h16__lightgbm__s0.npz,0.0,True,27.0,0.05,-0.1222436963966602,-0.0537656831334125
cpu_core_weighted,cpu_weighted_mean_pct,lightgbm,16,2,independent,bottom_up,3798,32,1000,0,-0.1283625479828249,-0.0090667756048578,1.1549701444181844,1.0266075964353596,-0.1111392780178636,-0.1791300948384005,-0.0829740884201023,1.0,0.0,False,substantial_improvement,win,cpu_lightgbm,1.4253462967914117,1.4253462967914117,0.0,1.4897109941008846,1.4897109941008846,0.0,2.993716420164956,2.993716420164956,0.0,0,0,172.7779307352326,0.0,pareto_improvement,/Users/fgtek002/TimeTrack/results/final/packs/03_cpu_classical/metrics/predictions/base__cpu_core_weighted__f2__h16__lightgbm__s0.npz,0.0,True,27.0,0.05,-0.15509500025096942,-0.07184089460762681
cpu_core_weighted,cpu_weighted_mean_pct,lightgbm,16,2,independent,wls,3798,32,1000,0,-0.1340013063045604,-0.0163652492907443,1.1549701444181844,1.020968838113624,-0.11602144605397,-0.1744049697307621,-0.0964074069044017,1.0,0.0,False,substantial_improvement,win,cpu_lightgbm,1.4253462967914117,1.4514710302963831,0.0183286921667953,1.4897109941008846,1.5191500188212643,0.0197615677382765,2.993716420164956,3.0795750736452576,0.0286796213903155,1,6,172.7779307352326,0.0,pareto_improvement,/Users/fgtek002/TimeTrack/results/final/packs/03_cpu_classical/metrics/predictions/base__cpu_core_weighted__f2__h16__lightgbm__s0.npz,0.0,True,27.0,0.05,-0.15100387709036284,-0.08347177402838138
cpu_core_weighted,cpu_weighted_mean_pct,lightgbm,16,2,independent,mint,3798,32,1000,0,-0.137721080323167,-0.0131266262104835,1.1549701444181844,1.0172490640950174,-0.119242112870843,-0.183719702158346,-0.0953981144394543,1.0,0.0,False,substantial_improvement,win,cpu_lightgbm,1.4253462967914117,1.441106949178623,0.011057419816286,1.4897109941008846,1.5067034100289012,0.0114065184423723,2.993716420164956,3.0624579100806506,0.0229619243334701,3,4,172.7779307352326,0.0,pareto_improvement,/Users/fgtek002/TimeTrack/results/final/packs/03_cpu_classical/metrics/predictions/base__cpu_core_weighted__f2__h16__lightgbm__s0.npz,0.0,True,27.0,0.05,-0.15906878896068322,-0.08259790514975697
cpu_core_weighted,cpu_weighted_mean_pct,dlinear,1,0,independent,bottom_up,4847,32,1000,0,-0.0940648191289511,-0.0466765579979088,1.3150739218475105,1.2210091027185592,-0.0715281609392742,-0.1145444708016699,-0.0724622663152139,1.0,0.0,False,substantial_improvement,win,cpu_dlinear,1.575153039808047,1.575153039808047,0.0,1.6555129332682106,1.6555129332682106,0.0,3.80396444318714,3.80396444318714,0.0,0,0,111.46417771966372,0.0,pareto_improvement,/Users/fgtek002/TimeTrack/results/final/packs/04_cpu_dlinear/metrics/predictions/base__cpu_core_weighted__f0__h1__dlinear__s0.npz,0.0,True,27.0,0.05,-0.08710116511226197,-0.05510128754847004
cpu_core_weighted,cpu_weighted_mean_pct,dlinear,1,0,independent,wls,4847,32,1000,0,-0.0830129452042945,-0.0562021772223023,1.3150739218475105,1.2320609766432158,-0.0631241665013569,-0.0961258759960278,-0.0699725887881504,1.0,0.0,False,substantial_improvement,win,cpu_dlinear,1.575153039808047,1.5985322365886268,0.0148424922466128,1.6555129332682106,1.6806758281586167,0.0151994553378275,3.80396444318714,3.9420171231415737,0.036291790319356,1,6,111.46417771966372,0.0,pareto_improvement,/Users/fgtek002/TimeTrack/results/final/packs/04_cpu_dlinear/metrics/predictions/base__cpu_core_weighted__f0__h1__dlinear__s0.npz,0.0,True,27.0,0.05,-0.07309541646220408,-0.05320810307746645
cpu_core_weighted,cpu_weighted_mean_pct,dlinear,1,0,independent,mint,4847,32,1000,0,-0.0908326723899763,-0.0555062846217241,1.3150739218475105,1.224241249457534,-0.0690703928356879,-0.1064196423482312,-0.0750709178143413,1.0,0.0,False,substantial_improvement,win,cpu_dlinear,1.575153039808047,1.58411482549336,0.0056894698221863,1.6555129332682106,1.6653115459750916,0.0059187775039227,3.80396444318714,3.8526580454335777,0.0128007511567693,1,6,111.46417771966372,0.0,pareto_improvement,/Users/fgtek002/TimeTrack/results/final/packs/04_cpu_dlinear/metrics/predictions/base__cpu_core_weighted__f0__h1__dlinear__s0.npz,0.0,True,27.0,0.05,-0.08092293564663287,-0.057084941437266334
cpu_core_weighted,cpu_weighted_mean_pct,dlinear,1,1,independent,bottom_up,5261,32,1000,0,-0.1226226373279124,-0.058040677561965,1.0373307869955866,0.914708149667674,-0.1182097734542936,-0.1448826989247002,-0.1047859248412233,1.0,0.0,False,substantial_improvement,win,cpu_dlinear,1.2367952560255815,1.2367952560255815,0.0,1.294655974079128,1.294655974079128,0.0,2.521418662889581,2.521418662889581,0.0,0,0,110.22891972876208,0.0,pareto_improvement,/Users/fgtek002/TimeTrack/results/final/packs/04_cpu_dlinear/metrics/predictions/base__cpu_core_weighted__f1__h1__dlinear__s0.npz,0.0,True,27.0,0.05,-0.13966875440410179,-0.10101495699815677
cpu_core_weighted,cpu_weighted_mean_pct,dlinear,1,1,independent,wls,5261,32,1000,0,-0.1014427878259858,-0.0716289071261576,1.0373307869955866,0.9358879991696007,-0.0977921306276793,-0.1160144356590149,-0.0895684852853635,1.0,0.0,False,substantial_improvement,win,cpu_dlinear,1.2367952560255815,1.2702575586311358,0.027055652455431,1.294655974079128,1.330400955650845,0.0276096370675937,2.521418662889581,2.663170294671964,0.0562189984030392,0,7,110.22891972876208,0.0,aggregate_focused_improvement,/Users/fgtek002/TimeTrack/results/final/packs/04_cpu_dlinear/metrics/predictions/base__cpu_core_weighted__f1__h1__dlinear__s0.npz,0.0,True,27.0,0.05,-0.1118393834574472,-0.08634515277887397
cpu_core_weighted,cpu_weighted_mean_pct,dlinear,1,1,independent,mint,5261,32,1000,0,-0.1031646033681778,-0.0723800817511394,1.0373307869955866,0.9341661836274088,-0.0994519825898282,-0.1181161253471015,-0.0909836722015087,1.0,0.0,False,substantial_improvement,win,cpu_dlinear,1.2367952560255815,1.267703863608984,0.0249908846535573,1.294655974079128,1.327670304894221,0.0255004661285217,2.521418662889581,2.634384464712257,0.0448024770678961,0,7,110.22891972876208,0.0,aggregate_focused_improvement,/Users/fgtek002/TimeTrack/results/final/packs/04_cpu_dlinear/metrics/predictions/base__cpu_core_weighted__f1__h1__dlinear__s0.npz,0.0,True,27.0,0.05,-0.11386543890131745,-0.08770941086692706
cpu_core_weighted,cpu_weighted_mean_pct,dlinear,1,2,independent,bottom_up,4852,32,1000,0,-0.0714616857010923,-0.0136543468312627,1.3941457895497489,1.3226841038486563,-0.0512584022680807,-0.0934057373933616,-0.0516205049528827,1.0,0.0,False,substantial_improvement,win,cpu_dlinear,1.7869284186851797,1.7869284186851797,0.0,1.8753384173934489,1.8753384173934489,0.0,4.1877380061158105,4.1877380061158105,0.0,0,0,124.6056828390192,0.0,pareto_improvement,/Users/fgtek002/TimeTrack/results/final/packs/04_cpu_dlinear/metrics/predictions/base__cpu_core_weighted__f2__h1__dlinear__s0.npz,0.0,True,27.0,0.05,-0.0669985435479655,-0.0370266189804683
cpu_core_weighted,cpu_weighted_mean_pct,dlinear,1,2,independent,wls,4852,32,1000,0,-0.0728274877982108,-0.0353323318748632,1.3941457895497489,1.321318301751538,-0.052238071759863,-0.086157975270076,-0.0601681589820086,1.0,0.0,False,substantial_improvement,win,cpu_dlinear,1.7869284186851797,1.813856459031224,0.0150694566522467,1.8753384173934489,1.9043647468315708,0.0154779154359062,4.1877380061158105,4.317782777461604,0.0310537027760272,2,5,124.6056828390192,0.0,pareto_improvement,/Users/fgtek002/TimeTrack/results/final/packs/04_cpu_dlinear/metrics/predictions/base__cpu_core_weighted__f2__h1__dlinear__s0.npz,0.0,True,27.0,0.05,-0.06179983177935892,-0.04315772384281304
cpu_core_weighted,cpu_weighted_mean_pct,dlinear,1,2,independent,mint,4852,32,1000,0,-0.0758724688818445,-0.0339383816948726,1.3941457895497489,1.318273320667904,-0.0544221913164105,-0.0919440906745665,-0.0611894880171639,1.0,0.0,False,substantial_improvement,win,cpu_dlinear,1.7869284186851797,1.804062536723276,0.0095885866825619,1.8753384173934489,1.893703822596456,0.0097931152226559,4.1877380061158105,4.2961114510977385,0.0258787547892581,1,6,124.6056828390192,0.0,pareto_improvement,/Users/fgtek002/TimeTrack/results/final/packs/04_cpu_dlinear/metrics/predictions/base__cpu_core_weighted__f2__h1__dlinear__s0.npz,0.0,True,27.0,0.05,-0.06595012613728198,-0.043890307940409566
cpu_core_weighted,cpu_weighted_mean_pct,dlinear,8,0,independent,bottom_up,4295,32,1000,0,-0.0928081073776648,-0.0608441986909763,1.2969408053016054,1.2041326979239406,-0.0715592469589096,-0.1138305485306201,-0.0737548842779341,1.0,0.0,False,substantial_improvement,win,cpu_dlinear,1.557280324896084,1.557280324896084,0.0,1.6364761921099955,1.6364761921099955,0.0,3.715498632576185,3.715498632576185,0.0,0,0,96.52036216500537,0.0,pareto_improvement,/Users/fgtek002/TimeTrack/results/final/packs/04_cpu_dlinear/metrics/predictions/base__cpu_core_weighted__f0__h8__dlinear__s0.npz,0.0,True,27.0,0.05,-0.08776849958402584,-0.05686835048788699
cpu_core_weighted,cpu_weighted_mean_pct,dlinear,8,0,independent,wls,4295,32,1000,0,-0.0753597334581577,-0.0516581611805213,1.2969408053016054,1.221581071843448,-0.0581057617665383,-0.088737643091117,-0.0632116145788213,1.0,0.0,False,substantial_improvement,win,cpu_dlinear,1.557280324896084,1.582389640807347,0.0161238253061076,1.6364761921099955,1.6633765782513137,0.0164379941920414,3.715498632576185,3.855114844052195,0.0375767091533568,2,5,96.52036216500537,0.0,pareto_improvement,/Users/fgtek002/TimeTrack/results/final/packs/04_cpu_dlinear/metrics/predictions/base__cpu_core_weighted__f0__h8__dlinear__s0.npz,0.0,True,27.0,0.05,-0.06842073495442294,-0.04873901285272719
cpu_core_weighted,cpu_weighted_mean_pct,dlinear,8,0,independent,mint,4295,32,1000,0,-0.0874158436001785,-0.0566386180288264,1.2969408053016054,1.209524961701427,-0.0674015677838509,-0.104502619412649,-0.0721901510525263,1.0,0.0,False,substantial_improvement,win,cpu_dlinear,1.557280324896084,1.5643657384221734,0.0045498638959316,1.6364761921099955,1.644210671382742,0.0047263011280194,3.715498632576185,3.750656478719843,0.0094624839410266,3,4,96.52036216500537,0.0,pareto_improvement,/Users/fgtek002/TimeTrack/results/final/packs/04_cpu_dlinear/metrics/predictions/base__cpu_core_weighted__f0__h8__dlinear__s0.npz,0.0,True,27.0,0.05,-0.08057624448661461,-0.05566187042417744
cpu_core_weighted,cpu_weighted_mean_pct,dlinear,8,1,independent,bottom_up,4778,32,1000,0,-0.0975036787432677,-0.0521321926790081,1.033701682753594,0.9361980040103264,-0.0943247750971396,-0.1194311117121723,-0.0787204747798386,1.0,0.0,False,substantial_improvement,win,cpu_dlinear,1.2479594190188588,1.2479594190188588,0.0,1.3064910552264788,1.3064910552264788,0.0,2.5136512254844923,2.5136512254844923,0.0,0,0,97.31203887243764,0.0,pareto_improvement,/Users/fgtek002/TimeTrack/results/final/packs/04_cpu_dlinear/metrics/predictions/base__cpu_core_weighted__f1__h8__dlinear__s0.npz,0.0,True,27.0,0.05,-0.11553730994616304,-0.07615395823884266
cpu_core_weighted,cpu_weighted_mean_pct,dlinear,8,1,independent,wls,4778,32,1000,0,-0.0785583906164662,-0.0500475495199797,1.033701682753594,0.9551432921371278,-0.0759971584908336,-0.0923207364660938,-0.0667181136853484,1.0,0.0,False,substantial_improvement,win,cpu_dlinear,1.2479594190188588,1.2821300785684169,0.0273812265277207,1.3064910552264788,1.3429884817391626,0.0279354583919114,2.5136512254844923,2.635657820612347,0.048537598967947,0,7,97.31203887243764,0.0,aggregate_focused_improvement,/Users/fgtek002/TimeTrack/results/final/packs/04_cpu_dlinear/metrics/predictions/base__cpu_core_weighted__f1__h8__dlinear__s0.npz,0.0,True,27.0,0.05,-0.08931081181968098,-0.06454290904085928
cpu_core_weighted,cpu_weighted_mean_pct,dlinear,8,1,independent,mint,4778,32,1000,0,-0.0799972858081454,-0.0500914905484715,1.033701682753594,0.9537043969454486,-0.0773891415123241,-0.0941496311386374,-0.0678194224201161,1.0,0.0,False,substantial_improvement,win,cpu_dlinear,1.2479594190188588,1.280881989196534,0.0263811223954371,1.3064910552264788,1.3416639148319067,0.0269216229722527,2.5136512254844923,2.650510430488582,0.0544463780879985,1,6,97.31203887243764,0.0,aggregate_focused_improvement,/Users/fgtek002/TimeTrack/results/final/packs/04_cpu_dlinear/metrics/predictions/base__cpu_core_weighted__f1__h8__dlinear__s0.npz,0.0,True,27.0,0.05,-0.09108007920412767,-0.06560831190625271
cpu_core_weighted,cpu_weighted_mean_pct,dlinear,8,2,independent,bottom_up,4341,32,1000,0,-0.0511926216775908,-0.005915502498095,1.3866029396631767,1.335410317985586,-0.03691945272381,-0.0725152349828652,-0.0283378224923346,1.0,0.0,False,modest_improvement,win,cpu_dlinear,1.8011602017995865,1.8011602017995865,0.0,1.8915491646686728,1.8915491646686728,0.0,4.345692021122366,4.345692021122366,0.0,0,0,116.15117033739224,0.0,pareto_improvement,/Users/fgtek002/TimeTrack/results/final/packs/04_cpu_dlinear/metrics/predictions/base__cpu_core_weighted__f2__h8__dlinear__s0.npz,0.0,True,27.0,0.05,-0.05229704402651855,-0.02043686889861795
cpu_core_weighted,cpu_weighted_mean_pct,dlinear,8,2,independent,wls,4341,32,1000,0,-0.0570250299602386,-0.031468437811462,1.3866029396631767,1.329577909702938,-0.041125709696022,-0.0698232389742652,-0.0429140884843671,1.0,0.0,False,modest_improvement,win,cpu_dlinear,1.8011602017995865,1.814951294024892,0.0076567826734826,1.8915491646686728,1.906626793291622,0.0079710477023684,4.345692021122366,4.390494377462095,0.0103096022732319,0,7,116.15117033739224,0.0,pareto_improvement,/Users/fgtek002/TimeTrack/results/final/packs/04_cpu_dlinear/metrics/predictions/base__cpu_core_weighted__f2__h8__dlinear__s0.npz,0.0,True,27.0,0.05,-0.05035561152872368,-0.030949082290847783
cpu_core_weighted,cpu_weighted_mean_pct,dlinear,8,2,independent,mint,4341,32,1000,0,-0.0584466456971075,-0.0284236171690867,1.3866029396631767,1.3281562939660692,-0.0421509604698407,-0.0733692780557122,-0.0421574341795073,1.0,0.0,False,modest_improvement,win,cpu_dlinear,1.8011602017995865,1.8086031937677551,0.0041323320161817,1.8915491646686728,1.899641711084495,0.0042782638521794,4.345692021122366,4.373446146821645,0.0063865836705361,2,5,116.15117033739224,0.0,pareto_improvement,/Users/fgtek002/TimeTrack/results/final/packs/04_cpu_dlinear/metrics/predictions/base__cpu_core_weighted__f2__h8__dlinear__s0.npz,0.0,True,27.0,0.05,-0.05291296877932086,-0.03040339305046322
cpu_core_weighted,cpu_weighted_mean_pct,dlinear,16,0,independent,bottom_up,3707,32,1000,0,-0.0907162597861748,-0.0416165439774453,1.3105642612208253,1.2198480014346502,-0.0692192382094033,-0.1165030567874037,-0.0667950141539441,1.0,0.0,False,substantial_improvement,win,cpu_dlinear,1.5673332525454258,1.5673332525454258,0.0,1.646996606229591,1.646996606229591,0.0,3.7952577233468663,3.7952577233468663,0.0,0,0,116.57592199027869,0.0,pareto_improvement,/Users/fgtek002/TimeTrack/results/final/packs/04_cpu_dlinear/metrics/predictions/base__cpu_core_weighted__f0__h16__dlinear__s0.npz,0.0,True,27.0,0.05,-0.08889534091130948,-0.05096660738461063
cpu_core_weighted,cpu_weighted_mean_pct,dlinear,16,0,independent,wls,3707,32,1000,0,-0.0794298596506946,-0.0529263518908166,1.3105642612208253,1.2311344015701309,-0.0606073750070855,-0.0955705405487697,-0.0654129766822488,1.0,0.0,False,substantial_improvement,win,cpu_dlinear,1.5673332525454258,1.5926917635649551,0.0161793996129069,1.646996606229591,1.674227447572325,0.0165336353698215,3.7952577233468663,3.9715671777574486,0.0464551994258515,3,4,116.57592199027869,0.0,pareto_improvement,/Users/fgtek002/TimeTrack/results/final/packs/04_cpu_dlinear/metrics/predictions/base__cpu_core_weighted__f0__h16__dlinear__s0.npz,0.0,True,27.0,0.05,-0.0729232006218018,-0.04991207117254585
cpu_core_weighted,cpu_weighted_mean_pct,dlinear,16,0,independent,mint,3707,32,1000,0,-0.0883834427723296,-0.0543792134362066,1.3105642612208253,1.2221808184484957,-0.0674392285731934,-0.1078944400345163,-0.0708162674950024,1.0,0.0,False,substantial_improvement,win,cpu_dlinear,1.5673332525454258,1.5753213484023862,0.0050966160795653,1.646996606229591,1.6557237294438616,0.0052988106844062,3.7952577233468663,3.85722590093359,0.0163277917084577,3,4,116.57592199027869,0.0,pareto_improvement,/Users/fgtek002/TimeTrack/results/final/packs/04_cpu_dlinear/metrics/predictions/base__cpu_core_weighted__f0__h16__dlinear__s0.npz,0.0,True,27.0,0.05,-0.0823267070734935,-0.05403494478709131
cpu_core_weighted,cpu_weighted_mean_pct,dlinear,16,1,independent,bottom_up,4317,32,1000,0,-0.1077071227014425,-0.0447156406345559,1.0368843629622824,0.9291772402608398,-0.1038757324816176,-0.1307255249935353,-0.0862193385283524,1.0,0.0,False,substantial_improvement,win,cpu_dlinear,1.2538743953308449,1.2538743953308449,0.0,1.3129906941853142,1.3129906941853142,0.0,2.580660749673509,2.580660749673509,0.0,0,0,104.45388158119104,0.0,pareto_improvement,/Users/fgtek002/TimeTrack/results/final/packs/04_cpu_dlinear/metrics/predictions/base__cpu_core_weighted__f1__h16__dlinear__s0.npz,0.0,True,27.0,0.05,-0.12607531723215942,-0.08315231824118917
cpu_core_weighted,cpu_weighted_mean_pct,dlinear,16,1,independent,wls,4317,32,1000,0,-0.0899768493965253,-0.0591920358877473,1.0368843629622824,0.946907513565757,-0.0867761658006587,-0.1049726747073573,-0.0759122227801523,1.0,0.0,False,substantial_improvement,win,cpu_dlinear,1.2538743953308449,1.2822271435291068,0.0226121119498423,1.3129906941853142,1.343269919608527,0.023061264300887,2.580660749673509,2.6530522636119116,0.0280515422058328,0,7,104.45388158119104,0.0,aggregate_focused_improvement,/Users/fgtek002/TimeTrack/results/final/packs/04_cpu_dlinear/metrics/predictions/base__cpu_core_weighted__f1__h16__dlinear__s0.npz,0.0,True,27.0,0.05,-0.10123855509544007,-0.07321185031981593
cpu_core_weighted,cpu_weighted_mean_pct,dlinear,16,1,independent,mint,4317,32,1000,0,-0.0923425160681351,-0.0605587047224182,1.0368843629622824,0.9445418468941472,-0.089057680264674,-0.1080327164748995,-0.0777777421145662,1.0,0.0,False,substantial_improvement,win,cpu_dlinear,1.2538743953308449,1.2780177752061497,0.0192550226443808,1.3129906941853142,1.3387757136600644,0.0196383870723084,2.580660749673509,2.6607862339680457,0.0310484376160925,0,7,104.45388158119104,0.0,pareto_improvement,/Users/fgtek002/TimeTrack/results/final/packs/04_cpu_dlinear/metrics/predictions/base__cpu_core_weighted__f1__h16__dlinear__s0.npz,0.0,True,27.0,0.05,-0.10418974413526698,-0.07501100883840356
cpu_core_weighted,cpu_weighted_mean_pct,dlinear,16,2,independent,bottom_up,3798,32,1000,0,-0.0606507073101677,-0.02005819832962,1.3862077577261862,1.3255570504160183,-0.043752970629492,-0.087451842040938,-0.0319158850586702,1.0,0.0,False,modest_improvement,win,cpu_dlinear,1.7937131852375665,1.7937131852375665,0.0,1.8840129615648535,1.8840129615648535,0.0,4.262739360245905,4.262739360245905,0.0,0,0,122.93967073314612,0.0,pareto_improvement,/Users/fgtek002/TimeTrack/results/final/packs/04_cpu_dlinear/metrics/predictions/base__cpu_core_weighted__f2__h16__dlinear__s0.npz,0.0,True,27.0,0.05,-0.06308711053845661,-0.02302388287814968
cpu_core_weighted,cpu_weighted_mean_pct,dlinear,16,2,independent,wls,3798,32,1000,0,-0.0660054021792278,-0.046645184571643,1.3862077577261862,1.3202023555469584,-0.0476158078118804,-0.0817151729417414,-0.0488101337372728,1.0,0.0,False,modest_improvement,win,cpu_dlinear,1.7937131852375665,1.8160718890503096,0.0124650384446951,1.8840129615648535,1.9082010658917297,0.0128386082369545,4.262739360245905,4.35743202973623,0.0222140416027833,2,5,122.93967073314612,0.0,pareto_improvement,/Users/fgtek002/TimeTrack/results/final/packs/04_cpu_dlinear/metrics/predictions/base__cpu_core_weighted__f2__h16__dlinear__s0.npz,0.0,True,27.0,0.05,-0.0589487199781509,-0.035211268632154145
cpu_core_weighted,cpu_weighted_mean_pct,dlinear,16,2,independent,mint,3798,32,1000,0,-0.067755365971614,-0.0411101953456942,1.3862077577261862,1.318452391754572,-0.0488782187186387,-0.0861914318806196,-0.0482167714123842,1.0,0.0,False,modest_improvement,win,cpu_dlinear,1.7937131852375665,1.8082330003896427,0.0080948366057493,1.8840129615648535,1.899618609502198,0.0082831956338465,4.262739360245905,4.3321536030581695,0.016283951925285,1,6,122.93967073314612,0.0,pareto_improvement,/Users/fgtek002/TimeTrack/results/final/packs/04_cpu_dlinear/metrics/predictions/base__cpu_core_weighted__f2__h16__dlinear__s0.npz,0.0,True,27.0,0.05,-0.06217785999264676,-0.034783221449773714
disk_ud,disk_level,persistence,1,0,independent,bottom_up,8276,32,1000,0,0.0,0.0,1848015504.270662,1848015504.270662,0.0,0.0,0.0,0.0,1.0,True,accuracy_neutral,tie,disk_persistence,292520190.6743079,292520190.6743079,0.0,304008637.9728151,304008637.9728151,0.0,908892486.6505558,908892486.6505558,0.0,0,0,0.0,0.0,coherence_only,/Users/fgtek002/TimeTrack/results/final/packs/05_disk_boundary/metrics/predictions/base__disk_ud__f0__h1__persistence__s0.npz,1.0,False,24.0,0.05,0.0,0.0
disk_ud,disk_level,persistence,1,0,independent,top_down,8276,32,1000,0,0.0,0.0,1848015504.270662,1848015504.270662,0.0,0.0,0.0,0.0,1.0,True,accuracy_neutral,tie,disk_persistence,292520190.6743079,292520190.6743079,0.0,304008637.9728151,304008637.97281516,1.9606233945471168e-16,908892486.6505558,908892486.6505558,0.0,0,2,0.0,7.374958464233929e-08,coherence_only,/Users/fgtek002/TimeTrack/results/final/packs/05_disk_boundary/metrics/predictions/base__disk_ud__f0__h1__persistence__s0.npz,1.0,False,24.0,0.05,0.0,0.0
disk_ud,disk_level,persistence,1,0,independent,wls,8276,32,1000,0,0.0411719003698571,0.190185546875,1848015504.270662,1848015504.311834,2.227904879193077e-11,0.0382706794720332,0.044290466087345,0.0,0.0,False,accuracy_neutral,loss,disk_persistence,292520190.6743079,292520190.68667394,4.2274197940849536e-11,304008637.9728151,304008637.98230577,3.1218418124355375e-11,908892486.6505558,908892486.7366196,9.46909157144491e-11,0,7,0.0,0.0,coherence_only,/Users/fgtek002/TimeTrack/results/final/packs/05_disk_boundary/metrics/predictions/base__disk_ud__f0__h1__persistence__s0.npz,0.0,True,24.0,0.05,2.0709068394497647e-11,2.3966501355098034e-11
disk_ud,disk_level,persistence,1,0,independent,mint,8276,32,1000,0,0.0698990155787442,0.320068359375,1848015504.270662,1848015504.3405612,3.782386133790813e-11,0.0649444768139565,0.0751150323896375,0.0,0.0,False,accuracy_neutral,loss,disk_persistence,292520190.6743079,292520190.69074094,5.6177524468786316e-11,304008637.9728151,304008637.9862279,4.411990824749377e-11,908892486.6505558,908892486.7527412,1.1242857570950511e-10,1,6,0.0,0.0,coherence_only,/Users/fgtek002/TimeTrack/results/final/packs/05_disk_boundary/metrics/predictions/base__disk_ud__f0__h1__persistence__s0.npz,0.0,True,24.0,0.05,3.514282031934981e-11,4.0646321535750535e-11
disk_ud,disk_level,persistence,1,1,independent,bottom_up,8276,32,1000,0,0.0,0.0,1145989203.1474142,1145989203.1474142,0.0,0.0,0.0,0.0,1.0,True,accuracy_neutral,tie,disk_persistence,181207052.8680522,181207052.8680522,0.0,148032072.2609138,148032072.2609138,0.0,735652275.5340744,735652275.5340744,0.0,0,0,0.0,0.0,coherence_only,/Users/fgtek002/TimeTrack/results/final/packs/05_disk_boundary/metrics/predictions/base__disk_ud__f1__h1__persistence__s0.npz,1.0,False,24.0,0.05,0.0,0.0
disk_ud,disk_level,persistence,1,1,independent,top_down,8276,32,1000,0,0.0,0.0,1145989203.1474142,1145989203.1474142,0.0,0.0,0.0,0.0,1.0,True,accuracy_neutral,tie,disk_persistence,181207052.8680522,181207052.86805227,3.2893115268969343e-16,148032072.2609138,148032072.26091385,4.02646830953866e-16,735652275.5340744,735652275.5340747,3.240914043642066e-16,1,3,0.0,0.0,coherence_only,/Users/fgtek002/TimeTrack/results/final/packs/05_disk_boundary/metrics/predictions/base__disk_ud__f1__h1__persistence__s0.npz,1.0,False,24.0,0.05,0.0,0.0
disk_ud,disk_level,persistence,1,1,independent,wls,8276,32,1000,0,-0.0521854863413409,-0.104248046875,1145989203.1474142,1145989203.095229,-4.553754545643422e-11,-0.0584547851326501,-0.0460377958213839,1.0,0.0,False,accuracy_neutral,win,disk_persistence,181207052.8680522,181207052.88706875,1.0494367514430688e-10,148032072.2609138,148032072.28331193,1.513060221655973e-10,735652275.5340744,735652275.5614505,3.7213309369013476e-11,1,6,0.0,0.0,coherence_only,/Users/fgtek002/TimeTrack/results/final/packs/05_disk_boundary/metrics/predictions/base__disk_ud__f1__h1__persistence__s0.npz,0.0,True,24.0,0.05,-5.100814647477161e-11,-4.0172975185929245e-11
disk_ud,disk_level,persistence,1,1,independent,mint,8276,32,1000,0,0.1845624507942771,0.8267822265625,1145989203.1474142,1145989203.3319764,1.6105056292102728e-10,0.1690101811596597,0.2001687571183099,0.0,0.0,False,accuracy_neutral,loss,disk_persistence,181207052.8680522,181207052.91176945,2.4125570519929004e-10,148032072.2609138,148032072.30285522,2.8332667039241277e-10,735652275.5340744,735652275.6705084,1.8545984773609763e-10,2,5,0.0,0.0,coherence_only,/Users/fgtek002/TimeTrack/results/final/packs/05_disk_boundary/metrics/predictions/base__disk_ud__f1__h1__persistence__s0.npz,0.0,True,24.0,0.05,1.474797325275665e-10,1.746689729436842e-10
disk_ud,disk_level,persistence,1,2,independent,bottom_up,8279,32,1000,0,0.0,0.0,1654563840.6184323,1654563840.6184323,0.0,0.0,0.0,0.0,1.0,True,accuracy_neutral,tie,disk_persistence,264898218.51942092,264898218.51942092,0.0,215614729.72227508,215614729.72227508,0.0,978161272.656118,978161272.656118,0.0,0,0,0.0,0.0,coherence_only,/Users/fgtek002/TimeTrack/results/final/packs/05_disk_boundary/metrics/predictions/base__disk_ud__f2__h1__persistence__s0.npz,1.0,False,24.0,0.05,0.0,0.0
disk_ud,disk_level,persistence,1,2,independent,top_down,8279,32,1000,0,0.0,0.0,1654563840.6184323,1654563840.6184323,0.0,0.0,0.0,0.0,1.0,True,accuracy_neutral,tie,disk_persistence,264898218.51942092,264898218.51942092,0.0,215614729.72227508,215614729.7222751,1.3822025251281542e-16,978161272.656118,978161272.656118,0.0,0,2,0.0,0.0,coherence_only,/Users/fgtek002/TimeTrack/results/final/packs/05_disk_boundary/metrics/predictions/base__disk_ud__f2__h1__persistence__s0.npz,1.0,False,24.0,0.05,0.0,0.0
disk_ud,disk_level,persistence,1,2,independent,wls,8279,32,1000,0,0.0491118990348321,0.1610107421875,1654563840.6184323,1654563840.667544,2.9682652251589246e-11,0.0462214741186756,0.0520649294041683,0.0,0.0,False,accuracy_neutral,loss,disk_persistence,264898218.51942092,264898218.53917575,7.457515997263746e-11,215614729.72227508,215614729.73542815,6.100267912501602e-11,978161272.656118,978161272.7943828,1.4135183875152455e-10,2,5,0.0,0.0,coherence_only,/Users/fgtek002/TimeTrack/results/final/packs/05_disk_boundary/metrics/predictions/base__disk_ud__f2__h1__persistence__s0.npz,0.0,True,24.0,0.05,2.7935745351112736e-11,3.146746479404977e-11
disk_ud,disk_level,persistence,1,2,independent,mint,8279,32,1000,0,0.0612214686631839,0.1943359375,1654563840.6184323,1654563840.6796536,3.7001510402521176e-11,0.0575425681694649,0.065016589191804,0.0,0.0,False,accuracy_neutral,loss,disk_persistence,264898218.51942092,264898218.54132208,8.267764351531961e-11,215614729.72227508,215614729.73506543,5.932040043168254e-11,978161272.656118,978161272.8257182,1.7338679528402942e-10,3,4,0.0,0.0,coherence_only,/Users/fgtek002/TimeTrack/results/final/packs/05_disk_boundary/metrics/predictions/base__disk_ud__f2__h1__persistence__s0.npz,0.0,True,24.0,0.05,3.4778088797079604e-11,3.929530405276022e-11
disk_ud,disk_level,persistence,8,0,independent,bottom_up,8269,32,1000,0,0.0,0.0,1849506840.3956947,1849506840.3956947,0.0,0.0,0.0,0.0,1.0,True,accuracy_neutral,tie,disk_persistence,292749791.3515194,292749791.3515194,0.0,304293568.0660312,304293568.0660312,0.0,909633993.94558,909633993.94558,0.0,0,0,0.0,0.0,coherence_only,/Users/fgtek002/TimeTrack/results/final/packs/05_disk_boundary/metrics/predictions/base__disk_ud__f0__h8__persistence__s0.npz,1.0,False,24.0,0.05,0.0,0.0
disk_ud,disk_level,persistence,8,0,independent,top_down,8269,32,1000,0,0.0,0.0,1849506840.3956947,1849506840.3956947,0.0,0.0,0.0,0.0,1.0,True,accuracy_neutral,tie,disk_persistence,292749791.3515194,292749791.3515194,0.0,304293568.0660312,304293568.0660312,0.0,909633993.94558,909633993.94558,0.0,0,2,0.0,7.38120162655702e-08,coherence_only,/Users/fgtek002/TimeTrack/results/final/packs/05_disk_boundary/metrics/predictions/base__disk_ud__f0__h8__persistence__s0.npz,1.0,False,24.0,0.05,0.0,0.0
disk_ud,disk_level,persistence,8,0,independent,wls,8269,32,1000,0,-0.0229415127755018,-0.09765625,1849506840.3956947,1849506840.3727536,-1.240403681447398e-11,-0.024644553437892,-0.0211956305116908,1.0,0.0,False,accuracy_neutral,win,disk_persistence,292749791.3515194,292749791.3498929,-5.555910182282074e-12,304293568.0660312,304293568.06474817,-4.216486045333166e-12,909633993.94558,909633993.9343013,-1.239921615434134e-11,2,5,0.0,0.0,coherence_only,/Users/fgtek002/TimeTrack/results/final/packs/05_disk_boundary/metrics/predictions/base__disk_ud__f0__h8__persistence__s0.npz,0.0,True,24.0,0.05,-1.3324932300666374e-11,-1.1460152538368594e-11
disk_ud,disk_level,persistence,8,0,independent,mint,8269,32,1000,0,0.0083996450645861,0.038330078125,1849506840.3956947,1849506840.4040945,4.541473628694993e-12,0.0077541944121115,0.0090106491253098,0.0,0.0,False,accuracy_neutral,loss,disk_persistence,292749791.3515194,292749791.35340333,6.4352701968407186e-12,304293568.0660312,304293568.0678696,6.041488390607212e-12,909633993.94558,909633993.9528482,7.990367160393877e-12,1,6,0.0,0.0,coherence_only,/Users/fgtek002/TimeTrack/results/final/packs/05_disk_boundary/metrics/predictions/base__disk_ud__f0__h8__persistence__s0.npz,0.0,True,24.0,0.05,4.192574065015364e-12,4.871919869937873e-12
disk_ud,disk_level,persistence,8,1,independent,bottom_up,8269,32,1000,0,0.0,0.0,1146936385.5092514,1146936385.5092514,0.0,0.0,0.0,0.0,1.0,True,accuracy_neutral,tie,disk_persistence,181352825.06297183,181352825.06297183,0.0,148148770.58089188,148148770.58089188,0.0,736274221.7264482,736274221.7264482,0.0,0,0,0.0,0.0,coherence_only,/Users/fgtek002/TimeTrack/results/final/packs/05_disk_boundary/metrics/predictions/base__disk_ud__f1__h8__persistence__s0.npz,1.0,False,24.0,0.05,0.0,0.0
disk_ud,disk_level,persistence,8,1,independent,top_down,8269,32,1000,0,0.0,0.0,1146936385.5092514,1146936385.5092514,0.0,0.0,0.0,0.0,1.0,True,accuracy_neutral,tie,disk_persistence,181352825.06297183,181352825.06297192,3.2866675638879003e-16,148148770.58089188,148148770.58089194,4.0232966187758834e-16,736274221.7264482,736274221.7264484,3.2381763759500926e-16,1,3,0.0,0.0,coherence_only,/Users/fgtek002/TimeTrack/results/final/packs/05_disk_boundary/metrics/predictions/base__disk_ud__f1__h8__persistence__s0.npz,1.0,False,24.0,0.05,0.0,0.0
disk_ud,disk_level,persistence,8,1,independent,wls,8269,32,1000,0,-0.002239958495208,-0.0382080078125,1146936385.5092514,1146936385.5070114,-1.952978891383433e-12,-0.0036302524778398,-0.0008214764416844,1.0,0.0,False,accuracy_neutral,win,disk_persistence,181352825.06297183,181352825.07389525,6.023278444283521e-11,148148770.58089188,148148770.59462363,9.268890866818972e-11,736274221.7264482,736274221.7355452,1.2355423871256377e-11,1,6,0.0,0.0,coherence_only,/Users/fgtek002/TimeTrack/results/final/packs/05_disk_boundary/metrics/predictions/base__disk_ud__f1__h8__persistence__s0.npz,0.0,True,24.0,0.05,-3.1651733467570924e-12,-7.162354007277014e-13
disk_ud,disk_level,persistence,8,1,independent,mint,8269,32,1000,0,0.133667169336339,0.6444091796875,1146936385.5092514,1146936385.6429186,1.1654284605046295e-10,0.1223880879924265,0.1442692394858621,0.0,0.0,False,accuracy_neutral,loss,disk_persistence,181352825.06297183,181352825.1112754,2.6635121071071904e-10,148148770.58089188,148148770.64528307,4.34638745374668e-10,736274221.7264482,736274221.7386197,1.653121421686282e-11,2,5,0.0,0.0,coherence_only,/Users/fgtek002/TimeTrack/results/final/packs/05_disk_boundary/metrics/predictions/base__disk_ud__f1__h8__persistence__s0.npz,0.0,True,24.0,0.05,1.0670869765639612e-10,1.2578660970966152e-10
disk_ud,disk_level,persistence,8,2,independent,bottom_up,8272,32,1000,0,0.0,0.0,1655905782.5918765,1655905782.5918765,0.0,0.0,0.0,0.0,1.0,True,accuracy_neutral,tie,disk_persistence,265110500.3415308,265110500.3415308,0.0,215767996.72834316,215767996.72834316,0.0,978974672.9593812,978974672.9593812,0.0,0,0,0.0,0.0,coherence_only,/Users/fgtek002/TimeTrack/results/final/packs/05_disk_boundary/metrics/predictions/base__disk_ud__f2__h8__persistence__s0.npz,1.0,False,24.0,0.05,0.0,0.0
disk_ud,disk_level,persistence,8,2,independent,top_down,8272,32,1000,0,0.0,0.0,1655905782.5918765,1655905782.5918765,0.0,0.0,0.0,0.0,1.0,True,accuracy_neutral,tie,disk_persistence,265110500.3415308,265110500.34153083,1.1241471895418033e-16,215767996.72834316,215767996.7283432,2.76244140369131e-16,978974672.9593812,978974672.9593812,0.0,0,2,0.0,0.0,coherence_only,/Users/fgtek002/TimeTrack/results/final/packs/05_disk_boundary/metrics/predictions/base__disk_ud__f2__h8__persistence__s0.npz,1.0,False,24.0,0.05,0.0,0.0
disk_ud,disk_level,persistence,8,2,independent,wls,8272,32,1000,0,0.001105524354562,0.0029296875,1655905782.5918765,1655905782.5929816,6.67494820257696e-13,0.0010286471368726,0.0011876665185452,0.0,0.0,False,accuracy_neutral,tie,disk_persistence,265110500.3415308,265110500.3446963,1.1940354203156171e-11,215767996.72834316,215767996.73023608,8.772961409842862e-12,978974672.9593812,978974672.982333,2.344477542507621e-11,3,4,0.0,0.0,coherence_only,/Users/fgtek002/TimeTrack/results/final/packs/05_disk_boundary/metrics/predictions/base__disk_ud__f2__h8__persistence__s0.npz,0.0,True,24.0,0.05,6.21199072849742e-13,7.172307331919734e-13
disk_ud,disk_level,persistence,8,2,independent,mint,8272,32,1000,0,-0.0427735732648543,-0.1351318359375,1655905782.5918765,1655905782.5491028,-2.5830868901710943e-11,-0.0455153869245222,-0.0401210430742924,1.0,0.0,False,accuracy_neutral,win,disk_persistence,265110500.3415308,265110500.3295626,-4.514417732593346e-11,215767996.72834316,215767996.72295496,-2.4972194045229068e-11,978974672.9593812,978974672.8540117,-1.0763245625474532e-10,2,5,0.0,0.0,coherence_only,/Users/fgtek002/TimeTrack/results/final/packs/05_disk_boundary/metrics/predictions/base__disk_ud__f2__h8__persistence__s0.npz,0.0,True,24.0,0.05,-2.7486700875746727e-11,-2.4229061517916597e-11
disk_ud,disk_level,ridge,1,0,independent,bottom_up,8276,32,1000,0,373591465.8232932,394578466.5966797,2194093318.965312,2567684784.788605,0.1702714568218415,285344933.13027775,483636523.4674688,0.0,0.0,False,substantial_degradation,loss,disk_ridge,481012423.7164384,481012423.7164384,0.0,530244393.9547837,530244393.9547837,0.0,1612370733.841185,1612370733.841185,0.0,0,0,1371630337.5730522,0.0,accuracy_costly_coherence,/Users/fgtek002/TimeTrack/results/final/packs/05_disk_boundary/metrics/predictions/base__disk_ud__f0__h1__ridge__s0.npz,0.0,True,24.0,0.05,0.13005141151646202,0.2204265968484611
disk_ud,disk_level,ridge,1,0,independent,top_down,8276,32,1000,0,0.0,0.0,2194093318.965312,2194093318.965312,0.0,0.0,0.0,0.0,1.0,True,accuracy_neutral,tie,disk_ridge,481012423.7164384,584216966.6416036,0.2145569175277794,530244393.9547837,657452465.0181289,0.2399046034500702,1612370733.841185,1550729603.6497142,-0.0382301222031126,1,6,1371630337.5730522,7.824830930552199e-05,coherence_only,/Users/fgtek002/TimeTrack/results/final/packs/05_disk_boundary/metrics/predictions/base__disk_ud__f0__h1__ridge__s0.npz,1.0,False,24.0,0.05,0.0,0.0
disk_ud,disk_level,ridge,1,0,independent,wls,8276,32,1000,0,87397193.47514169,192574213.75256348,2194093318.965312,2281490512.4404535,0.0398329427101834,39541971.12021145,131814724.45241626,0.0,0.0,False,modest_degradation,loss,disk_ridge,481012423.7164384,502534564.2837947,0.0447434193093604,530244393.9547837,542378357.6452832,0.0228837189583455,1612370733.841185,1544804384.8275242,-0.0419049711059293,1,6,1371630337.5730522,0.0,accuracy_costly_coherence,/Users/fgtek002/TimeTrack/results/final/packs/05_disk_boundary/metrics/predictions/base__disk_ud__f0__h1__ridge__s0.npz,0.0,True,24.0,0.05,0.01802200971964976,0.060077082097208745
disk_ud,disk_level,ridge,1,0,independent,mint,8276,32,1000,0,50196618.316791736,149059492.64611816,2194093318.965312,2244289937.2821035,0.0228780689877234,12450550.07916653,86075585.23865941,0.003,0.006,False,modest_degradation,loss,disk_ridge,481012423.7164384,527527929.0614483,0.0967033345742255,530244393.9547837,564139156.995276,0.0639229069216385,1612370733.841185,1585167852.0458343,-0.0168713567074892,1,6,1371630337.5730522,0.0,accuracy_costly_coherence,/Users/fgtek002/TimeTrack/results/final/packs/05_disk_boundary/metrics/predictions/base__disk_ud__f0__h1__ridge__s0.npz,0.06,False,24.0,0.05,0.005674576359877868,0.03923059447592267
disk_ud,disk_level,ridge,1,1,independent,bottom_up,8276,32,1000,0,377386759.43620497,300772801.42633057,1279428400.7528424,1656815160.189047,0.2949651260001283,296244274.5500963,503415872.92337304,0.0,0.0,False,substantial_degradation,loss,disk_ridge,310460923.950472,310460923.950472,0.0,255415638.41666985,255415638.41666985,0.0,1248709160.4885256,1248709160.4885256,0.0,0,0,804451259.9295046,0.0,accuracy_costly_coherence,/Users/fgtek002/TimeTrack/results/final/packs/05_disk_boundary/metrics/predictions/base__disk_ud__f1__h1__ridge__s0.npz,0.0,True,24.0,0.05,0.23154423833000734,0.39346935915065867
disk_ud,disk_level,ridge,1,1,independent,top_down,8276,32,1000,0,0.0,0.0,1279428400.7528424,1279428400.7528424,0.0,0.0,0.0,0.0,1.0,True,accuracy_neutral,tie,disk_ridge,310460923.950472,385857721.2666882,0.2428543868156635,255415638.41666985,360839596.4154891,0.4127545151594708,1248709160.4885256,1221622379.3939185,-0.0216918254079359,1,6,804451259.9295046,8.58592664406114e-05,coherence_only,/Users/fgtek002/TimeTrack/results/final/packs/05_disk_boundary/metrics/predictions/base__disk_ud__f1__h1__ridge__s0.npz,1.0,False,24.0,0.05,0.0,0.0
disk_ud,disk_level,ridge,1,1,independent,wls,8276,32,1000,0,118282003.32423228,138531640.4981079,1279428400.7528424,1397710404.0770743,0.0924490993436072,77738206.60066822,179785770.2603858,0.0,0.0,False,substantial_degradation,loss,disk_ridge,310460923.950472,297517140.5980895,-0.0416921498128615,255415638.41666985,254755908.60820135,-0.0025829656028822,1248709160.4885256,1118122971.051303,-0.1045769451920529,3,4,804451259.9295046,0.0,accuracy_costly_coherence,/Users/fgtek002/TimeTrack/results/final/packs/05_disk_boundary/metrics/predictions/base__disk_ud__f1__h1__ridge__s0.npz,0.0,True,24.0,0.05,0.06076010705634285,0.14052038406728826
disk_ud,disk_level,ridge,1,1,independent,mint,8276,32,1000,0,58803992.75956174,92733949.63232422,1279428400.7528424,1338232393.5124042,0.0459611438396711,31352360.268173963,99179261.93891318,0.0,0.0,False,modest_degradation,loss,disk_ridge,310460923.950472,294491282.47866964,-0.0514384910944541,255415638.41666985,254223351.28501537,-0.0046680271382185,1248709160.4885256,1090556477.9686372,-0.1266529369080749,4,3,804451259.9295046,0.0,accuracy_costly_coherence,/Users/fgtek002/TimeTrack/results/final/packs/05_disk_boundary/metrics/predictions/base__disk_ud__f1__h1__ridge__s0.npz,0.0,True,24.0,0.05,0.024504974447749933,0.07751841516145337
disk_ud,disk_level,ridge,1,2,independent,bottom_up,8279,32,1000,0,26202942.842849076,-31290748.656982426,1786927458.8985488,1813130401.741398,0.0146636858213598,-3526600.1494436674,55816990.26987995,0.039,0.078,True,accuracy_neutral,loss,disk_ridge,351548493.66384506,351548493.66384506,0.0,297404258.7317171,297404258.7317171,0.0,1165432595.256641,1165432595.256641,0.0,0,0,660729091.0202527,0.0,coherence_only,/Users/fgtek002/TimeTrack/results/final/packs/05_disk_boundary/metrics/predictions/base__disk_ud__f2__h1__ridge__s0.npz,0.56,False,24.0,0.05,-0.0019735552956455446,0.03123629333240265
disk_ud,disk_level,ridge,1,2,independent,top_down,8279,32,1000,0,0.0,0.0,1786927458.8985488,1786927458.8985488,0.0,0.0,0.0,0.0,1.0,True,accuracy_neutral,tie,disk_ridge,351548493.66384506,406138309.207541,0.1552838840945095,297404258.7317171,375948289.11482185,0.2640985395369131,1165432595.256641,1154922093.7094562,-0.0090185409177355,1,6,660729091.0202527,7.97828796880662e-05,coherence_only,/Users/fgtek002/TimeTrack/results/final/packs/05_disk_boundary/metrics/predictions/base__disk_ud__f2__h1__ridge__s0.npz,1.0,False,24.0,0.05,0.0,0.0
disk_ud,disk_level,ridge,1,2,independent,wls,8279,32,1000,0,-32886955.731239814,-31694161.54638672,1786927458.8985488,1754040503.167309,-0.018404191825174,-46295031.44612226,-20663355.152738772,1.0,0.0,False,accuracy_neutral,win,disk_ridge,351548493.66384506,350293635.19910556,-0.0035695173990402,297404258.7317171,296243662.11024475,-0.0039024209889318,1165432595.256641,1152890261.4659271,-0.0107619555534671,3,4,660729091.0202527,0.0,coherence_only,/Users/fgtek002/TimeTrack/results/final/packs/05_disk_boundary/metrics/predictions/base__disk_ud__f2__h1__ridge__s0.npz,0.0,True,24.0,0.05,-0.025907616571440584,-0.011563622826343234
disk_ud,disk_level,ridge,1,2,independent,mint,8279,32,1000,0,-31524857.799073916,-26152254.86743164,1786927458.8985488,1755402601.0994751,-0.01764193484301,-42019484.238634974,-22040908.05629381,1.0,0.0,False,accuracy_neutral,win,disk_ridge,351548493.66384506,351097416.6420584,-0.0012831146482397,297404258.7317171,296804358.0916993,-0.0020171218884897,1165432595.256641,1160228968.8916447,-0.0044649741101932,2,5,660729091.0202527,0.0,coherence_only,/Users/fgtek002/TimeTrack/results/final/packs/05_disk_boundary/metrics/predictions/base__disk_ud__f2__h1__ridge__s0.npz,0.0,True,24.0,0.05,-0.0235149356675819,-0.012334528716616002
disk_ud,disk_level,ridge,8,0,independent,bottom_up,8269,32,1000,0,374598579.01224905,395352762.33239746,2193351964.750705,2567950543.7629538,0.170788174917848,288355105.85283697,479009207.7287585,0.0,0.0,False,substantial_degradation,loss,disk_ridge,480831209.0941328,480831209.0941328,0.0,530192133.31516415,530192133.31516415,0.0,1611397409.5933774,1611397409.5933774,0.0,0,0,1370320529.2032237,0.0,accuracy_costly_coherence,/Users/fgtek002/TimeTrack/results/final/packs/05_disk_boundary/metrics/predictions/base__disk_ud__f0__h8__ridge__s0.npz,0.0,True,24.0,0.05,0.13146777648411356,0.21839140066295856
disk_ud,disk_level,ridge,8,0,independent,top_down,8269,32,1000,0,0.0,0.0,2193351964.750705,2193351964.750705,0.0,0.0,0.0,0.0,1.0,True,accuracy_neutral,tie,disk_ridge,480831209.0941328,583865648.2243965,0.2142840089859734,530192133.31516415,657130462.9585057,0.2394194890249063,1611397409.5933774,1549747806.3746977,-0.0382584723368994,1,6,1370320529.2032237,7.601161435028419e-05,coherence_only,/Users/fgtek002/TimeTrack/results/final/packs/05_disk_boundary/metrics/predictions/base__disk_ud__f0__h8__ridge__s0.npz,1.0,False,24.0,0.05,0.0,0.0
disk_ud,disk_level,ridge,8,0,independent,wls,8269,32,1000,0,96906436.371629,201544232.5435791,2193351964.750705,2290258401.122334,0.0441818905168936,49084768.961641416,144723561.3063761,0.0,0.0,False,modest_degradation,loss,disk_ridge,480831209.0941328,494037268.8487047,0.0274650636331438,530192133.31516415,534780787.8250255,0.0086547012328711,1611397409.5933774,1525547243.937156,-0.0532768422892556,1,6,1370320529.2032237,0.0,accuracy_costly_coherence,/Users/fgtek002/TimeTrack/results/final/packs/05_disk_boundary/metrics/predictions/base__disk_ud__f0__h8__ridge__s0.npz,0.0,True,24.0,0.05,0.022378883895736435,0.06598282611829939
disk_ud,disk_level,ridge,8,0,independent,mint,8269,32,1000,0,69090863.68993987,171834067.52978516,2193351964.750705,2262442828.4406447,0.0315001261996693,26810580.38940282,110017976.09237675,0.001,0.002,False,modest_degradation,loss,disk_ridge,480831209.0941328,519504954.01355255,0.0804310206741353,530192133.31516415,557870313.7943916,0.0522040572464975,1611397409.5933774,1580818383.192783,-0.0189767131426074,1,6,1370320529.2032237,0.0,accuracy_costly_coherence,/Users/fgtek002/TimeTrack/results/final/packs/05_disk_boundary/metrics/predictions/base__disk_ud__f0__h8__ridge__s0.npz,0.022,True,24.0,0.05,0.012223565036653887,0.05015974538536105
disk_ud,disk_level,ridge,8,1,independent,bottom_up,8269,32,1000,0,287148754.28481865,187888996.57543945,1279285563.5138888,1566434317.7987075,0.2244602475588722,205063849.9142725,418315275.2716604,0.0,0.0,False,substantial_degradation,loss,disk_ridge,296421060.2380795,296421060.2380795,0.0,249104572.59599468,249104572.59599468,0.0,1149942873.2286425,1149942873.2286425,0.0,0,0,710948694.4437817,0.0,accuracy_costly_coherence,/Users/fgtek002/TimeTrack/results/final/packs/05_disk_boundary/metrics/predictions/base__disk_ud__f1__h8__ridge__s0.npz,0.0,True,24.0,0.05,0.16029560229774778,0.3269913201573613
disk_ud,disk_level,ridge,8,1,independent,top_down,8269,32,1000,0,0.0,0.0,1279285563.5138888,1279285563.5138888,0.0,0.0,0.0,0.0,1.0,True,accuracy_neutral,tie,disk_ridge,296421060.2380795,362139866.5850302,0.2217076151544923,249104572.59599468,340509842.76126516,0.3669353364842254,1149942873.2286425,1129736011.417642,-0.0175720570833805,1,6,710948694.4437817,7.630686241534648e-05,coherence_only,/Users/fgtek002/TimeTrack/results/final/packs/05_disk_boundary/metrics/predictions/base__disk_ud__f1__h8__ridge__s0.npz,1.0,False,24.0,0.05,0.0,0.0
disk_ud,disk_level,ridge,8,1,independent,wls,8269,32,1000,0,75944842.42026106,83160137.47167969,1279285563.5138888,1355230405.93415,0.0593650429476113,35923756.38921895,138699561.6493385,0.0,0.0,False,substantial_degradation,loss,disk_ridge,296421060.2380795,287850610.9447832,-0.0289130916892769,249104572.59599468,249126856.40797767,8.945565210129591e-05,1149942873.2286425,1059968503.1831696,-0.0782424693783752,3,4,710948694.4437817,0.0,accuracy_costly_coherence,/Users/fgtek002/TimeTrack/results/final/packs/05_disk_boundary/metrics/predictions/base__disk_ud__f1__h8__ridge__s0.npz,0.0,True,24.0,0.05,0.02808110824806391,0.10841954728885103
disk_ud,disk_level,ridge,8,1,independent,mint,8269,32,1000,0,33655497.291084684,54491947.19152832,1279285563.5138888,1312941060.8049736,0.0263080411840506,7186616.289670351,74175536.29457928,0.005,0.01,False,modest_degradation,loss,disk_ridge,296421060.2380795,286655025.62182397,-0.0329464937761562,249104572.59599468,249227888.08997977,0.000495035047731,1149942873.2286425,1046722167.7574106,-0.0897615941402582,4,3,710948694.4437817,0.0,accuracy_costly_coherence,/Users/fgtek002/TimeTrack/results/final/packs/05_disk_boundary/metrics/predictions/base__disk_ud__f1__h8__ridge__s0.npz,0.09,False,24.0,0.05,0.005617679503808711,0.05798200058698152
disk_ud,disk_level,ridge,8,2,independent,bottom_up,8272,32,1000,0,26487941.17291146,-32189544.375793457,1788411406.9318063,1814899348.1047175,0.0148108768878599,-2695377.6867800476,55538498.80874468,0.035,0.07,True,accuracy_neutral,loss,disk_ridge,352014014.0528803,352014014.0528803,0.0,297741958.7423166,297741958.7423166,0.0,1167697633.7927384,1167697633.7927384,0.0,0,0,661735607.2129916,0.0,coherence_only,/Users/fgtek002/TimeTrack/results/final/packs/05_disk_boundary/metrics/predictions/base__disk_ud__f2__h8__ridge__s0.npz,0.56,False,24.0,0.05,-0.0015071351459361524,0.031054654758675675
disk_ud,disk_level,ridge,8,2,independent,top_down,8272,32,1000,0,0.0,0.0,1788411406.9318063,1788411406.9318063,0.0,0.0,0.0,0.0,1.0,True,accuracy_neutral,tie,disk_ridge,352014014.0528803,406697443.6237336,0.155344467514974,297741958.7423166,376456616.5213015,0.2643720693968739,1167697633.7927384,1156963400.1455228,-0.0091926482820302,2,5,661735607.2129916,6.996317112699468e-05,coherence_only,/Users/fgtek002/TimeTrack/results/final/packs/05_disk_boundary/metrics/predictions/base__disk_ud__f2__h8__ridge__s0.npz,1.0,False,24.0,0.05,0.0,0.0
disk_ud,disk_level,ridge,8,2,independent,wls,8272,32,1000,0,-32738233.62274105,-31458082.243408203,1788411406.9318063,1755673173.309065,-0.0183057620276012,-45973007.561264075,-20114020.770221375,1.0,0.0,False,accuracy_neutral,win,disk_ridge,352014014.0528803,350665474.7576017,-0.0038309250241271,297741958.7423166,296520752.36698246,-0.004101559553422,1167697633.7927384,1154538401.0802245,-0.011269383727166,3,4,661735607.2129916,0.0,coherence_only,/Users/fgtek002/TimeTrack/results/final/packs/05_disk_boundary/metrics/predictions/base__disk_ud__f2__h8__ridge__s0.npz,0.0,True,24.0,0.05,-0.025706058115640876,-0.011246864503469553
disk_ud,disk_level,ridge,8,2,independent,mint,8272,32,1000,0,-31430905.6678303,-25873329.382019043,1788411406.9318063,1756980501.263976,-0.0175747624657309,-41755621.15961146,-21771400.41837123,1.0,0.0,False,accuracy_neutral,win,disk_ridge,352014014.0528803,351446304.7774283,-0.0016127462339231,297741958.7423166,297065092.4359108,-0.0022733319457724,1167697633.7927384,1161729730.2485502,-0.0051108295259657,2,5,661735607.2129916,0.0,coherence_only,/Users/fgtek002/TimeTrack/results/final/packs/05_disk_boundary/metrics/predictions/base__disk_ud__f2__h8__ridge__s0.npz,0.0,True,24.0,0.05,-0.023347883489094542,-0.012173597380326591
disk_ud,disk_level,lightgbm,1,0,independent,bottom_up,8276,32,1000,0,38170432277.77515,35676392490.295166,4734846231.63901,42905278509.414154,8.0615991334025,34818812574.34325,41833502145.60862,0.0,0.0,False,substantial_degradation,loss,disk_lightgbm,14792371972.801058,14792371972.801058,0.0,18084161583.46403,18084161583.46403,0.0,47516320542.46031,47516320542.46031,0.0,0,0,41640542302.28822,0.0,accuracy_costly_coherence,/Users/fgtek002/TimeTrack/results/final/packs/05_disk_boundary/metrics/predictions/base__disk_ud__f0__h1__lightgbm__s0.npz,0.0,True,24.0,0.05,7.353736715181645,8.835239857647409
disk_ud,disk_level,lightgbm,1,0,independent,top_down,8276,32,1000,0,0.0,0.0,4734846231.63901,4734846231.63901,0.0,0.0,0.0,0.0,1.0,True,accuracy_neutral,tie,disk_lightgbm,14792371972.801058,15066209408.657774,0.0185120707051056,18084161583.46403,18737122266.30678,0.0361067711007299,47516320542.46031,41973654323.82226,-0.1166476308636978,2,5,41640542302.28822,8.084429468493234e-05,coherence_only,/Users/fgtek002/TimeTrack/results/final/packs/05_disk_boundary/metrics/predictions/base__disk_ud__f0__h1__lightgbm__s0.npz,1.0,False,24.0,0.05,0.0,0.0
disk_ud,disk_level,lightgbm,1,0,independent,wls,8276,32,1000,0,19667096608.83217,19569204270.845947,4734846231.63901,24401942840.471176,4.153692780435706,17780948232.860676,21726285469.958347,0.0,0.0,False,substantial_degradation,loss,disk_lightgbm,14792371972.801058,15192222944.977703,0.0270308894957385,18084161583.46403,18319453018.787693,0.0130109120203178,47516320542.46031,46369293948.62431,-0.0241396341455147,1,6,41640542302.28822,0.0,accuracy_costly_coherence,/Users/fgtek002/TimeTrack/results/final/packs/05_disk_boundary/metrics/predictions/base__disk_ud__f0__h1__lightgbm__s0.npz,0.0,True,24.0,0.05,3.75533805386234,4.588593674865254
disk_ud,disk_level,lightgbm,1,0,independent,mint,8276,32,1000,0,23527456453.095665,22970843694.191772,4734846231.63901,28262302684.734676,4.969001167531352,21335507886.83219,25918088453.74591,0.0,0.0,False,substantial_degradation,loss,disk_lightgbm,14792371972.801058,15071292325.218012,0.0188556881161323,18084161583.46403,18316283894.787685,0.0128356689500001,47516320542.46031,47761844387.20174,0.0051671476650222,1,6,41640542302.28822,0.0,accuracy_costly_coherence,/Users/fgtek002/TimeTrack/results/final/packs/05_disk_boundary/metrics/predictions/base__disk_ud__f0__h1__lightgbm__s0.npz,0.0,True,24.0,0.05,4.506061410033734,5.473902886340224
disk_ud,disk_level,lightgbm,1,1,independent,bottom_up,8276,32,1000,0,76038541866.95282,58737818297.61914,18083890978.96224,94122432845.91504,4.20476665975324,71383654861.17802,81138168797.05823,0.0,0.0,False,substantial_degradation,loss,disk_lightgbm,21391835833.151154,21391835833.151154,0.0,21881799446.64717,21881799446.64717,0.0,48861172452.56517,48861172452.56517,0.0,0,0,77052298911.05917,0.0,accuracy_costly_coherence,/Users/fgtek002/TimeTrack/results/final/packs/05_disk_boundary/metrics/predictions/base__disk_ud__f1__h1__lightgbm__s0.npz,0.0,True,24.0,0.05,3.9473614911869173,4.486764982793234
disk_ud,disk_level,lightgbm,1,1,independent,top_down,8276,32,1000,0,0.0,0.0,18083890978.96224,18083890978.96224,0.0,0.0,0.0,0.0,1.0,True,accuracy_neutral,tie,disk_lightgbm,21391835833.151154,22362728567.60455,0.045386134319,21881799446.64717,24322345477.159695,0.1115331504825795,48861172452.56517,41892775178.92655,-0.1426162517979607,3,4,77052298911.05917,5.706742859624214e-05,coherence_only,/Users/fgtek002/TimeTrack/results/final/packs/05_disk_boundary/metrics/predictions/base__disk_ud__f1__h1__lightgbm__s0.npz,1.0,False,24.0,0.05,0.0,0.0
disk_ud,disk_level,lightgbm,1,1,independent,wls,8276,32,1000,0,5011388711.358159,3982172541.0859375,18083890978.96224,23095279690.320396,0.2771189406742232,4629008803.415594,5429811057.857305,0.0,0.0,False,substantial_degradation,loss,disk_lightgbm,21391835833.151154,13826021170.772291,-0.3536776703687133,21881799446.64717,15824578608.07149,-0.2768154809820175,48861172452.56517,44265690298.468285,-0.0940518191322203,4,3,77052298911.05917,0.0,accuracy_costly_coherence,/Users/fgtek002/TimeTrack/results/final/packs/05_disk_boundary/metrics/predictions/base__disk_ud__f1__h1__lightgbm__s0.npz,0.0,True,24.0,0.05,0.2559741600300907,0.30025679009976536
disk_ud,disk_level,lightgbm,1,1,independent,mint,8276,32,1000,0,-528708389.0027001,-475761225.9066773,18083890978.96224,17555182589.959538,-0.0292364286877071,-587770621.3460069,-473917421.62098056,1.0,0.0,False,modest_improvement,win,disk_lightgbm,21391835833.151154,16135712117.673733,-0.2457069957189906,21881799446.64717,17725112905.607803,-0.189960910261257,48861172452.56517,45203892460.23331,-0.0748504345834595,6,1,77052298911.05917,0.0,pareto_improvement,/Users/fgtek002/TimeTrack/results/final/packs/05_disk_boundary/metrics/predictions/base__disk_ud__f1__h1__lightgbm__s0.npz,0.0,True,24.0,0.05,-0.03250244220283044,-0.02620660687306227
disk_ud,disk_level,lightgbm,1,2,independent,bottom_up,8279,256,1000,0,29495644973.420277,31069599623.519775,4597961917.660613,34093606891.08089,6.414938945041829,26930937789.78497,31943178287.93881,0.0,0.0,False,substantial_degradation,loss,disk_lightgbm,11662441173.399006,11662441173.399006,0.0,11942012518.868404,11942012518.868404,0.0,22164990595.255592,22164990595.255592,0.0,0,0,36041391842.76695,0.0,accuracy_costly_coherence,/Users/fgtek002/TimeTrack/results/final/packs/05_disk_boundary/metrics/predictions/base__disk_ud__f2__h1__lightgbm__s0.npz,0.0,True,24.0,0.05,5.857146768950862,6.947247249970941
disk_ud,disk_level,lightgbm,1,2,independent,top_down,8279,256,1000,0,0.0,0.0,4597961917.660613,4597961917.660613,0.0,0.0,0.0,0.0,1.0,True,accuracy_neutral,tie,disk_lightgbm,11662441173.399006,12536448223.410574,0.0749420328914585,11942012518.868404,13405476433.187193,0.1225475113182566,22164990595.255592,22474357740.23336,0.0139574679108588,3,4,36041391842.76695,7.45927903052905e-05,coherence_only,/Users/fgtek002/TimeTrack/results/final/packs/05_disk_boundary/metrics/predictions/base__disk_ud__f2__h1__lightgbm__s0.npz,1.0,False,24.0,0.05,0.0,0.0
disk_ud,disk_level,lightgbm,1,2,independent,wls,8279,256,1000,0,10085614678.296692,11936362240.22229,4597961917.660613,14683576595.957306,2.193496783772435,7979377141.115798,12038051529.34792,0.0,0.0,False,substantial_degradation,loss,disk_lightgbm,11662441173.399006,9559534920.981611,-0.1803144145510407,11942012518.868404,9520842098.381027,-0.2027439191394183,22164990595.255592,21907011200.34269,-0.0116390482461167,3,4,36041391842.76695,0.0,accuracy_costly_coherence,/Users/fgtek002/TimeTrack/results/final/packs/05_disk_boundary/metrics/predictions/base__disk_ud__f2__h1__lightgbm__s0.npz,0.0,True,24.0,0.05,1.7354161004394764,2.6181277150448286
disk_ud,disk_level,lightgbm,1,2,independent,mint,8279,256,1000,0,14354425967.314236,15819360785.405884,4597961917.660613,18952387884.97485,3.121910582203689,12418783205.286983,16195238482.488626,0.0,0.0,False,substantial_degradation,loss,disk_lightgbm,11662441173.399006,11370569951.573795,-0.0250265975609757,11942012518.868404,10877219486.727345,-0.0891636171423105,22164990595.255592,25063263126.837677,0.1307590237463244,4,3,36041391842.76695,0.0,accuracy_costly_coherence,/Users/fgtek002/TimeTrack/results/final/packs/05_disk_boundary/metrics/predictions/base__disk_ud__f2__h1__lightgbm__s0.npz,0.0,True,24.0,0.05,2.700932158134426,3.5222645973389373
disk_ud,disk_level,lightgbm,8,0,independent,bottom_up,8269,32,1000,0,38555442657.936424,39168250985.8396,4449179814.664111,43004622472.60053,8.665741611714822,35245794464.89125,41943370732.240135,0.0,0.0,False,substantial_degradation,loss,disk_lightgbm,14650815263.099407,14650815263.099407,0.0,18004748538.963226,18004748538.963226,0.0,47559010789.91258,47559010789.91258,0.0,0,0,42188268954.98278,0.0,accuracy_costly_coherence,/Users/fgtek002/TimeTrack/results/final/packs/05_disk_boundary/metrics/predictions/base__disk_ud__f0__h8__lightgbm__s0.npz,0.0,True,24.0,0.05,7.921863339558488,9.427214111238754
disk_ud,disk_level,lightgbm,8,0,independent,top_down,8269,32,1000,0,0.0,0.0,4449179814.664111,4449179814.664111,0.0,0.0,0.0,0.0,1.0,True,accuracy_neutral,tie,disk_lightgbm,14650815263.099407,14913335123.953993,0.0179184472768411,18004748538.963226,18604297017.77084,0.0332994641669201,47559010789.91258,42234712430.94997,-0.1119514109004957,2,5,42188268954.98278,7.326580734520498e-05,coherence_only,/Users/fgtek002/TimeTrack/results/final/packs/05_disk_boundary/metrics/predictions/base__disk_ud__f0__h8__lightgbm__s0.npz,1.0,False,24.0,0.05,0.0,0.0
disk_ud,disk_level,lightgbm,8,0,independent,wls,8269,32,1000,0,24430331949.414497,25903322553.166748,4449179814.664111,28879511764.0786,5.490974284494916,22174965727.169567,26729602611.526978,0.0,0.0,False,substantial_degradation,loss,disk_lightgbm,14650815263.099407,14442521311.45435,-0.0142172259976331,18004748538.963226,17745577892.12672,-0.0143945718695069,47559010789.91258,45987921974.540855,-0.033034514159932,1,6,42188268954.98278,0.0,accuracy_costly_coherence,/Users/fgtek002/TimeTrack/results/final/packs/05_disk_boundary/metrics/predictions/base__disk_ud__f0__h8__lightgbm__s0.npz,0.0,True,24.0,0.05,4.984056983735025,6.007759570298446
disk_ud,disk_level,lightgbm,8,0,independent,mint,8269,32,1000,0,30077674792.84135,31224514534.23181,4449179814.664111,34526854607.50546,6.7602740383088005,27413467310.654995,32801474506.97321,0.0,0.0,False,substantial_degradation,loss,disk_lightgbm,14650815263.099407,14577597595.301712,-0.0049975149152352,18004748538.963226,17999239895.937576,-0.0003059550103534,47559010789.91258,48343022437.34083,0.0164850284815961,3,4,42188268954.98278,0.0,accuracy_costly_coherence,/Users/fgtek002/TimeTrack/results/final/packs/05_disk_boundary/metrics/predictions/base__disk_ud__f0__h8__lightgbm__s0.npz,0.0,True,24.0,0.05,6.161465360492418,7.372476697584213
disk_ud,disk_level,lightgbm,8,1,independent,bottom_up,8269,32,1000,0,25903645852.805355,28789120681.70569,18077746876.05507,43981392728.86042,1.4329023428863306,24997390952.740673,26985073604.591408,0.0,0.0,False,substantial_degradation,loss,disk_lightgbm,17807917789.977776,17807917789.977776,0.0,20397993175.748077,20397993175.748077,0.0,45876980225.39038,45876980225.39038,0.0,0,0,27536612470.426743,0.0,accuracy_costly_coherence,/Users/fgtek002/TimeTrack/results/final/packs/05_disk_boundary/metrics/predictions/base__disk_ud__f1__h8__lightgbm__s0.npz,0.0,True,24.0,0.05,1.3827713776571924,1.4927232795993268
disk_ud,disk_level,lightgbm,8,1,independent,top_down,8269,32,1000,0,0.0,0.0,18077746876.05507,18077746876.05507,0.0,0.0,0.0,0.0,1.0,True,accuracy_neutral,tie,disk_lightgbm,17807917789.977776,18506315801.899155,0.0392183982517279,20397993175.748077,21449516043.30085,0.05155030980219,45876980225.39038,43223665505.66518,-0.0578354265404927,2,5,27536612470.426743,9.26340804132906e-05,coherence_only,/Users/fgtek002/TimeTrack/results/final/packs/05_disk_boundary/metrics/predictions/base__disk_ud__f1__h8__lightgbm__s0.npz,1.0,False,24.0,0.05,0.0,0.0
disk_ud,disk_level,lightgbm,8,1,independent,wls,8269,32,1000,0,2222271597.539588,3005090917.0706787,18077746876.05507,20300018473.594658,0.1229285713964224,1989574639.7535727,2461159117.0414495,0.0,0.0,False,substantial_degradation,loss,disk_lightgbm,17807917789.977776,17296713058.62631,-0.028706597670794,20397993175.748077,19383367827.39992,-0.0497414299341212,45876980225.39038,44853042331.44752,-0.0223192086513176,3,4,27536612470.426743,0.0,accuracy_costly_coherence,/Users/fgtek002/TimeTrack/results/final/packs/05_disk_boundary/metrics/predictions/base__disk_ud__f1__h8__lightgbm__s0.npz,0.0,True,24.0,0.05,0.11005656033323873,0.13614302345948792
disk_ud,disk_level,lightgbm,8,1,independent,mint,8269,32,1000,0,1700155285.6331162,2471517209.4157715,18077746876.05507,19777902161.688183,0.0940468575696819,1486437994.3226616,1916211784.1938243,0.0,0.0,False,substantial_degradation,loss,disk_lightgbm,17807917789.977776,17503667092.614643,-0.0170851360025012,20397993175.748077,19566265162.43721,-0.0407749922330466,45876980225.39038,45777282658.26294,-0.0021731501645843,3,4,27536612470.426743,0.0,accuracy_costly_coherence,/Users/fgtek002/TimeTrack/results/final/packs/05_disk_boundary/metrics/predictions/base__disk_ud__f1__h8__lightgbm__s0.npz,0.0,True,24.0,0.05,0.082224737657519,0.10599837453924903
disk_ud,disk_level,lightgbm,8,2,independent,bottom_up,8272,256,1000,0,62164001518.79715,61735561582.4917,4086783999.402148,66250785518.19929,15.210982897038614,58077074186.77661,66168220409.49195,0.0,0.0,False,substantial_degradation,loss,disk_lightgbm,16088259043.249111,16088259043.249111,0.0,15542982856.45828,15542982856.45828,0.0,43888445096.06625,43888445096.06625,0.0,0,0,63896977551.5175,0.0,accuracy_costly_coherence,/Users/fgtek002/TimeTrack/results/final/packs/05_disk_boundary/metrics/predictions/base__disk_ud__f2__h8__lightgbm__s0.npz,0.0,True,24.0,0.05,14.210947824811063,16.190779943146406
disk_ud,disk_level,lightgbm,8,2,independent,top_down,8272,256,1000,0,0.0,0.0,4086783999.402148,4086783999.402148,0.0,0.0,0.0,0.0,1.0,True,accuracy_neutral,tie,disk_lightgbm,16088259043.249111,17386036551.894073,0.0806661246040497,15542982856.45828,18122146653.435966,0.1659375050977436,43888445096.06625,34935369783.13101,-0.203996183809613,3,4,63896977551.5175,6.885639242323501e-05,coherence_only,/Users/fgtek002/TimeTrack/results/final/packs/05_disk_boundary/metrics/predictions/base__disk_ud__f2__h8__lightgbm__s0.npz,1.0,False,24.0,0.05,0.0,0.0
disk_ud,disk_level,lightgbm,8,2,independent,wls,8272,256,1000,0,14391344581.935266,15139972207.307068,4086783999.402148,18478128581.337418,3.521435090291183,13135805630.466606,15612205562.93482,0.0,0.0,False,substantial_degradation,loss,disk_lightgbm,16088259043.249111,14752443519.831505,-0.0830304584123499,15542982856.45828,14356135065.741278,-0.0763590748106534,43888445096.06625,37226012787.15101,-0.1518037901395691,3,4,63896977551.5175,0.0,accuracy_costly_coherence,/Users/fgtek002/TimeTrack/results/final/packs/05_disk_boundary/metrics/predictions/base__disk_ud__f2__h8__lightgbm__s0.npz,0.0,True,24.0,0.05,3.214215782480364,3.8201690045812837
disk_ud,disk_level,lightgbm,8,2,independent,mint,8272,256,1000,0,21595665654.060104,22257478341.325073,4086783999.402148,25682449653.462257,5.284268915905346,19898252461.504578,23225024186.860443,0.0,0.0,False,substantial_degradation,loss,disk_lightgbm,16088259043.249111,18147055131.997307,0.1279688550024994,15542982856.45828,17810822564.995945,0.1459076246484666,43888445096.06625,52452157998.25206,0.1951245455026014,3,4,63896977551.5175,0.0,accuracy_costly_coherence,/Users/fgtek002/TimeTrack/results/final/packs/05_disk_boundary/metrics/predictions/base__disk_ud__f2__h8__lightgbm__s0.npz,0.0,True,24.0,0.05,4.868926878546915,5.6829585782507746
