hierarchy,base_model,horizon,fold,threshold,method,delta_high_load_mae,rel_delta_high_load_mae,delta_precision,delta_recall,delta_f1,delta_false_alarms_per_day,rel_delta_false_alarms_per_day,delta_signed_peak_bias,delta_peak_magnitude_mae,coherence_independent,coherence_method,coherence_improved,operational_class
cpu_core_weighted,dlinear,1,0,q90,bottom_up,0.014246288686308617,0.0031324964892720593,0.025811300564964612,-0.03901170351105332,-0.0020492072457866106,-22.763888133464746,-0.15168539325842695,-0.27702531386272833,0.014246288686308617,111.46417771966371,0.0,True,operationally_harmful
cpu_core_weighted,dlinear,1,0,q90,wls,-0.02235310890779374,-0.004915036941886033,0.030132579426282002,-0.006501950585175553,0.014827258469730764,-19.391460261840336,-0.12921348314606737,-0.1690004607482658,-0.02235310890779374,111.46417771966371,0.0,True,operationally_harmful
cpu_core_weighted,dlinear,1,0,q90,mint,-0.014571271937075636,-0.003203954320466949,0.02836904059168721,-0.016905071521456483,0.009266714298973966,-20.234567229746432,-0.13483146067415722,-0.2049815506808561,-0.014571271937075636,111.46417771966371,0.0,True,operationally_harmful
cpu_core_weighted,dlinear,1,0,q95,bottom_up,-0.004378175265594919,-0.0005856180235914432,0.02583907535007779,0.005012531328320802,0.015514664674014633,-6.323302259295758,-0.09999999999999992,-0.4157979738190898,-0.004378175265594919,111.46417771966371,0.0,True,operationally_harmful
cpu_core_weighted,dlinear,1,0,q95,wls,-0.024179490143346527,-0.003234211599628888,0.03687803638903886,-0.0025062656641604564,0.017074156395231466,-9.695730130920168,-0.1533333333333333,-0.25365930706403983,-0.024179490143346527,111.46417771966371,0.0,True,operationally_harmful
cpu_core_weighted,dlinear,1,0,q95,mint,-0.02106329725476197,-0.002817394407570994,0.04122733292583536,0.0,0.020469000923080904,-10.53883709882627,-0.16666666666666666,-0.3076647121340068,-0.02106329725476197,111.46417771966371,0.0,True,operationally_harmful
cpu_core_weighted,dlinear,1,1,q90,bottom_up,-0.03417686166447176,-0.007219098089939875,0.06840105232388194,-0.02941176470588236,0.03239671343306716,-31.458819364066798,-0.2727272727272727,-0.3283007504132125,-0.03417686166447176,110.22891972876208,0.0,True,operationally_harmful
cpu_core_weighted,dlinear,1,1,q90,wls,-0.04757537601168327,-0.01004923475613168,0.055473612790937765,-0.022624434389140302,0.02739561670132762,-26.021492560400944,-0.22558922558922564,-0.2042407168477114,-0.04757537601168327,110.22891972876208,0.0,True,operationally_harmful
cpu_core_weighted,dlinear,1,1,q90,mint,-0.0478901379423613,-0.010115721178286284,0.05760245865236002,-0.022624434389140302,0.02869165299034382,-26.7982535323532,-0.2323232323232323,-0.21014540190692665,-0.0478901379423613,110.22891972876208,0.0,True,operationally_harmful
cpu_core_weighted,dlinear,1,1,q95,bottom_up,-0.03203768523787076,-0.004375245115115069,0.05353637901861252,-0.029166666666666674,0.0068206983095888685,-8.155990205498803,-0.25000000000000006,-0.4829877632636075,-0.03203768523787076,110.22891972876208,0.0,True,operationally_harmful
cpu_core_weighted,dlinear,1,1,q95,wls,-0.04170698249575988,-0.005695738318043688,0.043333333333333335,-0.029166666666666674,0.0026392961876833265,-6.9908487475704035,-0.21428571428571436,-0.3004737786114706,-0.04170698249575988,110.22891972876208,0.0,True,operationally_harmful
cpu_core_weighted,dlinear,1,1,q95,mint,-0.04205662010685263,-0.005743486781724384,0.043333333333333335,-0.029166666666666674,0.0026392961876833265,-6.9908487475704035,-0.21428571428571436,-0.30916060197675765,-0.04205662010685263,110.22891972876208,0.0,True,operationally_harmful
cpu_core_weighted,dlinear,1,2,q90,bottom_up,-0.12058732323219257,-0.022859924443438002,0.022761561946850084,-0.011290322580645107,0.01058647613321917,-18.10812009047379,-0.1021377672209026,0.03824617162023847,-0.12058732323219257,124.60568283901921,0.0,True,operational_improvement
cpu_core_weighted,dlinear,1,2,q90,wls,-0.1147750456026646,-0.02175808202838203,0.020732063643849385,-0.009677419354838679,0.009916541297800507,-16.42364380298787,-0.09263657957244661,0.023328183039467376,-0.1147750456026646,124.60568283901921,0.0,True,operational_improvement
cpu_core_weighted,dlinear,1,2,q90,mint,-0.1253359423846856,-0.023760127484081277,0.02002399350763906,-0.008064516129032251,0.010078636356668724,-15.581405659244894,-0.08788598574821854,0.02760664677075564,-0.1253359423846856,124.60568283901921,0.0,True,operational_improvement
cpu_core_weighted,dlinear,1,2,q95,bottom_up,-0.25043256699158256,-0.031014627936131158,0.009592034968431307,-0.0029673590504450953,0.0023268535854350514,-2.105595359357416,-0.04545454545454542,0.14693641691844928,-0.25043256699158256,124.60568283901921,0.0,True,operational_improvement
cpu_core_weighted,dlinear,1,2,q95,wls,-0.1982978724792055,-0.024558046939939952,0.01790683605565635,0.005934718100890191,0.011046323789596801,-2.9478335031003837,-0.06363636363636362,0.08962360110366241,-0.1982978724792055,124.60568283901921,0.0,True,operational_improvement
cpu_core_weighted,dlinear,1,2,q95,mint,-0.22459764159029216,-0.02781512154323595,0.02367654201068481,0.008902077151335286,0.015209301250491358,-3.7900716468433515,-0.08181818181818182,0.10606085753912886,-0.22459764159029216,124.60568283901921,0.0,True,operational_improvement
cpu_core_weighted,dlinear,8,0,q90,bottom_up,-0.013636729371802936,-0.0030127875328761888,0.022289326758054284,-0.013554216867469826,0.006397944902546526,-15.22342993598464,-0.10810810810810814,-0.09420428269155501,-0.013636729371802936,96.52036216500535,0.0,True,operationally_harmful
cpu_core_weighted,dlinear,8,0,q90,wls,-0.028472782111374606,-0.006290543768421807,0.019228033234691466,-0.004518072289156572,0.008823529411764675,-11.893304637488,-0.08445945945945948,-0.056489438482229204,-0.028472782111374606,96.52036216500535,0.0,True,coherence_only
cpu_core_weighted,dlinear,8,0,q90,mint,-0.02463095649778957,-0.005441762217031151,0.035710417042787435,0.003012048192771122,0.021283675457223983,-19.505019605480314,-0.13851351351351351,-0.0741949286550474,-0.02463095649778957,96.52036216500535,0.0,True,operationally_harmful
cpu_core_weighted,dlinear,8,0,q95,bottom_up,-0.04430736742735242,-0.005929459877860381,0.019418789539564996,-0.017699115044247815,0.0011235256406132432,-6.660250596993279,-0.10526315789473686,-0.1445740405854421,-0.04430736742735242,96.52036216500535,0.0,True,coherence_only
cpu_core_weighted,dlinear,8,0,q95,wls,-0.04288567804441534,-0.00573920144806928,0.023296576135048652,-0.017699115044247815,0.0030279374541669624,-7.611714967992313,-0.12030075187969917,-0.08669357844854986,-0.04288567804441534,96.52036216500535,0.0,True,operationally_harmful
cpu_core_weighted,dlinear,8,0,q95,mint,-0.04512460545689834,-0.006038827244693888,0.01727247974950652,-0.02359882005899705,-0.0029333144087242413,-6.660250596993279,-0.10526315789473686,-0.11386595513557918,-0.04512460545689834,96.52036216500535,0.0,True,operationally_harmful
cpu_core_weighted,dlinear,8,1,q90,bottom_up,-0.05396480415172267,-0.011322374661891623,-0.0026505817486384142,0.021428571428571463,0.006976879000367142,3.84877095656843,0.04186046511627911,0.20633516475212677,-0.05396480415172267,97.31203887243763,0.0,True,operationally_harmful
cpu_core_weighted,dlinear,8,1,q90,wls,-0.05671482130832928,-0.011899356734988537,0.00799996942199932,0.01666666666666672,0.011600970858121396,-0.8552824347929828,-0.009302325581395342,0.1278461669878328,-0.05671482130832928,97.31203887243763,0.0,True,coherence_only
cpu_core_weighted,dlinear,8,1,q90,mint,-0.0575735902317156,-0.01207953534679693,0.012240606581532365,0.01904761904761909,0.015130025824990567,-2.138206086982464,-0.02325581395348843,0.13151890208000205,-0.0575735902317156,97.31203887243763,0.0,True,coherence_only
cpu_core_weighted,dlinear,8,1,q95,bottom_up,-0.15324933867567214,-0.020684813753437968,-0.005291005291005346,0.047826086956521685,0.025373696771762266,2.9934885217754434,0.11290322580645165,0.09890831043813186,-0.15324933867567214,97.31203887243763,0.0,True,recall_focused_tradeoff
cpu_core_weighted,dlinear,8,1,q95,wls,-0.11465076880261194,-0.015474975747787532,0.003300060001090954,0.017391304347826098,0.01171927770522807,0.4276412173964914,0.016129032258064502,0.061284020045259346,-0.11465076880261194,97.31203887243763,0.0,True,coherence_only
cpu_core_weighted,dlinear,8,1,q95,mint,-0.11724611515036987,-0.01582528235460854,-0.0018545791741668705,0.01304347826086949,0.007002296573152544,0.8552824347929864,0.03225806451612914,0.06304457318743939,-0.11724611515036987,97.31203887243763,0.0,True,coherence_only
cpu_core_weighted,dlinear,8,2,q90,bottom_up,0.08105775566829809,0.01519560940859051,0.005326139586359524,-0.01258992805755399,-0.0013726364915411793,-6.589674340955099,-0.03932584269662916,-0.22966271744461597,0.08105775566829809,116.15117033739223,0.0,True,coherence_only
cpu_core_weighted,dlinear,8,2,q90,wls,0.02528984135077028,0.004740996688140785,0.01041811792752212,-0.010791366906474864,0.0025199082595898092,-9.413820487078738,-0.05617977528089894,-0.14105950658759436,0.02528984135077028,116.15117033739223,0.0,True,coherence_only
cpu_core_weighted,dlinear,8,2,q90,mint,0.034645654373329116,0.0064948977086968064,0.007525238492173791,-0.01258992805755399,9.827816652152599e-06,-8.001747414016933,-0.047752808988764134,-0.16196309519332175,0.034645654373329116,116.15117033739223,0.0,True,coherence_only
cpu_core_weighted,dlinear,8,2,q95,bottom_up,0.14582715775301658,0.01793504205979975,0.021248339973439556,0.006514657980456029,0.012483229306422428,-3.2948371704775568,-0.07865168539325848,-0.39449950060765726,0.14582715775301658,116.15117033739223,0.0,True,operationally_harmful
cpu_core_weighted,dlinear,8,2,q95,wls,0.06992258138427232,0.008599663172347288,0.01195219123505975,0.009771986970684043,0.010752688172043001,-1.412073073061812,-0.033707865168539394,-0.24230273648219214,0.06992258138427232,116.15117033739223,0.0,True,coherence_only
cpu_core_weighted,dlinear,8,2,q95,mint,0.08442020664862504,0.010382702236468408,0.018549284642805364,0.006514657980456029,0.011412600442529452,-2.824146146123617,-0.06741573033707862,-0.27820954520423324,0.08442020664862504,116.15117033739223,0.0,True,coherence_only
cpu_core_weighted,dlinear,16,0,q90,bottom_up,0.0736199698798723,0.01602418697010225,0.02637610813361646,-0.0513274336283186,-0.007418144261730708,-24.25245978303191,-0.16858237547892724,-0.3998553931162858,0.0736199698798723,116.57592199027869,0.0,True,operationally_harmful
cpu_core_weighted,dlinear,16,0,q90,wls,0.010580520336860744,0.002302965301337066,0.016920867151281938,-0.030088495575221197,-0.003007550900864242,-15.43338349829304,-0.10727969348659011,-0.23444254013648846,0.010580520336860744,116.57592199027869,0.0,True,operationally_harmful
cpu_core_weighted,dlinear,16,0,q90,mint,0.02533515602452585,0.005514472197097549,0.020078138907366982,-0.038938053097345104,-0.00519534035337188,-18.740537105070104,-0.13026819923371644,-0.28911479550620856,0.02533515602452585,116.57592199027869,0.0,True,operationally_harmful
cpu_core_weighted,dlinear,16,0,q95,bottom_up,0.11937179161034095,0.0162417570085784,0.026968610839578577,0.0,0.013681797643843474,-7.165499481350338,-0.10924369747899164,-0.6032636271891665,0.11937179161034095,116.57592199027869,0.0,True,operationally_harmful
cpu_core_weighted,dlinear,16,0,q95,wls,0.04701197913723654,0.00639646210665743,0.03574810084773761,0.0,0.01801247059867761,-9.370268552535052,-0.14285714285714282,-0.3537045130937271,0.04701197913723654,116.57592199027869,0.0,True,operationally_harmful
cpu_core_weighted,dlinear,16,0,q95,mint,0.06582484605610528,0.008956145671836656,0.03455589924878488,-0.0033444816053511683,0.015720203712501934,-9.370268552535052,-0.14285714285714282,-0.43618879028164326,0.06582484605610528,116.57592199027869,0.0,True,operationally_harmful
cpu_core_weighted,dlinear,16,1,q90,bottom_up,-0.057793722391431324,-0.012414733092847515,0.051282169968524305,-0.015625,0.024341192787794674,-21.29885062599483,-0.2083333333333333,-0.046350520988796884,-0.057793722391431324,104.45388158119103,0.0,True,operationally_harmful
cpu_core_weighted,dlinear,16,1,q90,wls,-0.06454710293120414,-0.013865434196816216,0.041708242777147464,-0.015625,0.018841327144576314,-17.985696084173412,-0.17592592592592587,-0.028766055684533498,-0.06454710293120414,104.45388158119103,0.0,True,operationally_harmful
cpu_core_weighted,dlinear,16,1,q90,mint,-0.06520624111794326,-0.014007024395908202,0.04172848835601917,-0.0234375,0.015496368038740993,-18.932311667550962,-0.18518518518518515,-0.030146549493822672,-0.06520624111794326,104.45388158119103,0.0,True,operationally_harmful
cpu_core_weighted,dlinear,16,1,q95,bottom_up,-0.12440394729252624,-0.017223976662489926,0.0335072231139647,-0.004830917874396157,0.011012987012986919,-4.259770125198969,-0.15000000000000005,-0.11372334330688005,-0.12440394729252624,104.45388158119103,0.0,True,operationally_harmful
cpu_core_weighted,dlinear,16,1,q95,wls,-0.10634202942513404,-0.014723267813628002,0.02531394580304036,-0.004830917874396157,0.007702642185400732,-3.3131545418214188,-0.11666666666666665,-0.07057896990935841,-0.10634202942513404,104.45388158119103,0.0,True,operationally_harmful
cpu_core_weighted,dlinear,16,1,q95,mint,-0.10877283049002617,-0.015059817109080888,0.03119629874421681,0.0,0.013007681973199126,-3.786462333510194,-0.13333333333333336,-0.07396608116766146,-0.10877283049002617,104.45388158119103,0.0,True,operationally_harmful
cpu_core_weighted,dlinear,16,2,q90,bottom_up,0.024854242924844172,0.004664666584872992,-0.01075371489623067,-0.006122448979591799,-0.009109243045657855,5.37985712669942,0.034602076124567505,-0.16255623938277797,0.024854242924844172,122.93967073314612,0.0,True,coherence_only
cpu_core_weighted,dlinear,16,2,q90,wls,-0.0133110280462434,-0.0024982256721870397,0.0011957933415692734,-0.006122448979591799,-0.0016643237396063437,-2.1519428506797738,-0.01384083044982704,-0.10036346222901393,-0.0133110280462434,122.93967073314612,0.0,True,coherence_only
cpu_core_weighted,dlinear,16,2,q90,mint,-0.008923492575769743,-0.001674769083267754,-0.0047548851470060605,-0.008163265306122436,-0.006151525296437366,1.075971425339901,0.006920415224913611,-0.11477161062915808,-0.008923492575769743,122.93967073314612,0.0,True,coherence_only
cpu_core_weighted,dlinear,16,2,q95,bottom_up,0.03121802682475039,0.003913445771722718,0.0023418274192268385,0.01831501831501825,0.011984128908175462,1.0759714253398869,0.02500000000000009,-0.3057868559247625,0.03121802682475039,122.93967073314612,0.0,True,coherence_only
cpu_core_weighted,dlinear,16,2,q95,wls,-0.009404246577838116,-0.0011789024723721526,0.008008649341288643,0.01831501831501825,0.0143201382522129,0.0,0.0,-0.18879513749371313,-0.009404246577838116,122.93967073314612,0.0,True,coherence_only
cpu_core_weighted,dlinear,16,2,q95,mint,-0.0050999419974164795,-0.0006393212023892935,0.008008649341288643,0.01831501831501825,0.0143201382522129,0.0,0.0,-0.21589851055221576,-0.0050999419974164795,122.93967073314612,0.0,True,coherence_only
cpu_core_weighted,lightgbm,1,0,q90,bottom_up,-0.33772736588075736,-0.08789307430972856,0.020988426953482242,0.07282184655396617,0.04291936116846096,1.2646604518591573,0.008875739644970447,0.18741670255485254,-0.33772736588075736,172.09132864608608,0.0,True,operational_improvement
cpu_core_weighted,lightgbm,1,0,q90,wls,-0.39565280874746867,-0.10296808974719648,0.008362069473671796,0.07932379713914173,0.037794929508068176,10.538837098826264,0.07396449704142005,0.10590485244247438,-0.39565280874746867,172.09132864608608,0.0,True,recall_focused_tradeoff
cpu_core_weighted,lightgbm,1,0,q90,mint,-0.40186136922258164,-0.1045838589217567,0.009140075271208192,0.0819245773732119,0.03929913650395955,10.538837098826264,0.07396449704142005,0.11103479702286312,-0.40186136922258164,172.09132864608608,0.0,True,recall_focused_tradeoff
cpu_core_weighted,lightgbm,1,0,q95,bottom_up,-0.6624588622040051,-0.11091908278008832,-0.00566560349169043,0.08270676691729317,0.030003694285790417,10.538837098826278,0.14285714285714293,0.164945605464192,-0.6624588622040051,172.09132864608608,0.0,True,recall_focused_tradeoff
cpu_core_weighted,lightgbm,1,0,q95,wls,-0.5749039989489342,-0.09625929682314863,0.03524649808986724,0.07017543859649122,0.050234753624842976,-4.2155348395305055,-0.0571428571428571,0.09320695418068414,-0.5749039989489342,172.09132864608608,0.0,True,operational_improvement
cpu_core_weighted,lightgbm,1,0,q95,mint,-0.592490926571597,-0.09920397156768367,0.032518115942029024,0.07017543859649122,0.04861064205408572,-3.372427871624396,-0.04571428571428556,0.09772182293710152,-0.592490926571597,172.09132864608608,0.0,True,operational_improvement
cpu_core_weighted,lightgbm,1,1,q90,bottom_up,-0.45867723478299505,-0.11018400855326277,0.026187204153305887,0.079185520361991,0.04673905437241954,0.0,0.0,0.8962017106683198,-0.45867723478299505,127.44703509795418,0.0,True,operational_improvement
cpu_core_weighted,lightgbm,1,1,q90,wls,-0.4748324992487256,-0.1140648460204077,0.015484702672722728,0.079185520361991,0.03968761509841123,4.272185345737469,0.04489795918367349,0.5671376172769065,-0.4748324992487256,127.44703509795418,0.0,True,operational_improvement
cpu_core_weighted,lightgbm,1,1,q90,mint,-0.47650923955822044,-0.11446763463643829,0.01453114243811926,0.079185520361991,0.03905394343951396,4.660565831713598,0.048979591836734664,0.5779039235216465,-0.47650923955822044,127.44703509795418,0.0,True,operational_improvement
cpu_core_weighted,lightgbm,1,1,q95,bottom_up,-0.9485486988523384,-0.15404445030004577,0.030455942622950816,0.15833333333333333,0.08506954720331461,4.272185345737469,0.10377358490566044,1.444895663008806,-0.9485486988523384,127.44703509795418,0.0,True,recall_focused_tradeoff
cpu_core_weighted,lightgbm,1,1,q95,wls,-0.7761380062588996,-0.1260449280841169,0.04434419014084512,0.12083333333333335,0.0783673971928096,-0.3883804859761355,-0.009433962264150995,0.9143641144374843,-0.7761380062588996,127.44703509795418,0.0,True,operational_improvement
cpu_core_weighted,lightgbm,1,1,q95,mint,-0.7830958793608405,-0.1271748877145953,0.042132675438596445,0.12083333333333335,0.07706605222734253,0.0,0.0,0.9317220250669109,-0.7830958793608405,127.44703509795418,0.0,True,operational_improvement
cpu_core_weighted,lightgbm,1,2,q90,bottom_up,-0.6103209448009488,-0.1433183043481924,0.06326791186341751,0.01774193548387104,0.0448354829649793,-29.057215959132364,-0.2169811320754717,1.0997723688195842,-0.6103209448009488,171.5725267317513,0.0,True,operational_improvement
cpu_core_weighted,lightgbm,1,2,q90,wls,-0.6517691439892741,-0.15305135656696278,0.04799379724752861,0.02580645161290329,0.03939710427678489,-20.634834521702686,-0.15408805031446537,0.7510930790064485,-0.6517691439892741,171.5725267317513,0.0,True,operational_improvement
cpu_core_weighted,lightgbm,1,2,q90,mint,-0.6714625804317356,-0.15767585772781184,0.057124944021495816,0.024193548387096753,0.044064079591345506,-25.267144312289005,-0.18867924528301883,0.9234181394862415,-0.6714625804317356,171.5725267317513,0.0,True,operational_improvement
cpu_core_weighted,lightgbm,1,2,q95,bottom_up,-1.3505835812895963,-0.20834032757661175,0.04292237442922375,0.12166172106824924,0.08126523186764156,-1.2633572156144552,-0.027522935779816616,1.5488172696159381,-1.3505835812895963,171.5725267317513,0.0,True,operational_improvement
cpu_core_weighted,lightgbm,1,2,q95,wls,-1.2277773723825973,-0.18939630504696137,0.049180327868852514,0.13056379821958453,0.08875044987917524,-2.105595359357416,-0.045871559633027484,1.057769739298693,-1.2277773723825973,171.5725267317513,0.0,True,operational_improvement
cpu_core_weighted,lightgbm,1,2,q95,mint,-1.3490511248524388,-0.20810393163597,0.04840182648401825,0.12759643916913943,0.08696323756564706,-2.105595359357416,-0.045871559633027484,1.3004563508428473,-1.3490511248524388,171.5725267317513,0.0,True,operational_improvement
cpu_core_weighted,lightgbm,8,0,q90,bottom_up,-0.2775855146619586,-0.07462296699556929,0.02932330827067664,0.07530120481927705,0.048076083476438436,-3.8058574839961636,-0.025316455696202562,0.21356810887661526,-0.2775855146619586,171.44483583057644,0.0,True,operational_improvement
cpu_core_weighted,lightgbm,8,0,q90,wls,-0.349450189054191,-0.09394225759994257,0.017360474356623246,0.07981927710843373,0.04226861922809522,4.757321854995183,0.03164556962025306,0.11549324761089408,-0.349450189054191,171.44483583057644,0.0,True,operational_improvement
cpu_core_weighted,lightgbm,8,0,q90,mint,-0.3644106870478936,-0.09796406957878767,0.011730715678084036,0.07530120481927705,0.036964353499831515,7.611714967992327,0.050632911392405125,0.13766696035405612,-0.3644106870478936,171.44483583057644,0.0,True,recall_focused_tradeoff
cpu_core_weighted,lightgbm,8,0,q95,bottom_up,-0.5937886113565733,-0.10172420522467095,-0.03146485565904833,0.09734513274336287,0.017275367902891303,22.35941271847743,0.2955974842767295,0.1552085200840687,-0.5937886113565733,171.44483583057644,0.0,True,recall_focused_tradeoff
cpu_core_weighted,lightgbm,8,0,q95,wls,-0.5344793911325842,-0.09156371515397588,0.019780506305110412,0.07079646017699115,0.040808705193204675,0.9514643709990338,0.012578616352201179,0.08393358041954047,-0.5344793911325842,171.44483583057644,0.0,True,operational_improvement
cpu_core_weighted,lightgbm,8,0,q95,mint,-0.5898261339746185,-0.10104537802136838,0.005420038690033269,0.07964601769911506,0.035229321957634174,6.660250596993265,0.08805031446540863,0.10004810780731566,-0.5898261339746185,171.44483583057644,0.0,True,recall_focused_tradeoff
cpu_core_weighted,lightgbm,8,1,q90,bottom_up,-0.45298676018126294,-0.10895664265621763,0.036631399129332665,0.08333333333333326,0.055107491799998076,-3.8487709565684156,-0.039647577092510905,0.9191367521363758,-0.45298676018126294,132.7397281498307,0.0,True,operational_improvement
cpu_core_weighted,lightgbm,8,1,q90,wls,-0.4627579825673305,-0.1113069091086128,0.023431726880651316,0.08571428571428574,0.04737787803026727,1.7105648695859657,0.017621145374449323,0.5699928744809513,-0.4627579825673305,132.7397281498307,0.0,True,operational_improvement
cpu_core_weighted,lightgbm,8,1,q90,mint,-0.4602938149887823,-0.11071420431036776,0.02447928934351762,0.08571428571428574,0.04806773913136797,1.2829236521894813,0.013215859030837067,0.559993367316826,-0.4602938149887823,132.7397281498307,0.0,True,operational_improvement
cpu_core_weighted,lightgbm,8,1,q95,bottom_up,-1.0096075071214887,-0.16553402621502766,0.039830508474576254,0.16521739130434776,0.09569973912311702,2.5658473043789485,0.06521739130434777,1.4250044566366116,-1.0096075071214887,132.7397281498307,0.0,True,recall_focused_tradeoff
cpu_core_weighted,lightgbm,8,1,q95,wls,-0.8071273019938099,-0.13233561658830909,0.05775503677646299,0.14347826086956517,0.09712576407855378,-1.7105648695859657,-0.04347826086956518,0.883701347485752,-0.8071273019938099,132.7397281498307,0.0,True,operational_improvement
cpu_core_weighted,lightgbm,8,1,q95,mint,-0.7987953427589574,-0.13096951862580786,0.05775503677646299,0.14347826086956517,0.09712576407855378,-1.7105648695859657,-0.04347826086956518,0.8681983853422661,-0.7987953427589574,132.7397281498307,0.0,True,operational_improvement
cpu_core_weighted,lightgbm,8,2,q90,bottom_up,-0.6438586150123493,-0.15084211090356897,0.048730049657068064,0.021582733812949617,0.03823433593305359,-22.12247814463501,-0.16040955631399317,1.0998341026731504,-0.6438586150123493,170.36132440790686,0.0,True,operational_improvement
cpu_core_weighted,lightgbm,8,2,q90,wls,-0.6680637124285327,-0.15651284032110357,0.05438615825435311,0.043165467625899234,0.05049555707450437,-21.65178712028107,-0.1569965870307167,0.7644278260289941,-0.6680637124285327,170.36132440790686,0.0,True,operational_improvement
cpu_core_weighted,lightgbm,8,2,q90,mint,-0.6879676548892051,-0.1611759024065793,0.05490590877410362,0.03237410071942448,0.046374677953625376,-23.534551217696816,-0.1706484641638225,0.9194795170325603,-0.6879676548892051,170.36132440790686,0.0,True,operational_improvement
cpu_core_weighted,lightgbm,8,2,q95,bottom_up,-1.3320393753403383,-0.20720696231970787,0.017642618354362205,0.13029315960912058,0.07430664573521717,4.236219219185429,0.10588235294117651,1.5384197752022701,-1.3320393753403383,170.36132440790686,0.0,True,recall_focused_tradeoff
cpu_core_weighted,lightgbm,8,2,q95,wls,-1.2082038047246328,-0.18794357349694732,0.02864494935669315,0.13029315960912058,0.08016877637130793,1.8827640974157447,0.04705882352941174,1.0692620654511282,-1.2082038047246328,170.36132440790686,0.0,True,operational_improvement
cpu_core_weighted,lightgbm,8,2,q95,mint,-1.3066680196032623,-0.20326029103540816,0.022855844844184348,0.1335504885993486,0.07861635220125773,3.2948371704775568,0.08235294117647064,1.2861443998310853,-1.3066680196032623,170.36132440790686,0.0,True,recall_focused_tradeoff
cpu_core_weighted,lightgbm,16,0,q90,bottom_up,-0.29340801873304656,-0.07541573557624642,0.01839583435192882,0.07256637168141589,0.04018781358696366,2.75596133898091,0.0185185185185186,0.36964607837511343,-0.29340801873304656,183.11774023810403,0.0,True,operational_improvement
cpu_core_weighted,lightgbm,16,0,q90,wls,-0.3736104059496297,-0.0960304483336804,0.008149659541151544,0.08318584070796464,0.03765035380434012,11.575037623719766,0.07777777777777774,0.1999782246767079,-0.3736104059496297,183.11774023810403,0.0,True,recall_focused_tradeoff
cpu_core_weighted,lightgbm,16,0,q90,mint,-0.3853429222830971,-0.09904609989381655,0.009490142114878086,0.08495575221238938,0.039175906817307315,11.023845355923584,0.07407407407407401,0.2443419224804726,-0.3853429222830971,183.11774023810403,0.0,True,recall_focused_tradeoff
cpu_core_weighted,lightgbm,16,0,q95,bottom_up,-0.772496974707316,-0.1290707874268799,-0.02971102971102979,0.12374581939799334,0.0274404449574982,25.354844318624274,0.32857142857142874,0.31032970896074596,-0.772496974707316,183.11774023810403,0.0,True,recall_focused_tradeoff
cpu_core_weighted,lightgbm,16,0,q95,wls,-0.6242631956931417,-0.10430350521471257,0.0024409615202453105,0.08361204013377932,0.03482720178372345,8.267884016942702,0.10714285714285725,0.16788811756168442,-0.6242631956931417,183.11774023810403,0.0,True,recall_focused_tradeoff
cpu_core_weighted,lightgbm,16,0,q95,mint,-0.7009082296297837,-0.1171095552142099,-0.011459011459011514,0.09698996655518399,0.030655916321638776,14.882191230496858,0.19285714285714298,0.20513286120503826,-0.7009082296297837,183.11774023810403,0.0,True,recall_focused_tradeoff
cpu_core_weighted,lightgbm,16,1,q90,bottom_up,-0.41542045090862834,-0.10091770999590775,0.021928791337335385,0.08072916666666663,0.044654401308947156,1.8932311667551005,0.019138755980861285,0.9584281244017616,-0.41542045090862834,131.29275142248974,0.0,True,operational_improvement
cpu_core_weighted,lightgbm,16,1,q90,wls,-0.4501412009365513,-0.10935239002789546,0.02891827108946099,0.08854166666666663,0.05209072083977617,0.0,0.0,0.5909693605223623,-0.4501412009365513,131.29275142248974,0.0,True,operational_improvement
cpu_core_weighted,lightgbm,16,1,q90,mint,-0.445591679006776,-0.10824717882867582,0.03240410986941744,0.08854166666666663,0.05436526761388527,-1.4199233750663183,-0.014354066985645892,0.5651280871963422,-0.445591679006776,131.29275142248974,0.0,True,operational_improvement
cpu_core_weighted,lightgbm,16,1,q95,bottom_up,-0.9828555916370529,-0.16213169492899976,0.04406254503530771,0.17391304347826086,0.10086003097741914,2.3665389584438756,0.058139534883721054,1.4152415509643261,-0.9828555916370529,131.29275142248974,0.0,True,recall_focused_tradeoff
cpu_core_weighted,lightgbm,16,1,q95,wls,-0.8076270776562726,-0.1332260284065417,0.03121266427718039,0.13043478260869568,0.07545267970799874,2.3665389584438756,0.058139534883721054,0.8726417485714775,-0.8076270776562726,131.29275142248974,0.0,True,recall_focused_tradeoff
cpu_core_weighted,lightgbm,16,1,q95,mint,-0.7887794766186635,-0.13011693127408977,0.028670236501561752,0.13043478260869568,0.07393928082617873,2.8398467501326436,0.06976744186046509,0.8344838076578718,-0.7887794766186635,131.29275142248974,0.0,True,recall_focused_tradeoff
cpu_core_weighted,lightgbm,16,2,q90,bottom_up,-0.7080085676186858,-0.16219347794985187,0.02610470249381258,-0.01224489795918371,0.010463119569287027,-15.06359995475836,-0.12017167381974246,1.2058430502104176,-0.7080085676186858,172.7779307352326,0.0,True,operational_improvement
cpu_core_weighted,lightgbm,16,2,q90,wls,-0.7270803434704027,-0.16656251781397954,0.03146543035678295,-0.0020408163265306367,0.017916366258110883,-16.139571380098246,-0.12875536480686695,0.8432762341181554,-0.7270803434704027,172.7779307352326,0.0,True,operational_improvement
cpu_core_weighted,lightgbm,16,2,q90,mint,-0.7477618841236082,-0.1713003291362166,0.02810490281736544,-0.0020408163265306367,0.015955630303886137,-14.525614242088423,-0.11587982832618028,1.0151874176271893,-0.7477618841236082,172.7779307352326,0.0,True,operational_improvement
cpu_core_weighted,lightgbm,16,2,q95,bottom_up,-1.5683368360911638,-0.2396933791779102,0.043177083333333366,0.15384615384615385,0.0975332957240933,1.0759714253398869,0.02298850574712652,1.7348486274191273,-1.5683368360911638,172.7779307352326,0.0,True,operational_improvement
cpu_core_weighted,lightgbm,16,2,q95,wls,-1.399069420587126,-0.21382375865175185,0.053648463804713775,0.1575091575091575,0.1049182502570225,-1.0759714253398798,-0.022988505747126367,1.2132230782768705,-1.399069420587126,172.7779307352326,0.0,True,operational_improvement
cpu_core_weighted,lightgbm,16,2,q95,mint,-1.522391573605626,-0.23267143403899332,0.06038247053872059,0.1648351648351648,0.11193579411667176,-2.1519428506797595,-0.045977011494252734,1.4605520160657455,-1.522391573605626,172.7779307352326,0.0,True,operational_improvement
cpu_core_weighted,persistence,1,0,q90,bottom_up,0.0,0.0,0.0,0.0,0.0,0.0,0.0,0.0,0.0,0.0,0.0,True,coherence_only
cpu_core_weighted,persistence,1,0,q90,wls,-4.440892098500626e-14,-8.664553602203558e-15,0.0,0.0,0.0,0.0,0.0,2.8954616482224083e-13,-4.440892098500626e-14,0.0,0.0,True,coherence_only
cpu_core_weighted,persistence,1,0,q90,mint,4.796163466380676e-14,9.357717890379843e-15,0.0,0.0,0.0,0.0,0.0,-3.5926817076870066e-13,4.796163466380676e-14,0.0,0.0,True,coherence_only
cpu_core_weighted,persistence,1,0,q95,bottom_up,0.0,0.0,0.0,0.0,0.0,0.0,0.0,0.0,0.0,0.0,0.0,True,coherence_only
cpu_core_weighted,persistence,1,0,q95,wls,-2.842170943040401e-14,-3.5206455794838086e-15,0.0,0.0,0.0,0.0,0.0,2.8377300509419e-13,-2.842170943040401e-14,0.0,0.0,True,coherence_only
cpu_core_weighted,persistence,1,0,q95,mint,3.730349362740526e-14,4.620847323072499e-15,0.0,0.0,0.0,0.0,0.0,-3.455014052633487e-13,3.730349362740526e-14,0.0,0.0,True,coherence_only
cpu_core_weighted,persistence,1,1,q90,bottom_up,0.0,0.0,0.0,0.0,0.0,0.0,0.0,0.0,0.0,0.0,0.0,True,coherence_only
cpu_core_weighted,persistence,1,1,q90,wls,1.0658141036401503e-14,1.977788003828489e-15,0.0,0.0,0.0,0.0,0.0,-9.9253938401489e-14,1.0658141036401503e-14,0.0,0.0,True,coherence_only
cpu_core_weighted,persistence,1,1,q90,mint,-6.572520305780927e-14,-1.2196359356942348e-14,0.0,0.0,0.0,0.0,0.0,5.979661210631093e-13,-6.572520305780927e-14,0.0,0.0,True,coherence_only
cpu_core_weighted,persistence,1,1,q95,bottom_up,0.0,0.0,0.0,0.0,0.0,0.0,0.0,0.0,0.0,0.0,0.0,True,coherence_only
cpu_core_weighted,persistence,1,1,q95,wls,-2.6645352591003757e-15,-3.3419605954767954e-16,0.0,0.0,0.0,0.0,0.0,-9.769962616701378e-14,-2.6645352591003757e-15,0.0,0.0,True,coherence_only
cpu_core_weighted,persistence,1,1,q95,mint,-1.3322676295501878e-14,-1.6709802977383976e-15,0.0,0.0,0.0,0.0,0.0,6.004086117172847e-13,-1.3322676295501878e-14,0.0,0.0,True,coherence_only
cpu_core_weighted,persistence,1,2,q90,bottom_up,0.0,0.0,0.0,0.0,0.0,0.0,0.0,0.0,0.0,0.0,0.0,True,coherence_only
cpu_core_weighted,persistence,1,2,q90,wls,8.881784197001252e-16,1.5108152625425953e-16,0.0,0.0,0.0,0.0,0.0,6.8833827526759706e-15,8.881784197001252e-16,0.0,0.0,True,coherence_only
cpu_core_weighted,persistence,1,2,q90,mint,4.440892098500626e-15,7.554076312712977e-16,0.0,0.0,0.0,0.0,0.0,4.6629367034256575e-15,4.440892098500626e-15,0.0,0.0,True,coherence_only
cpu_core_weighted,persistence,1,2,q95,bottom_up,0.0,0.0,0.0,0.0,0.0,0.0,0.0,0.0,0.0,0.0,0.0,True,coherence_only
cpu_core_weighted,persistence,1,2,q95,wls,1.7763568394002505e-15,2.0964849665455865e-16,0.0,0.0,0.0,0.0,0.0,7.993605777301127e-15,1.7763568394002505e-15,0.0,0.0,True,coherence_only
cpu_core_weighted,persistence,1,2,q95,mint,5.329070518200751e-15,6.289454899636759e-16,0.0,0.0,0.0,0.0,0.0,7.549516567451064e-15,5.329070518200751e-15,0.0,0.0,True,coherence_only
cpu_core_weighted,persistence,8,0,q90,bottom_up,0.0,0.0,0.0,0.0,0.0,0.0,0.0,0.0,0.0,0.0,0.0,True,coherence_only
cpu_core_weighted,persistence,8,0,q90,wls,-6.306066779870889e-14,-1.2666831282902597e-14,0.0,0.0,0.0,0.0,0.0,4.951594689828198e-13,-6.306066779870889e-14,0.0,0.0,True,coherence_only
cpu_core_weighted,persistence,8,0,q90,mint,-5.329070518200751e-15,-1.070436446442473e-15,0.0,0.0,0.0,0.0,0.0,9.43689570931383e-14,-5.329070518200751e-15,0.0,0.0,True,coherence_only
cpu_core_weighted,persistence,8,0,q95,bottom_up,0.0,0.0,0.0,0.0,0.0,0.0,0.0,0.0,0.0,0.0,0.0,True,coherence_only
cpu_core_weighted,persistence,8,0,q95,wls,-3.197442310920451e-14,-4.0789673304467215e-15,0.0,0.0,0.0,0.0,0.0,4.849454171562684e-13,-3.197442310920451e-14,0.0,0.0,True,coherence_only
cpu_core_weighted,persistence,8,0,q95,mint,-2.6645352591003757e-15,-3.3991394420389347e-16,0.0,0.0,0.0,0.0,0.0,9.281464485866309e-14,-2.6645352591003757e-15,0.0,0.0,True,coherence_only
cpu_core_weighted,persistence,8,1,q90,bottom_up,0.0,0.0,0.0,0.0,0.0,0.0,0.0,0.0,0.0,0.0,0.0,True,coherence_only
cpu_core_weighted,persistence,8,1,q90,wls,1.509903313490213e-14,2.8452612608162795e-15,0.0,0.0,0.0,0.0,0.0,-1.2390088954816747e-13,1.509903313490213e-14,0.0,0.0,True,coherence_only
cpu_core_weighted,persistence,8,1,q90,mint,3.2862601528904634e-14,6.1926274500119026e-15,0.0,0.0,0.0,0.0,0.0,1.0880185641326534e-14,3.2862601528904634e-14,0.0,0.0,True,coherence_only
cpu_core_weighted,persistence,8,1,q95,bottom_up,0.0,0.0,0.0,0.0,0.0,0.0,0.0,0.0,0.0,0.0,0.0,True,coherence_only
cpu_core_weighted,persistence,8,1,q95,wls,7.993605777301127e-15,1.0177487871725737e-15,0.0,0.0,0.0,0.0,0.0,-1.2256862191861728e-13,7.993605777301127e-15,0.0,0.0,True,coherence_only
cpu_core_weighted,persistence,8,1,q95,mint,3.375077994860476e-14,4.297161545839755e-15,0.0,0.0,0.0,0.0,0.0,4.3076653355456074e-14,3.375077994860476e-14,0.0,0.0,True,coherence_only
cpu_core_weighted,persistence,8,2,q90,bottom_up,0.0,0.0,0.0,0.0,0.0,0.0,0.0,0.0,0.0,0.0,0.0,True,coherence_only
cpu_core_weighted,persistence,8,2,q90,wls,0.0,0.0,0.0,0.0,0.0,0.0,0.0,-1.6653345369377348e-14,0.0,0.0,0.0,True,coherence_only
cpu_core_weighted,persistence,8,2,q90,mint,-2.6645352591003757e-15,-4.505093607691949e-16,0.0,0.0,0.0,0.0,0.0,2.2870594307278225e-14,-2.6645352591003757e-15,0.0,0.0,True,coherence_only
cpu_core_weighted,persistence,8,2,q95,bottom_up,0.0,0.0,0.0,0.0,0.0,0.0,0.0,0.0,0.0,0.0,0.0,True,coherence_only
cpu_core_weighted,persistence,8,2,q95,wls,0.0,0.0,0.0,0.0,0.0,0.0,0.0,-2.0872192862952943e-14,0.0,0.0,0.0,True,coherence_only
cpu_core_weighted,persistence,8,2,q95,mint,0.0,0.0,0.0,0.0,0.0,0.0,0.0,2.353672812205332e-14,0.0,0.0,0.0,True,coherence_only
cpu_core_weighted,persistence,16,0,q90,bottom_up,0.0,0.0,0.0,0.0,0.0,0.0,0.0,0.0,0.0,0.0,0.0,True,coherence_only
cpu_core_weighted,persistence,16,0,q90,wls,-8.704148513061227e-14,-1.714797805834539e-14,0.0,0.0,0.0,0.0,0.0,7.704947790898586e-13,-8.704148513061227e-14,0.0,0.0,True,coherence_only
cpu_core_weighted,persistence,16,0,q90,mint,-7.72715225139109e-14,-1.5223205010980093e-14,0.0,0.0,0.0,0.0,0.0,4.3365311341858614e-13,-7.72715225139109e-14,0.0,0.0,True,coherence_only
cpu_core_weighted,persistence,16,0,q95,bottom_up,0.0,0.0,0.0,0.0,0.0,0.0,0.0,0.0,0.0,0.0,0.0,True,coherence_only
cpu_core_weighted,persistence,16,0,q95,wls,-2.3092638912203256e-14,-2.9649613910510228e-15,0.0,0.0,0.0,0.0,0.0,7.718270467194088e-13,-2.3092638912203256e-14,0.0,0.0,True,coherence_only
cpu_core_weighted,persistence,16,0,q95,mint,-4.440892098500626e-14,-5.701848828944275e-15,0.0,0.0,0.0,0.0,0.0,4.156675004196586e-13,-4.440892098500626e-14,0.0,0.0,True,coherence_only
cpu_core_weighted,persistence,16,1,q90,bottom_up,0.0,0.0,0.0,0.0,0.0,0.0,0.0,0.0,0.0,0.0,0.0,True,coherence_only
cpu_core_weighted,persistence,16,1,q90,wls,2.042810365310288e-14,3.884874247594504e-15,0.0,0.0,0.0,0.0,0.0,-1.0813572259849025e-13,2.042810365310288e-14,0.0,0.0,True,coherence_only
cpu_core_weighted,persistence,16,1,q90,mint,4.529709940470639e-14,8.614286375100856e-15,0.0,0.0,0.0,0.0,0.0,-5.309086503757499e-13,4.529709940470639e-14,0.0,0.0,True,coherence_only
cpu_core_weighted,persistence,16,1,q95,bottom_up,0.0,0.0,0.0,0.0,0.0,0.0,0.0,0.0,0.0,0.0,0.0,True,coherence_only
cpu_core_weighted,persistence,16,1,q95,wls,3.552713678800501e-15,4.548483000240288e-16,0.0,0.0,0.0,0.0,0.0,-1.0036416142611415e-13,3.552713678800501e-15,0.0,0.0,True,coherence_only
cpu_core_weighted,persistence,16,1,q95,mint,-6.217248937900877e-15,-7.959845250420504e-16,0.0,0.0,0.0,0.0,0.0,-5.404565683875262e-13,-6.217248937900877e-15,0.0,0.0,True,coherence_only
cpu_core_weighted,persistence,16,2,q90,bottom_up,0.0,0.0,0.0,0.0,0.0,0.0,0.0,0.0,0.0,0.0,0.0,True,coherence_only
cpu_core_weighted,persistence,16,2,q90,wls,-7.105427357601002e-15,-1.1821525544196076e-15,0.0,0.0,0.0,0.0,0.0,-1.6209256159527285e-14,-7.105427357601002e-15,0.0,0.0,True,coherence_only
cpu_core_weighted,persistence,16,2,q90,mint,-3.552713678800501e-15,-5.910762772098038e-16,0.0,0.0,0.0,0.0,0.0,-8.215650382226158e-15,-3.552713678800501e-15,0.0,0.0,True,coherence_only
cpu_core_weighted,persistence,16,2,q95,bottom_up,0.0,0.0,0.0,0.0,0.0,0.0,0.0,0.0,0.0,0.0,0.0,True,coherence_only
cpu_core_weighted,persistence,16,2,q95,wls,-7.105427357601002e-15,-8.349135749858148e-16,0.0,0.0,0.0,0.0,0.0,-3.2862601528904634e-14,-7.105427357601002e-15,0.0,0.0,True,coherence_only
cpu_core_weighted,persistence,16,2,q95,mint,-3.552713678800501e-15,-4.174567874929074e-16,0.0,0.0,0.0,0.0,0.0,-1.0658141036401503e-14,-3.552713678800501e-15,0.0,0.0,True,coherence_only
cpu_core_weighted,ridge,1,0,q90,bottom_up,-0.10258382306963298,-0.022528105004951924,0.05055644991950725,-0.04681404421326407,0.006462601459623518,-37.51826007182153,-0.2479108635097493,-0.24997039419473976,-0.10258382306963298,123.47735953230479,0.0,True,accuracy_focused_tradeoff
cpu_core_weighted,ridge,1,0,q90,wls,-0.10156312563383452,-0.02230395290841381,0.04662670662670665,-0.016905071521456483,0.0186883062825679,-30.351850844619662,-0.20055710306406682,-0.15271864227316279,-0.10156312563383452,123.47735953230479,0.0,True,operational_improvement
cpu_core_weighted,ridge,1,0,q90,mint,-0.10737444928686468,-0.023580159093324254,0.048734350226887546,-0.032509752925877766,0.012442698348811398,-34.145832200197134,-0.22562674094707527,-0.19486878971470656,-0.10737444928686468,123.47735953230479,0.0,True,accuracy_focused_tradeoff
cpu_core_weighted,ridge,1,0,q95,bottom_up,-0.1852195825669014,-0.02511912451858715,0.045308509761924354,-0.010025062656641603,0.016414495534725737,-11.803497550685428,-0.19718309859154934,-0.32429269911648184,-0.1852195825669014,123.47735953230479,0.0,True,operational_improvement
cpu_core_weighted,ridge,1,0,q95,wls,-0.1335588018769176,-0.01811298853180289,0.03623597439251047,-0.020050125313283207,0.006805625808825044,-10.53883709882627,-0.17605633802816897,-0.19812562550747348,-0.1335588018769176,123.47735953230479,0.0,True,operationally_harmful
cpu_core_weighted,ridge,1,0,q95,mint,-0.15921881705921237,-0.021592950572426134,0.04070762532006078,-0.012531328320801949,0.012943446540715664,-10.960390582779326,-0.1830985915492958,-0.25280804150320435,-0.15921881705921237,123.47735953230479,0.0,True,operational_improvement
cpu_core_weighted,ridge,1,1,q90,bottom_up,-0.0557923020978901,-0.011745779091457166,0.03954759686523812,-0.022624434389140302,0.014760346327519769,-17.088741382949863,-0.1767068273092369,-0.13726546606331835,-0.0557923020978901,111.69797010308775,0.0,True,operationally_harmful
cpu_core_weighted,ridge,1,1,q90,wls,-0.06834354597033876,-0.014388153259673511,0.036475519785378996,-0.011312217194570096,0.017748062293302724,-14.758458467093064,-0.15261044176706823,-0.08535993248232732,-0.06834354597033876,111.69797010308775,0.0,True,operationally_harmful
cpu_core_weighted,ridge,1,1,q90,mint,-0.06847672816904726,-0.014416191691968344,0.03493859908975849,-0.015837104072398134,0.01494895603549995,-14.758458467093064,-0.15261044176706823,-0.08973095494843664,-0.06847672816904726,111.69797010308775,0.0,True,operationally_harmful
cpu_core_weighted,ridge,1,1,q95,bottom_up,-0.09795288619866493,-0.01333504410008637,0.036003051106025974,-0.01666666666666672,0.004744810363664698,-5.048946317689733,-0.1733333333333333,-0.2569489333357815,-0.09795288619866493,111.69797010308775,0.0,True,operationally_harmful
cpu_core_weighted,ridge,1,1,q95,wls,-0.09864429718841183,-0.013429170944096454,0.02898550724637683,-0.008333333333333415,0.007097122579649673,-3.8838048597613337,-0.13333333333333333,-0.15978631938529375,-0.09864429718841183,111.69797010308775,0.0,True,operationally_harmful
cpu_core_weighted,ridge,1,1,q95,mint,-0.09991562757588834,-0.013602246464795202,0.027293459869050296,-0.004166666666666763,0.008938307250472177,-3.4954243737852018,-0.12000000000000005,-0.16796849070885056,-0.09991562757588834,111.69797010308775,0.0,True,operationally_harmful
cpu_core_weighted,ridge,1,2,q90,bottom_up,0.007583569533158752,0.0014679832088387035,0.022872941192774388,-0.003225806451612856,0.012566725277772695,-14.318048443630431,-0.09239130434782604,-0.19695769599827306,0.007583569533158752,130.53487334987042,0.0,True,operationally_harmful
cpu_core_weighted,ridge,1,2,q90,wls,-0.030701308345112643,-0.005942980405591735,0.01785376295240948,-0.004838709677419284,0.008912303395068655,-11.791334012401535,-0.07608695652173911,-0.12162502410100906,-0.030701308345112643,130.53487334987042,0.0,True,coherence_only
cpu_core_weighted,ridge,1,2,q90,mint,-0.022873405730424068,-0.004427700622299365,0.02617056537970497,0.001612903225806539,0.016529220550897117,-15.160286587373406,-0.09782608695652174,-0.14658157062126742,-0.022873405730424068,130.53487334987042,0.0,True,operationally_harmful
cpu_core_weighted,ridge,1,2,q95,bottom_up,0.03777284325271246,0.004846268820762482,0.023303823600187457,0.011869436201780381,0.016694595726853723,-3.368952574971864,-0.07547169811320746,-0.2795949757483651,0.03777284325271246,130.53487334987042,0.0,True,operationally_harmful
cpu_core_weighted,ridge,1,2,q95,wls,-0.015438477792519834,-0.0019807620269768843,0.01994837480891165,0.014836795252225476,0.017077492313304576,-2.5267144312288963,-0.05660377358490556,-0.17265507443900763,-0.015438477792519834,130.53487334987042,0.0,True,coherence_only
cpu_core_weighted,ridge,1,2,q95,mint,-0.0033257842322527154,-0.00042669926437672706,0.017667844522968212,0.014836795252225476,0.016129032258064502,-2.105595359357416,-0.047169811320754686,-0.20808260614182306,-0.0033257842322527154,130.53487334987042,0.0,True,coherence_only
cpu_core_weighted,ridge,8,0,q90,bottom_up,-0.09394362230294107,-0.021348764547938794,0.050372854028106095,-0.03765060240963858,0.011058490307450985,-36.1556460979635,-0.23529411764705876,-0.20209957113690402,-0.09394362230294107,122.70854168303961,0.0,True,accuracy_focused_tradeoff
cpu_core_weighted,ridge,8,0,q90,wls,-0.09249012666114442,-0.021018456481595473,0.046583208273266785,-0.0060240963855421326,0.0238469691018105,-28.543931129971185,-0.18575851393188852,-0.11824483103724726,-0.09249012666114442,122.70854168303961,0.0,True,operational_improvement
cpu_core_weighted,ridge,8,0,q90,mint,-0.0984496535396806,-0.022372763810055794,0.05212069255519447,-0.027108433734939763,0.017009174728275123,-35.204181726964464,-0.22910216718266252,-0.15909827075767335,-0.0984496535396806,122.70854168303961,0.0,True,accuracy_focused_tradeoff
cpu_core_weighted,ridge,8,0,q95,bottom_up,-0.18054993351838355,-0.02537895252141073,0.04202898550724632,-0.002949852507374562,0.019154037387973277,-10.466108080989436,-0.17322834645669288,-0.2617966794767286,-0.18054993351838355,122.70854168303961,0.0,True,operational_improvement
cpu_core_weighted,ridge,8,0,q95,wls,-0.12213947807170822,-0.017168502666084624,0.03896233701331142,-0.01179941002949847,0.013029026466876426,-10.466108080989436,-0.17322834645669288,-0.1531725374611108,-0.12213947807170822,122.70854168303961,0.0,True,operationally_harmful
cpu_core_weighted,ridge,8,0,q95,mint,-0.15301783087197496,-0.021508909967190317,0.04319480638229778,-0.01179941002949847,0.015012123805448585,-11.417572451988477,-0.1889763779527559,-0.2060934556193752,-0.15301783087197496,122.70854168303961,0.0,True,operational_improvement
cpu_core_weighted,ridge,8,1,q90,bottom_up,-0.04205089689655317,-0.00889198901365519,0.045341499113478734,-0.030952380952380953,0.014032424276963495,-20.099137217635104,-0.20704845814977965,-0.13899041635128784,-0.04205089689655317,111.16586994739626,0.0,True,operationally_harmful
cpu_core_weighted,ridge,8,1,q90,wls,-0.05926554831327735,-0.012532160866540501,0.0362004603392585,-0.023809523809523725,0.01196106508669903,-16.250366261066688,-0.16740088105726875,-0.0861143047777242,-0.05926554831327735,111.16586994739626,0.0,True,operationally_harmful
cpu_core_weighted,ridge,8,1,q90,mint,-0.058596286418127974,-0.012390640236586611,0.0366572275373972,-0.02619047619047621,0.011195048799675367,-16.678007478463172,-0.171806167400881,-0.09103776004527386,-0.058596286418127974,111.16586994739626,0.0,True,operationally_harmful
cpu_core_weighted,ridge,8,1,q95,bottom_up,-0.07550028027673505,-0.010381875200579158,0.028915528915528843,-0.021739130434782594,-0.00122493421649561,-4.704053391361409,-0.15492957746478872,-0.2530082326766996,-0.07550028027673505,111.16586994739626,0.0,True,operationally_harmful
cpu_core_weighted,ridge,8,1,q95,wls,-0.08257364206450024,-0.011354517408792949,0.027035056446821137,-0.008695652173913104,0.006062439767812067,-3.8487709565684263,-0.12676056338028172,-0.15675633350812657,-0.08257364206450024,111.16586994739626,0.0,True,operationally_harmful
cpu_core_weighted,ridge,8,1,q95,mint,-0.08289362119047716,-0.01139851702496002,0.028798624543305396,-0.004347826086956608,0.009412869471895569,-3.8487709565684263,-0.12676056338028172,-0.16571864003677828,-0.08289362119047716,111.16586994739626,0.0,True,operationally_harmful
cpu_core_weighted,ridge,8,2,q90,bottom_up,-0.04078940482485649,-0.007826199265091895,0.028441930872834753,-0.003597122302158362,0.015536625649904101,-17.415567901095642,-0.11314984709480119,-0.18734685745051083,-0.04078940482485649,129.19730536784897,0.0,True,operationally_harmful
cpu_core_weighted,ridge,8,2,q90,wls,-0.05856899088034773,-0.011237540615096828,0.021712055431302835,-0.003597122302158362,0.011593614147638598,-13.650039706264153,-0.08868501529051986,-0.1167218342989127,-0.05856899088034773,129.19730536784897,0.0,True,operationally_harmful
cpu_core_weighted,ridge,8,2,q90,mint,-0.05706494681573204,-0.010948962034367255,0.029458209985968042,0.003597122302158251,0.0191642809299154,-16.474185852387762,-0.10703363914373082,-0.13989144298703549,-0.05706494681573204,129.19730536784897,0.0,True,operationally_harmful
cpu_core_weighted,ridge,8,2,q95,bottom_up,-0.003279070119414307,-0.00042071948148570315,0.028784313725490285,0.013029315960912058,0.019569759195486758,-4.236219219185429,-0.09782608695652177,-0.2585918698108225,-0.003279070119414307,129.19730536784897,0.0,True,operationally_harmful
cpu_core_weighted,ridge,8,2,q95,wls,-0.03534354353232949,-0.004534735997486081,0.028784313725490285,0.013029315960912058,0.019569759195486758,-4.236219219185429,-0.09782608695652177,-0.16110928034689564,-0.03534354353232949,129.19730536784897,0.0,True,operationally_harmful
cpu_core_weighted,ridge,8,2,q95,mint,-0.029098677204783208,-0.003733491489868756,0.02086336510888942,0.013029315960912058,0.0163573970513472,-2.824146146123624,-0.06521739130434796,-0.19308992050805251,-0.029098677204783208,129.19730536784897,0.0,True,operationally_harmful
cpu_core_weighted,ridge,16,0,q90,bottom_up,-0.14542665428476997,-0.031625112910369346,0.045938857470699146,-0.03362831858407078,0.0101634607988359,-31.417959264382247,-0.217557251908397,-0.18763186762699435,-0.14542665428476997,122.31013155674466,0.0,True,accuracy_focused_tradeoff
cpu_core_weighted,ridge,16,0,q90,wls,-0.12445371431735364,-0.027064246143585716,0.04457831325301209,0.001769911504424737,0.025978377673179454,-24.80365205082809,-0.17175572519083976,-0.11023091018173625,-0.12445371431735364,122.31013155674466,0.0,True,operational_improvement
cpu_core_weighted,ridge,16,0,q90,mint,-0.1419431397521329,-0.030867572685289047,0.048359825858054095,-0.023008849557522137,0.016499256474285184,-30.866766996586065,-0.21374045801526723,-0.14970249985899908,-0.1419431397521329,122.31013155674466,0.0,True,accuracy_focused_tradeoff
cpu_core_weighted,ridge,16,0,q95,bottom_up,-0.2224815719455,-0.03081429607471731,0.04352159468438532,-0.0033444816053511683,0.019395509499136487,-11.02384535592359,-0.17857142857142855,-0.20463545866782162,-0.2224815719455,122.31013155674466,0.0,True,operational_improvement
cpu_core_weighted,ridge,16,0,q95,wls,-0.1468022716228603,-0.020332509441887664,0.042382878328277696,-0.013377926421404673,0.013478260869565273,-11.575037623719773,-0.18750000000000003,-0.12022026508449635,-0.1468022716228603,122.31013155674466,0.0,True,operational_improvement
cpu_core_weighted,ridge,16,0,q95,mint,-0.1891444685763819,-0.02619701759854265,0.04352159468438532,-0.0033444816053511683,0.019395509499136487,-11.02384535592359,-0.17857142857142855,-0.16326885251316714,-0.1891444685763819,122.31013155674466,0.0,True,operational_improvement
cpu_core_weighted,ridge,16,1,q90,bottom_up,-0.06166450022996184,-0.013247494491936842,0.036779835390946536,-0.0390625,0.005527383367139871,-18.459003875862194,-0.18750000000000003,-0.11487737608054971,-0.06166450022996184,110.65440863300111,0.0,True,operationally_harmful
cpu_core_weighted,ridge,16,1,q90,wls,-0.07245623132379286,-0.015565901317433602,0.03618399467551581,-0.02864583333333337,0.00976522674264324,-17.039080500795876,-0.17307692307692313,-0.07128596416469346,-0.07245623132379286,110.65440863300111,0.0,True,operationally_harmful
cpu_core_weighted,ridge,16,1,q90,mint,-0.07225174221412445,-0.015521970557532993,0.03896752078801413,-0.02864583333333337,0.011345849608691339,-17.985696084173426,-0.18269230769230776,-0.0755951775087702,-0.07225174221412445,110.65440863300111,0.0,True,operationally_harmful
cpu_core_weighted,ridge,16,1,q95,bottom_up,-0.1101236458754773,-0.015327978423869787,0.0365542451203531,-0.024154589371980673,0.0003510397798278664,-5.679693500265291,-0.18750000000000003,-0.21711560142385178,-0.1101236458754773,110.65440863300111,0.0,True,operationally_harmful
cpu_core_weighted,ridge,16,1,q95,wls,-0.10753169783539107,-0.014967208279380044,0.03611332801276934,-0.004830917874396157,0.012145077720207231,-4.733077916887744,-0.15625000000000008,-0.13472883443845518,-0.10753169783539107,110.65440863300111,0.0,True,operationally_harmful
cpu_core_weighted,ridge,16,1,q95,mint,-0.10888134766789292,-0.01515506442369768,0.03611332801276934,-0.004830917874396157,0.012145077720207231,-4.733077916887744,-0.15625000000000008,-0.14287314865283207,-0.10888134766789292,110.65440863300111,0.0,True,operationally_harmful
cpu_core_weighted,ridge,16,2,q90,bottom_up,-0.03730304781631588,-0.007081443573519354,0.020867825607064017,-0.00612244897959191,0.00992965210203367,-13.449642816748536,-0.08928571428571427,-0.20026639230104726,-0.03730304781631588,129.7838402201766,0.0,True,operationally_harmful
cpu_core_weighted,ridge,16,2,q90,wls,-0.05864972282166203,-0.01113380077706391,0.016071856014407748,-0.00612244897959191,0.007118020882941889,-10.75971425339884,-0.0714285714285715,-0.12493566275536061,-0.05864972282166203,129.7838402201766,0.0,True,coherence_only
cpu_core_weighted,ridge,16,2,q90,mint,-0.056873664664474965,-0.010796641848781704,0.017209376933477016,-0.008163265306122547,0.006929181302165799,-11.835685678738713,-0.07857142857142857,-0.14750700677632578,-0.056873664664474965,129.7838402201766,0.0,True,coherence_only
cpu_core_weighted,ridge,16,2,q95,bottom_up,-0.03390560342588689,-0.004333117219967854,0.014994394618834117,0.0146520146520146,0.014936392548841382,-1.6139571380098232,-0.03749999999999997,-0.2676451421351773,-0.03390560342588689,129.7838402201766,0.0,True,coherence_only
cpu_core_weighted,ridge,16,2,q95,wls,-0.05624383869528682,-0.007187931236804606,0.014994394618834117,0.0146520146520146,0.014936392548841382,-1.6139571380098232,-0.03749999999999997,-0.16696971884152134,-0.05624383869528682,129.7838402201766,0.0,True,coherence_only
cpu_core_weighted,ridge,16,2,q95,mint,-0.05412481164316407,-0.006917120760618822,0.009186872494940324,0.0146520146520146,0.012565453487620393,-0.5379857126699363,-0.012499999999999881,-0.19713509261822004,-0.05412481164316407,129.7838402201766,0.0,True,coherence_only
memory_um,dlinear,1,0,q90,bottom_up,6621995.241017103,0.004314101009913959,-0.0025244301451134987,0.001953125,-0.00027789779974896067,4.197146631736038,0.3541666666666668,-110927303.83774424,6621995.241017103,405896187.47104925,0.0,True,coherence_only
memory_um,dlinear,1,0,q90,wls,-18869047.79116869,-0.012292817371383756,-0.0011833294772235492,0.0018028846153846922,0.0003160748042796424,1.9751278266993122,0.16666666666666674,-74674179.83116782,-18869047.79116869,405896187.47104925,0.0,True,coherence_only
memory_um,dlinear,1,0,q90,mint,-16551197.824911594,-0.01078278323268164,-0.0013300982126609462,0.0021033653846154188,0.00039348599047206445,2.2220188050367256,0.18750000000000003,-80147732.16260338,-16551197.824911594,405896187.47104925,0.0,True,coherence_only
memory_um,dlinear,1,0,q95,bottom_up,197151093.76242828,0.02888647671061221,0.033524260270166084,-0.004825090470446325,0.015586398712949534,-10.369421090171386,-0.1621621621621622,-550840201.9100103,197151093.76242828,405896187.47104925,0.0,True,operationally_harmful
memory_um,dlinear,1,0,q95,wls,91247306.72928047,0.013369508382832844,0.03613149323904752,0.006031363088057962,0.022143684411811804,-10.369421090171386,-0.1621621621621622,-370815289.57545567,91247306.72928047,405896187.47104925,0.0,True,operationally_harmful
memory_um,dlinear,1,0,q95,mint,104435138.32398415,0.015301782675375889,0.032696368696055855,0.006031363088057962,0.020338194187000003,-9.381857176821725,-0.14671814671814667,-397995728.2269535,104435138.32398415,405896187.47104925,0.0,True,operationally_harmful
memory_um,dlinear,1,1,q90,bottom_up,-119911222.8780675,-0.06123424439622995,-0.024386417556650164,0.10199918400652797,0.039545162672133816,30.3675903355019,0.34550561797752793,-103977711.5183208,-119911222.8780675,303539149.51929253,0.0,True,recall_focused_tradeoff
memory_um,dlinear,1,1,q90,wls,-109842630.11340356,-0.05609258496453123,-0.009812218961315344,0.07751937984496127,0.03539694676615612,16.047913591931902,0.1825842696629213,-68696921.3136363,-109842630.11340356,303539149.51929253,0.0,True,recall_focused_tradeoff
memory_um,dlinear,1,1,q90,mint,-109194301.87878156,-0.05576150761734923,-0.010613501012597393,0.07670338637290908,0.034588375915135305,16.541695548606725,0.18820224719101114,-67957158.99713516,-109194301.87878156,303539149.51929253,0.0,True,recall_focused_tradeoff
memory_um,dlinear,1,1,q95,bottom_up,189658449.60259628,0.02613171906483481,0.033809868500422224,-0.007537688442211143,0.008522425885542417,-3.456473696723794,-0.20289855072463767,-476153156.1352329,189658449.60259628,303539149.51929253,0.0,True,operationally_harmful
memory_um,dlinear,1,1,q95,wls,86437119.77452946,0.011909569731558961,0.03231780167264031,-0.002512562814070418,0.01114293315805115,-3.209582718386379,-0.18840579710144917,-314589111.7739496,86437119.77452946,303539149.51929253,0.0,True,operationally_harmful
memory_um,dlinear,1,1,q95,mint,84568342.69413471,0.011652083931363908,0.03231780167264031,-0.002512562814070418,0.01114293315805115,-3.209582718386379,-0.18840579710144917,-311201460.8762331,84568342.69413471,303539149.51929253,0.0,True,operationally_harmful
memory_um,dlinear,1,2,q90,bottom_up,145922212.32601643,0.024119331666753254,0.002006795740119971,-0.0029069767441860517,0.0002910206488244693,-1.2340075713977825,-0.011904761904761965,-599508813.3594341,145922212.32601643,446698754.89137936,0.0,True,operationally_harmful
memory_um,dlinear,1,2,q90,wls,44611994.75795841,0.0073738705076555,0.018552439998121284,-0.0029069767441860517,0.011116625922146683,-7.897648456945774,-0.07619047619047625,-398168744.2223635,44611994.75795841,446698754.89137936,0.0,True,coherence_only
memory_um,dlinear,1,2,q90,mint,42126237.97726345,0.006963002338370123,0.018394413721998237,-0.0014534883720930258,0.011555301028985165,-7.65084694266622,-0.07380952380952388,-391670652.4541168,42126237.97726345,446698754.89137936,0.0,True,coherence_only
memory_um,dlinear,1,2,q95,bottom_up,458934317.37957764,0.04840360159677795,0.09666189794945157,-0.06956521739130433,-0.027853023562366075,-7.157243914107103,-0.5686274509803922,-711895501.552578,458934317.37957764,446698754.89137936,0.0,True,operationally_harmful
memory_um,dlinear,1,2,q95,wls,263800701.97976494,0.027822944582760252,0.08252048380803745,-0.03188405797101446,7.646867651844858e-05,-5.923236342709327,-0.4705882352941177,-472811294.09148216,263800701.97976494,446698754.89137936,0.0,True,operationally_harmful
memory_um,dlinear,1,2,q95,mint,258218773.7768097,0.0272342210581819,0.08320572821187477,-0.028985507246376774,0.002595155709342545,-5.923236342709327,-0.4705882352941177,-465095040.066658,258218773.7768097,446698754.89137936,0.0,True,operationally_harmful
memory_um,dlinear,8,0,q90,bottom_up,-126416302.09819555,-0.07856542150846793,-0.002507456775736827,0.003910362460520345,0.0007113784198291562,4.200699664318229,0.3399999999999999,101811932.67348373,-126416302.09819555,411277892.719184,0.0,True,operational_improvement
memory_um,dlinear,8,0,q90,wls,-96512064.75033665,-0.059980484493787296,-0.0007278947484967713,0.0027071740111294096,0.0009975434142772688,1.2354999012700674,0.09999999999999998,60019022.42559457,-96512064.75033665,411277892.719184,0.0,True,operational_improvement
memory_um,dlinear,8,0,q90,mint,-105122012.45644641,-0.06533140964718201,-0.00102696120629453,0.0027071740111294096,0.0008484152743692963,1.7296998617780943,0.13999999999999996,68391875.74209023,-105122012.45644641,411277892.719184,0.0,True,operational_improvement
memory_um,dlinear,8,0,q95,bottom_up,96353855.4105463,0.01364305426188249,0.03544777911164465,-0.0012150668286755595,0.01779160478653463,-10.131099190414552,-0.17154811715481166,-191338187.3579445,96353855.4105463,411277892.719184,0.0,True,operationally_harmful
memory_um,dlinear,8,0,q95,wls,32331890.089295387,0.004577976968311295,0.024024173241564584,0.0036452004860267895,0.014324252441202168,-6.671699466858364,-0.1129707112970711,-112795530.51397419,32331890.089295387,411277892.719184,0.0,True,operationally_harmful
memory_um,dlinear,8,0,q95,mint,43093877.16704941,0.00610180155261958,0.02609793988517395,0.0012150668286755595,0.014214728355567141,-7.412999407620404,-0.12552301255230122,-128530882.50255394,43093877.16704941,411277892.719184,0.0,True,operationally_harmful
memory_um,dlinear,8,1,q90,bottom_up,-109251633.70689988,-0.05586423971812545,-0.014022771120162036,0.08486332109343131,0.036324851323692675,20.509298361083125,0.226158038147139,-148216719.00521195,-109251633.70689988,287605532.3304146,0.0,True,recall_focused_tradeoff
memory_um,dlinear,8,1,q90,wls,-101676731.11605835,-0.05199092304707694,-0.003001480843389248,0.061607507139942896,0.030570581895619897,9.389799249652512,0.10354223433242504,-97983602.31652772,-101676731.11605835,287605532.3304146,0.0,True,recall_focused_tradeoff
memory_um,dlinear,8,1,q90,mint,-100986083.29181528,-0.05163777029040672,-0.0021132127762765185,0.060791513667890706,0.030606544889698828,8.648499308890479,0.0953678474114442,-96635855.04365289,-100986083.29181528,287605532.3304146,0.0,True,recall_focused_tradeoff
memory_um,dlinear,8,1,q95,bottom_up,194656271.73736095,0.026891552400867165,0.025712368774173155,-0.017587939698492483,-0.0007013688381826144,-2.9651997630481617,-0.1714285714285714,-668353505.5136309,194656271.73736095,287605532.3304146,0.0,True,operationally_harmful
memory_um,dlinear,8,1,q95,wls,79729864.49233055,0.01101459413443615,0.03072232645403372,-0.007537688442211032,0.0075660575020370935,-3.212299743302175,-0.18571428571428567,-441837361.48423576,79729864.49233055,287605532.3304146,0.0,True,operationally_harmful
memory_um,dlinear,8,1,q95,mint,77305982.6178894,0.010679737487597703,0.03072232645403372,-0.007537688442211032,0.0075660575020370935,-3.212299743302175,-0.18571428571428567,-435759965.0688324,77305982.6178894,287605532.3304146,0.0,True,operationally_harmful
memory_um,dlinear,8,2,q90,bottom_up,81237616.88617134,0.013395589685338107,-0.02042880814405912,0.0029069767441860517,-0.012511352556489497,8.892373128860697,0.09045226130653257,-479324107.36801624,81237616.88617134,422773609.62416166,0.0,True,operationally_harmful
memory_um,dlinear,8,2,q90,wls,10499659.922553062,0.0017313301589728402,-0.008635230616414025,0.0014534883720930258,-0.005144546042301745,3.705155470358619,0.03768844221105519,-317622856.8204527,10499659.922553062,422773609.62416166,0.0,True,coherence_only
memory_um,dlinear,8,2,q90,mint,8194265.150805473,0.0013511845612957706,-0.0074376672770812835,0.0014534883720930258,-0.004352530293549206,3.211134740977471,0.032663316582914506,-309015995.7006378,8194265.150805473,422773609.62416166,0.0,True,coherence_only
memory_um,dlinear,8,2,q95,bottom_up,357129245.4402485,0.03767843835967953,0.09876543209876543,-0.06376811594202902,-0.01945272491018879,-7.904331670098406,-0.5333333333333333,-614913742.8487301,357129245.4402485,422773609.62416166,0.0,True,operationally_harmful
memory_um,dlinear,8,2,q95,wls,203021510.6113701,0.021419510081930212,0.08186503655759314,-0.03188405797101451,0.0018704396459128247,-6.422269481954954,-0.4333333333333333,-407470971.5191555,203021510.6113701,422773609.62416166,0.0,True,operationally_harmful
memory_um,dlinear,8,2,q95,mint,195714081.35470772,0.02064854963461244,0.07864434947768284,-0.02898550724637683,0.003229139757168653,-6.17525911726438,-0.41666666666666674,-396429429.65543365,195714081.35470772,422773609.62416166,0.0,True,operationally_harmful
memory_um,dlinear,16,0,q90,bottom_up,-131002500.60743046,-0.0814179228115991,-0.001918479056013389,0.0034633338352657583,0.0007825876551176281,3.215410552882906,0.25999999999999995,114752679.3917706,-131002500.60743046,414229236.4238867,0.0,True,operational_improvement
memory_um,dlinear,16,0,q90,wls,-99838792.17439818,-0.062049709258735916,-0.0007313583421860725,0.0024092757114891894,0.000846668915609472,1.236696366493426,0.10000000000000005,67647818.04880846,-99838792.17439818,414229236.4238867,0.0,True,operational_improvement
memory_um,dlinear,16,0,q90,mint,-107606544.60164118,-0.06687735960593097,-0.000728848324878073,0.002710435175425352,0.0009989769764044976,1.236696366493426,0.10000000000000005,75756257.81874382,-107606544.60164118,414229236.4238867,0.0,True,operational_improvement
memory_um,dlinear,16,0,q95,bottom_up,93812676.21145439,0.013323530003349722,0.030522305659776205,0.0,0.015873321963106646,-8.656874565453975,-0.14830508474576265,-161250357.08042622,93812676.21145439,414229236.4238867,0.0,True,operationally_harmful
memory_um,dlinear,16,0,q95,wls,28423891.578798294,0.004036837957894639,0.024215086625454685,0.0,0.012645205614385868,-6.925499652363179,-0.1186440677966101,-95058650.27406883,28423891.578798294,414229236.4238867,0.0,True,operationally_harmful
memory_um,dlinear,16,0,q95,mint,37508755.848851204,0.0053270949526485175,0.026006435398239658,0.0,0.013564748174544228,-7.420178198960549,-0.12711864406779655,-106452622.2877264,37508755.848851204,414229236.4238867,0.0,True,operationally_harmful
memory_um,dlinear,16,1,q90,bottom_up,-121539732.334692,-0.061341009929475214,-0.03934788615639673,0.15259077927376585,0.06294283922993893,44.768408467062,0.6241379310344827,94303001.19020343,-121539732.334692,298993412.82859784,0.0,True,recall_focused_tradeoff
memory_um,dlinear,16,1,q90,wls,-108883357.37169099,-0.05495334716797837,-0.016252848746551418,0.10730314157486742,0.05227238736069939,22.013195323582977,0.30689655172413793,61962749.43660867,-108883357.37169099,298993412.82859784,0.0,True,recall_focused_tradeoff
memory_um,dlinear,16,1,q90,mint,-107728082.53511143,-0.05437028084176043,-0.014971139971139968,0.10648714810281523,0.052474025749768116,21.023838230388236,0.2931034482758621,60830421.15644765,-107728082.53511143,298993412.82859784,0.0,True,recall_focused_tradeoff
memory_um,dlinear,16,1,q95,bottom_up,9781586.875372887,0.0013353815042014428,0.01176333566270682,-0.002512562814070307,0.00314922855506905,-1.236696366493426,-0.07352941176470591,-200717160.00416374,9781586.875372887,298993412.82859784,0.0,True,coherence_only
memory_um,dlinear,16,1,q95,wls,-33733649.89670944,-0.004605315345579389,0.025749559082892448,0.002512562814070307,0.011756341470047782,-2.473392732986852,-0.14705882352941183,-131883258.55789948,-33733649.89670944,298993412.82859784,0.0,True,operationally_harmful
memory_um,dlinear,16,1,q95,mint,-34629385.33188629,-0.0047276010797893,0.025749559082892448,0.002512562814070307,0.011756341470047782,-2.473392732986852,-0.14705882352941183,-129473178.45909977,-34629385.33188629,298993412.82859784,0.0,True,operationally_harmful
memory_um,dlinear,16,2,q90,bottom_up,134226624.7252884,0.022227786349561966,-0.013044992869506555,0.0,-0.008840834725895919,5.686738134628527,0.05399061032863859,-550797608.3630552,134226624.7252884,442752201.4274765,0.0,True,operationally_harmful
memory_um,dlinear,16,2,q90,wls,37632625.49569416,0.006231922772425738,0.0016386452377710192,0.0014534883720930258,0.001614020115361936,-0.4944989682285694,-0.004694835680751199,-365116783.532176,37632625.49569416,442752201.4274765,0.0,True,coherence_only
memory_um,dlinear,16,2,q90,mint,34618279.237130165,0.005732750236752651,0.002111932418162654,0.0029069767441860517,0.0024464831804280607,-0.4944989682285694,-0.004694835680751199,-356661935.82167435,34618279.237130165,442752201.4274765,0.0,True,coherence_only
memory_um,dlinear,16,2,q95,bottom_up,419428633.5287647,0.044304855769084356,0.07647980822423017,-0.060869565217391286,-0.025586062209249194,-5.933987618742802,-0.48000000000000004,-682212048.8961182,419428633.5287647,442752201.4274765,0.0,True,operationally_harmful
memory_um,dlinear,16,2,q95,wls,240351298.64608955,0.025388656780145222,0.055323066622028794,-0.02608695652173909,-0.002900036800900674,-4.203241229942819,-0.3400000000000001,-452229757.7075367,240351298.64608955,442752201.4274765,0.0,True,operationally_harmful
memory_um,dlinear,16,2,q95,mint,233135121.67440987,0.024626401525312862,0.054541631623212794,-0.028985507246376774,-0.005394674649440545,-4.203241229942819,-0.3400000000000001,-441757673.3972244,233135121.67440987,442752201.4274765,0.0,True,operationally_harmful
memory_um,lightgbm,1,0,q90,bottom_up,291046516.1111169,0.13155073239232137,0.0033671548472563595,-0.006460336538461564,-0.0016437118302413678,-5.67849250176052,-0.20353982300884954,-203420096.88535643,291046516.1111169,1491534985.8369813,0.0,True,operationally_harmful
memory_um,lightgbm,1,0,q90,wls,37488246.314052105,0.016944391998269064,0.002850521469128009,0.020282451923076872,0.011616601425251338,-4.197146631736036,-0.15044247787610618,-129961872.39289308,37488246.314052105,1491534985.8369813,0.0,True,operationally_harmful
memory_um,lightgbm,1,0,q90,mint,-8307028.606766701,-0.003754711486760806,0.002826795867572729,0.0186298076923076,0.010780309687752232,-4.197146631736036,-0.15044247787610618,-103556027.39890957,-8307028.606766701,1491534985.8369813,0.0,True,coherence_only
memory_um,lightgbm,1,0,q95,bottom_up,-1538445851.9910774,-0.18728229936172233,-0.060144476273508496,0.06513872135102539,0.004607538591140492,18.26993239696863,0.5873015873015873,1632447715.9403286,-1538445851.9910774,1491534985.8369813,0.0,True,recall_focused_tradeoff
memory_um,lightgbm,1,0,q95,wls,-1209591095.2762823,-0.14724925243070572,0.007334946887185723,0.07117008443908324,0.041585729635384316,1.2344548916870686,0.039682539682539646,1042944944.9945555,-1209591095.2762823,1491534985.8369813,0.0,True,operational_improvement
memory_um,lightgbm,1,0,q95,mint,-1018720703.1367121,-0.1240136956682051,0.011640828645904877,0.059107358262967535,0.03737298847924375,-0.24689097833741513,-0.007936507936507976,831037851.8256798,-1018720703.1367121,1491534985.8369813,0.0,True,operational_improvement
memory_um,lightgbm,1,1,q90,bottom_up,-422694388.7216613,-0.18584015456941358,-0.018470744964958152,0.02284781721746232,-0.006671602168797475,35.799191858924985,0.10796723752792245,-39240651.68814875,-422694388.7216613,732754784.1564883,0.0,True,recall_focused_tradeoff
memory_um,lightgbm,1,1,q90,wls,-342920887.6051667,-0.15076725042496136,-0.014772288805253053,0.02366381068951451,-0.0036387729223780196,30.367590335501916,0.09158600148920328,-26728417.79053566,-342920887.6051667,732754784.1564883,0.0,True,recall_focused_tradeoff
memory_um,lightgbm,1,1,q90,mint,-347377433.8786237,-0.15272659805389419,-0.014451778081658206,0.02366381068951451,-0.003397529079070205,29.87380837882705,0.09009679821295596,-27229709.294914946,-347377433.8786237,732754784.1564883,0.0,True,recall_focused_tradeoff
memory_um,lightgbm,1,1,q95,bottom_up,-1015755119.2059498,-0.15204928658713537,0.03615547054735835,0.042713567839196,0.039554058572628836,-3.2095827183863825,-0.13684210526315796,1015483578.0451717,-1015755119.2059498,732754784.1564883,0.0,True,operational_improvement
memory_um,lightgbm,1,1,q95,wls,-866844469.8674784,-0.12975871913733358,0.06137510879025243,0.042713567839196,0.05161724196762374,-6.17227445843535,-0.26315789473684215,691687529.8004618,-866844469.8674784,732754784.1564883,0.0,True,operational_improvement
memory_um,lightgbm,1,1,q95,mint,-877300719.8764229,-0.13132392449458505,0.06137510879025243,0.042713567839196,0.05161724196762374,-6.17227445843535,-0.26315789473684215,704660130.8006105,-877300719.8764229,732754784.1564883,0.0,True,operational_improvement
memory_um,lightgbm,1,2,q90,bottom_up,-360474506.32083607,-0.06763008654177474,0.03305026275627421,0.05232558139534882,0.04055313143405881,-10.118862085461757,-0.06688417618270794,-35708578.78242111,-360474506.32083607,763501987.9491076,0.0,True,operational_improvement
memory_um,lightgbm,1,2,q90,wls,-406628302.1797981,-0.07628918768052449,0.031279799265555686,0.0566860465116279,0.040353555663488416,-8.391251485504881,-0.05546492659053836,-24839203.35182476,-406628302.1797981,763501987.9491076,0.0,True,operational_improvement
memory_um,lightgbm,1,2,q90,mint,-401790706.64200497,-0.07538158672917215,0.039172179667033125,0.0566860465116279,0.046580730068492504,-12.833678742536875,-0.08482871125611748,-29955466.653810024,-401790706.64200497,763501987.9491076,0.0,True,operational_improvement
memory_um,lightgbm,1,2,q95,bottom_up,-109850111.78115368,-0.013518674189490822,0.1785981840520212,-0.05507246376811603,0.02930076842835372,-15.301693885332426,-0.7380952380952381,69868559.99944782,-109850111.78115368,763501987.9491076,0.0,True,operationally_harmful
memory_um,lightgbm,1,2,q95,wls,-195665945.43932152,-0.024079576465453237,0.16559158281012587,-0.037681159420289934,0.03792611196977502,-14.314487828214206,-0.6904761904761905,48601188.480065346,-195665945.43932152,763501987.9491076,0.0,True,accuracy_focused_tradeoff
memory_um,lightgbm,1,2,q95,mint,-163037486.31586552,-0.02006416399983937,0.19332426679280978,-0.037681159420289934,0.04668294657239169,-16.042098428171094,-0.773809523809524,58611835.050058365,-163037486.31586552,763501987.9491076,0.0,True,accuracy_focused_tradeoff
memory_um,lightgbm,8,0,q90,bottom_up,609978256.8450909,0.33713019018201046,0.0034699077074668017,0.0021055797864339976,0.0027811597650694297,-5.68329954584231,-0.18699186991869915,-1009657353.3023634,609978256.8450909,1792691829.1344185,0.0,True,operationally_harmful
memory_um,lightgbm,8,0,q90,wls,124198032.77630973,0.0686432769369062,0.0032782634863347537,0.01864942096555866,0.010973166580565241,-4.9419996050802695,-0.16260162601626013,-620671294.5310967,124198032.77630973,1792691829.1344185,0.0,True,operationally_harmful
memory_um,lightgbm,8,0,q90,mint,301586394.8806646,0.16668443099644173,0.0026830123976897546,0.018198225297037074,0.010449456928135481,-3.9535996840642156,-0.1300813008130081,-780600153.9243319,301586394.8806646,1792691829.1344185,0.0,True,operationally_harmful
memory_um,lightgbm,8,0,q95,bottom_up,-1072740342.3091984,-0.13668422445128423,0.017243469635181308,0.03280680437424055,0.024762961846133358,-2.718099782794148,-0.05445544554455444,986415648.0232868,-1072740342.3091984,1792691829.1344185,0.0,True,operational_improvement
memory_um,lightgbm,8,0,q95,wls,-916672258.9045496,-0.1167986621204754,0.06649698671815574,0.03402187120291622,0.05032967686928003,-15.320198775748842,-0.306930693069307,606383814.5030565,-916672258.9045496,1792691829.1344185,0.0,True,operational_improvement
memory_um,lightgbm,8,0,q95,mint,-1017388893.4980183,-0.12963156729407774,0.056854741066177716,0.03645200486026734,0.046775325785906596,-12.849198973208708,-0.2574257425742575,762631207.3761415,-1017388893.4980183,1792691829.1344185,0.0,True,operational_improvement
memory_um,lightgbm,8,1,q90,bottom_up,-307387448.04267216,-0.13484673239746367,-0.052394209208688314,0.029783761729906155,-0.029698271330519832,89.94439281246093,0.2898089171974523,163304556.4052623,-307387448.04267216,799168503.5116102,0.0,True,recall_focused_tradeoff
memory_um,lightgbm,8,1,q90,wls,-270150352.8408551,-0.11851132038271792,-0.03310907291899756,0.029783761729906155,-0.014939114710897927,58.80979530045522,0.18949044585987262,111282991.60345022,-270150352.8408551,799168503.5116102,0.0,True,recall_focused_tradeoff
memory_um,lightgbm,8,1,q90,mint,-272897545.46687317,-0.11971647677815249,-0.03389799042503472,0.029783761729906155,-0.015535922453145057,60.04529520172531,0.1934713375796179,113408669.0035158,-272897545.46687317,799168503.5116102,0.0,True,recall_focused_tradeoff
memory_um,lightgbm,8,1,q95,bottom_up,-1148779775.7416353,-0.17066466681908268,-0.024344994699379008,0.07788944723618085,0.02673055100239563,5.6832995458423134,0.26436781609195414,1282643556.9953766,-1148779775.7416353,799168503.5116102,0.0,True,recall_focused_tradeoff
memory_um,lightgbm,8,1,q95,wls,-968652211.4688396,-0.14390461115767153,0.03078613483705117,0.06281407035175879,0.047542038647502394,-1.9767998420321078,-0.09195402298850573,874050397.1269445,-968652211.4688396,799168503.5116102,0.0,True,operational_improvement
memory_um,lightgbm,8,1,q95,mint,-979885139.4345703,-0.1455733939384587,0.03078613483705117,0.06281407035175879,0.047542038647502394,-1.9767998420321078,-0.09195402298850573,890746112.1038637,-979885139.4345703,799168503.5116102,0.0,True,operational_improvement
memory_um,lightgbm,8,2,q90,bottom_up,-324584644.09704685,-0.061071945980748665,0.0331963462821675,0.04941860465116277,0.03985378099446546,-10.621445681694723,-0.07049180327868848,24615598.65009308,-324584644.09704685,767941323.936843,0.0,True,operational_improvement
memory_um,lightgbm,8,2,q90,wls,-378562434.692544,-0.0712280909844006,0.027529869539417162,0.04941860465116277,0.03538995305985593,-7.410310940717238,-0.049180327868852354,16995790.055261612,-378562434.692544,767941323.936843,0.0,True,operational_improvement
memory_um,lightgbm,8,2,q90,mint,-374151805.77717304,-0.07039821287476296,0.03668590210413458,0.053779069767441845,0.0438087679849507,-11.856497505147587,-0.0786885245901638,19853732.767827034,-374151805.77717304,767941323.936843,0.0,True,operational_improvement
memory_um,lightgbm,8,2,q95,bottom_up,-111632153.84383774,-0.013672529747554452,0.12908756889161055,-0.03188405797101457,0.02564180548835282,-10.62144568169473,-0.6142857142857142,129523582.51062012,-111632153.84383774,767941323.936843,0.0,True,operationally_harmful
memory_um,lightgbm,8,2,q95,wls,-203790980.50572777,-0.024959997163054488,0.14826458752515093,-0.034782608695652195,0.029572423659056435,-11.856497505147608,-0.6857142857142857,89429294.20704556,-203790980.50572777,767941323.936843,0.0,True,accuracy_focused_tradeoff
memory_um,lightgbm,8,2,q95,mint,-176758356.5173807,-0.02164908410701717,0.1373085675625807,-0.02898550724637683,0.0303562426948365,-11.115466411075882,-0.6428571428571429,104467359.27297878,-176758356.5173807,767941323.936843,0.0,True,accuracy_focused_tradeoff
memory_um,lightgbm,16,0,q90,bottom_up,483680413.00269413,0.23385481391062546,0.007441391501586958,-0.03026652612558356,-0.011992756349220701,-12.861642211531624,-0.39999999999999997,-549817862.0924265,483680413.00269413,1522331834.1169596,0.0,True,operationally_harmful
memory_um,lightgbm,16,0,q90,wls,147214433.957767,0.07117675872882598,0.004505165660407151,0.019876524619786173,0.012215266937542046,-6.925499652363182,-0.21538461538461537,-324616484.0032182,147214433.957767,1522331834.1169596,0.0,True,operationally_harmful
memory_um,lightgbm,16,0,q90,mint,216180148.22229242,0.10452101630465245,0.005693640409331624,0.020328263815690417,0.013036955088618019,-8.904213838752664,-0.27692307692307694,-382908838.5677955,216180148.22229242,1522331834.1169596,0.0,True,operationally_harmful
memory_um,lightgbm,16,0,q95,bottom_up,-1342721714.8254862,-0.1613961758498091,0.002692847124824649,0.06585365853658542,0.03743596979307895,1.9787141863894817,0.06896551724137935,1308538488.8603668,-1342721714.8254862,1522331834.1169596,0.0,True,recall_focused_tradeoff
memory_um,lightgbm,16,0,q95,wls,-1049680109.7912083,-0.1261723510652597,0.030339905948354118,0.06341463414634152,0.04894115180318703,-4.204767646077645,-0.146551724137931,772570687.0124941,-1049680109.7912083,1522331834.1169596,0.0,True,operational_improvement
memory_um,lightgbm,16,0,q95,mint,-1160071536.3324375,-0.1394414848653898,0.026269006065221978,0.06707317073170738,0.04907153729071534,-3.2154105528829042,-0.11206896551724131,911303519.9101725,-1160071536.3324375,1522331834.1169596,0.0,True,operational_improvement
memory_um,lightgbm,16,1,q90,bottom_up,-249841171.18647718,-0.10842828265922579,-0.0431390496619144,0.023255813953488413,-0.024529032965271313,72.22306780321605,0.23285486443381181,153166374.36839625,-249841171.18647718,787283428.9104376,0.0,True,recall_focused_tradeoff
memory_um,lightgbm,16,1,q90,wls,-232735098.16825676,-0.10100443769564058,-0.028855090301675435,0.02774377804977568,-0.012385027888744071,51.446568846126524,0.16586921850079753,103327774.42379871,-232735098.16825676,787283428.9104376,0.0,True,recall_focused_tradeoff
memory_um,lightgbm,16,1,q90,mint,-232847820.84024978,-0.10105335807846987,-0.028855090301675435,0.02774377804977568,-0.012385027888744071,51.446568846126524,0.16586921850079753,103429439.83864477,-232847820.84024978,787283428.9104376,0.0,True,recall_focused_tradeoff
memory_um,lightgbm,16,1,q95,bottom_up,-991239665.219636,-0.1500238142813394,0.004022339357429794,0.06281407035175879,0.0333172896946361,1.4840356397921113,0.06315789473684214,1128258952.1258812,-991239665.219636,787283428.9104376,0.0,True,recall_focused_tradeoff
memory_um,lightgbm,16,1,q95,wls,-870987029.08747,-0.1318236152952182,0.0546875,0.05276381909547745,0.053708439897698246,-5.194124739272386,-0.2210526315789473,761136293.0041409,-870987029.08747,787283428.9104376,0.0,True,operational_improvement
memory_um,lightgbm,16,1,q95,mint,-871510227.4793615,-0.13190280120870768,0.05259063852813861,0.05276381909547745,0.052695874285079825,-4.946785465973701,-0.21052631578947362,761885185.7126169,-871510227.4793615,787283428.9104376,0.0,True,operational_improvement
memory_um,lightgbm,16,2,q90,bottom_up,-313067468.5447788,-0.058829434579431246,0.03806460570159198,0.053779069767441845,0.04495468611847919,-13.10422265805704,-0.08386075949367101,-44433111.30701494,-313067468.5447788,780548531.5914713,0.0,True,operational_improvement
memory_um,lightgbm,16,2,q90,wls,-362465458.3619909,-0.06811195704596287,0.0415558045091724,0.05232558139534882,0.04730949801372342,-15.329468015085581,-0.09810126582278487,-30968243.795727253,-362465458.3619909,780548531.5914713,0.0,True,operational_improvement
memory_um,lightgbm,16,2,q90,mint,-354960343.048337,-0.06670164861497832,0.04331584617546491,0.05232558139534882,0.04869289234110086,-16.31846595154272,-0.10443037974683554,-37047459.6745348,-354960343.048337,780548531.5914713,0.0,True,operational_improvement
memory_um,lightgbm,16,2,q95,bottom_up,-105118136.23113823,-0.012871053086447301,0.13303860890067787,-0.02898550724637683,0.0303428392694437,-11.373476269257035,-0.5974025974025974,20005403.018170357,-105118136.23113823,780548531.5914713,0.0,True,operationally_harmful
memory_um,lightgbm,16,2,q95,wls,-188681402.81733608,-0.023102848272988103,0.14051724137931032,-0.02898550724637683,0.03277337299908567,-11.867975237485602,-0.6233766233766234,13943029.858921051,-188681402.81733608,780548531.5914713,0.0,True,accuracy_focused_tradeoff
memory_um,lightgbm,16,2,q95,mint,-156562286.83038616,-0.01917006500855908,0.1563469357024544,-0.02608695652173909,0.0399352519959395,-12.856973173942734,-0.6753246753246752,16680113.685371399,-156562286.83038616,780548531.5914713,0.0,True,operationally_harmful
memory_um,persistence,1,0,q90,bottom_up,0.0,0.0,0.0,0.0,0.0,0.0,0.0,0.0,0.0,0.0,0.0,True,coherence_only
memory_um,persistence,1,0,q90,wls,-0.0005397796630859375,-3.485504491735124e-13,0.0,0.0,0.0,0.0,0.0,-0.04056154005229473,-0.0005397796630859375,0.0,0.0,True,coherence_only
memory_um,persistence,1,0,q90,mint,0.002554178237915039,1.6493025450511653e-12,0.0,0.0,0.0,0.0,0.0,0.19047675468027592,0.002554178237915039,0.0,0.0,True,coherence_only
memory_um,persistence,1,0,q95,bottom_up,0.0,0.0,0.0,0.0,0.0,0.0,0.0,0.0,0.0,0.0,0.0,True,coherence_only
memory_um,persistence,1,0,q95,wls,-0.00013446807861328125,-1.5857489368005457e-14,0.0,0.0,0.0,0.0,0.0,-0.040549278259277344,-0.00013446807861328125,0.0,0.0,True,coherence_only
memory_um,persistence,1,0,q95,mint,0.0006551742553710938,7.726308649517553e-14,0.0,0.0,0.0,0.0,0.0,0.19045758247375488,0.0006551742553710938,0.0,0.0,True,coherence_only
memory_um,persistence,1,1,q90,bottom_up,0.0,0.0,0.0,0.0,0.0,0.0,0.0,0.0,0.0,0.0,0.0,True,coherence_only
memory_um,persistence,1,1,q90,wls,0.00471949577331543,2.227016582639781e-12,0.0,0.0,0.0,0.0,0.0,-0.05152285099029541,0.00471949577331543,0.0,0.0,True,coherence_only
memory_um,persistence,1,1,q90,mint,-0.017994403839111328,-8.491126524786807e-12,0.0,0.0,0.0,0.0,0.0,0.20142820477485657,-0.017994403839111328,0.0,0.0,True,coherence_only
memory_um,persistence,1,1,q95,bottom_up,0.0,0.0,0.0,0.0,0.0,0.0,0.0,0.0,0.0,0.0,0.0,True,coherence_only
memory_um,persistence,1,1,q95,wls,0.0032215118408203125,3.504818792788698e-13,0.0,0.0,0.0,0.0,0.0,-0.05183267593383789,0.0032215118408203125,0.0,0.0,True,coherence_only
memory_um,persistence,1,1,q95,mint,-0.012136459350585938,-1.320376671315245e-12,0.0,0.0,0.0,0.0,0.0,0.20142841339111328,-0.012136459350585938,0.0,0.0,True,coherence_only
memory_um,persistence,1,2,q90,bottom_up,0.0,0.0,0.0,0.0,0.0,0.0,0.0,0.0,0.0,0.0,0.0,True,coherence_only
memory_um,persistence,1,2,q90,wls,0.0044231414794921875,5.835166413820716e-13,0.0,0.0,0.0,0.0,0.0,-0.05678749084472656,0.0044231414794921875,0.0,0.0,True,coherence_only
memory_um,persistence,1,2,q90,mint,-0.014870643615722656,-1.961788484060078e-12,0.0,0.0,0.0,0.0,0.0,0.19000983238220215,-0.014870643615722656,0.0,0.0,True,coherence_only
memory_um,persistence,1,2,q95,bottom_up,0.0,0.0,0.0,0.0,0.0,0.0,0.0,0.0,0.0,0.0,0.0,True,coherence_only
memory_um,persistence,1,2,q95,wls,0.0077056884765625,6.857462056433313e-13,0.0,0.0,0.0,0.0,0.0,-0.05679655075073242,0.0077056884765625,0.0,0.0,True,coherence_only
memory_um,persistence,1,2,q95,mint,-0.025823593139648438,-2.2980984847042232e-12,0.0,0.0,0.0,0.0,0.0,0.19004249572753906,-0.025823593139648438,0.0,0.0,True,coherence_only
memory_um,persistence,8,0,q90,bottom_up,0.0,0.0,0.0,0.0,0.0,0.0,0.0,0.0,0.0,0.0,0.0,True,coherence_only
memory_um,persistence,8,0,q90,wls,-0.0004696846008300781,-3.038660496636478e-13,0.0,0.0,0.0,0.0,0.0,-0.032796984538435936,-0.0004696846008300781,0.0,0.0,True,coherence_only
memory_um,persistence,8,0,q90,mint,-0.00036835670471191406,-2.3831119123367306e-13,0.0,0.0,0.0,0.0,0.0,-0.02639525942504406,-0.00036835670471191406,0.0,0.0,True,coherence_only
memory_um,persistence,8,0,q95,bottom_up,0.0,0.0,0.0,0.0,0.0,0.0,0.0,0.0,0.0,0.0,0.0,True,coherence_only
memory_um,persistence,8,0,q95,wls,-6.961822509765625e-05,-8.178796338797716e-15,0.0,0.0,0.0,0.0,0.0,-0.03284120559692383,-6.961822509765625e-05,0.0,0.0,True,coherence_only
memory_um,persistence,8,0,q95,mint,-6.67572021484375e-05,-7.842681420764933e-15,0.0,0.0,0.0,0.0,0.0,-0.026456117630004883,-6.67572021484375e-05,0.0,0.0,True,coherence_only
memory_um,persistence,8,1,q90,bottom_up,0.0,0.0,0.0,0.0,0.0,0.0,0.0,0.0,0.0,0.0,0.0,True,coherence_only
memory_um,persistence,8,1,q90,wls,0.008301019668579102,3.917051596755203e-12,0.0,0.0,0.0,0.0,0.0,-0.091673344373703,0.008301019668579102,0.0,0.0,True,coherence_only
memory_um,persistence,8,1,q90,mint,0.009580135345458984,4.520635530367855e-12,0.0,0.0,0.0,0.0,0.0,-0.10951325297355652,0.009580135345458984,0.0,0.0,True,coherence_only
memory_um,persistence,8,1,q95,bottom_up,0.0,0.0,0.0,0.0,0.0,0.0,0.0,0.0,0.0,0.0,0.0,True,coherence_only
memory_um,persistence,8,1,q95,wls,0.0055637359619140625,6.053023338404163e-13,0.0,0.0,0.0,0.0,0.0,-0.09215927124023438,0.0055637359619140625,0.0,0.0,True,coherence_only
memory_um,persistence,8,1,q95,mint,0.0064849853515625,7.055289458544448e-13,0.0,0.0,0.0,0.0,0.0,-0.10874223709106445,0.0064849853515625,0.0,0.0,True,coherence_only
memory_um,persistence,8,2,q90,bottom_up,0.0,0.0,0.0,0.0,0.0,0.0,0.0,0.0,0.0,0.0,0.0,True,coherence_only
memory_um,persistence,8,2,q90,wls,0.000823974609375,1.087016770491828e-13,0.0,0.0,0.0,0.0,0.0,-0.010333776473999023,0.000823974609375,0.0,0.0,True,coherence_only
memory_um,persistence,8,2,q90,mint,-0.001800537109375,-2.3753329429265874e-13,0.0,0.0,0.0,0.0,0.0,0.023061275482177734,-0.001800537109375,0.0,0.0,True,coherence_only
memory_um,persistence,8,2,q95,bottom_up,0.0,0.0,0.0,0.0,0.0,0.0,0.0,0.0,0.0,0.0,0.0,True,coherence_only
memory_um,persistence,8,2,q95,wls,0.0014362335205078125,1.2781358733896745e-13,0.0,0.0,0.0,0.0,0.0,-0.010328292846679688,0.0014362335205078125,0.0,0.0,True,coherence_only
memory_um,persistence,8,2,q95,mint,-0.0031452178955078125,-2.798998745311518e-13,0.0,0.0,0.0,0.0,0.0,0.023051738739013672,-0.0031452178955078125,0.0,0.0,True,coherence_only
memory_um,persistence,16,0,q90,bottom_up,0.0,0.0,0.0,0.0,0.0,0.0,0.0,0.0,0.0,0.0,0.0,True,coherence_only
memory_um,persistence,16,0,q90,wls,-1.3589859008789062e-05,-8.833904311891563e-15,0.0,0.0,0.0,0.0,0.0,-0.0003499109297990799,-1.3589859008789062e-05,0.0,0.0,True,coherence_only
memory_um,persistence,16,0,q90,mint,2.6464462280273438e-05,1.7202866291578307e-14,0.0,0.0,0.0,0.0,0.0,0.003752211108803749,2.6464462280273438e-05,0.0,0.0,True,coherence_only
memory_um,persistence,16,0,q95,bottom_up,0.0,0.0,0.0,0.0,0.0,0.0,0.0,0.0,0.0,0.0,0.0,True,coherence_only
memory_um,persistence,16,0,q95,wls,1.1444091796875e-05,1.3509219737429165e-15,0.0,0.0,0.0,0.0,0.0,-0.00032591819763183594,1.1444091796875e-05,0.0,0.0,True,coherence_only
memory_um,persistence,16,0,q95,mint,-2.86102294921875e-06,-3.3773049343572913e-16,0.0,0.0,0.0,0.0,0.0,0.0037572383880615234,-2.86102294921875e-06,0.0,0.0,True,coherence_only
memory_um,persistence,16,1,q90,bottom_up,0.0,0.0,0.0,0.0,0.0,0.0,0.0,0.0,0.0,0.0,0.0,True,coherence_only
memory_um,persistence,16,1,q90,wls,0.01376199722290039,6.493955604098684e-12,0.0,0.0,0.0,0.0,0.0,-0.15631213784217834,0.01376199722290039,0.0,0.0,True,coherence_only
memory_um,persistence,16,1,q90,mint,0.006785869598388672,3.2020887080117933e-12,0.0,0.0,0.0,0.0,0.0,-0.07558724284172058,0.006785869598388672,0.0,0.0,True,coherence_only
memory_um,persistence,16,1,q95,bottom_up,0.0,0.0,0.0,0.0,0.0,0.0,0.0,0.0,0.0,0.0,0.0,True,coherence_only
memory_um,persistence,16,1,q95,wls,0.009220123291015625,1.0030961541942312e-12,0.0,0.0,0.0,0.0,0.0,-0.15577363967895508,0.009220123291015625,0.0,0.0,True,coherence_only
memory_um,persistence,16,1,q95,mint,0.004535675048828125,4.934552450711382e-13,0.0,0.0,0.0,0.0,0.0,-0.0757894515991211,0.004535675048828125,0.0,0.0,True,coherence_only
memory_um,persistence,16,2,q90,bottom_up,0.0,0.0,0.0,0.0,0.0,0.0,0.0,0.0,0.0,0.0,0.0,True,coherence_only
memory_um,persistence,16,2,q90,wls,0.001056671142578125,1.393998358454798e-13,0.0,0.0,0.0,0.0,0.0,-0.01359868049621582,0.001056671142578125,0.0,0.0,True,coherence_only
memory_um,persistence,16,2,q90,mint,0.00336456298828125,4.438651812841631e-13,0.0,0.0,0.0,0.0,0.0,-0.04176020622253418,0.00336456298828125,0.0,0.0,True,coherence_only
memory_um,persistence,16,2,q95,bottom_up,0.0,0.0,0.0,0.0,0.0,0.0,0.0,0.0,0.0,0.0,0.0,True,coherence_only
memory_um,persistence,16,2,q95,wls,0.001857757568359375,1.6532594165757542e-13,0.0,0.0,0.0,0.0,0.0,-0.013601303100585938,0.001857757568359375,0.0,0.0,True,coherence_only
memory_um,persistence,16,2,q95,mint,0.0058002471923828125,5.161767849904382e-13,0.0,0.0,0.0,0.0,0.0,-0.04174613952636719,0.0058002471923828125,0.0,0.0,True,coherence_only
memory_um,ridge,1,0,q90,bottom_up,-119953004.27829003,-0.07402336332811413,-0.0013207660798051357,0.003155048076923128,0.0009255702075285921,2.2220188050367238,0.18367346938775497,133502736.87108171,-119953004.27829003,465104157.5826315,0.0,True,operational_improvement
memory_um,ridge,1,0,q90,wls,-106468618.07619596,-0.06570210764052421,-0.0008743505747565994,0.0030048076923077094,0.001073119535303757,1.481345870024482,0.1224489795918366,89890715.86599755,-106468618.07619596,465104157.5826315,0.0,True,operational_improvement
memory_um,ridge,1,0,q90,mint,-110561943.78157425,-0.06822811136783866,-0.0011715903166549246,0.003155048076923128,0.001000040378206557,1.9751278266993104,0.16326530612244888,96916323.25344789,-110561943.78157425,465104157.5826315,0.0,True,operational_improvement
memory_um,ridge,1,0,q95,bottom_up,34240299.312348366,0.004875602637884822,0.03378159530172564,0.0,0.01734975578679121,-9.381857176821725,-0.16814159292035394,-58855234.57647228,34240299.312348366,465104157.5826315,0.0,True,operationally_harmful
memory_um,ridge,1,0,q95,wls,-5510774.607331276,-0.0007846995426994795,0.0289754175114606,0.007237635705669487,0.01848990342405621,-7.65362032845983,-0.13716814159292035,-39628694.47237301,-5510774.607331276,465104157.5826315,0.0,True,operationally_harmful
memory_um,ridge,1,0,q95,mint,-1699137.0783567429,-0.00024194640198067435,0.0289754175114606,0.007237635705669487,0.01848990342405621,-7.65362032845983,-0.13716814159292035,-42725962.47602749,-1699137.0783567429,465104157.5826315,0.0,True,operationally_harmful
memory_um,ridge,1,1,q90,bottom_up,-118801528.51426435,-0.06045518950140632,-0.029112275749760386,0.12362301101591189,0.05309225017160857,33.083391097213465,0.46366782006920415,-30844869.262414932,-118801528.51426435,301581705.2888302,0.0,True,recall_focused_tradeoff
memory_um,ridge,1,1,q90,wls,-108969204.13277268,-0.05545176032708382,-0.01041510524740108,0.09139126886984905,0.04603244595910139,16.047913591931902,0.22491349480968856,-20369614.154892325,-108969204.13277268,301581705.2888302,0.0,True,recall_focused_tradeoff
memory_um,ridge,1,1,q90,mint,-107972619.2223208,-0.05494462266337626,-0.00988341718316299,0.09016727866177077,0.04564826480696105,15.554131635257079,0.21799307958477512,-20029725.958671093,-107972619.2223208,301581705.2888302,0.0,True,recall_focused_tradeoff
memory_um,ridge,1,1,q95,bottom_up,117719803.2917614,0.01607607803104186,0.02581584963683825,-0.01005025125628145,0.003782505910165268,-2.7158007617115523,-0.16666666666666663,-455344821.4574423,117719803.2917614,301581705.2888302,0.0,True,operationally_harmful
memory_um,ridge,1,1,q95,wls,35421731.13270378,0.004837270346711351,0.019665429722382166,-0.002512562814070307,0.0061884669479604915,-1.9751278266993104,-0.12121212121212116,-300704738.80808926,35421731.13270378,301581705.2888302,0.0,True,coherence_only
memory_um,ridge,1,1,q95,mint,33534547.76240349,0.004579552390416097,0.019665429722382166,-0.002512562814070307,0.0061884669479604915,-1.9751278266993104,-0.12121212121212116,-295687166.5617943,33534547.76240349,301581705.2888302,0.0,True,coherence_only
memory_um,ridge,1,2,q90,bottom_up,123163094.47203636,0.020430356424372995,8.29331023803892e-05,-0.0014534883720930258,-0.0004398866695919379,-0.24680151427955366,-0.0022271714922048854,-597569027.1876907,123163094.47203636,427789448.31166357,0.0,True,operationally_harmful
memory_um,ridge,1,2,q90,wls,31204458.299354553,0.005176211330335186,0.009779317610480454,-0.0029069767441860517,0.005668442164792564,-4.689228771311548,-0.04231625835189308,-396983465.3553324,31204458.299354553,427789448.31166357,0.0,True,coherence_only
memory_um,ridge,1,2,q90,mint,29875179.74550724,0.004955709931285476,0.009779317610480454,-0.0029069767441860517,0.005668442164792564,-4.689228771311548,-0.04231625835189308,-392546858.11939716,29875179.74550724,427789448.31166357,0.0,True,coherence_only
memory_um,ridge,1,2,q95,bottom_up,412475753.753212,0.04383867600767738,0.09903130946203076,-0.07246376811594207,-0.025682295089253127,-8.144449971225324,-0.5409836065573771,-737473714.3500051,412475753.753212,427789448.31166357,0.0,True,operationally_harmful
memory_um,ridge,1,2,q95,wls,233836673.27659798,0.024852588461767407,0.08699186991869912,-0.03768115942028988,-0.0006029841562836813,-6.910442399827549,-0.459016393442623,-489926447.6809683,233836673.27659798,427789448.31166357,0.0,True,operationally_harmful
memory_um,ridge,1,2,q95,mint,230417608.09802628,0.02448920397371283,0.08291893598547628,-0.03768115942028988,-0.0017381103730795822,-6.663640885547993,-0.44262295081967223,-484451128.3431711,230417608.09802628,427789448.31166357,0.0,True,operationally_harmful
memory_um,ridge,8,0,q90,bottom_up,-120478873.30590272,-0.07442491710676542,-0.0013221232162498042,0.0031583696796509964,0.0009265701605400967,2.2238998222861213,0.18367346938775506,133574969.45480907,-120478873.30590272,464923296.3696819,0.0,True,operational_improvement
memory_um,ridge,8,0,q90,wls,-98120309.07656336,-0.060613082353216594,-0.0008789920021697872,0.0025567754549555843,0.0008462768334333015,1.4825998815240808,0.1224489795918367,77481122.11813307,-98120309.07656336,464923296.3696819,0.0,True,operational_improvement
memory_um,ridge,8,0,q90,mint,-103681469.01054311,-0.06404844704203652,-0.0008764918139737565,0.002857572567303346,0.00099828504437105,1.4825998815240808,0.1224489795918367,85052062.84652483,-103681469.01054311,464923296.3696819,0.0,True,operational_improvement
memory_um,ridge,8,0,q95,bottom_up,33981461.15516186,0.004819154565273054,0.03402441485068597,0.0,0.017457365801263447,-9.389799249652512,-0.16888888888888884,-61287710.094096184,33981461.15516186,464923296.3696819,0.0,True,operationally_harmful
memory_um,ridge,8,0,q95,wls,-11594867.390598297,-0.0016443512497592982,0.02744175627240142,0.0036452004860266785,0.015936181001421246,-7.412999407620404,-0.1333333333333333,-35550377.22146988,-11594867.390598297,464923296.3696819,0.0,True,operationally_harmful
memory_um,ridge,8,0,q95,mint,-8212625.24147892,-0.001164691248696876,0.029555422647527863,0.004860267314702238,0.017607967605341446,-7.907199368128431,-0.1422222222222222,-39024123.90989876,-8212625.24147892,464923296.3696819,0.0,True,operationally_harmful
memory_um,ridge,8,1,q90,bottom_up,-118673629.29741645,-0.060389753529055956,-0.029529643131981254,0.12362301101591189,0.052918128914036355,33.358497334291826,0.46875,-30250655.080427885,-118673629.29741645,301967643.2167778,0.0,True,recall_focused_tradeoff
memory_um,ridge,8,1,q90,wls,-108954294.6391902,-0.055443850821338965,-0.010704378838914175,0.09220726234190124,0.04634489832681887,16.30859869676489,0.22916666666666663,-19991753.615532875,-108954294.6391902,301967643.2167778,0.0,True,recall_focused_tradeoff
memory_um,ridge,8,1,q90,mint,-108013149.34583402,-0.05496492780670383,-0.010172870965206582,0.09098327213382296,0.04596138437568509,15.814398736256862,0.22222222222222218,-19672951.748369694,-108013149.34583402,301967643.2167778,0.0,True,recall_focused_tradeoff
memory_um,ridge,8,1,q95,bottom_up,117157913.85630989,0.016000830821882226,0.02581584963683825,-0.01005025125628145,0.003782505910165268,-2.718099782794148,-0.16666666666666663,-454721254.47350025,117157913.85630989,301967643.2167778,0.0,True,operationally_harmful
memory_um,ridge,8,1,q95,wls,35095992.32408714,0.0047932317776888346,0.019665429722382166,-0.002512562814070307,0.0061884669479604915,-1.9767998420321078,-0.12121212121212119,-300511683.0879326,35095992.32408714,301967643.2167778,0.0,True,coherence_only
memory_um,ridge,8,1,q95,mint,33295678.717674255,0.004547354119967176,0.019665429722382166,-0.002512562814070307,0.0061884669479604915,-1.9767998420321078,-0.12121212121212119,-295719528.9533825,33295678.717674255,301967643.2167778,0.0,True,coherence_only
memory_um,ridge,8,2,q90,bottom_up,123233234.10359192,0.020442093858309633,0.0006378743965415046,-0.0014534883720930258,-5.8542296809349637e-05,-0.49402072938114827,-0.004454342984409781,-597500259.7967262,123233234.10359192,428265056.35127103,0.0,True,operationally_harmful
memory_um,ridge,8,2,q90,wls,31266432.32875347,0.005186517654333277,0.009779317610480454,-0.0029069767441860517,0.005668442164792564,-4.69319692912093,-0.042316258351893114,-396934999.63425636,31266432.32875347,428265056.35127103,0.0,True,coherence_only
memory_um,ridge,8,2,q90,mint,29924607.67148018,0.004963933983743922,0.009779317610480454,-0.0029069767441860517,0.005668442164792564,-4.69319692912093,-0.042316258351893114,-392454935.91274166,29924607.67148018,428265056.35127103,0.0,True,coherence_only
memory_um,ridge,8,2,q95,bottom_up,412650379.55026436,0.04385710640356563,0.09903130946203076,-0.07246376811594207,-0.025682295089253127,-8.15134203478898,-0.5409836065573771,-737594609.4943056,412650379.55026436,428265056.35127103,0.0,True,operationally_harmful
memory_um,ridge,8,2,q95,wls,233920327.62752724,0.024861406185784817,0.08699186991869912,-0.03768115942028988,-0.0006029841562836813,-6.916290211336104,-0.45901639344262296,-490003328.443141,233920327.62752724,428265056.35127103,0.0,True,operationally_harmful
memory_um,ridge,8,2,q95,mint,230467440.80310822,0.02449442815216939,0.08291893598547628,-0.03768115942028988,-0.0017381103730795822,-6.669279846645528,-0.44262295081967207,-484472835.6619787,230467440.80310822,428265056.35127103,0.0,True,operationally_harmful
memory_um,ridge,16,0,q90,bottom_up,-121067223.40492344,-0.07498974440532566,-0.0013236776457121735,0.003162174371329707,0.0009277156114319007,2.226053459688165,0.18367346938775503,134127300.60087538,-121067223.40492344,464949215.46992654,0.0,True,operational_improvement
memory_um,ridge,16,0,q90,wls,-98351091.38349986,-0.06091923971995172,-0.0008800223871804347,0.0025598554434573817,0.0008473194036519027,1.4840356397921113,0.12244897959183679,77617420.71623003,-98351091.38349986,464949215.46992654,0.0,True,operational_improvement
memory_um,ridge,16,0,q90,mint,-103463125.78182149,-0.06408566364659297,-0.0008775161571482615,0.0028610149073935442,0.0009995126752421202,1.4840356397921113,0.12244897959183679,84481839.3003124,-103463125.78182149,464949215.46992654,0.0,True,operational_improvement
memory_um,ridge,16,0,q95,bottom_up,31240614.5062685,0.004443738325703039,0.03407913409771812,0.0,0.017507543736312137,-9.398892385350038,-0.16888888888888895,-58685171.496611595,31240614.5062685,464949215.46992654,0.0,True,operationally_harmful
memory_um,ridge,16,0,q95,wls,-13375377.507266045,-0.0019025450871927758,0.02748794753879713,0.003658536585365857,0.015982268267887068,-7.420178198960556,-0.1333333333333334,-33960212.65367508,-13375377.507266045,464949215.46992654,0.0,True,operationally_harmful
memory_um,ridge,16,0,q95,mint,-10480446.759960175,-0.001490763343607739,0.02960601356501802,0.004878048780487809,0.01765906022513064,-7.914856745557927,-0.14222222222222228,-36963624.97637367,-10480446.759960175,464949215.46992654,0.0,True,operationally_harmful
memory_um,ridge,16,1,q90,bottom_up,-119739412.23334503,-0.060940968873662356,-0.02816648743625516,0.12280701754385959,0.053033031570852485,32.40144480212774,0.4517241379310344,-32978190.168046236,-119739412.23334503,301682596.29424995,0.0,True,recall_focused_tradeoff
memory_um,ridge,16,1,q90,wls,-109458923.4661355,-0.05570874888624803,-0.010074368730543015,0.09098327213382285,0.045886124095381176,15.82971349111584,0.22068965517241368,-21743784.042382956,-109458923.4661355,301682596.29424995,0.0,True,recall_focused_tradeoff
memory_um,ridge,16,1,q90,mint,-108481717.79880309,-0.055211403366963056,-0.010395012539834991,0.08894328845369237,0.04466892944395584,15.82971349111584,0.22068965517241368,-21393346.991284728,-108481717.79880309,301682596.29424995,0.0,True,recall_focused_tradeoff
memory_um,ridge,16,1,q95,bottom_up,113836480.32640743,0.015548407698670972,0.02251618350689566,-0.012562814070351758,0.0009822680963250674,-2.4733927329868504,-0.15151515151515146,-454634372.40735626,113836480.32640743,301682596.29424995,0.0,True,operationally_harmful
memory_um,ridge,16,1,q95,wls,32602983.38722229,0.004453093388376082,0.019030850948080658,-0.005025125628140614,0.004400826325368534,-1.9787141863894817,-0.12121212121212127,-299757855.9103956,32602983.38722229,301682596.29424995,0.0,True,coherence_only
memory_um,ridge,16,1,q95,mint,30808089.479332924,0.0042079369835425545,0.021642057632769718,-0.005025125628140614,0.005411107421226413,-2.226053459688167,-0.13636363636363644,-294926764.0321541,30808089.479332924,301682596.29424995,0.0,True,operationally_harmful
memory_um,ridge,16,2,q90,bottom_up,123269265.89026546,0.020448774120159576,-0.00038827676283936796,-0.0029069767441860517,-0.0012596038484612437,-0.2472494841142776,-0.00222222222222217,-597375917.0435619,123269265.89026546,428885072.4161675,0.0,True,operationally_harmful
memory_um,ridge,16,2,q90,wls,31226960.76260376,0.005180148210357735,0.009861911864638584,-0.0043604651162790775,0.005229611012104063,-4.944989682285666,-0.044444444444444425,-396871506.4066477,31226960.76260376,428885072.4161675,0.0,True,coherence_only
memory_um,ridge,16,2,q90,mint,29903204.718111992,0.004960554233314786,0.009861911864638584,-0.0043604651162790775,0.005229611012104063,-4.944989682285666,-0.044444444444444425,-392454992.19488907,29903204.718111992,428885072.4161675,0.0,True,coherence_only
memory_um,ridge,16,2,q95,bottom_up,412851338.7020054,0.043883087107254616,0.09903130946203076,-0.07246376811594207,-0.025682295089253127,-8.159232975771351,-0.540983606557377,-737518977.8607311,412851338.7020054,428885072.4161675,0.0,True,operationally_harmful
memory_um,ridge,16,2,q95,wls,234001001.58736992,0.024872600312082993,0.08291893598547628,-0.03768115942028988,-0.0017381103730795822,-6.67573607108565,-0.44262295081967207,-489976678.65448,234001001.58736992,428885072.4161675,0.0,True,operationally_harmful
memory_um,ridge,16,2,q95,mint,230595467.25685883,0.02451061684330603,0.08291893598547628,-0.03768115942028988,-0.0017381103730795822,-6.67573607108565,-0.44262295081967207,-484524060.02942276,230595467.25685883,428885072.4161675,0.0,True,operationally_harmful
