hierarchy,unit,base_model,horizon,fold,method,threshold,threshold_value,n_paired,eval_days,y_min,y_max,yhat_min,yhat_max,coherence_error,false_alarms_per_day,npz_path,tp,fp,fn,tn,n_actual_peaks,n_predicted_peaks,precision,precision_valid,recall,recall_valid,f1,f1_valid,specificity,false_positive_rate,high_load_mae,low_load_mae,peak_magnitude_mae,signed_peak_bias,max_underprediction,max_overprediction,predicted_actual_peak_ratio,invalid_reason
memory_um,memory_bytes,persistence,1,0,independent,q90,117325735526.4,8276,4.050370761759259,115448389632.0,178617548800.0,115448389632.0,178617548800.0,0.0,13.085221851882938,/Users/fgtek002/TimeTrack/results/final/packs/01_memory_classical/metrics/predictions/base__memory_um__f0__h1__persistence__s0.npz,6602,53,54,1567,6656,6655,0.9920360631104432,True,0.9918870192307693,True,0.9919615355720833,True,0.967283950617284,0.03271604938271605,1548641421.5384614,248556359.4271605,1548641421.5384614,-11884121.846153846,-57811083264.0,42141171712.0,1.000519417353323,
memory_um,memory_bytes,persistence,1,0,independent,q95,124176743423.99985,8276,4.050370761759259,115448389632.0,178617548800.0,115448389632.0,178617548800.0,0.0,44.19348512239709,/Users/fgtek002/TimeTrack/results/final/packs/01_memory_classical/metrics/predictions/base__memory_um__f0__h1__persistence__s0.npz,649,179,180,7268,829,828,0.783816425120773,True,0.7828709288299156,True,0.7833433916716959,True,0.9759634752249228,0.02403652477507721,8479783621.018094,494249762.6168927,8479783621.018094,-1882375255.7008443,-57811083264.0,42141171712.0,0.9894125447843327,
memory_um,memory_bytes,persistence,1,0,bottom_up,q90,117325735526.4,8276,4.050370761759259,115448389632.0,178617548800.0,115448389632.0,178617548800.0,0.0,13.085221851882938,/Users/fgtek002/TimeTrack/results/final/packs/01_memory_classical/metrics/predictions/base__memory_um__f0__h1__persistence__s0.npz,6602,53,54,1567,6656,6655,0.9920360631104432,True,0.9918870192307693,True,0.9919615355720833,True,0.967283950617284,0.03271604938271605,1548641421.5384614,248556359.4271605,1548641421.5384614,-11884121.846153846,-57811083264.0,42141171712.0,1.000519417353323,
memory_um,memory_bytes,persistence,1,0,bottom_up,q95,124176743423.99985,8276,4.050370761759259,115448389632.0,178617548800.0,115448389632.0,178617548800.0,0.0,44.19348512239709,/Users/fgtek002/TimeTrack/results/final/packs/01_memory_classical/metrics/predictions/base__memory_um__f0__h1__persistence__s0.npz,649,179,180,7268,829,828,0.783816425120773,True,0.7828709288299156,True,0.7833433916716959,True,0.9759634752249228,0.02403652477507721,8479783621.018094,494249762.6168927,8479783621.018094,-1882375255.7008443,-57811083264.0,42141171712.0,0.9894125447843327,
memory_um,memory_bytes,persistence,1,0,wls,q90,117325735526.4,8276,4.050370761759259,115448389632.0,178617548800.0,115448389631.95905,178617548799.9595,0.0,13.085221851882938,/Users/fgtek002/TimeTrack/results/final/packs/01_memory_classical/metrics/predictions/base__memory_um__f0__h1__persistence__s0.npz,6602,53,54,1567,6656,6655,0.9920360631104432,True,0.9918870192307693,True,0.9919615355720833,True,0.967283950617284,0.03271604938271605,1548641421.5379217,248556359.42713082,1548641421.5379217,-11884121.886715386,-57811083264.04059,42141171711.9595,1.00051941735299,
memory_um,memory_bytes,persistence,1,0,wls,q95,124176743423.99985,8276,4.050370761759259,115448389632.0,178617548800.0,115448389631.95905,178617548799.9595,0.0,44.19348512239709,/Users/fgtek002/TimeTrack/results/final/packs/01_memory_classical/metrics/predictions/base__memory_um__f0__h1__persistence__s0.npz,649,179,180,7268,829,828,0.783816425120773,True,0.7828709288299156,True,0.7833433916716959,True,0.9759634752249228,0.02403652477507721,8479783621.01796,494249762.61641866,8479783621.01796,-1882375255.7413936,-57811083264.04059,42141171711.9595,0.9894125447840306,
memory_um,memory_bytes,persistence,1,0,mint,q90,117325735526.4,8276,4.050370761759259,115448389632.0,178617548800.0,115448389632.19186,178617548800.19043,0.0,13.085221851882938,/Users/fgtek002/TimeTrack/results/final/packs/01_memory_classical/metrics/predictions/base__memory_um__f0__h1__persistence__s0.npz,6602,53,54,1567,6656,6655,0.9920360631104432,True,0.9918870192307693,True,0.9919615355720833,True,0.967283950617284,0.03271604938271605,1548641421.5410156,248556359.4273165,1548641421.5410156,-11884121.655677091,-57811083263.809296,42141171712.19043,1.0005194173548868,
memory_um,memory_bytes,persistence,1,0,mint,q95,124176743423.99985,8276,4.050370761759259,115448389632.0,178617548800.0,115448389632.19186,178617548800.19043,0.0,44.19348512239709,/Users/fgtek002/TimeTrack/results/final/packs/01_memory_classical/metrics/predictions/base__memory_um__f0__h1__persistence__s0.npz,649,179,180,7268,829,828,0.783816425120773,True,0.7828709288299156,True,0.7833433916716959,True,0.9759634752249228,0.02403652477507721,8479783621.018749,494249762.6191366,8479783621.018749,-1882375255.5103867,-57811083263.809296,42141171712.19043,0.9894125447857517,
memory_um,memory_bytes,persistence,1,1,independent,q90,121059018342.4,8276,4.050370761759259,115408904192.0,176082169856.0,115408904192.0,176082169856.0,0.0,87.89318828811936,/Users/fgtek002/TimeTrack/results/final/packs/01_memory_classical/metrics/predictions/base__memory_um__f1__h1__persistence__s0.npz,2096,356,355,5469,2451,2452,0.8548123980424144,True,0.8551611587107303,True,0.8549867428105241,True,0.9388841201716738,0.06111587982832618,2119201001.9616482,307320565.14472103,2119201001.9616482,-196233205.1374949,-55325573120.0,33695375360.0,0.9992707965537917,
memory_um,memory_bytes,persistence,1,1,independent,q95,127221156659.19992,8276,4.050370761759259,115408904192.0,176082169856.0,115408904192.0,176082169856.0,0.0,27.15800761711553,/Users/fgtek002/TimeTrack/results/final/packs/01_memory_classical/metrics/predictions/base__memory_um__f1__h1__persistence__s0.npz,288,110,110,7768,398,398,0.7236180904522613,True,0.7236180904522613,True,0.7236180904522612,True,0.986037065244986,0.013962934755013963,9191664480.482412,422191099.84056866,9191664480.482412,-2666254058.1306534,-55325573120.0,33695375360.0,0.9836755794148935,
memory_um,memory_bytes,persistence,1,1,bottom_up,q90,121059018342.4,8276,4.050370761759259,115408904192.0,176082169856.0,115408904192.0,176082169856.0,0.0,87.89318828811936,/Users/fgtek002/TimeTrack/results/final/packs/01_memory_classical/metrics/predictions/base__memory_um__f1__h1__persistence__s0.npz,2096,356,355,5469,2451,2452,0.8548123980424144,True,0.8551611587107303,True,0.8549867428105241,True,0.9388841201716738,0.06111587982832618,2119201001.9616482,307320565.14472103,2119201001.9616482,-196233205.1374949,-55325573120.0,33695375360.0,0.9992707965537917,
memory_um,memory_bytes,persistence,1,1,bottom_up,q95,127221156659.19992,8276,4.050370761759259,115408904192.0,176082169856.0,115408904192.0,176082169856.0,0.0,27.15800761711553,/Users/fgtek002/TimeTrack/results/final/packs/01_memory_classical/metrics/predictions/base__memory_um__f1__h1__persistence__s0.npz,288,110,110,7768,398,398,0.7236180904522613,True,0.7236180904522613,True,0.7236180904522612,True,0.986037065244986,0.013962934755013963,9191664480.482412,422191099.84056866,9191664480.482412,-2666254058.1306534,-55325573120.0,33695375360.0,0.9836755794148935,
memory_um,memory_bytes,persistence,1,1,wls,q90,121059018342.4,8276,4.050370761759259,115408904192.0,176082169856.0,115408904191.94476,176082169855.94855,0.0,87.89318828811936,/Users/fgtek002/TimeTrack/results/final/packs/01_memory_classical/metrics/predictions/base__memory_um__f1__h1__persistence__s0.npz,2096,356,355,5469,2451,2452,0.8548123980424144,True,0.8551611587107303,True,0.8549867428105241,True,0.9388841201716738,0.06111587982832618,2119201001.9663677,307320565.1430097,2119201001.9663677,-196233205.18901774,-55325573120.05301,33695375359.948547,0.9992707965533754,
memory_um,memory_bytes,persistence,1,1,wls,q95,127221156659.19992,8276,4.050370761759259,115408904192.0,176082169856.0,115408904191.94476,176082169855.94855,0.0,27.15800761711553,/Users/fgtek002/TimeTrack/results/final/packs/01_memory_classical/metrics/predictions/base__memory_um__f1__h1__persistence__s0.npz,288,110,110,7768,398,398,0.7236180904522613,True,0.7236180904522613,True,0.7236180904522612,True,0.986037065244986,0.013962934755013963,9191664480.485634,422191099.8406089,9191664480.485634,-2666254058.182486,-55325573120.05301,33695375359.948547,0.9836755794145103,
memory_um,memory_bytes,persistence,1,1,mint,q90,121059018342.4,8276,4.050370761759259,115408904192.0,176082169856.0,115408904192.20094,176082169856.2014,0.0,87.89318828811936,/Users/fgtek002/TimeTrack/results/final/packs/01_memory_classical/metrics/predictions/base__memory_um__f1__h1__persistence__s0.npz,2096,356,355,5469,2451,2452,0.8548123980424144,True,0.8551611587107303,True,0.8549867428105241,True,0.9388841201716738,0.06111587982832618,2119201001.9436538,307320565.1516075,2119201001.9436538,-196233204.9360667,-55325573119.7986,33695375360.201385,0.9992707965554185,
memory_um,memory_bytes,persistence,1,1,mint,q95,127221156659.19992,8276,4.050370761759259,115408904192.0,176082169856.0,115408904192.20094,176082169856.2014,0.0,27.15800761711553,/Users/fgtek002/TimeTrack/results/final/packs/01_memory_classical/metrics/predictions/base__memory_um__f1__h1__persistence__s0.npz,288,110,110,7768,398,398,0.7236180904522613,True,0.7236180904522613,True,0.7236180904522612,True,0.986037065244986,0.013962934755013963,9191664480.470276,422191099.8406753,9191664480.470276,-2666254057.929225,-55325573119.7986,33695375360.201385,0.9836755794163828,
memory_um,memory_bytes,persistence,1,2,independent,q90,122230747955.2,8279,4.051838996689814,117320785920.0,179990249472.0,117320785920.0,179990249472.0,0.0,50.34750891302927,/Users/fgtek002/TimeTrack/results/final/packs/01_memory_classical/metrics/predictions/base__memory_um__f2__h1__persistence__s0.npz,484,204,204,7387,688,688,0.7034883720930233,True,0.7034883720930233,True,0.7034883720930233,True,0.9731260703464629,0.026873929653537083,7580146247.44186,449766566.3274931,7580146247.44186,-1754711421.0232558,-59590508544.0,40638287872.0,0.9895182518151237,
memory_um,memory_bytes,persistence,1,2,independent,q95,129465074073.59999,8279,4.051838996689814,117320785920.0,179990249472.0,117320785920.0,179990249472.0,0.0,30.10978474210574,/Users/fgtek002/TimeTrack/results/final/packs/01_memory_classical/metrics/predictions/base__memory_um__f2__h1__persistence__s0.npz,223,122,122,7812,345,345,0.6463768115942029,True,0.6463768115942029,True,0.6463768115942029,True,0.9846231409125283,0.01537685908747164,11236939283.292753,599013684.2067053,11236939283.292753,-4259731105.7623186,-59590508544.0,40638287872.0,0.9730095683217326,
memory_um,memory_bytes,persistence,1,2,bottom_up,q90,122230747955.2,8279,4.051838996689814,117320785920.0,179990249472.0,117320785920.0,179990249472.0,0.0,50.34750891302927,/Users/fgtek002/TimeTrack/results/final/packs/01_memory_classical/metrics/predictions/base__memory_um__f2__h1__persistence__s0.npz,484,204,204,7387,688,688,0.7034883720930233,True,0.7034883720930233,True,0.7034883720930233,True,0.9731260703464629,0.026873929653537083,7580146247.44186,449766566.3274931,7580146247.44186,-1754711421.0232558,-59590508544.0,40638287872.0,0.9895182518151237,
memory_um,memory_bytes,persistence,1,2,bottom_up,q95,129465074073.59999,8279,4.051838996689814,117320785920.0,179990249472.0,117320785920.0,179990249472.0,0.0,30.10978474210574,/Users/fgtek002/TimeTrack/results/final/packs/01_memory_classical/metrics/predictions/base__memory_um__f2__h1__persistence__s0.npz,223,122,122,7812,345,345,0.6463768115942029,True,0.6463768115942029,True,0.6463768115942029,True,0.9846231409125283,0.01537685908747164,11236939283.292753,599013684.2067053,11236939283.292753,-4259731105.7623186,-59590508544.0,40638287872.0,0.9730095683217326,
memory_um,memory_bytes,persistence,1,2,wls,q90,122230747955.2,8279,4.051838996689814,117320785920.0,179990249472.0,117320785919.94315,179990249471.94263,0.0,50.34750891302927,/Users/fgtek002/TimeTrack/results/final/packs/01_memory_classical/metrics/predictions/base__memory_um__f2__h1__persistence__s0.npz,484,204,204,7387,688,688,0.7034883720930233,True,0.7034883720930233,True,0.7034883720930233,True,0.9731260703464629,0.026873929653537083,7580146247.446283,449766566.3258069,7580146247.446283,-1754711421.0800433,-59590508544.05704,40638287871.94263,0.9895182518146916,
memory_um,memory_bytes,persistence,1,2,wls,q95,129465074073.59999,8279,4.051838996689814,117320785920.0,179990249472.0,117320785919.94315,179990249471.94263,0.0,30.10978474210574,/Users/fgtek002/TimeTrack/results/final/packs/01_memory_classical/metrics/predictions/base__memory_um__f2__h1__persistence__s0.npz,223,122,122,7812,345,345,0.6463768115942029,True,0.6463768115942029,True,0.6463768115942029,True,0.9846231409125283,0.01537685908747164,11236939283.300459,599013684.2051407,11236939283.300459,-4259731105.819115,-59590508544.05704,40638287871.94263,0.9730095683213191,
memory_um,memory_bytes,persistence,1,2,mint,q90,122230747955.2,8279,4.051838996689814,117320785920.0,179990249472.0,117320785920.18967,179990249472.1899,0.0,50.34750891302927,/Users/fgtek002/TimeTrack/results/final/packs/01_memory_classical/metrics/predictions/base__memory_um__f2__h1__persistence__s0.npz,484,204,204,7387,688,688,0.7034883720930233,True,0.7034883720930233,True,0.7034883720930233,True,0.9731260703464629,0.026873929653537083,7580146247.42699,449766566.33298504,7580146247.42699,-1754711420.833246,-59590508543.81044,40638287872.18991,0.9895182518165702,
memory_um,memory_bytes,persistence,1,2,mint,q95,129465074073.59999,8279,4.051838996689814,117320785920.0,179990249472.0,117320785920.18967,179990249472.1899,0.0,30.10978474210574,/Users/fgtek002/TimeTrack/results/final/packs/01_memory_classical/metrics/predictions/base__memory_um__f2__h1__persistence__s0.npz,223,122,122,7812,345,345,0.6463768115942029,True,0.6463768115942029,True,0.6463768115942029,True,0.9846231409125283,0.01537685908747164,11236939283.26693,599013684.2117931,11236939283.26693,-4259731105.572276,-59590508543.81044,40638287872.18991,0.9730095683231155,
memory_um,memory_bytes,persistence,8,0,independent,q90,117325735526.4,8269,4.046944880254629,115448389632.0,178617548800.0,115448389632.0,178617548800.0,0.0,13.096298953462718,/Users/fgtek002/TimeTrack/results/final/packs/01_memory_classical/metrics/predictions/base__memory_um__f0__h8__persistence__s0.npz,6595,53,54,1567,6649,6648,0.9920276774969916,True,0.9918784779666115,True,0.9919530721215313,True,0.967283950617284,0.03271604938271605,1545696208.4114904,248556359.4271605,1545696208.4114904,-12670768.089035945,-57811083264.0,42141171712.0,1.0005132909961607,
memory_um,memory_bytes,persistence,8,0,independent,q95,124176743423.99985,8269,4.046944880254629,115448389632.0,178617548800.0,115448389632.0,178617548800.0,0.0,43.983796485214405,/Users/fgtek002/TimeTrack/results/final/packs/01_memory_classical/metrics/predictions/base__memory_um__f0__h8__persistence__s0.npz,644,178,179,7268,823,822,0.7834549878345499,True,0.7825030376670717,True,0.7829787234042555,True,0.9760945474080043,0.023905452591995703,8512037983.80559,493498271.7335482,8512037983.80559,-1894953169.0303767,-57811083264.0,42141171712.0,0.9893412406649563,
memory_um,memory_bytes,persistence,8,0,bottom_up,q90,117325735526.4,8269,4.046944880254629,115448389632.0,178617548800.0,115448389632.0,178617548800.0,0.0,13.096298953462718,/Users/fgtek002/TimeTrack/results/final/packs/01_memory_classical/metrics/predictions/base__memory_um__f0__h8__persistence__s0.npz,6595,53,54,1567,6649,6648,0.9920276774969916,True,0.9918784779666115,True,0.9919530721215313,True,0.967283950617284,0.03271604938271605,1545696208.4114904,248556359.4271605,1545696208.4114904,-12670768.089035945,-57811083264.0,42141171712.0,1.0005132909961607,
memory_um,memory_bytes,persistence,8,0,bottom_up,q95,124176743423.99985,8269,4.046944880254629,115448389632.0,178617548800.0,115448389632.0,178617548800.0,0.0,43.983796485214405,/Users/fgtek002/TimeTrack/results/final/packs/01_memory_classical/metrics/predictions/base__memory_um__f0__h8__persistence__s0.npz,644,178,179,7268,823,822,0.7834549878345499,True,0.7825030376670717,True,0.7829787234042555,True,0.9760945474080043,0.023905452591995703,8512037983.80559,493498271.7335482,8512037983.80559,-1894953169.0303767,-57811083264.0,42141171712.0,0.9893412406649563,
memory_um,memory_bytes,persistence,8,0,wls,q90,117325735526.4,8269,4.046944880254629,115448389632.0,178617548800.0,115448389631.96776,178617548799.967,0.0,13.096298953462718,/Users/fgtek002/TimeTrack/results/final/packs/01_memory_classical/metrics/predictions/base__memory_um__f0__h8__persistence__s0.npz,6595,53,54,1567,6649,6648,0.9920276774969916,True,0.9918784779666115,True,0.9919530721215313,True,0.967283950617284,0.03271604938271605,1545696208.4110208,248556359.42709225,1545696208.4110208,-12670768.12183293,-57811083264.032776,42141171711.96701,1.0005132909958914,
memory_um,memory_bytes,persistence,8,0,wls,q95,124176743423.99985,8269,4.046944880254629,115448389632.0,178617548800.0,115448389631.96776,178617548799.967,0.0,43.983796485214405,/Users/fgtek002/TimeTrack/results/final/packs/01_memory_classical/metrics/predictions/base__memory_um__f0__h8__persistence__s0.npz,644,178,179,7268,823,822,0.7834549878345499,True,0.7825030376670717,True,0.7829787234042555,True,0.9760945474080043,0.023905452591995703,8512037983.80552,493498271.7331216,8512037983.80552,-1894953169.0632179,-57811083264.032776,42141171711.96701,0.9893412406647117,
memory_um,memory_bytes,persistence,8,0,mint,q90,117325735526.4,8269,4.046944880254629,115448389632.0,178617548800.0,115448389631.97382,178617548799.9733,0.0,13.096298953462718,/Users/fgtek002/TimeTrack/results/final/packs/01_memory_classical/metrics/predictions/base__memory_um__f0__h8__persistence__s0.npz,6595,53,54,1567,6649,6648,0.9920276774969916,True,0.9918784779666115,True,0.9919530721215313,True,0.967283950617284,0.03271604938271605,1545696208.411122,248556359.42711756,1545696208.411122,-12670768.115431204,-57811083264.0264,42141171711.9733,1.000513290995944,
memory_um,memory_bytes,persistence,8,0,mint,q95,124176743423.99985,8269,4.046944880254629,115448389632.0,178617548800.0,115448389631.97382,178617548799.9733,0.0,43.983796485214405,/Users/fgtek002/TimeTrack/results/final/packs/01_memory_classical/metrics/predictions/base__memory_um__f0__h8__persistence__s0.npz,644,178,179,7268,823,822,0.7834549878345499,True,0.7825030376670717,True,0.7829787234042555,True,0.9760945474080043,0.023905452591995703,8512037983.805523,493498271.7332176,8512037983.805523,-1894953169.0568328,-57811083264.0264,42141171711.9733,0.9893412406647594,
memory_um,memory_bytes,persistence,8,1,independent,q90,121059018342.4,8269,4.046944880254629,115408904192.0,176082169856.0,115408904192.0,176082169856.0,0.0,87.96759297042881,/Users/fgtek002/TimeTrack/results/final/packs/01_memory_classical/metrics/predictions/base__memory_um__f1__h8__persistence__s0.npz,2096,356,355,5462,2451,2452,0.8548123980424144,True,0.8551611587107303,True,0.8549867428105241,True,0.9388105878308697,0.061189412169130285,2119201001.9616482,307446387.9876246,2119201001.9616482,-196233205.1374949,-55325573120.0,33695375360.0,0.9992707965537917,
memory_um,memory_bytes,persistence,8,1,independent,q95,127221156659.19992,8269,4.046944880254629,115408904192.0,176082169856.0,115408904192.0,176082169856.0,0.0,27.18099782794149,/Users/fgtek002/TimeTrack/results/final/packs/01_memory_classical/metrics/predictions/base__memory_um__f1__h8__persistence__s0.npz,288,110,110,7761,398,398,0.7236180904522613,True,0.7236180904522613,True,0.7236180904522612,True,0.9860246474399695,0.013975352560030492,9191664480.482412,422386263.2305933,9191664480.482412,-2666254058.1306534,-55325573120.0,33695375360.0,0.9836755794148935,
memory_um,memory_bytes,persistence,8,1,bottom_up,q90,121059018342.4,8269,4.046944880254629,115408904192.0,176082169856.0,115408904192.0,176082169856.0,0.0,87.96759297042881,/Users/fgtek002/TimeTrack/results/final/packs/01_memory_classical/metrics/predictions/base__memory_um__f1__h8__persistence__s0.npz,2096,356,355,5462,2451,2452,0.8548123980424144,True,0.8551611587107303,True,0.8549867428105241,True,0.9388105878308697,0.061189412169130285,2119201001.9616482,307446387.9876246,2119201001.9616482,-196233205.1374949,-55325573120.0,33695375360.0,0.9992707965537917,
memory_um,memory_bytes,persistence,8,1,bottom_up,q95,127221156659.19992,8269,4.046944880254629,115408904192.0,176082169856.0,115408904192.0,176082169856.0,0.0,27.18099782794149,/Users/fgtek002/TimeTrack/results/final/packs/01_memory_classical/metrics/predictions/base__memory_um__f1__h8__persistence__s0.npz,288,110,110,7761,398,398,0.7236180904522613,True,0.7236180904522613,True,0.7236180904522612,True,0.9860246474399695,0.013975352560030492,9191664480.482412,422386263.2305933,9191664480.482412,-2666254058.1306534,-55325573120.0,33695375360.0,0.9836755794148935,
memory_um,memory_bytes,persistence,8,1,wls,q90,121059018342.4,8269,4.046944880254629,115408904192.0,176082169856.0,115408904191.90396,176082169855.9074,0.0,87.96759297042881,/Users/fgtek002/TimeTrack/results/final/packs/01_memory_classical/metrics/predictions/base__memory_um__f1__h8__persistence__s0.npz,2096,356,355,5462,2451,2452,0.8548123980424144,True,0.8551611587107303,True,0.8549867428105241,True,0.9388105878308697,0.061189412169130285,2119201001.9699492,307446387.984522,2119201001.9699492,-196233205.22916824,-55325573120.09328,33695375359.90741,0.9992707965530512,
memory_um,memory_bytes,persistence,8,1,wls,q95,127221156659.19992,8269,4.046944880254629,115408904192.0,176082169856.0,115408904191.90396,176082169855.9074,0.0,27.18099782794149,/Users/fgtek002/TimeTrack/results/final/packs/01_memory_classical/metrics/predictions/base__memory_um__f1__h8__persistence__s0.npz,288,110,110,7761,398,398,0.7236180904522613,True,0.7236180904522613,True,0.7236180904522612,True,0.9860246474399695,0.013975352560030492,9191664480.487976,422386263.2306035,9191664480.487976,-2666254058.2228127,-55325573120.09328,33695375359.90741,0.9836755794142122,
memory_um,memory_bytes,persistence,8,1,mint,q90,121059018342.4,8269,4.046944880254629,115408904192.0,176082169856.0,115408904191.89899,176082169855.89166,0.0,87.96759297042881,/Users/fgtek002/TimeTrack/results/final/packs/01_memory_classical/metrics/predictions/base__memory_um__f1__h8__persistence__s0.npz,2096,356,355,5462,2451,2452,0.8548123980424144,True,0.8551611587107303,True,0.8549867428105241,True,0.9388105878308697,0.061189412169130285,2119201001.9712284,307446387.98377156,2119201001.9712284,-196233205.24700814,-55325573120.10669,33695375359.891663,0.9992707965529071,
memory_um,memory_bytes,persistence,8,1,mint,q95,127221156659.19992,8269,4.046944880254629,115408904192.0,176082169856.0,115408904191.89899,176082169855.89166,0.0,27.18099782794149,/Users/fgtek002/TimeTrack/results/final/packs/01_memory_classical/metrics/predictions/base__memory_um__f1__h8__persistence__s0.npz,288,110,110,7761,398,398,0.7236180904522613,True,0.7236180904522613,True,0.7236180904522612,True,0.9860246474399695,0.013975352560030492,9191664480.488897,422386263.2304005,9191664480.488897,-2666254058.2393956,-55325573120.10669,33695375359.891663,0.9836755794140897,
memory_um,memory_bytes,persistence,8,2,independent,q90,122230747955.2,8272,4.048413115185185,117320785920.0,179990249472.0,117320785920.0,179990249472.0,0.0,50.39011439687733,/Users/fgtek002/TimeTrack/results/final/packs/01_memory_classical/metrics/predictions/base__memory_um__f2__h8__persistence__s0.npz,484,204,204,7380,688,688,0.7034883720930233,True,0.7034883720930233,True,0.7034883720930233,True,0.9731012658227848,0.02689873417721519,7580146247.44186,449971803.814346,7580146247.44186,-1754711421.0232558,-59590508544.0,40638287872.0,0.9895182518151237,
memory_um,memory_bytes,persistence,8,2,independent,q95,129465074073.59999,8272,4.048413115185185,117320785920.0,179990249472.0,117320785920.0,179990249472.0,0.0,30.13526449225017,/Users/fgtek002/TimeTrack/results/final/packs/01_memory_classical/metrics/predictions/base__memory_um__f2__h8__persistence__s0.npz,223,122,122,7805,345,345,0.6463768115942029,True,0.6463768115942029,True,0.6463768115942029,True,0.9846095622555822,0.015390437744417812,11236939283.292753,599341834.9478996,11236939283.292753,-4259731105.7623186,-59590508544.0,40638287872.0,0.9730095683217326,
memory_um,memory_bytes,persistence,8,2,bottom_up,q90,122230747955.2,8272,4.048413115185185,117320785920.0,179990249472.0,117320785920.0,179990249472.0,0.0,50.39011439687733,/Users/fgtek002/TimeTrack/results/final/packs/01_memory_classical/metrics/predictions/base__memory_um__f2__h8__persistence__s0.npz,484,204,204,7380,688,688,0.7034883720930233,True,0.7034883720930233,True,0.7034883720930233,True,0.9731012658227848,0.02689873417721519,7580146247.44186,449971803.814346,7580146247.44186,-1754711421.0232558,-59590508544.0,40638287872.0,0.9895182518151237,
memory_um,memory_bytes,persistence,8,2,bottom_up,q95,129465074073.59999,8272,4.048413115185185,117320785920.0,179990249472.0,117320785920.0,179990249472.0,0.0,30.13526449225017,/Users/fgtek002/TimeTrack/results/final/packs/01_memory_classical/metrics/predictions/base__memory_um__f2__h8__persistence__s0.npz,223,122,122,7805,345,345,0.6463768115942029,True,0.6463768115942029,True,0.6463768115942029,True,0.9846095622555822,0.015390437744417812,11236939283.292753,599341834.9478996,11236939283.292753,-4259731105.7623186,-59590508544.0,40638287872.0,0.9730095683217326,
memory_um,memory_bytes,persistence,8,2,wls,q90,122230747955.2,8272,4.048413115185185,117320785920.0,179990249472.0,117320785919.98962,179990249471.98972,0.0,50.39011439687733,/Users/fgtek002/TimeTrack/results/final/packs/01_memory_classical/metrics/predictions/base__memory_um__f2__h8__persistence__s0.npz,484,204,204,7380,688,688,0.7034883720930233,True,0.7034883720930233,True,0.7034883720930233,True,0.9731012658227848,0.02689873417721519,7580146247.442684,449971803.81403387,7580146247.442684,-1754711421.0335896,-59590508544.01044,40638287871.989716,0.989518251815045,
memory_um,memory_bytes,persistence,8,2,wls,q95,129465074073.59999,8272,4.048413115185185,117320785920.0,179990249472.0,117320785919.98962,179990249471.98972,0.0,30.13526449225017,/Users/fgtek002/TimeTrack/results/final/packs/01_memory_classical/metrics/predictions/base__memory_um__f2__h8__persistence__s0.npz,223,122,122,7805,345,345,0.6463768115942029,True,0.6463768115942029,True,0.6463768115942029,True,0.9846095622555822,0.015390437744417812,11236939283.29419,599341834.9476098,11236939283.29419,-4259731105.772647,-59590508544.01044,40638287871.989716,0.9730095683216574,
memory_um,memory_bytes,persistence,8,2,mint,q90,122230747955.2,8272,4.048413115185185,117320785920.0,179990249472.0,117320785920.02325,179990249472.02344,0.0,50.39011439687733,/Users/fgtek002/TimeTrack/results/final/packs/01_memory_classical/metrics/predictions/base__memory_um__f2__h8__persistence__s0.npz,484,204,204,7380,688,688,0.7034883720930233,True,0.7034883720930233,True,0.7034883720930233,True,0.9731012658227848,0.02689873417721519,7580146247.44006,449971803.8150535,7580146247.44006,-1754711421.0001945,-59590508543.97662,40638287872.02344,0.9895182518152993,
memory_um,memory_bytes,persistence,8,2,mint,q95,129465074073.59999,8272,4.048413115185185,117320785920.0,179990249472.0,117320785920.02325,179990249472.02344,0.0,30.13526449225017,/Users/fgtek002/TimeTrack/results/final/packs/01_memory_classical/metrics/predictions/base__memory_um__f2__h8__persistence__s0.npz,223,122,122,7805,345,345,0.6463768115942029,True,0.6463768115942029,True,0.6463768115942029,True,0.9846095622555822,0.015390437744417812,11236939283.289608,599341834.9485569,11236939283.289608,-4259731105.739267,-59590508543.97662,40638287872.02344,0.9730095683219003,
memory_um,memory_bytes,persistence,16,0,independent,q90,117325735526.4,8261,4.043029587106481,115448389632.0,178617548800.0,115448389632.0,178617548800.0,0.0,13.108981484830311,/Users/fgtek002/TimeTrack/results/final/packs/01_memory_classical/metrics/predictions/base__memory_um__f0__h16__persistence__s0.npz,6587,53,54,1567,6641,6640,0.9920180722891566,True,0.9918686944737238,True,0.991943377757699,True,0.967283950617284,0.03271604938271605,1538375165.6099985,248556359.4271605,1538375165.6099985,-10725052.501731668,-57811083264.0,42141171712.0,1.0005233963471958,
memory_um,memory_bytes,persistence,16,0,independent,q95,124176743423.99985,8261,4.043029587106481,115448389632.0,178617548800.0,115448389632.0,178617548800.0,0.0,44.02639064716595,/Users/fgtek002/TimeTrack/results/final/packs/01_memory_classical/metrics/predictions/base__memory_um__f0__h16__persistence__s0.npz,642,178,178,7263,820,820,0.7829268292682927,True,0.7829268292682927,True,0.7829268292682926,True,0.9760784840747211,0.02392151592527886,8471319601.95122,493553111.6097299,8471319601.95122,-1885845918.5951219,-57811083264.0,42141171712.0,0.9893804371435138,
memory_um,memory_bytes,persistence,16,0,bottom_up,q90,117325735526.4,8261,4.043029587106481,115448389632.0,178617548800.0,115448389632.0,178617548800.0,0.0,13.108981484830311,/Users/fgtek002/TimeTrack/results/final/packs/01_memory_classical/metrics/predictions/base__memory_um__f0__h16__persistence__s0.npz,6587,53,54,1567,6641,6640,0.9920180722891566,True,0.9918686944737238,True,0.991943377757699,True,0.967283950617284,0.03271604938271605,1538375165.6099985,248556359.4271605,1538375165.6099985,-10725052.501731668,-57811083264.0,42141171712.0,1.0005233963471958,
memory_um,memory_bytes,persistence,16,0,bottom_up,q95,124176743423.99985,8261,4.043029587106481,115448389632.0,178617548800.0,115448389632.0,178617548800.0,0.0,44.02639064716595,/Users/fgtek002/TimeTrack/results/final/packs/01_memory_classical/metrics/predictions/base__memory_um__f0__h16__persistence__s0.npz,642,178,178,7263,820,820,0.7829268292682927,True,0.7829268292682927,True,0.7829268292682926,True,0.9760784840747211,0.02392151592527886,8471319601.95122,493553111.6097299,8471319601.95122,-1885845918.5951219,-57811083264.0,42141171712.0,0.9893804371435138,
memory_um,memory_bytes,persistence,16,0,wls,q90,117325735526.4,8261,4.043029587106481,115448389632.0,178617548800.0,115448389631.99988,178617548799.99982,0.0,13.108981484830311,/Users/fgtek002/TimeTrack/results/final/packs/01_memory_classical/metrics/predictions/base__memory_um__f0__h16__persistence__s0.npz,6587,53,54,1567,6641,6640,0.9920180722891566,True,0.9918686944737238,True,0.991943377757699,True,0.967283950617284,0.03271604938271605,1538375165.6099849,248556359.42714792,1538375165.6099849,-10725052.502081579,-57811083264.00032,42141171711.99982,1.0005233963471927,
memory_um,memory_bytes,persistence,16,0,wls,q95,124176743423.99985,8261,4.043029587106481,115448389632.0,178617548800.0,115448389631.99988,178617548799.99982,0.0,44.02639064716595,/Users/fgtek002/TimeTrack/results/final/packs/01_memory_classical/metrics/predictions/base__memory_um__f0__h16__persistence__s0.npz,642,178,178,7263,820,820,0.7829268292682927,True,0.7829268292682927,True,0.7829268292682926,True,0.9760784840747211,0.02392151592527886,8471319601.951231,493553111.6097136,8471319601.951231,-1885845918.5954478,-57811083264.00032,42141171711.99982,0.9893804371435113,
memory_um,memory_bytes,persistence,16,0,mint,q90,117325735526.4,8261,4.043029587106481,115448389632.0,178617548800.0,115448389632.00421,178617548800.0038,0.0,13.108981484830311,/Users/fgtek002/TimeTrack/results/final/packs/01_memory_classical/metrics/predictions/base__memory_um__f0__h16__persistence__s0.npz,6587,53,54,1567,6641,6640,0.9920180722891566,True,0.9918686944737238,True,0.991943377757699,True,0.967283950617284,0.03271604938271605,1538375165.610025,248556359.42714128,1538375165.610025,-10725052.497979457,-57811083263.996216,42141171712.003815,1.0005233963472264,
memory_um,memory_bytes,persistence,16,0,mint,q95,124176743423.99985,8261,4.043029587106481,115448389632.0,178617548800.0,115448389632.00421,178617548800.0038,0.0,44.02639064716595,/Users/fgtek002/TimeTrack/results/final/packs/01_memory_classical/metrics/predictions/base__memory_um__f0__h16__persistence__s0.npz,642,178,178,7263,820,820,0.7829268292682927,True,0.7829268292682927,True,0.7829268292682926,True,0.9760784840747211,0.02392151592527886,8471319601.951217,493553111.6097498,8471319601.951217,-1885845918.5913646,-57811083263.996216,42141171712.003815,0.9893804371435416,
memory_um,memory_bytes,persistence,16,1,independent,q90,121059018342.4,8261,4.043029587106481,115408904192.0,176082169856.0,115408904192.0,176082169856.0,0.0,88.0527812943319,/Users/fgtek002/TimeTrack/results/final/packs/01_memory_classical/metrics/predictions/base__memory_um__f1__h16__persistence__s0.npz,2096,356,355,5454,2451,2452,0.8548123980424144,True,0.8551611587107303,True,0.8549867428105241,True,0.9387263339070568,0.0612736660929432,2119201001.9616482,307434101.557315,2119201001.9616482,-196233205.1374949,-55325573120.0,33695375360.0,0.9992707965537917,
memory_um,memory_bytes,persistence,16,1,independent,q95,127221156659.19992,8261,4.043029587106481,115408904192.0,176082169856.0,115408904192.0,176082169856.0,0.0,27.207320062855363,/Users/fgtek002/TimeTrack/results/final/packs/01_memory_classical/metrics/predictions/base__memory_um__f1__h16__persistence__s0.npz,288,110,110,7753,398,398,0.7236180904522613,True,0.7236180904522613,True,0.7236180904522612,True,0.9860104285895969,0.013989571410403153,9191664480.482412,422494127.25728095,9191664480.482412,-2666254058.1306534,-55325573120.0,33695375360.0,0.9836755794148935,
memory_um,memory_bytes,persistence,16,1,bottom_up,q90,121059018342.4,8261,4.043029587106481,115408904192.0,176082169856.0,115408904192.0,176082169856.0,0.0,88.0527812943319,/Users/fgtek002/TimeTrack/results/final/packs/01_memory_classical/metrics/predictions/base__memory_um__f1__h16__persistence__s0.npz,2096,356,355,5454,2451,2452,0.8548123980424144,True,0.8551611587107303,True,0.8549867428105241,True,0.9387263339070568,0.0612736660929432,2119201001.9616482,307434101.557315,2119201001.9616482,-196233205.1374949,-55325573120.0,33695375360.0,0.9992707965537917,
memory_um,memory_bytes,persistence,16,1,bottom_up,q95,127221156659.19992,8261,4.043029587106481,115408904192.0,176082169856.0,115408904192.0,176082169856.0,0.0,27.207320062855363,/Users/fgtek002/TimeTrack/results/final/packs/01_memory_classical/metrics/predictions/base__memory_um__f1__h16__persistence__s0.npz,288,110,110,7753,398,398,0.7236180904522613,True,0.7236180904522613,True,0.7236180904522612,True,0.9860104285895969,0.013989571410403153,9191664480.482412,422494127.25728095,9191664480.482412,-2666254058.1306534,-55325573120.0,33695375360.0,0.9836755794148935,
memory_um,memory_bytes,persistence,16,1,wls,q90,121059018342.4,8261,4.043029587106481,115408904192.0,176082169856.0,115408904191.85066,176082169855.8438,0.0,88.0527812943319,/Users/fgtek002/TimeTrack/results/final/packs/01_memory_classical/metrics/predictions/base__memory_um__f1__h16__persistence__s0.npz,2096,356,355,5454,2451,2452,0.8548123980424144,True,0.8551611587107303,True,0.8549867428105241,True,0.9387263339070568,0.0612736660929432,2119201001.9754102,307434101.55179447,2119201001.9754102,-196233205.29380703,-55325573120.15376,33695375359.84381,0.9992707965525289,
memory_um,memory_bytes,persistence,16,1,wls,q95,127221156659.19992,8261,4.043029587106481,115408904192.0,176082169856.0,115408904191.85066,176082169855.8438,0.0,27.207320062855363,/Users/fgtek002/TimeTrack/results/final/packs/01_memory_classical/metrics/predictions/base__memory_um__f1__h16__persistence__s0.npz,288,110,110,7753,398,398,0.7236180904522613,True,0.7236180904522613,True,0.7236180904522612,True,0.9860104285895969,0.013989571410403153,9191664480.491632,422494127.2570248,9191664480.491632,-2666254058.286427,-55325573120.15376,33695375359.84381,0.983675579413742,
memory_um,memory_bytes,persistence,16,1,mint,q90,121059018342.4,8261,4.043029587106481,115408904192.0,176082169856.0,115408904191.92334,176082169855.92358,0.0,88.0527812943319,/Users/fgtek002/TimeTrack/results/final/packs/01_memory_classical/metrics/predictions/base__memory_um__f1__h16__persistence__s0.npz,2096,356,355,5454,2451,2452,0.8548123980424144,True,0.8551611587107303,True,0.8549867428105241,True,0.9387263339070568,0.0612736660929432,2119201001.968434,307434101.5546978,2119201001.968434,-196233205.21308213,-55325573120.07611,33695375359.923584,0.9992707965531811,
memory_um,memory_bytes,persistence,16,1,mint,q95,127221156659.19992,8261,4.043029587106481,115408904192.0,176082169856.0,115408904191.92334,176082169855.92358,0.0,27.207320062855363,/Users/fgtek002/TimeTrack/results/final/packs/01_memory_classical/metrics/predictions/base__memory_um__f1__h16__persistence__s0.npz,288,110,110,7753,398,398,0.7236180904522613,True,0.7236180904522613,True,0.7236180904522612,True,0.9860104285895969,0.013989571410403153,9191664480.486948,422494127.2572327,9191664480.486948,-2666254058.206443,-55325573120.07611,33695375359.923584,0.9836755794143333,
memory_um,memory_bytes,persistence,16,2,independent,q90,122230747955.2,8264,4.0444978220370364,117320785920.0,179990249472.0,117320785920.0,179990249472.0,0.0,50.43889475931381,/Users/fgtek002/TimeTrack/results/final/packs/01_memory_classical/metrics/predictions/base__memory_um__f2__h16__persistence__s0.npz,484,204,204,7372,688,688,0.7034883720930233,True,0.7034883720930233,True,0.7034883720930233,True,0.9730728616684267,0.02692713833157339,7580146247.44186,450141234.8215417,7580146247.44186,-1754711421.0232558,-59590508544.0,40638287872.0,0.9895182518151237,
memory_um,memory_bytes,persistence,16,2,independent,q95,129465074073.59999,8264,4.0444978220370364,117320785920.0,179990249472.0,117320785920.0,179990249472.0,0.0,30.16443706194257,/Users/fgtek002/TimeTrack/results/final/packs/01_memory_classical/metrics/predictions/base__memory_um__f2__h16__persistence__s0.npz,223,122,122,7797,345,345,0.6463768115942029,True,0.6463768115942029,True,0.6463768115942029,True,0.984594014395757,0.01540598560424296,11236939283.292753,599654825.1688344,11236939283.292753,-4259731105.7623186,-59590508544.0,40638287872.0,0.9730095683217326,
memory_um,memory_bytes,persistence,16,2,bottom_up,q90,122230747955.2,8264,4.0444978220370364,117320785920.0,179990249472.0,117320785920.0,179990249472.0,0.0,50.43889475931381,/Users/fgtek002/TimeTrack/results/final/packs/01_memory_classical/metrics/predictions/base__memory_um__f2__h16__persistence__s0.npz,484,204,204,7372,688,688,0.7034883720930233,True,0.7034883720930233,True,0.7034883720930233,True,0.9730728616684267,0.02692713833157339,7580146247.44186,450141234.8215417,7580146247.44186,-1754711421.0232558,-59590508544.0,40638287872.0,0.9895182518151237,
memory_um,memory_bytes,persistence,16,2,bottom_up,q95,129465074073.59999,8264,4.0444978220370364,117320785920.0,179990249472.0,117320785920.0,179990249472.0,0.0,30.16443706194257,/Users/fgtek002/TimeTrack/results/final/packs/01_memory_classical/metrics/predictions/base__memory_um__f2__h16__persistence__s0.npz,223,122,122,7797,345,345,0.6463768115942029,True,0.6463768115942029,True,0.6463768115942029,True,0.984594014395757,0.01540598560424296,11236939283.292753,599654825.1688344,11236939283.292753,-4259731105.7623186,-59590508544.0,40638287872.0,0.9730095683217326,
memory_um,memory_bytes,persistence,16,2,wls,q90,122230747955.2,8264,4.0444978220370364,117320785920.0,179990249472.0,117320785919.98631,179990249471.98624,0.0,50.43889475931381,/Users/fgtek002/TimeTrack/results/final/packs/01_memory_classical/metrics/predictions/base__memory_um__f2__h16__persistence__s0.npz,484,204,204,7372,688,688,0.7034883720930233,True,0.7034883720930233,True,0.7034883720930233,True,0.9730728616684267,0.02692713833157339,7580146247.442917,450141234.82112986,7580146247.442917,-1754711421.0368545,-59590508544.01372,40638287871.98624,0.9895182518150203,
memory_um,memory_bytes,persistence,16,2,wls,q95,129465074073.59999,8264,4.0444978220370364,117320785920.0,179990249472.0,117320785919.98631,179990249471.98624,0.0,30.16443706194257,/Users/fgtek002/TimeTrack/results/final/packs/01_memory_classical/metrics/predictions/base__memory_um__f2__h16__persistence__s0.npz,223,122,122,7797,345,345,0.6463768115942029,True,0.6463768115942029,True,0.6463768115942029,True,0.984594014395757,0.01540598560424296,11236939283.294611,599654825.1684514,11236939283.294611,-4259731105.77592,-59590508544.01372,40638287871.98624,0.9730095683216335,
memory_um,memory_bytes,persistence,16,2,mint,q90,122230747955.2,8264,4.0444978220370364,117320785920.0,179990249472.0,117320785919.95819,179990249471.95892,0.0,50.43889475931381,/Users/fgtek002/TimeTrack/results/final/packs/01_memory_classical/metrics/predictions/base__memory_um__f2__h16__persistence__s0.npz,484,204,204,7372,688,688,0.7034883720930233,True,0.7034883720930233,True,0.7034883720930233,True,0.9730728616684267,0.02692713833157339,7580146247.445225,450141234.8203246,7580146247.445225,-1754711421.065016,-59590508544.041794,40638287871.95892,0.9895182518148058,
memory_um,memory_bytes,persistence,16,2,mint,q95,129465074073.59999,8264,4.0444978220370364,117320785920.0,179990249472.0,117320785919.95819,179990249471.95892,0.0,30.16443706194257,/Users/fgtek002/TimeTrack/results/final/packs/01_memory_classical/metrics/predictions/base__memory_um__f2__h16__persistence__s0.npz,223,122,122,7797,345,345,0.6463768115942029,True,0.6463768115942029,True,0.6463768115942029,True,0.984594014395757,0.01540598560424296,11236939283.298553,599654825.1677097,11236939283.298553,-4259731105.8040648,-59590508544.041794,40638287871.95892,0.9730095683214287,
memory_um,memory_bytes,ridge,1,0,independent,q90,117325735526.4,8276,4.050370761759259,115448389632.0,178617548800.0,115266890356.439,151307379338.29108,465104157.5826315,12.097657938533283,/Users/fgtek002/TimeTrack/results/final/packs/01_memory_classical/metrics/predictions/base__memory_um__f0__h1__ridge__s0.npz,6567,49,89,1571,6656,6616,0.9925937122128174,True,0.9866286057692307,True,0.9896021699819167,True,0.9697530864197531,0.030246913580246913,1620474926.9036765,283132488.59857273,1620474926.9036765,-913109824.576973,-57854900089.41493,13560808074.291077,0.9934873204292122,
memory_um,memory_bytes,ridge,1,0,independent,q95,124176743423.99985,8276,4.050370761759259,115448389632.0,178617548800.0,115266890356.439,151307379338.29108,465104157.5826315,55.79736110425554,/Users/fgtek002/TimeTrack/results/final/packs/01_memory_classical/metrics/predictions/base__memory_um__f0__h1__ridge__s0.npz,645,226,184,7221,829,871,0.7405281285878301,True,0.7780458383594693,True,0.7588235294117647,True,0.9696522089431986,0.030347791056801396,7022782998.411618,728168207.2401403,7022782998.411618,-5939422673.954797,-57854900089.41493,13560808074.291077,0.959324547106369,
memory_um,memory_bytes,ridge,1,0,bottom_up,q90,117325735526.4,8276,4.050370761759259,115448389632.0,178617548800.0,114205916625.87558,149222461526.7497,0.0,14.319676743570007,/Users/fgtek002/TimeTrack/results/final/packs/01_memory_classical/metrics/predictions/base__memory_um__f0__h1__ridge__s0.npz,6588,58,68,1562,6656,6646,0.9912729461330123,True,0.9897836538461539,True,0.9905277401894453,True,0.9641975308641976,0.03580246913580247,1500521922.6253865,289156788.1994065,1500521922.6253865,-779607087.7058913,-57733017453.04207,11475890262.749695,0.9946115594869334,
memory_um,memory_bytes,ridge,1,0,bottom_up,q95,124176743423.99985,8276,4.050370761759259,115448389632.0,178617548800.0,114205916625.87558,149222461526.7497,0.0,46.41550392743382,/Users/fgtek002/TimeTrack/results/final/packs/01_memory_classical/metrics/predictions/base__memory_um__f0__h1__ridge__s0.npz,645,188,184,7259,829,833,0.7743097238895558,True,0.7780458383594693,True,0.7761732851985559,True,0.9747549348731033,0.025245065126896737,7057023297.723967,618455163.1616008,7057023297.723967,-5998277908.531269,-57733017453.04207,11475890262.749695,0.9589193571319469,
memory_um,memory_bytes,ridge,1,0,wls,q90,117325735526.4,8276,4.050370761759259,115448389632.0,178617548800.0,114795975518.07848,149903552278.12378,0.0,13.579003808557765,/Users/fgtek002/TimeTrack/results/final/packs/01_memory_classical/metrics/predictions/base__memory_um__f0__h1__ridge__s0.npz,6587,55,69,1565,6656,6642,0.9917193616380608,True,0.9896334134615384,True,0.9906752895172205,True,0.9660493827160493,0.033950617283950615,1514006308.8274806,280154232.0237841,1514006308.8274806,-823219108.7109754,-57772833476.46118,12156981014.12378,0.9942442985711732,
memory_um,memory_bytes,ridge,1,0,wls,q95,124176743423.99985,8276,4.050370761759259,115448389632.0,178617548800.0,114795975518.07848,149903552278.12378,0.0,48.14374077579571,/Users/fgtek002/TimeTrack/results/final/packs/01_memory_classical/metrics/predictions/base__memory_um__f0__h1__ridge__s0.npz,651,195,178,7252,829,846,0.7695035460992907,True,0.7852834740651388,True,0.7773134328358209,True,0.9738149590439102,0.0261850409560897,7017272223.804287,632973972.5930561,7017272223.804287,-5979051368.42717,-57772833476.46118,12156981014.12378,0.9590517226105435,
memory_um,memory_bytes,ridge,1,0,mint,q90,117325735526.4,8276,4.050370761759259,115448389632.0,178617548800.0,114703981941.30098,149793833075.78104,0.0,14.072785765232593,/Users/fgtek002/TimeTrack/results/final/packs/01_memory_classical/metrics/predictions/base__memory_um__f0__h1__ridge__s0.npz,6588,57,68,1563,6656,6645,0.9914221218961625,True,0.9897836538461539,True,0.9906022103601233,True,0.9648148148148148,0.03518518518518519,1509912983.1221023,281306800.6907837,1509912983.1221023,-816193501.3235251,-57766419379.10629,12047261811.781036,0.9943034618693349,
memory_um,memory_bytes,ridge,1,0,mint,q95,124176743423.99985,8276,4.050370761759259,115448389632.0,178617548800.0,114703981941.30098,149793833075.78104,0.0,48.14374077579571,/Users/fgtek002/TimeTrack/results/final/packs/01_memory_classical/metrics/predictions/base__memory_um__f0__h1__ridge__s0.npz,651,195,178,7252,829,846,0.7695035460992907,True,0.7852834740651388,True,0.7773134328358209,True,0.9738149590439102,0.0261850409560897,7021083861.3332615,629141843.9283615,7021083861.3332615,-5982148636.430824,-57766419379.10629,12047261811.781036,0.9590303994104997,
memory_um,memory_bytes,ridge,1,1,independent,q90,121059018342.4,8276,4.050370761759259,115408904192.0,176082169856.0,116749369781.95114,147924997485.40918,301581705.2888302,71.35149273951262,/Users/fgtek002/TimeTrack/results/final/packs/01_memory_classical/metrics/predictions/base__memory_um__f1__h1__ridge__s0.npz,1772,289,679,5536,2451,2061,0.8597768073750607,True,0.7229702162382701,True,0.7854609929078014,True,0.9503862660944206,0.049613733905579396,1965117130.4574401,358656800.6409147,1965117130.4574401,-847681752.7772187,-55611328536.762665,12038728285.908066,0.9944113150130731,
memory_um,memory_bytes,ridge,1,1,independent,q95,127221156659.19992,8276,4.050370761759259,115408904192.0,176082169856.0,116749369781.95114,147924997485.40918,301581705.2888302,16.294804570269317,/Users/fgtek002/TimeTrack/results/final/packs/01_memory_classical/metrics/predictions/base__memory_um__f1__h1__ridge__s0.npz,256,66,142,7812,398,322,0.7950310559006211,True,0.6432160804020101,True,0.7111111111111112,True,0.9916222391469917,0.008377760853008377,7322669314.272556,506633100.2036096,7322669314.272556,-6080819820.000718,-55611328536.762665,10071713705.41101,0.9585713400128156,
memory_um,memory_bytes,ridge,1,1,bottom_up,q90,121059018342.4,8276,4.050370761759259,115408904192.0,176082169856.0,116693990424.35684,146112023042.61026,0.0,104.43488383672609,/Users/fgtek002/TimeTrack/results/final/packs/01_memory_classical/metrics/predictions/base__memory_um__f1__h1__ridge__s0.npz,2075,423,376,5402,2451,2498,0.8306645316253003,True,0.846593227254182,True,0.8385532430794099,True,0.927381974248927,0.07261802575107296,1846315601.9431758,348470789.8614559,1846315601.9431758,-878526622.0396336,-55688151926.77461,12764523416.23822,0.994220271706557,
memory_um,memory_bytes,ridge,1,1,bottom_up,q95,127221156659.19992,8276,4.050370761759259,115408904192.0,176082169856.0,116693990424.35684,146112023042.61026,0.0,13.579003808557765,/Users/fgtek002/TimeTrack/results/final/packs/01_memory_classical/metrics/predictions/base__memory_um__f1__h1__ridge__s0.npz,252,55,146,7823,398,307,0.8208469055374593,True,0.6331658291457286,True,0.7148936170212765,True,0.9930185326224931,0.006981467377506981,7440389117.564318,456192818.29336196,7440389117.564318,-6536164641.45816,-55688151926.77461,12764523416.23822,0.9551826558597277,
memory_um,memory_bytes,ridge,1,1,wls,q90,121059018342.4,8276,4.050370761759259,115408904192.0,176082169856.0,116876379449.30734,146727728996.32788,0.0,87.39940633144452,/Users/fgtek002/TimeTrack/results/final/packs/01_memory_classical/metrics/predictions/base__memory_um__f1__h1__ridge__s0.npz,1996,354,455,5471,2451,2350,0.8493617021276596,True,0.8143614851081191,True,0.8314934388669027,True,0.9392274678111588,0.060772532188841204,1856147926.3246675,337161511.1230776,1856147926.3246675,-868051366.932111,-55662061863.04492,11923432680.898163,0.9942851521040084,
memory_um,memory_bytes,ridge,1,1,wls,q95,127221156659.19992,8276,4.050370761759259,115408904192.0,176082169856.0,116876379449.30734,146727728996.32788,0.0,14.319676743570007,/Users/fgtek002/TimeTrack/results/final/packs/01_memory_classical/metrics/predictions/base__memory_um__f1__h1__ridge__s0.npz,255,58,143,7820,398,313,0.8146964856230032,True,0.6407035175879398,True,0.7172995780590717,True,0.9926377253109926,0.007362274689007363,7358091045.40526,455047490.9421673,7358091045.40526,-6381524558.808807,-55662061863.04492,11850015780.786987,0.9563334900689036,
memory_um,memory_bytes,ridge,1,1,mint,q90,121059018342.4,8276,4.050370761759259,115408904192.0,176082169856.0,116876287577.8374,146747706670.1985,0.0,86.9056243747697,/Users/fgtek002/TimeTrack/results/final/packs/01_memory_classical/metrics/predictions/base__memory_um__f1__h1__ridge__s0.npz,1993,352,458,5473,2451,2345,0.8498933901918977,True,0.8131374949000408,True,0.8311092577147624,True,0.9395708154506438,0.060429184549356224,1857144511.2351193,337065055.81268877,1857144511.2351193,-867711478.7358898,-55661215324.628174,11924104716.983398,0.9942872572632231,
memory_um,memory_bytes,ridge,1,1,mint,q95,127221156659.19992,8276,4.050370761759259,115408904192.0,176082169856.0,116876287577.8374,146747706670.1985,0.0,14.319676743570007,/Users/fgtek002/TimeTrack/results/final/packs/01_memory_classical/metrics/predictions/base__memory_um__f1__h1__ridge__s0.npz,255,58,143,7820,398,313,0.8146964856230032,True,0.6407035175879398,True,0.7172995780590717,True,0.9926377253109926,0.007362274689007363,7356203862.03496,455381570.20262444,7356203862.03496,-6376506986.562512,-55661215324.628174,11820342955.154999,0.9563708309296277,
memory_um,memory_bytes,ridge,1,2,independent,q90,122230747955.2,8279,4.051838996689814,117320785920.0,179990249472.0,116407420846.63141,149795088921.54498,427789448.31166357,110.8138799115203,/Users/fgtek002/TimeTrack/results/final/packs/01_memory_classical/metrics/predictions/base__memory_um__f2__h1__ridge__s0.npz,528,449,160,7142,688,977,0.5404298874104401,True,0.7674418604651163,True,0.6342342342342342,True,0.940851007772362,0.05914899222763799,6028435917.305159,612825869.0995388,6028435917.305159,-4480609996.5644245,-58864184563.12886,13908033841.941177,0.9692593489172666,
memory_um,memory_bytes,ridge,1,2,independent,q95,129465074073.59999,8279,4.051838996689814,117320785920.0,179990249472.0,116407420846.63141,149795088921.54498,427789448.31166357,15.05489237105287,/Users/fgtek002/TimeTrack/results/final/packs/01_memory_classical/metrics/predictions/base__memory_um__f2__h1__ridge__s0.npz,185,61,160,7873,345,246,0.7520325203252033,True,0.5362318840579711,True,0.6260575296108292,True,0.9923115704562642,0.00768842954373582,9408946421.67058,699954445.1681621,9408946421.67058,-8544937203.284879,-58864184563.12886,10443127321.544983,0.9416579698545136,
memory_um,memory_bytes,ridge,1,2,bottom_up,q90,122230747955.2,8279,4.051838996689814,117320785920.0,179990249472.0,114081667220.02112,147235067565.95007,0.0,110.56707839724075,/Users/fgtek002/TimeTrack/results/final/packs/01_memory_classical/metrics/predictions/base__memory_um__f2__h1__ridge__s0.npz,527,448,161,7143,688,975,0.5405128205128205,True,0.7659883720930233,True,0.6337943475646423,True,0.9409827427216441,0.059017257278355946,6151599011.777195,646935236.8271166,6151599011.777195,-5078179023.752115,-59070293455.1048,10518295737.27118,0.9647558778890153,
memory_um,memory_bytes,ridge,1,2,bottom_up,q95,129465074073.59999,8279,4.051838996689814,117320785920.0,179990249472.0,114081667220.02112,147235067565.95007,0.0,6.910442399827547,/Users/fgtek002/TimeTrack/results/final/packs/01_memory_classical/metrics/predictions/base__memory_um__f2__h1__ridge__s0.npz,160,28,185,7906,345,188,0.851063829787234,True,0.463768115942029,True,0.600375234521576,True,0.9964708847995967,0.0035291152004033274,9821422175.423792,725333356.7350825,9821422175.423792,-9282410917.634884,-59070293455.1048,7883105965.950073,0.936251562037357,
memory_um,memory_bytes,ridge,1,2,wls,q90,122230747955.2,8279,4.051838996689814,117320785920.0,179990249472.0,115007646838.55135,148094388077.0682,0.0,106.12465114020875,/Users/fgtek002/TimeTrack/results/final/packs/01_memory_classical/metrics/predictions/base__memory_um__f2__h1__ridge__s0.npz,526,430,162,7161,688,956,0.5502092050209205,True,0.7645348837209303,True,0.6399026763990268,True,0.9433539718087208,0.056646028191279146,6059640375.604513,610800503.2752732,6059640375.604513,-4877593461.919757,-59001109032.84839,11656126667.578583,0.9662675547418967,
memory_um,memory_bytes,ridge,1,2,wls,q95,129465074073.59999,8279,4.051838996689814,117320785920.0,179990249472.0,115007646838.55135,148094388077.0682,0.0,8.144449971225322,/Users/fgtek002/TimeTrack/results/final/packs/01_memory_classical/metrics/predictions/base__memory_um__f2__h1__ridge__s0.npz,172,33,173,7901,345,205,0.8390243902439024,True,0.4985507246376812,True,0.6254545454545455,True,0.9958406856566675,0.004159314343332493,9642783094.947178,690554453.1159222,9642783094.947178,-9034863650.965847,-59001109032.84839,8742426477.068207,0.9380663270270677,
memory_um,memory_bytes,ridge,1,2,mint,q90,122230747955.2,8279,4.051838996689814,117320785920.0,179990249472.0,115028127914.10309,148113394767.8677,0.0,106.12465114020875,/Users/fgtek002/TimeTrack/results/final/packs/01_memory_classical/metrics/predictions/base__memory_um__f2__h1__ridge__s0.npz,526,430,162,7161,688,956,0.5502092050209205,True,0.7645348837209303,True,0.6399026763990268,True,0.9433539718087208,0.056646028191279146,6058311097.050666,610287392.1089898,6058311097.050666,-4873156854.683822,-58999578792.71179,11681293529.604538,0.9663009904308818,
memory_um,memory_bytes,ridge,1,2,mint,q95,129465074073.59999,8279,4.051838996689814,117320785920.0,179990249472.0,115028127914.10309,148113394767.8677,0.0,8.391251485504878,/Users/fgtek002/TimeTrack/results/final/packs/01_memory_classical/metrics/predictions/base__memory_um__f2__h1__ridge__s0.npz,172,34,173,7900,345,206,0.8349514563106796,True,0.4985507246376812,True,0.6243194192377496,True,0.9957146458280817,0.004285354171918326,9639364029.768606,690096929.4176997,9639364029.768606,-9029388331.62805,-58999578792.71179,8761433167.867706,0.938106466504181,
memory_um,memory_bytes,ridge,8,0,independent,q90,117325735526.4,8269,4.046944880254629,115448389632.0,178617548800.0,115267106207.61974,151306465705.59186,464923296.3696819,12.107899032446664,/Users/fgtek002/TimeTrack/results/final/packs/01_memory_classical/metrics/predictions/base__memory_um__f0__h8__ridge__s0.npz,6560,49,89,1571,6649,6609,0.9925858677560901,True,0.9866145285005264,True,0.98959119022477,True,0.9697530864197531,0.030246913580246913,1618797547.7765212,283298831.59331155,1618797547.7765212,-912072029.334188,-57854862112.54678,13559894441.591858,0.9934951533484183,
memory_um,memory_bytes,ridge,8,0,independent,q95,124176743423.99985,8269,4.046944880254629,115448389632.0,178617548800.0,115267106207.61974,151306465705.59186,464923296.3696819,55.597495557153046,/Users/fgtek002/TimeTrack/results/final/packs/01_memory_classical/metrics/predictions/base__memory_um__f0__h8__ridge__s0.npz,639,225,184,7221,823,864,0.7395833333333334,True,0.7764277035236938,True,0.7575577949021932,True,0.9697824335213537,0.030217566478646252,7051332488.904403,727784362.6079682,7051332488.904403,-5962902567.191053,-57854862112.54678,13559894441.591858,0.9591762062789202,
memory_um,memory_bytes,ridge,8,0,bottom_up,q90,117325735526.4,8269,4.046944880254629,115448389632.0,178617548800.0,114205679901.58305,149222533992.91876,0.0,14.331798854732785,/Users/fgtek002/TimeTrack/results/final/packs/01_memory_classical/metrics/predictions/base__memory_um__f0__h8__ridge__s0.npz,6581,58,68,1562,6649,6639,0.9912637445398403,True,0.9897728981801774,True,0.9905177603853101,True,0.9641975308641976,0.03580246913580247,1498318674.4706185,289350084.18392026,1498318674.4706185,-778497059.8793789,-57732533192.57674,11475962728.918762,0.994620174722146,
memory_um,memory_bytes,ridge,8,0,bottom_up,q95,124176743423.99985,8269,4.046944880254629,115448389632.0,178617548800.0,114205679901.58305,149222533992.91876,0.0,46.207696307500534,/Users/fgtek002/TimeTrack/results/final/packs/01_memory_classical/metrics/predictions/base__memory_um__f0__h8__ridge__s0.npz,639,187,184,7259,823,826,0.7736077481840193,True,0.7764277035236938,True,0.7750151607034567,True,0.9748858447488584,0.02511415525114155,7085313950.059565,617761834.8152125,7085313950.059565,-6024190277.28515,-57732533192.57674,11475962728.918762,0.9587523856325291,
memory_um,memory_bytes,ridge,8,0,wls,q90,117325735526.4,8269,4.046944880254629,115448389632.0,178617548800.0,114959948761.41777,150097666121.43658,0.0,13.590498913970745,/Users/fgtek002/TimeTrack/results/final/packs/01_memory_classical/metrics/predictions/base__memory_um__f0__h8__ridge__s0.npz,6577,55,72,1565,6649,6632,0.9917068757539204,True,0.989171303955482,True,0.9904374670582033,True,0.9660493827160493,0.033950617283950615,1520677238.6999578,278882738.9837052,1520677238.6999578,-834590907.2160549,-57783904342.349365,12351094857.436584,0.994147730090897,
memory_um,memory_bytes,ridge,8,0,wls,q95,124176743423.99985,8269,4.046944880254629,115448389632.0,178617548800.0,114959948761.41777,150097666121.43658,0.0,48.18449614953264,/Users/fgtek002/TimeTrack/results/final/packs/01_memory_classical/metrics/predictions/base__memory_um__f0__h8__ridge__s0.npz,642,195,181,7251,823,837,0.7670250896057348,True,0.7800729040097205,True,0.7734939759036145,True,0.9738114423851733,0.026188557614826753,7039737621.513804,640487367.0109808,7039737621.513804,-5998452944.412523,-57783904342.349365,12351094857.436584,0.9589303660634751,
memory_um,memory_bytes,ridge,8,0,mint,q90,117325735526.4,8269,4.046944880254629,115448389632.0,178617548800.0,114860904353.65195,149979550254.38037,0.0,13.590498913970745,/Users/fgtek002/TimeTrack/results/final/packs/01_memory_classical/metrics/predictions/base__memory_um__f0__h8__ridge__s0.npz,6579,55,70,1565,6649,6634,0.9917093759421164,True,0.9894721010678298,True,0.9905894752691411,True,0.9660493827160493,0.033950617283950615,1515116078.765978,279719752.4176589,1515116078.765978,-827019966.4876631,-57776970820.24579,12232978990.380371,0.9942114955566246,
memory_um,memory_bytes,ridge,8,0,mint,q95,124176743423.99985,8269,4.046944880254629,115448389632.0,178617548800.0,114860904353.65195,149979550254.38037,0.0,47.690296189024615,/Users/fgtek002/TimeTrack/results/final/packs/01_memory_classical/metrics/predictions/base__memory_um__f0__h8__ridge__s0.npz,643,193,180,7253,823,836,0.7691387559808612,True,0.7812879708383961,True,0.7751657625075347,True,0.9740800429760945,0.02591995702390545,7043119863.662924,635329728.557213,7043119863.662924,-6001926691.100952,-57776970820.24579,12232978990.380371,0.9589063441908598,
memory_um,memory_bytes,ridge,8,1,independent,q90,121059018342.4,8269,4.046944880254629,115408904192.0,176082169856.0,116747383140.06113,147923206982.78052,301967643.2167778,71.1647943131559,/Users/fgtek002/TimeTrack/results/final/packs/01_memory_classical/metrics/predictions/base__memory_um__f1__h8__ridge__s0.npz,1772,288,679,5530,2451,2060,0.8601941747572815,True,0.7229702162382701,True,0.7856351141653736,True,0.9504984530766587,0.049501546923341355,1965128558.4452295,358909100.5965768,1965128558.4452295,-847150717.6278132,-55611349561.16078,12053966452.316574,0.9944156757877004,
memory_um,memory_bytes,ridge,8,1,independent,q95,127221156659.19992,8269,4.046944880254629,115408904192.0,176082169856.0,116747383140.06113,147923206982.78052,301967643.2167778,16.308598696764893,/Users/fgtek002/TimeTrack/results/final/packs/01_memory_classical/metrics/predictions/base__memory_um__f1__h8__ridge__s0.npz,256,66,142,7805,398,322,0.7950310559006211,True,0.6432160804020101,True,0.7111111111111112,True,0.9916147884639817,0.008385211536018296,7321989411.705326,506989132.0240658,7321989411.705326,-6080271753.408174,-55611349561.16078,10062656052.125687,0.9585758978811987,
memory_um,memory_bytes,ridge,8,1,bottom_up,q90,121059018342.4,8269,4.046944880254629,115408904192.0,176082169856.0,116695192328.16823,146105955413.39264,0.0,104.52329164744772,/Users/fgtek002/TimeTrack/results/final/packs/01_memory_classical/metrics/predictions/base__memory_um__f1__h8__ridge__s0.npz,2075,423,376,5395,2451,2498,0.8306645316253003,True,0.846593227254182,True,0.8385532430794099,True,0.9272946029563424,0.07270539704365761,1846454929.147813,348908070.074063,1846454929.147813,-877401372.7082411,-55688030244.69641,12765851728.587097,0.9942294156856879,
memory_um,memory_bytes,ridge,8,1,bottom_up,q95,127221156659.19992,8269,4.046944880254629,115408904192.0,176082169856.0,116695192328.16823,146105955413.39264,0.0,13.590498913970745,/Users/fgtek002/TimeTrack/results/final/packs/01_memory_classical/metrics/predictions/base__memory_um__f1__h8__ridge__s0.npz,252,55,146,7816,398,307,0.8208469055374593,True,0.6331658291457286,True,0.7148936170212765,True,0.9930123237199847,0.006987676280015246,7439147325.561636,456718021.5294952,7439147325.561636,-6534993007.881674,-55688030244.69641,12765851728.587097,0.9551917703405984,
memory_um,memory_bytes,ridge,8,1,wls,q90,121059018342.4,8269,4.046944880254629,115408904192.0,176082169856.0,116875645657.86215,146722239747.78757,0.0,87.47339300992078,/Users/fgtek002/TimeTrack/results/final/packs/01_memory_classical/metrics/predictions/base__memory_um__f1__h8__ridge__s0.npz,1998,354,453,5464,2451,2352,0.8494897959183674,True,0.8151774785801713,True,0.8319800124921924,True,0.939154348573393,0.060845651426607084,1856174263.8060393,337508527.91140115,1856174263.8060393,-867142471.2433461,-55662025532.54349,11929970675.63823,0.9942925820543791,
memory_um,memory_bytes,ridge,8,1,wls,q95,127221156659.19992,8269,4.046944880254629,115408904192.0,176082169856.0,116875645657.86215,146722239747.78757,0.0,14.331798854732785,/Users/fgtek002/TimeTrack/results/final/packs/01_memory_classical/metrics/predictions/base__memory_um__f1__h8__ridge__s0.npz,255,58,143,7813,398,313,0.8146964856230032,True,0.6407035175879398,True,0.7172995780590717,True,0.9926311777410748,0.007368822258925168,7357085404.029413,455467887.8380673,7357085404.029413,-6380783436.496106,-55662025532.54349,11849117261.889587,0.956339429158867,
memory_um,memory_bytes,ridge,8,1,mint,q90,121059018342.4,8269,4.046944880254629,115408904192.0,176082169856.0,116875547468.36514,146741391148.6674,0.0,86.97919304941276,/Users/fgtek002/TimeTrack/results/final/packs/01_memory_classical/metrics/predictions/base__memory_um__f1__h8__ridge__s0.npz,1995,352,456,5466,2451,2347,0.850021303792075,True,0.813953488372093,True,0.8315964985410587,True,0.9394981093159162,0.060501890684083875,1857115409.0993955,337411317.7695694,1857115409.0993955,-866823669.3761829,-55661217420.28833,11930569182.73796,0.994294544990163,
memory_um,memory_bytes,ridge,8,1,mint,q95,127221156659.19992,8269,4.046944880254629,115408904192.0,176082169856.0,116875547468.36514,146741391148.6674,0.0,14.331798854732785,/Users/fgtek002/TimeTrack/results/final/packs/01_memory_classical/metrics/predictions/base__memory_um__f1__h8__ridge__s0.npz,255,58,143,7813,398,313,0.8146964856230032,True,0.6407035175879398,True,0.7172995780590717,True,0.9926311777410748,0.007368822258925168,7355285090.423,455780135.75119025,7355285090.423,-6375991282.361556,-55661217420.28833,11820629196.188568,0.9563750933391015,
memory_um,memory_bytes,ridge,8,2,independent,q90,122230747955.2,8272,4.048413115185185,117320785920.0,179990249472.0,116408823343.517,149794137363.8369,428265056.35127103,110.90765374606825,/Users/fgtek002/TimeTrack/results/final/packs/01_memory_classical/metrics/predictions/base__memory_um__f2__h8__ridge__s0.npz,528,449,160,7135,688,977,0.5404298874104401,True,0.7674418604651163,True,0.6342342342342342,True,0.9407964135021097,0.059203586497890294,6028405649.52685,613358657.3587917,6028405649.52685,-4480766113.486,-58863902782.13655,13906572075.642303,0.9692582147124312,
memory_um,memory_bytes,ridge,8,2,independent,q95,129465074073.59999,8272,4.048413115185185,117320785920.0,179990249472.0,116408823343.517,149794137363.8369,428265056.35127103,15.067632246125084,/Users/fgtek002/TimeTrack/results/final/packs/01_memory_classical/metrics/predictions/base__memory_um__f2__h8__ridge__s0.npz,185,61,160,7866,345,246,0.7520325203252033,True,0.5362318840579711,True,0.6260575296108292,True,0.9923047811277911,0.007695218872208906,9408974129.60002,700537286.4351636,9408974129.60002,-8545265476.87786,-58863902782.13655,10442175763.836914,0.9416554901093224,
memory_um,memory_bytes,ridge,8,2,bottom_up,q90,122230747955.2,8272,4.048413115185185,117320785920.0,179990249472.0,114078445855.1953,147232157165.9303,0.0,110.4136330166871,/Users/fgtek002/TimeTrack/results/final/packs/01_memory_classical/metrics/predictions/base__memory_um__f2__h8__ridge__s0.npz,527,447,161,7137,688,974,0.5410677618069816,True,0.7659883720930233,True,0.6341756919374248,True,0.9410601265822784,0.05893987341772152,6151638883.630442,647594302.0898858,6151638883.630442,-5078266373.282726,-59069939712.49347,10515863583.106598,0.9647553509955812,
memory_um,memory_bytes,ridge,8,2,bottom_up,q95,129465074073.59999,8272,4.048413115185185,117320785920.0,179990249472.0,114078445855.1953,147232157165.9303,0.0,6.916290211336104,/Users/fgtek002/TimeTrack/results/final/packs/01_memory_classical/metrics/predictions/base__memory_um__f2__h8__ridge__s0.npz,160,28,185,7899,345,188,0.851063829787234,True,0.463768115942029,True,0.600375234521576,True,0.9964677683865271,0.0035322316134729407,9821624509.150284,726027788.9908656,9821624509.150284,-9282860086.372166,-59069939712.49347,7880195565.930298,0.936248306022701,
memory_um,memory_bytes,ridge,8,2,wls,q90,122230747955.2,8272,4.048413115185185,117320785920.0,179990249472.0,115005625371.63478,148092147126.6918,0.0,106.21445681694732,/Users/fgtek002/TimeTrack/results/final/packs/01_memory_classical/metrics/predictions/base__memory_um__f2__h8__ridge__s0.npz,526,430,162,7154,688,956,0.5502092050209205,True,0.7645348837209303,True,0.6399026763990268,True,0.943301687763713,0.05669831223628692,6059672081.855603,611381868.4714437,6059672081.855603,-4877701113.120256,-59000778486.44908,11654036027.162262,0.9662668449540142,
memory_um,memory_bytes,ridge,8,2,wls,q95,129465074073.59999,8272,4.048413115185185,117320785920.0,179990249472.0,115005625371.63478,148092147126.6918,0.0,8.15134203478898,/Users/fgtek002/TimeTrack/results/final/packs/01_memory_classical/metrics/predictions/base__memory_um__f2__h8__ridge__s0.npz,172,33,173,7894,345,205,0.8390243902439024,True,0.4985507246376812,True,0.6254545454545455,True,0.995837012741264,0.004162987258735966,9642894457.227547,691178995.2138995,9642894457.227547,-9035268805.321001,-59000778486.44908,8740185526.691803,0.9380633567533523,
memory_um,memory_bytes,ridge,8,2,mint,q90,122230747955.2,8272,4.048413115185185,117320785920.0,179990249472.0,115026335954.45038,148111356883.78455,0.0,106.21445681694732,/Users/fgtek002/TimeTrack/results/final/packs/01_memory_classical/metrics/predictions/base__memory_um__f2__h8__ridge__s0.npz,526,430,162,7154,688,956,0.5502092050209205,True,0.7645348837209303,True,0.6399026763990268,True,0.943301687763713,0.05669831223628692,6058330257.19833,610862649.2230173,6058330257.19833,-4873221049.398742,-58999233619.314026,11679459598.624237,0.9663006074771977,
memory_um,memory_bytes,ridge,8,2,mint,q95,129465074073.59999,8272,4.048413115185185,117320785920.0,179990249472.0,115026335954.45038,148111356883.78455,0.0,8.398352399479556,/Users/fgtek002/TimeTrack/results/final/packs/01_memory_classical/metrics/predictions/base__memory_um__f2__h8__ridge__s0.npz,172,34,173,7893,345,206,0.8349514563106796,True,0.4985507246376812,True,0.6243194192377496,True,0.9957108616122115,0.004289138387788571,9639441570.403128,690716059.9054794,9639441570.403128,-9029738312.539839,-58999233619.314026,8759395283.784546,0.9381038998812155,
memory_um,memory_bytes,ridge,16,0,independent,q90,117325735526.4,8261,4.043029587106481,115448389632.0,178617548800.0,115267212176.2402,151306112759.05392,464949215.46992654,12.11962439163557,/Users/fgtek002/TimeTrack/results/final/packs/01_memory_classical/metrics/predictions/base__memory_um__f0__h16__ridge__s0.npz,6552,49,89,1571,6641,6601,0.9925768822905621,True,0.9865984038548411,True,0.9895786135024921,True,0.9697530864197531,0.030246913580246913,1614450407.3856456,283354760.79614747,1614450407.3856456,-906933594.3068831,-57854838892.066895,13559541495.053925,0.9935280403163298,
memory_um,memory_bytes,ridge,16,0,independent,q95,124176743423.99985,8261,4.043029587106481,115448389632.0,178617548800.0,115267212176.2402,151306112759.05392,464949215.46992654,55.65133649220415,/Users/fgtek002/TimeTrack/results/final/packs/01_memory_classical/metrics/predictions/base__memory_um__f0__h16__ridge__s0.npz,637,225,183,7216,820,862,0.7389791183294664,True,0.776829268292683,True,0.7574316290130797,True,0.9697621287461363,0.030237871253863728,7030255207.776204,727831017.0086474,7030255207.776204,-5937840038.148318,-57854838892.066895,13559541495.053925,0.9593268004789107,
memory_um,memory_bytes,ridge,16,0,bottom_up,q90,117325735526.4,8261,4.043029587106481,115448389632.0,178617548800.0,114205004224.09048,149221554823.18204,0.0,14.345677851323735,/Users/fgtek002/TimeTrack/results/final/packs/01_memory_classical/metrics/predictions/base__memory_um__f0__h16__ridge__s0.npz,6573,58,68,1562,6641,6631,0.9912532046448499,True,0.9897605782261708,True,0.990506329113924,True,0.9641975308641976,0.03580246913580247,1493383183.9807222,289419212.30317324,1493383183.9807222,-772806293.7060077,-57732921137.98146,11474983559.182037,0.9946572570741535,
memory_um,memory_bytes,ridge,16,0,bottom_up,q95,124176743423.99985,8261,4.043029587106481,115448389632.0,178617548800.0,114205004224.09048,149221554823.18204,0.0,46.252444106854114,/Users/fgtek002/TimeTrack/results/final/packs/01_memory_classical/metrics/predictions/base__memory_um__f0__h16__ridge__s0.npz,637,187,183,7254,820,824,0.7730582524271845,True,0.776829268292683,True,0.7749391727493918,True,0.9748689692245666,0.02513103077543341,7061495822.282473,617657609.7937762,7061495822.282473,-5996525209.64493,-57732921137.98146,11474983559.182037,0.9589215972157312,
memory_um,memory_bytes,ridge,16,0,wls,q90,117325735526.4,8261,4.043029587106481,115448389632.0,178617548800.0,114962353221.01611,150099810912.59116,0.0,13.603660031427681,/Users/fgtek002/TimeTrack/results/final/packs/01_memory_classical/metrics/predictions/base__memory_um__f0__h16__ridge__s0.npz,6569,55,72,1565,6641,6624,0.9916968599033816,True,0.9891582592982985,True,0.990425932906144,True,0.9660493827160493,0.033950617283950615,1516099316.0021458,278929842.9828269,1516099316.0021458,-829316173.5906531,-57784286949.480286,12353239648.591156,0.9941815008107997,
memory_um,memory_bytes,ridge,16,0,wls,q95,124176743423.99985,8261,4.043029587106481,115448389632.0,178617548800.0,114962353221.01611,150099810912.59116,0.0,48.231158293243595,/Users/fgtek002/TimeTrack/results/final/packs/01_memory_classical/metrics/predictions/base__memory_um__f0__h16__ridge__s0.npz,640,195,180,7246,820,835,0.7664670658682635,True,0.7804878048780488,True,0.7734138972809668,True,0.9737938449133181,0.026206155086681896,7016879830.268938,640564499.7153475,7016879830.268938,-5971800250.801993,-57784286949.480286,12353239648.591156,0.9590923155377327,
memory_um,memory_bytes,ridge,16,0,mint,q90,117325735526.4,8261,4.043029587106481,115448389632.0,178617548800.0,114872920794.74873,149993126604.2145,0.0,13.603660031427681,/Users/fgtek002/TimeTrack/results/final/packs/01_memory_classical/metrics/predictions/base__memory_um__f0__h16__ridge__s0.npz,6571,55,70,1565,6641,6626,0.9916993661334138,True,0.9894594187622346,True,0.9905781261777342,True,0.9660493827160493,0.033950617283950615,1510987281.6038241,279678258.7412464,1510987281.6038241,-822451755.0065707,-57778047395.76706,12246555340.214508,0.9942392923004069,
memory_um,memory_bytes,ridge,16,0,mint,q95,124176743423.99985,8261,4.043029587106481,115448389632.0,178617548800.0,114872920794.74873,149993126604.2145,0.0,47.736479746646225,/Users/fgtek002/TimeTrack/results/final/packs/01_memory_classical/metrics/predictions/base__memory_um__f0__h16__ridge__s0.npz,641,193,179,7248,820,834,0.7685851318944844,True,0.7817073170731708,True,0.7750906892382103,True,0.9740626259911302,0.025937374008869776,7019774761.016244,635845990.0898396,7019774761.016244,-5974803663.124692,-57778047395.76706,12246555340.214508,0.9590715778889584,
memory_um,memory_bytes,ridge,16,1,independent,q90,121059018342.4,8261,4.043029587106481,115408904192.0,176082169856.0,116748457056.12457,147885674085.03955,301682596.29424995,71.72838925661868,/Users/fgtek002/TimeTrack/results/final/packs/01_memory_classical/metrics/predictions/base__memory_um__f1__h16__ridge__s0.npz,1775,290,676,5520,2451,2065,0.8595641646489104,True,0.7241942064463485,True,0.7860938883968113,True,0.9500860585197934,0.04991394148020654,1964842608.2883358,359132365.0525496,1964842608.2883358,-843735013.5278772,-55613651588.69612,12036994430.120132,0.9944429292354686,
memory_um,memory_bytes,ridge,16,1,independent,q95,127221156659.19992,8261,4.043029587106481,115408904192.0,176082169856.0,116748457056.12457,147885674085.03955,301682596.29424995,16.324392037713217,/Users/fgtek002/TimeTrack/results/final/packs/01_memory_classical/metrics/predictions/base__memory_um__f1__h16__ridge__s0.npz,257,66,141,7797,398,323,0.7956656346749226,True,0.6457286432160804,True,0.7128987517337032,True,0.991606257153758,0.008393742846241892,7321423680.968811,507244264.12875956,7321423680.968811,-6074920460.503794,-55613651588.69612,10043803977.653656,0.9586148650888254,
memory_um,memory_bytes,ridge,16,1,bottom_up,q90,121059018342.4,8261,4.043029587106481,115408904192.0,176082169856.0,116695895030.1684,146092335666.39377,0.0,104.12983405874643,/Users/fgtek002/TimeTrack/results/final/packs/01_memory_classical/metrics/predictions/base__memory_um__f1__h16__ridge__s0.npz,2076,421,375,5389,2451,2497,0.8313976772126552,True,0.847001223990208,True,0.8391269199676638,True,0.9275387263339071,0.07246127366609294,1845103196.0549908,348999361.2628895,1845103196.0549908,-876713203.6959234,-55689237991.14017,12746137373.915344,0.9942343471930875,
memory_um,memory_bytes,ridge,16,1,bottom_up,q95,127221156659.19992,8261,4.043029587106481,115408904192.0,176082169856.0,116695895030.1684,146092335666.39377,0.0,13.850999304726367,/Users/fgtek002/TimeTrack/results/final/packs/01_memory_classical/metrics/predictions/base__memory_um__f1__h16__ridge__s0.npz,252,56,146,7807,398,308,0.8181818181818182,True,0.6331658291457286,True,0.7138810198300283,True,0.9928780363728856,0.007121963627114333,7435260161.295218,456670568.26563305,7435260161.295218,-6529554832.91115,-55689237991.14017,12746137373.915344,0.9552320528129226,
memory_um,memory_bytes,ridge,16,1,wls,q90,121059018342.4,8261,4.043029587106481,115408904192.0,176082169856.0,116880085865.1717,146703257374.35843,0.0,87.55810274773452,/Users/fgtek002/TimeTrack/results/final/packs/01_memory_classical/metrics/predictions/base__memory_um__f1__h16__ridge__s0.npz,1998,354,453,5456,2451,2352,0.8494897959183674,True,0.8151774785801713,True,0.8319800124921924,True,0.9390705679862307,0.060929432013769366,1855383684.8222003,337675219.26015157,1855383684.8222003,-865478797.5702602,-55663488599.13345,11924749483.155365,0.9943054031048236,
memory_um,memory_bytes,ridge,16,1,wls,q95,127221156659.19992,8261,4.043029587106481,115408904192.0,176082169856.0,116880085865.1717,146703257374.35843,0.0,14.345677851323735,/Users/fgtek002/TimeTrack/results/final/packs/01_memory_classical/metrics/predictions/base__memory_um__f1__h16__ridge__s0.npz,255,58,143,7805,398,313,0.8146964856230032,True,0.6407035175879398,True,0.7172995780590717,True,0.9926236805290601,0.0073763194709398445,7354026664.356033,455619461.14549047,7354026664.356033,-6374678316.414189,-55663488599.13345,11825555894.622284,0.9563844473810732,
memory_um,memory_bytes,ridge,16,1,mint,q90,121059018342.4,8261,4.043029587106481,115408904192.0,176082169856.0,116879985679.5282,146722313967.96454,0.0,87.55810274773452,/Users/fgtek002/TimeTrack/results/final/packs/01_memory_classical/metrics/predictions/base__memory_um__f1__h16__ridge__s0.npz,1993,354,458,5456,2451,2347,0.8491691521090754,True,0.8131374949000408,True,0.8307628178407671,True,0.9390705679862307,0.060929432013769366,1856360890.4895327,337587114.8075819,1856360890.4895327,-865128360.5191619,-55662685393.457,11925669731.358063,0.9943076195661874,
memory_um,memory_bytes,ridge,16,1,mint,q95,127221156659.19992,8261,4.043029587106481,115408904192.0,176082169856.0,116879985679.5282,146722313967.96454,0.0,14.09833857802505,/Users/fgtek002/TimeTrack/results/final/packs/01_memory_classical/metrics/predictions/base__memory_um__f1__h16__ridge__s0.npz,255,57,143,7806,398,312,0.8173076923076923,True,0.6407035175879398,True,0.7183098591549296,True,0.9927508584509729,0.007249141549027089,7352231770.448144,455949820.04114634,7352231770.448144,-6369847224.535948,-55662685393.457,11796840026.984436,0.9564203942383731,
memory_um,memory_bytes,ridge,16,2,independent,q90,122230747955.2,8264,4.0444978220370364,117320785920.0,179990249472.0,116410417292.19254,149785041996.50525,428885072.4161675,111.26226785142752,/Users/fgtek002/TimeTrack/results/final/packs/01_memory_classical/metrics/predictions/base__memory_um__f2__h16__ridge__s0.npz,529,450,159,7126,688,979,0.5403472931562819,True,0.7688953488372093,True,0.6346730653869227,True,0.9406019007391764,0.05939809926082365,6028198324.550885,614384047.1230043,6028198324.550885,-4479276298.25221,-58863728521.37555,13918577957.800049,0.9692698564383452,
memory_um,memory_bytes,ridge,16,2,independent,q95,129465074073.59999,8264,4.0444978220370364,117320785920.0,179990249472.0,116410417292.19254,149785041996.50525,428885072.4161675,15.082218530971286,/Users/fgtek002/TimeTrack/results/final/packs/01_memory_classical/metrics/predictions/base__memory_um__f2__h16__ridge__s0.npz,185,61,160,7858,345,246,0.7520325203252033,True,0.5362318840579711,True,0.6260575296108292,True,0.9922970071978785,0.00770299280212148,9407983027.560385,701631499.4047931,9407983027.560385,-8544327707.334658,-58863728521.37555,10433080396.505249,0.9416623124891182,
memory_um,memory_bytes,ridge,16,2,bottom_up,q90,122230747955.2,8264,4.0444978220370364,117320785920.0,179990249472.0,114067407363.0087,147224228564.709,0.0,111.01501836731325,/Users/fgtek002/TimeTrack/results/final/packs/01_memory_classical/metrics/predictions/base__memory_um__f2__h16__ridge__s0.npz,527,449,161,7127,688,976,0.5399590163934426,True,0.7659883720930233,True,0.6334134615384615,True,0.9407338965153115,0.05926610348468849,6151467590.441151,648679178.287477,6151467590.441151,-5076652215.295772,-59069576290.985825,10525175528.50026,0.9647679800020899,
memory_um,memory_bytes,ridge,16,2,bottom_up,q95,129465074073.59999,8264,4.0444978220370364,117320785920.0,179990249472.0,114067407363.0087,147224228564.709,0.0,6.922985555199935,/Users/fgtek002/TimeTrack/results/final/packs/01_memory_classical/metrics/predictions/base__memory_um__f2__h16__ridge__s0.npz,160,28,185,7891,345,188,0.851063829787234,True,0.463768115942029,True,0.600375234521576,True,0.9964642000252557,0.0035357999747442858,9820834366.26239,727164452.6542385,9820834366.26239,-9281846685.195389,-59069576290.985825,7872266964.709015,0.9362558460852992,
memory_um,memory_bytes,ridge,16,2,wls,q90,122230747955.2,8264,4.0444978220370364,117320785920.0,179990249472.0,114998320297.39047,148083744948.4914,0.0,106.31727816914186,/Users/fgtek002/TimeTrack/results/final/packs/01_memory_classical/metrics/predictions/base__memory_um__f2__h16__ridge__s0.npz,526,430,162,7146,688,956,0.5502092050209205,True,0.7645348837209303,True,0.6399026763990268,True,0.9432418162618796,0.05675818373812038,6059425285.313489,612444124.5673776,6059425285.313489,-4876147804.658857,-59000485146.64516,11664143697.196701,0.9662789985347368,
memory_um,memory_bytes,ridge,16,2,wls,q95,129465074073.59999,8264,4.0444978220370364,117320785920.0,179990249472.0,114998320297.39047,148083744948.4914,0.0,8.406482459885636,/Users/fgtek002/TimeTrack/results/final/packs/01_memory_classical/metrics/predictions/base__memory_um__f2__h16__ridge__s0.npz,172,34,173,7885,345,206,0.8349514563106796,True,0.4985507246376812,True,0.6243194192377496,True,0.9957065286020962,0.004293471397903776,9641984029.147755,692294076.7725923,9641984029.147755,-9034304385.989138,-59000485146.64516,8731783348.491394,0.9380704829480229,
memory_um,memory_bytes,ridge,16,2,mint,q90,122230747955.2,8264,4.0444978220370364,117320785920.0,179990249472.0,115018825533.2258,148102677531.22934,0.0,106.31727816914186,/Users/fgtek002/TimeTrack/results/final/packs/01_memory_classical/metrics/predictions/base__memory_um__f2__h16__ridge__s0.npz,526,430,162,7146,688,956,0.5502092050209205,True,0.7645348837209303,True,0.6399026763990268,True,0.9432418162618796,0.05675818373812038,6058101529.268997,611932431.3282204,6058101529.268997,-4871731290.447099,-58998963274.80185,11689231769.40178,0.9663122817667715,
memory_um,memory_bytes,ridge,16,2,mint,q95,129465074073.59999,8264,4.0444978220370364,117320785920.0,179990249472.0,115018825533.2258,148102677531.22934,0.0,8.406482459885636,/Users/fgtek002/TimeTrack/results/final/packs/01_memory_classical/metrics/predictions/base__memory_um__f2__h16__ridge__s0.npz,172,34,173,7885,345,206,0.8349514563106796,True,0.4985507246376812,True,0.6243194192377496,True,0.9957065286020962,0.004293471397903776,9638578494.817244,691837905.1859729,9638578494.817244,-9028851767.36408,-58998963274.80185,8750715931.22934,0.9381104539864575,
memory_um,memory_bytes,lightgbm,1,0,independent,q90,117325735526.4,8276,4.050370761759259,115448389632.0,178617548800.0,113380963901.59947,141039952777.37558,1491534985.8369813,27.89868055212777,/Users/fgtek002/TimeTrack/results/final/packs/01_memory_classical/metrics/predictions/base__memory_um__f0__h1__lightgbm__s0.npz,6446,113,210,1507,6656,6559,0.9827717639884128,True,0.9684495192307693,True,0.9755580779417328,True,0.9302469135802469,0.06975308641975309,2212427941.8158927,353943519.759309,2212427941.8158927,-1636316636.8341408,-58731543488.16788,13578687277.45192,0.9876965415052722,
memory_um,memory_bytes,lightgbm,1,0,independent,q95,124176743423.99985,8276,4.050370761759259,115448389632.0,178617548800.0,113380963901.59947,141039952777.37558,1491534985.8369813,31.108263270514154,/Users/fgtek002/TimeTrack/results/final/packs/01_memory_classical/metrics/predictions/base__memory_um__f0__h1__lightgbm__s0.npz,614,126,215,7321,829,740,0.8297297297297297,True,0.7406513872135102,True,0.7826641172721478,True,0.9830804350745267,0.016919564925473345,8214582249.546603,1139978541.407618,8214582249.546603,-7555586161.308472,-58731543488.16788,11253343113.37558,0.9474674237239412,
memory_um,memory_bytes,lightgbm,1,0,bottom_up,q90,117325735526.4,8276,4.050370761759259,115448389632.0,178617548800.0,115652423876.00868,143646126417.47205,0.0,22.220188050367252,/Users/fgtek002/TimeTrack/results/final/packs/01_memory_classical/metrics/predictions/base__memory_um__f0__h1__lightgbm__s0.npz,6403,90,253,1530,6656,6493,0.9861389188356692,True,0.9619891826923077,True,0.9739143661114914,True,0.9444444444444444,0.05555555555555555,2503474457.9270096,314964601.2795495,2503474457.9270096,-1839736733.7194972,-55439969351.097534,11557626008.307251,0.9857386602177793,
memory_um,memory_bytes,lightgbm,1,0,bottom_up,q95,124176743423.99985,8276,4.050370761759259,115448389632.0,178617548800.0,115652423876.00868,143646126417.47205,0.0,49.378195667482785,/Users/fgtek002/TimeTrack/results/final/packs/01_memory_classical/metrics/predictions/base__memory_um__f0__h1__lightgbm__s0.npz,668,200,161,7247,829,868,0.7695852534562212,True,0.8057901085645356,True,0.7872716558632883,True,0.9731435477373439,0.026856452262656105,6676136397.555526,1562891308.2397628,6676136397.555526,-5923138445.368143,-55439969351.097534,11261648345.57135,0.9591790324591307,
memory_um,memory_bytes,lightgbm,1,0,wls,q90,117325735526.4,8276,4.050370761759259,115448389632.0,178617548800.0,115673199107.1758,140209008134.28268,0.0,23.701533920391736,/Users/fgtek002/TimeTrack/results/final/packs/01_memory_classical/metrics/predictions/base__memory_um__f0__h1__lightgbm__s0.npz,6581,96,75,1524,6656,6677,0.9856222854575408,True,0.9887319711538461,True,0.9871746793669841,True,0.9407407407407408,0.05925925925925926,2249916188.129945,303161985.109872,2249916188.129945,-1766278509.2270339,-56119306179.301056,9170394901.067856,0.9864456822148525,
memory_um,memory_bytes,lightgbm,1,0,wls,q95,124176743423.99985,8276,4.050370761759259,115448389632.0,178617548800.0,115673199107.1758,140209008134.28268,0.0,32.34271816220122,/Users/fgtek002/TimeTrack/results/final/packs/01_memory_classical/metrics/predictions/base__memory_um__f0__h1__lightgbm__s0.npz,673,131,156,7316,829,804,0.8370646766169154,True,0.8118214716525934,True,0.8242498469075321,True,0.9824090237679602,0.017590976232039746,7004991154.270321,1297089686.743764,7004991154.270321,-6512641216.313916,-56119306179.301056,7592374349.446655,0.9549497847262883,
memory_um,memory_bytes,lightgbm,1,0,mint,q90,117325735526.4,8276,4.050370761759259,115448389632.0,178617548800.0,115680667127.74443,139446882037.91406,0.0,23.701533920391736,/Users/fgtek002/TimeTrack/results/final/packs/01_memory_classical/metrics/predictions/base__memory_um__f0__h1__lightgbm__s0.npz,6570,96,86,1524,6656,6666,0.9855985598559855,True,0.9870793269230769,True,0.986338387629485,True,0.9407407407407408,0.05925925925925926,2204120913.209126,307624696.1140006,2204120913.209126,-1739872664.2330503,-56650064410.9635,8449879121.616211,0.986699833651203,
memory_um,memory_bytes,lightgbm,1,0,mint,q95,124176743423.99985,8276,4.050370761759259,115448389632.0,178617548800.0,115680667127.74443,139446882037.91406,0.0,30.86137229217674,/Users/fgtek002/TimeTrack/results/final/packs/01_memory_classical/metrics/predictions/base__memory_um__f0__h1__lightgbm__s0.npz,663,125,166,7322,829,788,0.8413705583756346,True,0.7997587454764777,True,0.8200371057513915,True,0.98321471733584,0.016785282664160066,7195861546.409891,1235881775.7554483,7195861546.409891,-6724548309.482792,-56650064410.9635,7676957357.439453,0.9534295075748733,
memory_um,memory_bytes,lightgbm,1,1,independent,q90,121059018342.4,8276,4.050370761759259,115408904192.0,176082169856.0,117223233117.0097,139149303033.0507,732754784.1564883,331.5745839071469,/Users/fgtek002/TimeTrack/results/final/packs/01_memory_classical/metrics/predictions/base__memory_um__f1__h1__lightgbm__s0.npz,2367,1343,84,4482,2451,3710,0.6380053908355795,True,0.9657282741738066,True,0.7683817562084077,True,0.7694420600858369,0.2305579399141631,2274505150.412904,964655218.8748434,2274505150.412904,131131794.79092343,-55378051990.88394,12397439278.876205,1.0023760028342021,
memory_um,memory_bytes,lightgbm,1,1,independent,q95,127221156659.19992,8276,4.050370761759259,115408904192.0,176082169856.0,117223233117.0097,139149303033.0507,732754784.1564883,23.454642942054324,/Users/fgtek002/TimeTrack/results/final/packs/01_memory_classical/metrics/predictions/base__memory_um__f1__h1__lightgbm__s0.npz,288,95,110,7783,398,383,0.7519582245430809,True,0.7236180904522613,True,0.7375160051216388,True,0.987941101802488,0.012058898197512059,6680433312.154002,1083411565.799784,6680433312.154002,-5663852065.39636,-55378051990.88394,8343544698.259918,0.9614973464712651,
memory_um,memory_bytes,lightgbm,1,1,bottom_up,q90,121059018342.4,8276,4.050370761759259,115408904192.0,176082169856.0,117333240248.18294,143320093018.60992,0.0,367.3737757660719,/Users/fgtek002/TimeTrack/results/final/packs/01_memory_classical/metrics/predictions/base__memory_um__f1__h1__lightgbm__s0.npz,2423,1488,28,4337,2451,3911,0.6195346458706213,True,0.9885760913912689,True,0.7617101540396102,True,0.744549356223176,0.255450643776824,1851810761.6912425,920478561.8067752,1851810761.6912425,91891143.10277468,-53757874870.80864,9224156482.87181,1.0018897588007947,
memory_um,memory_bytes,lightgbm,1,1,bottom_up,q95,127221156659.19992,8276,4.050370761759259,115408904192.0,176082169856.0,117333240248.18294,143320093018.60992,0.0,20.24506022366794,/Users/fgtek002/TimeTrack/results/final/packs/01_memory_classical/metrics/predictions/base__memory_um__f1__h1__lightgbm__s0.npz,305,82,93,7796,398,387,0.7881136950904393,True,0.7663316582914573,True,0.7770700636942677,True,0.9895912668189896,0.010408733181010408,5664678192.948052,970555201.6547825,5664678192.948052,-4648368487.351189,-53757874870.80864,9008002677.47351,0.9688513418401211,
memory_um,memory_bytes,lightgbm,1,1,wls,q90,121059018342.4,8276,4.050370761759259,115408904192.0,176082169856.0,117511040990.2113,141572852366.75882,0.0,361.94217424264883,/Users/fgtek002/TimeTrack/results/final/packs/01_memory_classical/metrics/predictions/base__memory_um__f1__h1__lightgbm__s0.npz,2425,1466,26,4359,2451,3891,0.6232331020303264,True,0.9893920848633211,True,0.7647429832860296,True,0.7483261802575107,0.25167381974248926,1931584262.807737,923241658.8139445,1931584262.807737,104403377.00038777,-54274482879.38403,9494577838.699463,1.0020448020735093,
memory_um,memory_bytes,lightgbm,1,1,wls,q95,127221156659.19992,8276,4.050370761759259,115408904192.0,176082169856.0,117511040990.2113,141572852366.75882,0.0,17.282368483618974,/Users/fgtek002/TimeTrack/results/final/packs/01_memory_classical/metrics/predictions/base__memory_um__f1__h1__lightgbm__s0.npz,305,70,93,7808,398,375,0.8133333333333334,True,0.7663316582914573,True,0.7891332470892626,True,0.9911144960649911,0.008885503935008886,5813588842.286524,989894304.582756,5813588842.286524,-4972164535.595899,-54274482879.38403,8701243878.933441,0.9665064544478357,
memory_um,memory_bytes,lightgbm,1,1,mint,q90,121059018342.4,8276,4.050370761759259,115408904192.0,176082169856.0,117503917561.49402,141642854011.0308,0.0,361.44839228597397,/Users/fgtek002/TimeTrack/results/final/packs/01_memory_classical/metrics/predictions/base__memory_um__f1__h1__lightgbm__s0.npz,2425,1464,26,4361,2451,3889,0.6235536127539213,True,0.9893920848633211,True,0.7649842271293374,True,0.7486695278969957,0.2513304721030043,1927127716.53428,923034854.3463274,1927127716.53428,103902085.49600849,-54253785438.51149,9440134666.72705,1.0020385904027844,
memory_um,memory_bytes,lightgbm,1,1,mint,q95,127221156659.19992,8276,4.050370761759259,115408904192.0,176082169856.0,117503917561.49402,141642854011.0308,0.0,17.282368483618974,/Users/fgtek002/TimeTrack/results/final/packs/01_memory_classical/metrics/predictions/base__memory_um__f1__h1__lightgbm__s0.npz,305,70,93,7808,398,375,0.8133333333333334,True,0.7663316582914573,True,0.7891332470892626,True,0.9911144960649911,0.008885503935008886,5803132592.277579,988883128.7213001,5803132592.277579,-4959191934.59575,-54253785438.51149,8713533897.662445,0.9666004002779247,
memory_um,memory_bytes,lightgbm,1,2,independent,q90,122230747955.2,8279,4.051838996689814,117320785920.0,179990249472.0,118217862704.2891,140767649535.9817,763501987.9491076,151.28932825336736,/Users/fgtek002/TimeTrack/results/final/packs/01_memory_classical/metrics/predictions/base__memory_um__f2__h1__lightgbm__s0.npz,553,613,135,6978,688,1166,0.47427101200686106,True,0.8037790697674418,True,0.5965480043149947,True,0.9192464760901067,0.0807535239098933,5330090862.71349,894786560.7178582,5330090862.71349,-3840397906.204904,-59304574078.66441,16985089116.279633,0.973972287884766,
memory_um,memory_bytes,lightgbm,1,2,independent,q95,129465074073.59999,8279,4.051838996689814,117320785920.0,179990249472.0,118217862704.2891,140767649535.9817,763501987.9491076,20.731327199482642,/Users/fgtek002/TimeTrack/results/final/packs/01_memory_classical/metrics/predictions/base__memory_um__f2__h1__lightgbm__s0.npz,218,84,127,7850,345,302,0.7218543046357616,True,0.6318840579710145,True,0.6738794435857806,True,0.98941265439879,0.010587345601209983,8125805107.911337,964964019.8798503,8125805107.911337,-7417427581.306018,-59304574078.66441,6571374883.411346,0.949859753426276,
memory_um,memory_bytes,lightgbm,1,2,bottom_up,q90,122230747955.2,8279,4.051838996689814,117320785920.0,179990249472.0,117913470022.79836,142956537805.00916,0.0,141.1704661679056,/Users/fgtek002/TimeTrack/results/final/packs/01_memory_classical/metrics/predictions/base__memory_um__f2__h1__lightgbm__s0.npz,589,572,99,7019,688,1161,0.5073212747631353,True,0.8561046511627907,True,0.6371011357490535,True,0.9246476090106706,0.07535239098932947,4969616356.392653,829616353.9758292,4969616356.392653,-3876106484.987325,-58249303535.67558,9193778446.538315,0.9736145926668299,
memory_um,memory_bytes,lightgbm,1,2,bottom_up,q95,129465074073.59999,8279,4.051838996689814,117320785920.0,179990249472.0,117913470022.79836,142956537805.00916,0.0,5.429633314150215,/Users/fgtek002/TimeTrack/results/final/packs/01_memory_classical/metrics/predictions/base__memory_um__f2__h1__lightgbm__s0.npz,199,22,146,7912,345,221,0.9004524886877828,True,0.5768115942028985,True,0.7031802120141343,True,0.9972271237711117,0.0027728762288883285,8015954996.130183,876129231.4801805,8015954996.130183,-7347559021.30657,-58249303535.67558,8067087791.153137,0.9502608600336541,
memory_um,memory_bytes,lightgbm,1,2,wls,q90,122230747955.2,8279,4.051838996689814,117320785920.0,179990249472.0,118242276920.49268,141405084923.28662,0.0,142.89807676786248,/Users/fgtek002/TimeTrack/results/final/packs/01_memory_classical/metrics/predictions/base__memory_um__f2__h1__lightgbm__s0.npz,592,579,96,7012,688,1171,0.5055508112724167,True,0.8604651162790697,True,0.6369015599784831,True,0.9237254643656962,0.07627453563430378,4923462560.533691,827420978.4044398,4923462560.533691,-3865237109.556729,-58570518552.45894,8569374016.528473,0.9737234719263146,
memory_um,memory_bytes,lightgbm,1,2,wls,q95,129465074073.59999,8279,4.051838996689814,117320785920.0,179990249472.0,118242276920.49268,141405084923.28662,0.0,6.416839371268436,/Users/fgtek002/TimeTrack/results/final/packs/01_memory_classical/metrics/predictions/base__memory_um__f2__h1__lightgbm__s0.npz,205,26,140,7908,345,231,0.8874458874458875,True,0.5942028985507246,True,0.7118055555555556,True,0.9967229644567683,0.0032770355432316612,7930139162.472015,873758114.1495384,7930139162.472015,-7368826392.825953,-58570518552.45894,7502685005.181488,0.9501387667310291,
memory_um,memory_bytes,lightgbm,1,2,mint,q90,122230747955.2,8279,4.051838996689814,117320785920.0,179990249472.0,118087506049.90594,141875265957.55667,0.0,138.45564951083048,/Users/fgtek002/TimeTrack/results/final/packs/01_memory_classical/metrics/predictions/base__memory_um__f2__h1__lightgbm__s0.npz,592,561,96,7030,688,1153,0.5134431916738942,True,0.8604651162790697,True,0.6431287343834872,True,0.926096693452773,0.07390330654722697,4928300156.071485,825524087.6238847,4928300156.071485,-3870353372.858714,-58419321213.80449,8467132977.284622,0.9736722219749256,
memory_um,memory_bytes,lightgbm,1,2,mint,q95,129465074073.59999,8279,4.051838996689814,117320785920.0,179990249472.0,118087506049.90594,141875265957.55667,0.0,4.68922877131155,/Users/fgtek002/TimeTrack/results/final/packs/01_memory_classical/metrics/predictions/base__memory_um__f2__h1__lightgbm__s0.npz,205,19,140,7915,345,224,0.9151785714285714,True,0.5942028985507246,True,0.7205623901581723,True,0.9976052432568692,0.0023947567431308295,7962767621.595471,870943915.689394,7962767621.595471,-7358815746.2559595,-58419321213.80449,7768351909.539154,0.9501962365929498,
memory_um,memory_bytes,lightgbm,8,0,independent,q90,117325735526.4,8269,4.046944880254629,115448389632.0,178617548800.0,113759888626.62338,139835333672.51343,1792691829.1344185,30.393297571243664,/Users/fgtek002/TimeTrack/results/final/packs/01_memory_classical/metrics/predictions/base__memory_um__f0__h8__lightgbm__s0.npz,6466,123,183,1497,6649,6589,0.9813325239034755,True,0.9724770642201835,True,0.9768847257893942,True,0.924074074074074,0.07592592592592592,1809325520.5526824,364795896.3694289,1809325520.5526824,-785975886.2838631,-57729998665.11989,13548766065.283173,0.9947084757832148,
memory_um,memory_bytes,lightgbm,8,0,independent,q95,124176743423.99985,8269,4.046944880254629,115448389632.0,178617548800.0,113759888626.62338,139835333672.51343,1792691829.1344185,49.914196011310736,/Users/fgtek002/TimeTrack/results/final/packs/01_memory_classical/metrics/predictions/base__memory_um__f0__h8__lightgbm__s0.npz,642,202,181,7244,823,844,0.7606635071090048,True,0.7800729040097205,True,0.7702459508098382,True,0.9728713403169487,0.027128659683051302,7848311292.804203,827560373.9316952,7848311292.804203,-7015176011.362425,-57729998665.11989,10048724008.513428,0.9515366174473724,
memory_um,memory_bytes,lightgbm,8,0,bottom_up,q90,117325735526.4,8269,4.046944880254629,115448389632.0,178617548800.0,115414457815.64474,145298633216.96387,0.0,24.709998025401354,/Users/fgtek002/TimeTrack/results/final/packs/01_memory_classical/metrics/predictions/base__memory_um__f0__h8__lightgbm__s0.npz,6480,100,169,1520,6649,6580,0.9848024316109423,True,0.9745826440066175,True,0.9796658855544637,True,0.9382716049382716,0.06172839506172839,2419303777.3977733,324298714.40714693,2419303777.3977733,-1795633239.5862265,-56789070222.77959,10514183217.21904,0.9861144632594538,
memory_um,memory_bytes,lightgbm,8,0,bottom_up,q95,124176743423.99985,8269,4.046944880254629,115448389632.0,178617548800.0,115414457815.64474,145298633216.96387,0.0,47.19609622851659,/Users/fgtek002/TimeTrack/results/final/packs/01_memory_classical/metrics/predictions/base__memory_um__f0__h8__lightgbm__s0.npz,669,191,154,7255,823,860,0.7779069767441861,True,0.8128797083839611,True,0.7950089126559715,True,0.9743486435670159,0.025651356432984152,6775570950.495005,1482006425.0604327,6775570950.495005,-6028760363.339138,-56789070222.77959,9977851658.577393,0.9584082650651907,
memory_um,memory_bytes,lightgbm,8,0,wls,q90,117325735526.4,8269,4.046944880254629,115448389632.0,178617548800.0,115655334864.39514,139765054947.84424,0.0,25.451297966163395,/Users/fgtek002/TimeTrack/results/final/packs/01_memory_classical/metrics/predictions/base__memory_um__f0__h8__lightgbm__s0.npz,6590,103,59,1517,6649,6693,0.9846107873898102,True,0.9911264851857422,True,0.9878578923699595,True,0.9364197530864198,0.06358024691358025,1933523553.3289921,313718344.9129082,1933523553.3289921,-1406647180.8149598,-57151577409.14647,8800686880.382584,0.9894254390570447,
memory_um,memory_bytes,lightgbm,8,0,wls,q95,124176743423.99985,8269,4.046944880254629,115448389632.0,178617548800.0,115655334864.39514,139765054947.84424,0.0,34.59399723556189,/Users/fgtek002/TimeTrack/results/final/packs/01_memory_classical/metrics/predictions/base__memory_um__f0__h8__lightgbm__s0.npz,670,140,153,7306,823,810,0.8271604938271605,True,0.8140947752126367,True,0.8205756276791182,True,0.981197958635509,0.018802041364491002,6931639033.899653,1028670816.5382708,6931639033.899653,-6408792196.859368,-57151577409.14647,7447371561.937073,0.9557608568973155,
memory_um,memory_bytes,lightgbm,8,0,mint,q90,117325735526.4,8269,4.046944880254629,115448389632.0,178617548800.0,115586499716.51083,141648502191.72595,0.0,26.43969788717945,/Users/fgtek002/TimeTrack/results/final/packs/01_memory_classical/metrics/predictions/base__memory_um__f0__h8__lightgbm__s0.npz,6587,107,62,1513,6649,6694,0.9840155363011652,True,0.9906752895172206,True,0.9873341827175297,True,0.9339506172839506,0.06604938271604938,2110911915.433347,312460792.58786416,2110911915.433347,-1566576040.208195,-57002535150.65944,9414867400.980606,0.9880641548391952,
memory_um,memory_bytes,lightgbm,8,0,mint,q95,124176743423.99985,8269,4.046944880254629,115448389632.0,178617548800.0,115586499716.51083,141648502191.72595,0.0,37.06499703810203,/Users/fgtek002/TimeTrack/results/final/packs/01_memory_classical/metrics/predictions/base__memory_um__f0__h8__lightgbm__s0.npz,672,150,151,7296,823,822,0.8175182481751825,True,0.8165249088699879,True,0.8170212765957447,True,0.9798549556809025,0.020145044319097503,6830922399.306185,1197930523.110351,6830922399.306185,-6252544803.986283,-57002535150.65944,7662276407.115814,0.9568493199880016,
memory_um,memory_bytes,lightgbm,8,1,independent,q90,121059018342.4,8269,4.046944880254629,115408904192.0,176082169856.0,117271062418.20366,139558294633.95844,799168503.5116102,310.357575199041,/Users/fgtek002/TimeTrack/results/final/packs/01_memory_classical/metrics/predictions/base__memory_um__f1__h8__lightgbm__s0.npz,2346,1256,105,4562,2451,3602,0.6513048306496391,True,0.9571603427172583,True,0.7751528167850652,True,0.784118253695428,0.21588174630457202,2279532047.8114443,957314480.702199,2279532047.8114443,84004211.67208166,-55373714062.19324,10670810261.784622,1.0020122361039498,
memory_um,memory_bytes,lightgbm,8,1,independent,q95,127221156659.19992,8269,4.046944880254629,115408904192.0,176082169856.0,117271062418.20366,139558294633.95844,799168503.5116102,21.497698282099176,/Users/fgtek002/TimeTrack/results/final/packs/01_memory_classical/metrics/predictions/base__memory_um__f1__h8__lightgbm__s0.npz,285,87,113,7784,398,372,0.7661290322580645,True,0.7160804020100503,True,0.7402597402597403,True,0.9889467666116123,0.011053233388387753,6731210373.846321,1077088930.1385348,6731210373.846321,-5813016107.733188,-55373714062.19324,8278848491.125397,0.9604066465737227,
memory_um,memory_bytes,lightgbm,8,1,bottom_up,q90,121059018342.4,8269,4.046944880254629,115408904192.0,176082169856.0,117391040615.23232,142611246617.31683,0.0,400.3019680115019,/Users/fgtek002/TimeTrack/results/final/packs/01_memory_classical/metrics/predictions/base__memory_um__f1__h8__lightgbm__s0.npz,2419,1620,32,4198,2451,4039,0.5989106214409508,True,0.9869441044471644,True,0.7454545454545454,True,0.7215537985562048,0.2784462014437951,1972144599.7687721,1074421568.226588,1972144599.7687721,247308768.07734397,-54250456854.18936,10033384610.786407,1.0031519133745683,
memory_um,memory_bytes,lightgbm,8,1,bottom_up,q95,127221156659.19992,8269,4.046944880254629,115408904192.0,176082169856.0,117391040615.23232,142611246617.31683,0.0,27.18099782794149,/Users/fgtek002/TimeTrack/results/final/packs/01_memory_classical/metrics/predictions/base__memory_um__f1__h8__lightgbm__s0.npz,316,110,82,7761,398,426,0.7417840375586855,True,0.7939698492462312,True,0.7669902912621359,True,0.9860246474399695,0.013975352560030492,5582430598.104686,1126020038.10569,5582430598.104686,-4530372550.737811,-54250456854.18936,10033384610.786407,0.9697408462472076,
memory_um,memory_bytes,lightgbm,8,1,wls,q90,121059018342.4,8269,4.046944880254629,115408904192.0,176082169856.0,117572181338.30333,141301781361.7678,0.0,369.1673704994962,/Users/fgtek002/TimeTrack/results/final/packs/01_memory_classical/metrics/predictions/base__memory_um__f1__h8__lightgbm__s0.npz,2419,1494,32,4324,2451,3913,0.6181957577306415,True,0.9869441044471644,True,0.7602137020741673,True,0.7432107253351667,0.25678927466483326,2009381694.9705892,1024087306.3923169,2009381694.9705892,195287203.2755319,-54608276615.94946,9276195347.628143,1.0027888629103134,
memory_um,memory_bytes,lightgbm,8,1,wls,q95,127221156659.19992,8269,4.046944880254629,115408904192.0,176082169856.0,117572181338.30333,141301781361.7678,0.0,19.520898440067068,/Users/fgtek002/TimeTrack/results/final/packs/01_memory_classical/metrics/predictions/base__memory_um__f1__h8__lightgbm__s0.npz,310,79,88,7792,398,389,0.7969151670951157,True,0.7788944723618091,True,0.7878017789072427,True,0.9899631558887054,0.010036844111294626,5762558162.377481,1091301783.0437272,5762558162.377481,-4938965710.606243,-54608276615.94946,9276195347.628143,0.9667673856012958,
memory_um,memory_bytes,lightgbm,8,1,mint,q90,121059018342.4,8269,4.046944880254629,115408904192.0,176082169856.0,117570107256.48529,141336837590.5177,0.0,370.4028704007663,/Users/fgtek002/TimeTrack/results/final/packs/01_memory_classical/metrics/predictions/base__memory_um__f1__h8__lightgbm__s0.npz,2419,1499,32,4319,2451,3918,0.6174068402246043,True,0.9869441044471644,True,0.7596168943319201,True,0.7423513234788587,0.25764867652114126,2006634502.344571,1026025332.947985,2006634502.344571,197412880.67559746,-54593655576.37494,9307135209.907135,1.002803697684589,
memory_um,memory_bytes,lightgbm,8,1,mint,q95,127221156659.19992,8269,4.046944880254629,115408904192.0,176082169856.0,117570107256.48529,141336837590.5177,0.0,19.520898440067068,/Users/fgtek002/TimeTrack/results/final/packs/01_memory_classical/metrics/predictions/base__memory_um__f1__h8__lightgbm__s0.npz,310,79,88,7792,398,389,0.7969151670951157,True,0.7788944723618091,True,0.7878017789072427,True,0.9899631558887054,0.010036844111294626,5751325234.411751,1092446843.9895875,5751325234.411751,-4922269995.629324,-54593655576.37494,9307135209.907135,0.9668888855585122,
memory_um,memory_bytes,lightgbm,8,2,independent,q90,122230747955.2,8272,4.048413115185185,117320785920.0,179990249472.0,118360544952.06885,140625304194.99768,767941323.936843,150.67632246125083,/Users/fgtek002/TimeTrack/results/final/packs/01_memory_classical/metrics/predictions/base__memory_um__f2__h8__lightgbm__s0.npz,552,610,136,6974,688,1162,0.4750430292598967,True,0.8023255813953488,True,0.5967567567567568,True,0.9195675105485233,0.0804324894514768,5314791249.641262,894662962.8569815,5314791249.641262,-3919401140.9289613,-59094271547.941376,15638063018.575806,0.97336455977979,
memory_um,memory_bytes,lightgbm,8,2,independent,q95,129465074073.59999,8272,4.048413115185185,117320785920.0,179990249472.0,118360544952.06885,140625304194.99768,767941323.936843,17.29072552834026,/Users/fgtek002/TimeTrack/results/final/packs/01_memory_classical/metrics/predictions/base__memory_um__f2__h8__lightgbm__s0.npz,214,70,131,7857,345,284,0.7535211267605634,True,0.6202898550724638,True,0.6804451510333864,True,0.9911694209663177,0.008830579033682352,8164703672.618077,961886908.4152012,8164703672.618077,-7505133003.52961,-59094271547.941376,6139338938.054504,0.9492007072966793,
memory_um,memory_bytes,lightgbm,8,2,bottom_up,q90,122230747955.2,8272,4.048413115185185,117320785920.0,179990249472.0,117959495654.35631,143133866610.63608,0.0,140.0548767795561,/Users/fgtek002/TimeTrack/results/final/packs/01_memory_classical/metrics/predictions/base__memory_um__f2__h8__lightgbm__s0.npz,586,567,102,7017,688,1153,0.5082393755420642,True,0.8517441860465116,True,0.6366105377512222,True,0.9252373417721519,0.0747626582278481,4990206605.544215,820781583.2000816,4990206605.544215,-3894785542.278868,-58041301825.54248,9642294279.073166,0.9734796090104175,
memory_um,memory_bytes,lightgbm,8,2,bottom_up,q95,129465074073.59999,8272,4.048413115185185,117320785920.0,179990249472.0,117959495654.35631,143133866610.63608,0.0,6.669279846645529,/Users/fgtek002/TimeTrack/results/final/packs/01_memory_classical/metrics/predictions/base__memory_um__f2__h8__lightgbm__s0.npz,203,27,142,7900,345,230,0.8826086956521739,True,0.5884057971014492,True,0.7060869565217393,True,0.9965939195155796,0.0034060804844203356,8053071518.77424,867889491.3115587,8053071518.77424,-7375609421.01899,-58041301825.54248,7925344295.09787,0.9500573463976941,
memory_um,memory_bytes,lightgbm,8,2,wls,q90,122230747955.2,8272,4.048413115185185,117320785920.0,179990249472.0,118297034710.48917,140830299496.00623,0.0,143.2660115205336,/Users/fgtek002/TimeTrack/results/final/packs/01_memory_classical/metrics/predictions/base__memory_um__f2__h8__lightgbm__s0.npz,586,580,102,7004,688,1166,0.5025728987993139,True,0.8517441860465116,True,0.6321467098166127,True,0.9235232067510548,0.07647679324894514,4936228814.948718,820219695.1911783,4936228814.948718,-3902405350.8736997,-58367250744.050064,8542738200.606552,0.9734439952872825,
memory_um,memory_bytes,lightgbm,8,2,wls,q95,129465074073.59999,8272,4.048413115185185,117320785920.0,179990249472.0,118297034710.48917,140830299496.00623,0.0,5.434228023192653,/Users/fgtek002/TimeTrack/results/final/packs/01_memory_classical/metrics/predictions/base__memory_um__f2__h8__lightgbm__s0.npz,202,22,143,7905,345,224,0.9017857142857143,True,0.5855072463768116,True,0.7100175746924429,True,0.9972246751608427,0.0027753248391573105,7960912692.1123495,866678026.2691882,7960912692.1123495,-7415703709.322564,-58367250744.050064,7360213275.002563,0.9497921720223336,
memory_um,memory_bytes,lightgbm,8,2,mint,q90,122230747955.2,8272,4.048413115185185,117320785920.0,179990249472.0,118170434776.07976,141617498263.33847,0.0,138.81982495610325,/Users/fgtek002/TimeTrack/results/final/packs/01_memory_classical/metrics/predictions/base__memory_um__f2__h8__lightgbm__s0.npz,589,562,99,7022,688,1151,0.5117289313640313,True,0.8561046511627907,True,0.6405655247417075,True,0.9258966244725738,0.07410337552742616,4940639443.864089,817317645.647647,4940639443.864089,-3899547408.1611342,-58244997893.63916,7778429117.32782,0.9734573528382447,
memory_um,memory_bytes,lightgbm,8,2,mint,q95,129465074073.59999,8272,4.048413115185185,117320785920.0,179990249472.0,118170434776.07976,141617498263.33847,0.0,6.175259117264379,/Users/fgtek002/TimeTrack/results/final/packs/01_memory_classical/metrics/predictions/base__memory_um__f2__h8__lightgbm__s0.npz,204,25,141,7902,345,229,0.8908296943231441,True,0.591304347826087,True,0.7108013937282229,True,0.9968462217736849,0.0031537782263151254,7987945316.100697,863107837.506687,7987945316.100697,-7400665644.256631,-58244997893.63916,7572175561.506226,0.9498916303162838,
memory_um,memory_bytes,lightgbm,16,0,independent,q90,117325735526.4,8261,4.043029587106481,115448389632.0,178617548800.0,113991377764.02086,140000358869.65674,1522331834.1169596,32.154105528829064,/Users/fgtek002/TimeTrack/results/final/packs/01_memory_classical/metrics/predictions/base__memory_um__f0__h16__lightgbm__s0.npz,6438,130,203,1490,6641,6568,0.9802070645554202,True,0.9694323144104804,True,0.9747899159663865,True,0.9197530864197531,0.08024691358024691,2068293591.7134762,370099509.80626535,2068293591.7134762,-1521740842.7236986,-59258755475.21648,12369507967.764587,0.9886482780757467,
memory_um,memory_bytes,lightgbm,16,0,independent,q95,124176743423.99985,8261,4.043029587106481,115448389632.0,178617548800.0,113991377764.02086,140000358869.65674,1522331834.1169596,28.69135570264747,/Users/fgtek002/TimeTrack/results/final/packs/01_memory_classical/metrics/predictions/base__memory_um__f0__h16__lightgbm__s0.npz,597,116,223,7325,820,713,0.8373071528751753,True,0.7280487804878049,True,0.7788649706457926,True,0.9844106974868969,0.015589302513103077,8319414681.020613,1009700162.6150304,8319414681.020613,-7588519380.829063,-59258755475.21648,10213749205.656738,0.9472379556014983,
memory_um,memory_bytes,lightgbm,16,0,bottom_up,q90,117325735526.4,8261,4.043029587106481,115448389632.0,178617548800.0,115528874751.52269,145672107513.8585,0.0,19.29246331729744,/Users/fgtek002/TimeTrack/results/final/packs/01_memory_classical/metrics/predictions/base__memory_um__f0__h16__lightgbm__s0.npz,6237,78,404,1542,6641,6315,0.9876484560570071,True,0.9391657882848968,True,0.9627971596171658,True,0.9518518518518518,0.04814814814814815,2551974004.7161703,307772097.6433591,2551974004.7161703,-2071558704.8161252,-56340911694.07251,10587711644.190521,0.9838450978538116,
memory_um,memory_bytes,lightgbm,16,0,bottom_up,q95,124176743423.99985,8261,4.043029587106481,115448389632.0,178617548800.0,115528874751.52269,145672107513.8585,0.0,30.670069889036952,/Users/fgtek002/TimeTrack/results/final/packs/01_memory_classical/metrics/predictions/base__memory_um__f0__h16__lightgbm__s0.npz,651,124,169,7317,820,775,0.84,True,0.7939024390243903,True,0.8163009404388716,True,0.9833355731756485,0.016664426824351566,6976692966.195127,1575777708.8055806,6976692966.195127,-6279980891.968697,-56340911694.07251,10587711644.190521,0.9564895826900028,
memory_um,memory_bytes,lightgbm,16,0,wls,q90,117325735526.4,8261,4.043029587106481,115448389632.0,178617548800.0,115654409803.19078,140387426111.54865,0.0,25.22860587646588,/Users/fgtek002/TimeTrack/results/final/packs/01_memory_classical/metrics/predictions/base__memory_um__f0__h16__lightgbm__s0.npz,6570,102,71,1518,6641,6672,0.9847122302158273,True,0.9893088390302666,True,0.9870051829039286,True,0.937037037037037,0.06296296296296296,2215508025.671243,308913080.19987077,2215508025.671243,-1846357326.7269168,-57536039182.36473,8634116154.964096,0.9858124453697186,
memory_um,memory_bytes,lightgbm,16,0,wls,q95,124176743423.99985,8261,4.043029587106481,115448389632.0,178617548800.0,115654409803.19078,140387426111.54865,0.0,24.486588056569826,/Users/fgtek002/TimeTrack/results/final/packs/01_memory_classical/metrics/predictions/base__memory_um__f0__h16__lightgbm__s0.npz,649,99,171,7342,820,748,0.8676470588235294,True,0.7914634146341464,True,0.8278061224489797,True,0.9866953366483,0.01330466335170004,7269734571.229404,1243441155.7584205,7269734571.229404,-6815948693.816569,-57536039182.36473,7112874303.4216,0.9527001838482022,
memory_um,memory_bytes,lightgbm,16,0,mint,q90,117325735526.4,8261,4.043029587106481,115448389632.0,178617548800.0,115645262342.24225,141114302135.98337,0.0,23.2498916900764,/Users/fgtek002/TimeTrack/results/final/packs/01_memory_classical/metrics/predictions/base__memory_um__f0__h16__lightgbm__s0.npz,6573,94,68,1526,6641,6667,0.9859007049647518,True,0.9897605782261708,True,0.9878268710550046,True,0.9419753086419753,0.05802469135802469,2284473739.9357686,304114043.9360673,2284473739.9357686,-1904649681.2914941,-57226685856.39873,8982832548.531113,0.9853032063946987,
memory_um,memory_bytes,lightgbm,16,0,mint,q95,124176743423.99985,8261,4.043029587106481,115448389632.0,178617548800.0,115645262342.24225,141114302135.98337,0.0,25.475945149764566,/Users/fgtek002/TimeTrack/results/final/packs/01_memory_classical/metrics/predictions/base__memory_um__f0__h16__lightgbm__s0.npz,652,103,168,7338,820,755,0.8635761589403973,True,0.7951219512195122,True,0.827936507936508,True,0.9861577744926757,0.013842225507324285,7159343144.688175,1316112549.3140125,7159343144.688175,-6677215860.918891,-57226685856.39873,7171308793.851685,0.9536810525393689,
memory_um,memory_bytes,lightgbm,16,1,independent,q90,121059018342.4,8261,4.043029587106481,115408904192.0,176082169856.0,117415822967.39456,140032214404.38904,787283428.9104376,310.1634487165511,/Users/fgtek002/TimeTrack/results/final/packs/01_memory_classical/metrics/predictions/base__memory_um__f1__h16__lightgbm__s0.npz,2354,1254,97,4556,2451,3608,0.6524390243902439,True,0.9604243166054671,True,0.7770259118666446,True,0.7841652323580034,0.21583476764199655,2304206661.3901043,944793782.5596668,2304206661.3901043,172767159.5676649,-55357199399.35019,11280648897.833237,1.0027102662811294,
memory_um,memory_bytes,lightgbm,16,1,independent,q95,127221156659.19992,8261,4.043029587106481,115408904192.0,176082169856.0,117415822967.39456,140032214404.38904,787283428.9104376,23.497230963375085,/Users/fgtek002/TimeTrack/results/final/packs/01_memory_classical/metrics/predictions/base__memory_um__f1__h16__lightgbm__s0.npz,289,95,109,7768,398,384,0.7526041666666666,True,0.7261306532663316,True,0.7391304347826086,True,0.9879180974182882,0.012081902581711814,6607215460.878537,1081926828.2219448,6607215460.878537,-5611928669.352047,-55357199399.35019,8890094146.884552,0.9618806332471209,
memory_um,memory_bytes,lightgbm,16,1,bottom_up,q90,121059018342.4,8261,4.043029587106481,115408904192.0,176082169856.0,117387762849.30577,143234547395.97305,0.0,382.38651651976716,/Users/fgtek002/TimeTrack/results/final/packs/01_memory_classical/metrics/predictions/base__memory_um__f1__h16__lightgbm__s0.npz,2411,1546,40,4264,2451,3957,0.6092999747283295,True,0.9836801305589555,True,0.7524968789013733,True,0.7339070567986231,0.26609294320137694,2054365490.203627,1121516568.6379137,2054365490.203627,325933533.93606114,-52561583838.76483,10207874313.517303,1.0037878288473432,
memory_um,memory_bytes,lightgbm,16,1,bottom_up,q95,127221156659.19992,8261,4.043029587106481,115408904192.0,176082169856.0,117387762849.30577,143234547395.97305,0.0,24.981266603167196,/Users/fgtek002/TimeTrack/results/final/packs/01_memory_classical/metrics/predictions/base__memory_um__f1__h16__lightgbm__s0.npz,314,101,84,7762,398,415,0.7566265060240964,True,0.7889447236180904,True,0.7724477244772447,True,0.9871550298868117,0.01284497011318835,5615975795.658901,1184802583.4418325,5615975795.658901,-4483669717.226166,-52561583838.76483,10207874313.517303,0.9700468868703851,
memory_um,memory_bytes,lightgbm,16,1,wls,q90,121059018342.4,8261,4.043029587106481,115408904192.0,176082169856.0,117556699925.56538,141453383244.0894,0.0,361.6100175626776,/Users/fgtek002/TimeTrack/results/final/packs/01_memory_classical/metrics/predictions/base__memory_um__f1__h16__lightgbm__s0.npz,2422,1462,29,4348,2451,3884,0.6235839340885685,True,0.9881680946552428,True,0.7646408839779005,True,0.7483648881239243,0.25163511187607573,2071471563.2218475,1052749718.5716817,2071471563.2218475,276094933.9914636,-53452718610.95001,9481179893.235443,1.0034372022175861,
memory_um,memory_bytes,lightgbm,16,1,wls,q95,127221156659.19992,8261,4.043029587106481,115408904192.0,176082169856.0,117556699925.56538,141453383244.0894,0.0,18.3031062241027,/Users/fgtek002/TimeTrack/results/final/packs/01_memory_classical/metrics/predictions/base__memory_um__f1__h16__lightgbm__s0.npz,310,74,88,7789,398,384,0.8072916666666666,True,0.7788944723618091,True,0.7928388746803069,True,0.9905888337784561,0.00941116622154394,5736228431.791067,1133235883.3149402,5736228431.791067,-4850792376.347906,-53452718610.95001,9481179893.235443,0.9673896806150578,
memory_um,memory_bytes,lightgbm,16,1,mint,q90,121059018342.4,8261,4.043029587106481,115408904192.0,176082169856.0,117556355310.79413,141456970591.51862,0.0,361.6100175626776,/Users/fgtek002/TimeTrack/results/final/packs/01_memory_classical/metrics/predictions/base__memory_um__f1__h16__lightgbm__s0.npz,2422,1462,29,4348,2451,3884,0.6235839340885685,True,0.9881680946552428,True,0.7646408839779005,True,0.7483648881239243,0.25163511187607573,2071358840.5498545,1052884599.5630462,2071358840.5498545,276196599.40630966,-53450844765.09503,9482662275.859802,1.0034379174581354,
memory_um,memory_bytes,lightgbm,16,1,mint,q95,127221156659.19992,8261,4.043029587106481,115408904192.0,176082169856.0,117556355310.79413,141456970591.51862,0.0,18.550445497401384,/Users/fgtek002/TimeTrack/results/final/packs/01_memory_classical/metrics/predictions/base__memory_um__f1__h16__lightgbm__s0.npz,310,75,88,7788,398,385,0.8051948051948052,True,0.7788944723618091,True,0.7918263090676885,True,0.9904616558565433,0.009538344143456695,5735705233.399176,1133326892.8851738,5735705233.399176,-4850043483.63943,-53450844765.09503,9482662275.859802,0.9673951010442372,
memory_um,memory_bytes,lightgbm,16,2,independent,q90,122230747955.2,8264,4.0444978220370364,117320785920.0,179990249472.0,118409478688.19934,140952901481.13895,780548531.5914713,156.2616739602271,/Users/fgtek002/TimeTrack/results/final/packs/01_memory_classical/metrics/predictions/base__memory_um__f2__h16__lightgbm__s0.npz,552,632,136,6944,688,1184,0.46621621621621623,True,0.8023255813953488,True,0.5897435897435898,True,0.9165786694825766,0.08342133051742344,5321612739.997976,898067854.3524743,5321612739.997976,-3903862025.4738445,-59401231661.61072,16303055336.661743,0.9734755540223947,
memory_um,memory_bytes,lightgbm,16,2,independent,q95,129465074073.59999,8264,4.0444978220370364,117320785920.0,179990249472.0,118409478688.19934,140952901481.13895,780548531.5914713,19.03821027679982,/Users/fgtek002/TimeTrack/results/final/packs/01_memory_classical/metrics/predictions/base__memory_um__f2__h16__lightgbm__s0.npz,213,77,132,7842,345,290,0.7344827586206897,True,0.6173913043478261,True,0.6708661417322834,True,0.9902765500694533,0.009723449930546786,8167019087.336637,965704008.6578879,8167019087.336637,-7455463646.157349,-59401231661.61072,7105225506.746796,0.949575549050254,
memory_um,memory_bytes,lightgbm,16,2,bottom_up,q90,122230747955.2,8264,4.0444978220370364,117320785920.0,179990249472.0,117807102291.82674,142475169705.44992,0.0,143.15745130217007,/Users/fgtek002/TimeTrack/results/final/packs/01_memory_classical/metrics/predictions/base__memory_um__f2__h16__lightgbm__s0.npz,589,579,99,6997,688,1168,0.5042808219178082,True,0.8561046511627907,True,0.634698275862069,True,0.9235744456177403,0.07642555438225977,5008545271.4531975,778442019.4158161,5008545271.4531975,-3948295136.7808595,-58140715138.3513,9578477441.118164,0.9730783414029637,
memory_um,memory_bytes,lightgbm,16,2,bottom_up,q95,129465074073.59999,8264,4.0444978220370364,117320785920.0,179990249472.0,117807102291.82674,142475169705.44992,0.0,7.664734007542785,/Users/fgtek002/TimeTrack/results/final/packs/01_memory_classical/metrics/predictions/base__memory_um__f2__h16__lightgbm__s0.npz,203,31,142,7888,345,234,0.8675213675213675,True,0.5884057971014492,True,0.7012089810017271,True,0.996085364313676,0.003914635686324031,8061900951.105498,828639987.0845593,8061900951.105498,-7435458243.139178,-58140715138.3513,7393290734.194244,0.9496299447100285,
memory_um,memory_bytes,lightgbm,16,2,wls,q90,122230747955.2,8264,4.0444978220370364,117320785920.0,179990249472.0,118145885435.6499,140495231602.276,0.0,140.93220594514153,/Users/fgtek002/TimeTrack/results/final/packs/01_memory_classical/metrics/predictions/base__memory_um__f2__h16__lightgbm__s0.npz,588,570,100,7006,688,1158,0.5077720207253886,True,0.8546511627906976,True,0.6370530877573132,True,0.9247624076029567,0.07523759239704329,4959147281.635985,787779906.3611411,4959147281.635985,-3934830269.269572,-58522698021.986404,8813850905.672485,0.9731987114409223,
memory_um,memory_bytes,lightgbm,16,2,wls,q95,129465074073.59999,8264,4.0444978220370364,117320785920.0,179990249472.0,118145885435.6499,140495231602.276,0.0,7.1702350393142185,/Users/fgtek002/TimeTrack/results/final/packs/01_memory_classical/metrics/predictions/base__memory_um__f2__h16__lightgbm__s0.npz,203,29,142,7890,345,232,0.875,True,0.5884057971014492,True,0.7036395147313691,True,0.9963379214547291,0.0036620785452708676,7978337684.5193,836922262.8107594,7978337684.5193,-7441520616.298428,-58522698021.986404,6798886765.492554,0.9496134608237599,
memory_um,memory_bytes,lightgbm,16,2,mint,q90,122230747955.2,8264,4.0444978220370364,117320785920.0,179990249472.0,118030311142.62454,141359639493.8854,0.0,139.9432080086844,/Users/fgtek002/TimeTrack/results/final/packs/01_memory_classical/metrics/predictions/base__memory_um__f2__h16__lightgbm__s0.npz,588,566,100,7010,688,1154,0.5095320623916811,True,0.8546511627906976,True,0.6384364820846906,True,0.9252903907074974,0.07470960929250264,4966652396.949639,779525934.1677678,4966652396.949639,-3940909485.1483793,-58350237630.006226,8187462432.548386,0.9731443659049013,
memory_um,memory_bytes,lightgbm,16,2,mint,q95,129465074073.59999,8264,4.0444978220370364,117320785920.0,179990249472.0,118030311142.62454,141359639493.8854,0.0,6.181237102857085,/Users/fgtek002/TimeTrack/results/final/packs/01_memory_classical/metrics/predictions/base__memory_um__f2__h16__lightgbm__s0.npz,204,25,141,7894,345,229,0.8908296943231441,True,0.591304347826087,True,0.7108013937282229,True,0.9968430357368354,0.003156964263164541,8010456800.50625,828278536.454313,8010456800.50625,-7438783532.471977,-58350237630.006226,7067252563.733856,0.94962090308631,
memory_um,memory_bytes,dlinear,1,0,independent,q90,117325735526.4,8276,4.050370761759259,115448389632.0,178617548800.0,115416365342.88495,150297250671.9935,405896187.47104925,11.850766960195868,/Users/fgtek002/TimeTrack/results/final/packs/02_memory_dlinear/metrics/predictions/base__memory_um__f0__h1__dlinear__s0.npz,6570,48,86,1572,6656,6618,0.9927470534904805,True,0.9870793269230769,True,0.9899050775952991,True,0.9703703703703703,0.02962962962962963,1534965274.5263774,278264600.6187566,1534965274.5263774,-705510164.1569304,-57621713937.483826,12550679407.9935,0.9951833946854095,
memory_um,memory_bytes,dlinear,1,0,independent,q95,124176743423.99985,8276,4.050370761759259,115448389632.0,178617548800.0,115416365342.88495,150297250671.9935,405896187.47104925,63.944763389390204,/Users/fgtek002/TimeTrack/results/final/packs/02_memory_dlinear/metrics/predictions/base__memory_um__f0__h1__dlinear__s0.npz,648,259,181,7188,829,907,0.7144432194046306,True,0.781664656212304,True,0.7465437788018433,True,0.9652208943198604,0.03477910568013965,6825030817.6213,672695981.2598222,6825030817.6213,-5661300499.94924,-57621713937.483826,12550679407.9935,0.9614200297082773,
memory_um,memory_bytes,dlinear,1,0,bottom_up,q90,117325735526.4,8276,4.050370761759259,115448389632.0,178617548800.0,114835397285.97202,146997344004.47705,0.0,16.047913591931906,/Users/fgtek002/TimeTrack/results/final/packs/02_memory_dlinear/metrics/predictions/base__memory_um__f0__h1__dlinear__s0.npz,6583,65,73,1555,6656,6648,0.990222623345367,True,0.9890324519230769,True,0.9896271797955501,True,0.9598765432098766,0.040123456790123455,1541587269.7673945,279758651.2090228,1541587269.7673945,-816437467.9946747,-57425139188.13934,9904278044.503052,0.9943287703484702,
memory_um,memory_bytes,dlinear,1,0,bottom_up,q95,124176743423.99985,8276,4.050370761759259,115448389632.0,178617548800.0,114835397285.97202,146997344004.47705,0.0,53.57534229921882,/Users/fgtek002/TimeTrack/results/final/packs/02_memory_dlinear/metrics/predictions/base__memory_um__f0__h1__dlinear__s0.npz,644,217,185,7230,829,861,0.7479674796747967,True,0.7768395657418576,True,0.7621301775147928,True,0.9708607492950181,0.029139250704981873,7022181911.383728,656992759.2310038,7022181911.383728,-6212140701.85925,-57425139188.13934,9250772740.47705,0.957351915830149,
memory_um,memory_bytes,dlinear,1,0,wls,q90,117325735526.4,8276,4.050370761759259,115448389632.0,178617548800.0,115316271901.44128,148075815413.2084,0.0,13.82589478689518,/Users/fgtek002/TimeTrack/results/final/packs/02_memory_dlinear/metrics/predictions/base__memory_um__f0__h1__dlinear__s0.npz,6582,56,74,1564,6656,6638,0.991563724013257,True,0.9888822115384616,True,0.9902211523995788,True,0.9654320987654321,0.0345679012345679,1516096226.7352087,272270902.22089744,1516096226.7352087,-780184343.9880983,-57489383504.18092,10329244149.208405,0.9946080776154282,
memory_um,memory_bytes,dlinear,1,0,wls,q95,124176743423.99985,8276,4.050370761759259,115448389632.0,178617548800.0,115316271901.44128,148075815413.2084,0.0,53.57534229921882,/Users/fgtek002/TimeTrack/results/final/packs/02_memory_dlinear/metrics/predictions/base__memory_um__f0__h1__dlinear__s0.npz,653,217,176,7230,829,870,0.7505747126436781,True,0.7876960193003619,True,0.7686874632136551,True,0.9708607492950181,0.029139250704981873,6916278124.35058,644369649.7463101,6916278124.35058,-6032115789.524695,-57489383504.18092,10329244149.208405,0.9586814517676814,
memory_um,memory_bytes,dlinear,1,0,mint,q90,117325735526.4,8276,4.050370761759259,115448389632.0,178617548800.0,115246238221.98041,147912986136.98734,0.0,14.072785765232593,/Users/fgtek002/TimeTrack/results/final/packs/02_memory_dlinear/metrics/predictions/base__memory_um__f0__h1__dlinear__s0.npz,6584,57,72,1563,6656,6641,0.9914169552778196,True,0.9891826923076923,True,0.9902985635857712,True,0.9648148148148148,0.03518518518518519,1518414076.7014658,273116593.2847835,1518414076.7014658,-785657896.3195338,-57479683798.03145,10166414872.987335,0.9945659073754899,
memory_um,memory_bytes,dlinear,1,0,mint,q95,124176743423.99985,8276,4.050370761759259,115448389632.0,178617548800.0,115246238221.98041,147912986136.98734,0.0,54.56290621256848,/Users/fgtek002/TimeTrack/results/final/packs/02_memory_dlinear/metrics/predictions/base__memory_um__f0__h1__dlinear__s0.npz,653,221,176,7226,829,874,0.7471395881006865,True,0.7876960193003619,True,0.7668819729888433,True,0.970323620249765,0.029676379750234995,6929465955.945284,645157203.9972694,6929465955.945284,-6059296228.176193,-57479683798.03145,10166414872.987335,0.9584807163832635,
memory_um,memory_bytes,dlinear,1,1,independent,q90,121059018342.4,8276,4.050370761759259,115408904192.0,176082169856.0,117092253792.57631,147160449743.00583,303539149.51929253,87.89318828811936,/Users/fgtek002/TimeTrack/results/final/packs/02_memory_dlinear/metrics/predictions/base__memory_um__f1__h1__dlinear__s0.npz,1885,356,566,5469,2451,2241,0.8411423471664435,True,0.7690738474092207,True,0.8034953111679453,True,0.9388841201716738,0.06111587982832618,1958237977.1383305,364631058.139737,1958237977.1383305,-751072044.7876368,-55591449140.33916,11872992998.089737,0.9952030667642638,
memory_um,memory_bytes,dlinear,1,1,independent,q95,127221156659.19992,8276,4.050370761759259,115408904192.0,176082169856.0,117092253792.57631,147160449743.00583,303539149.51929253,17.03547750528156,/Users/fgtek002/TimeTrack/results/final/packs/02_memory_dlinear/metrics/predictions/base__memory_um__f1__h1__dlinear__s0.npz,255,69,143,7809,398,324,0.7870370370370371,True,0.6407035175879398,True,0.7063711911357341,True,0.9912414318354913,0.008758568164508759,7257786949.723401,512188117.49683964,7257786949.723401,-6082173304.405993,-55591449140.33916,9613487732.442276,0.9585512929075446,
memory_um,memory_bytes,dlinear,1,1,bottom_up,q90,121059018342.4,8276,4.050370761759259,115408904192.0,176082169856.0,116758531431.5027,146343630082.60587,0.0,118.26077862362126,/Users/fgtek002/TimeTrack/results/final/packs/02_memory_dlinear/metrics/predictions/base__memory_um__f1__h1__dlinear__s0.npz,2135,479,316,5346,2451,2614,0.8167559296097934,True,0.8710730314157487,True,0.8430404738400791,True,0.9177682403433476,0.08223175965665236,1838326754.260263,362373002.51664406,1838326754.260263,-855049756.3059576,-55696878880.3813,11687776844.67865,0.9944149927594198,
memory_um,memory_bytes,dlinear,1,1,bottom_up,q95,127221156659.19992,8276,4.050370761759259,115408904192.0,176082169856.0,116758531431.5027,146343630082.60587,0.0,13.579003808557765,/Users/fgtek002/TimeTrack/results/final/packs/02_memory_dlinear/metrics/predictions/base__memory_um__f1__h1__dlinear__s0.npz,252,55,146,7823,398,307,0.8208469055374593,True,0.6331658291457286,True,0.7148936170212765,True,0.9930185326224931,0.006981467377506981,7447445399.325997,463630153.0108669,7447445399.325997,-6558326460.541226,-55696878880.3813,11687776844.67865,0.955011430578626,
memory_um,memory_bytes,dlinear,1,1,wls,q90,121059018342.4,8276,4.050370761759259,115408904192.0,176082169856.0,117001945678.37051,146620786048.36627,0.0,103.94110188005126,/Users/fgtek002/TimeTrack/results/final/packs/02_memory_dlinear/metrics/predictions/base__memory_um__f1__h1__dlinear__s0.npz,2075,421,376,5404,2451,2496,0.8313301282051282,True,0.846593227254182,True,0.8388922579341014,True,0.9277253218884121,0.07227467811158798,1848395347.024927,348615876.4618487,1848395347.024927,-819768966.1012731,-55661105400.80246,11356775720.094788,0.9946823950057871,
memory_um,memory_bytes,dlinear,1,1,wls,q95,127221156659.19992,8276,4.050370761759259,115408904192.0,176082169856.0,117001945678.37051,146620786048.36627,0.0,13.82589478689518,/Users/fgtek002/TimeTrack/results/final/packs/02_memory_dlinear/metrics/predictions/base__memory_um__f1__h1__dlinear__s0.npz,254,56,144,7822,398,310,0.8193548387096774,True,0.6381909547738693,True,0.7175141242937852,True,0.9928915968519929,0.007108403148007108,7344224069.497931,461805445.0733928,7344224069.497931,-6396762416.179943,-55661105400.80246,10983947554.129822,0.956212545108631,
memory_um,memory_bytes,dlinear,1,1,mint,q90,121059018342.4,8276,4.050370761759259,115408904192.0,176082169856.0,117007049552.20705,146626597413.56027,0.0,104.43488383672609,/Users/fgtek002/TimeTrack/results/final/packs/02_memory_dlinear/metrics/predictions/base__memory_um__f1__h1__dlinear__s0.npz,2073,423,378,5402,2451,2496,0.8305288461538461,True,0.8457772337821298,True,0.8380836870830806,True,0.927381974248927,0.07261802575107296,1849043675.259549,348490030.3103043,1849043675.259549,-819029203.7847719,-55660355307.84378,11362334602.689209,0.9946880018559408,
memory_um,memory_bytes,dlinear,1,1,mint,q95,127221156659.19992,8276,4.050370761759259,115408904192.0,176082169856.0,117007049552.20705,146626597413.56027,0.0,13.82589478689518,/Users/fgtek002/TimeTrack/results/final/packs/02_memory_dlinear/metrics/predictions/base__memory_um__f1__h1__dlinear__s0.npz,254,56,144,7822,398,310,0.8193548387096774,True,0.6381909547738693,True,0.7175141242937852,True,0.9928915968519929,0.007108403148007108,7342355292.417536,462008513.3582759,7342355292.417536,-6393374765.282227,-55660355307.84378,10969189765.679688,0.9562377298997916,
memory_um,memory_bytes,dlinear,1,2,independent,q90,122230747955.2,8279,4.051838996689814,117320785920.0,179990249472.0,116269315747.90527,148633678680.10413,446698754.89137936,103.6566359974132,/Users/fgtek002/TimeTrack/results/final/packs/02_memory_dlinear/metrics/predictions/base__memory_um__f2__h1__dlinear__s0.npz,520,420,168,7171,688,940,0.5531914893617021,True,0.7558139534883721,True,0.6388206388206388,True,0.9446713213015413,0.0553286786984587,6050010603.2025585,595449728.9269339,6050010603.2025585,-4626037362.199371,-58971835644.37709,13230955238.616226,0.9681736217030208,
memory_um,memory_bytes,dlinear,1,2,independent,q95,129465074073.59999,8279,4.051838996689814,117320785920.0,179990249472.0,116269315747.90527,148633678680.10413,446698754.89137936,12.586877228257318,/Users/fgtek002/TimeTrack/results/final/packs/02_memory_dlinear/metrics/predictions/base__memory_um__f2__h1__dlinear__s0.npz,182,51,163,7883,345,233,0.7811158798283262,True,0.527536231884058,True,0.629757785467128,True,0.9935719687421225,0.006428031257877489,9481408453.914042,682049441.7301956,9481408453.914042,-8753190467.980186,-58971835644.37709,9281717080.104126,0.9401481153407488,
memory_um,memory_bytes,dlinear,1,2,bottom_up,q90,122230747955.2,8279,4.051838996689814,117320785920.0,179990249472.0,114296901411.14914,146845419906.31253,0.0,102.42262842601542,/Users/fgtek002/TimeTrack/results/final/packs/02_memory_dlinear/metrics/predictions/base__memory_um__f2__h1__dlinear__s0.npz,518,415,170,7176,688,933,0.5551982851018221,True,0.752906976744186,True,0.6391116594694632,True,0.9453299960479515,0.054670003952048477,6195932815.528575,624854968.6480112,6195932815.528575,-5225546175.558805,-59154541047.25014,10140121023.013733,0.9636433786167433,
memory_um,memory_bytes,dlinear,1,2,bottom_up,q95,129465074073.59999,8279,4.051838996689814,117320785920.0,179990249472.0,114296901411.14914,146845419906.31253,0.0,5.429633314150215,/Users/fgtek002/TimeTrack/results/final/packs/02_memory_dlinear/metrics/predictions/base__memory_um__f2__h1__dlinear__s0.npz,158,22,187,7912,345,180,0.8777777777777778,True,0.4579710144927536,True,0.6019047619047619,True,0.9972271237711117,0.0027728762288883285,9940342771.29362,702880966.4727015,9940342771.29362,-9465085969.532764,-59154541047.25014,7493458306.3125305,0.9349204226347446,
memory_um,memory_bytes,dlinear,1,2,wls,q90,122230747955.2,8279,4.051838996689814,117320785920.0,179990249472.0,115145914819.78442,147445991803.1734,0.0,95.75898754046743,/Users/fgtek002/TimeTrack/results/final/packs/02_memory_dlinear/metrics/predictions/base__memory_um__f2__h1__dlinear__s0.npz,518,388,170,7203,688,906,0.5717439293598234,True,0.752906976744186,True,0.6499372647427855,True,0.9488868396785667,0.051113160321433274,6094622597.960517,587362755.3078059,6094622597.960517,-5024206106.421735,-59093180951.117676,11178152092.697556,0.9651648232325205,
memory_um,memory_bytes,dlinear,1,2,wls,q95,129465074073.59999,8279,4.051838996689814,117320785920.0,179990249472.0,115145914819.78442,147445991803.1734,0.0,6.663640885547991,/Users/fgtek002/TimeTrack/results/final/packs/02_memory_dlinear/metrics/predictions/base__memory_um__f2__h1__dlinear__s0.npz,171,27,174,7907,345,198,0.8636363636363636,True,0.4956521739130435,True,0.6298342541436465,True,0.9965969246281825,0.0034030753718174945,9745209155.893806,666709587.1130612,9745209155.893806,-9226001762.071669,-59093180951.117676,8094030203.173401,0.9366760999283114,
memory_um,memory_bytes,dlinear,1,2,mint,q90,122230747955.2,8279,4.051838996689814,117320785920.0,179990249472.0,115164248660.40042,147465374786.8952,0.0,96.00578905474698,/Users/fgtek002/TimeTrack/results/final/packs/02_memory_dlinear/metrics/predictions/base__memory_um__f2__h1__dlinear__s0.npz,519,389,169,7202,688,908,0.5715859030837004,True,0.7543604651162791,True,0.6503759398496239,True,0.9487551047292847,0.051244895270715324,6092136841.179822,586626054.363314,6092136841.179822,-5017708014.653488,-59091200602.43091,11211653725.744873,0.9652139266562776,
memory_um,memory_bytes,dlinear,1,2,mint,q95,129465074073.59999,8279,4.051838996689814,117320785920.0,179990249472.0,115164248660.40042,147465374786.8952,0.0,6.663640885547991,/Users/fgtek002/TimeTrack/results/final/packs/02_memory_dlinear/metrics/predictions/base__memory_um__f2__h1__dlinear__s0.npz,172,27,173,7907,345,199,0.864321608040201,True,0.4985507246376812,True,0.6323529411764706,True,0.9965969246281825,0.0034030753718174945,9739627227.690851,666031904.6950203,9739627227.690851,-9218285508.046844,-59091200602.43091,8113413186.895203,0.9367327630267483,
memory_um,memory_bytes,dlinear,8,0,independent,q90,117325735526.4,8269,4.046944880254629,115448389632.0,178617548800.0,115481160645.59811,147007743487.33252,411277892.719184,12.354999012700677,/Users/fgtek002/TimeTrack/results/final/packs/02_memory_dlinear/metrics/predictions/base__memory_um__f0__h8__dlinear__s0.npz,6557,50,92,1570,6649,6607,0.992432268805812,True,0.9861633328320049,True,0.989287869643935,True,0.9691358024691358,0.030864197530864196,1609057772.121418,294522089.6427912,1609057772.121418,-888073534.6235106,-57594709203.72647,10470985059.82965,0.993729930611577,
memory_um,memory_bytes,dlinear,8,0,independent,q95,124176743423.99985,8269,4.046944880254629,115448389632.0,178617548800.0,115481160645.59811,147007743487.33252,411277892.719184,59.056895280709234,/Users/fgtek002/TimeTrack/results/final/packs/02_memory_dlinear/metrics/predictions/base__memory_um__f0__h8__dlinear__s0.npz,636,239,187,7207,823,875,0.7268571428571429,True,0.772782503037667,True,0.7491166077738517,True,0.9679022293849047,0.032097770615095354,7062484218.050105,720296320.2526716,7062484218.050105,-6241282552.6999445,-57594709203.72647,9591754077.138641,0.9571492782844786,
memory_um,memory_bytes,dlinear,8,0,bottom_up,q90,117325735526.4,8269,4.046944880254629,115448389632.0,178617548800.0,115421382917.91956,146929564722.24176,0.0,16.555698677018906,/Users/fgtek002/TimeTrack/results/final/packs/02_memory_dlinear/metrics/predictions/base__memory_um__f0__h8__dlinear__s0.npz,6583,67,66,1553,6649,6650,0.9899248120300752,True,0.9900736952925252,True,0.9899992480637642,True,0.9586419753086419,0.04135802469135803,1482641470.0232224,298222350.6338206,1482641470.0232224,-786261601.9500269,-57489468002.19115,9557187328.515335,0.9945993240372442,
memory_um,memory_bytes,dlinear,8,0,bottom_up,q95,124176743423.99985,8269,4.046944880254629,115448389632.0,178617548800.0,115421382917.91956,146929564722.24176,0.0,48.92579609029468,/Users/fgtek002/TimeTrack/results/final/packs/02_memory_dlinear/metrics/predictions/base__memory_um__f0__h8__dlinear__s0.npz,635,198,188,7248,823,833,0.7623049219687875,True,0.7715674362089915,True,0.7669082125603863,True,0.9734085414987913,0.0265914585012087,7158838073.460651,597566425.9673755,7158838073.460651,-6432620740.057889,-57489468002.19115,9182993458.24176,0.9557137344405421,
memory_um,memory_bytes,dlinear,8,0,wls,q90,117325735526.4,8269,4.046944880254629,115448389632.0,178617548800.0,115684124504.54996,146961656423.34726,0.0,13.590498913970745,/Users/fgtek002/TimeTrack/results/final/packs/02_memory_dlinear/metrics/predictions/base__memory_um__f0__h8__dlinear__s0.npz,6575,55,74,1565,6649,6630,0.9917043740573153,True,0.9888705068431343,True,0.9902854130582123,True,0.9660493827160493,0.033950617283950615,1512545707.3710814,290687266.73698366,1512545707.3710814,-828054512.197916,-57532668597.392944,9932293326.058594,0.9942424456198051,
memory_um,memory_bytes,dlinear,8,0,wls,q95,124176743423.99985,8269,4.046944880254629,115448389632.0,178617548800.0,115684124504.54996,146961656423.34726,0.0,52.38519581385087,/Users/fgtek002/TimeTrack/results/final/packs/02_memory_dlinear/metrics/predictions/base__memory_um__f0__h8__dlinear__s0.npz,639,212,184,7234,823,851,0.7508813160987075,True,0.7764277035236938,True,0.7634408602150539,True,0.9715283373623422,0.028471662637657803,7094816108.1394005,629706704.7307961,7094816108.1394005,-6354078083.213919,-57532668597.392944,9215085159.34726,0.9563030126660532,
memory_um,memory_bytes,dlinear,8,0,mint,q90,117325735526.4,8269,4.046944880254629,115448389632.0,178617548800.0,115712438638.31763,146955227124.46176,0.0,14.084698874478772,/Users/fgtek002/TimeTrack/results/final/packs/02_memory_dlinear/metrics/predictions/base__memory_um__f0__h8__dlinear__s0.npz,6575,57,74,1563,6649,6632,0.9914053075995175,True,0.9888705068431343,True,0.9901362849183043,True,0.9648148148148148,0.03518518518518519,1503935759.6649716,291590970.0412558,1503935759.6649716,-819681658.8814204,-57524013726.3931,9857144036.22696,0.9943139431686547,
memory_um,memory_bytes,dlinear,8,0,mint,q95,124176743423.99985,8269,4.046944880254629,115448389632.0,178617548800.0,115712438638.31763,146955227124.46176,0.0,51.64389587308883,/Users/fgtek002/TimeTrack/results/final/packs/02_memory_dlinear/metrics/predictions/base__memory_um__f0__h8__dlinear__s0.npz,637,209,186,7237,823,846,0.7529550827423168,True,0.7739975698663426,True,0.7633313361294188,True,0.9719312382487242,0.02806876175127585,7105578095.2171545,621025445.2209928,7105578095.2171545,-6369813435.202498,-57524013726.3931,9208655860.461761,0.9561849557951767,
memory_um,memory_bytes,dlinear,8,1,independent,q90,121059018342.4,8269,4.046944880254629,115408904192.0,176082169856.0,116900913988.17796,147850326607.9019,287605532.3304146,90.68569275322297,/Users/fgtek002/TimeTrack/results/final/packs/02_memory_dlinear/metrics/predictions/base__memory_um__f1__h8__dlinear__s0.npz,1897,367,554,5451,2451,2264,0.8378975265017667,True,0.773969808241534,True,0.8046659597030752,True,0.9369199037469921,0.06308009625300791,1955663126.5036728,364471877.11784744,1955663126.5036728,-721988217.6513606,-55589269868.14934,12278690260.097641,0.995425055988448,
memory_um,memory_bytes,dlinear,8,1,independent,q95,127221156659.19992,8269,4.046944880254629,115408904192.0,176082169856.0,116900913988.17796,147850326607.9019,287605532.3304146,17.296998617780947,/Users/fgtek002/TimeTrack/results/final/packs/02_memory_dlinear/metrics/predictions/base__memory_um__f1__h8__dlinear__s0.npz,258,70,140,7801,398,328,0.7865853658536586,True,0.6482412060301508,True,0.7107438016528925,True,0.9911065938254351,0.008893406174564859,7238565808.1637535,512371809.48837054,7238565808.1637535,-5945418045.725613,-55589269868.14934,10079564062.552307,0.9595744203466443,
memory_um,memory_bytes,dlinear,8,1,bottom_up,q90,121059018342.4,8269,4.046944880254629,115408904192.0,176082169856.0,116738797449.05643,145785472331.0773,0.0,111.19499111430609,/Users/fgtek002/TimeTrack/results/final/packs/02_memory_dlinear/metrics/predictions/base__memory_um__f1__h8__dlinear__s0.npz,2105,450,346,5368,2451,2555,0.8238747553816047,True,0.8588331293349654,True,0.8409908110267679,True,0.9226538329322791,0.07734616706772086,1846411492.796773,357101183.7340371,1846411492.796773,-870204936.6565726,-55736621495.96405,11464381017.93274,0.9942995040915374,
memory_um,memory_bytes,dlinear,8,1,bottom_up,q95,127221156659.19992,8269,4.046944880254629,115408904192.0,176082169856.0,116738797449.05643,145785472331.0773,0.0,14.331798854732785,/Users/fgtek002/TimeTrack/results/final/packs/02_memory_dlinear/metrics/predictions/base__memory_um__f1__h8__dlinear__s0.npz,251,58,147,7813,398,309,0.8122977346278317,True,0.6306532663316583,True,0.7100424328147099,True,0.9926311777410748,0.007368822258925168,7433222079.901114,463060204.2953721,7433222079.901114,-6613771551.2392435,-55736621495.96405,11464381017.93274,0.9546096914757218,
memory_um,memory_bytes,dlinear,8,1,wls,q90,121059018342.4,8269,4.046944880254629,115408904192.0,176082169856.0,116982985419.79773,146485285865.39813,0.0,100.07549200287548,/Users/fgtek002/TimeTrack/results/final/packs/02_memory_dlinear/metrics/predictions/base__memory_um__f1__h8__dlinear__s0.npz,2048,405,403,5413,2451,2453,0.8348960456583775,True,0.835577315381477,True,0.8352365415986951,True,0.9303884496390512,0.06961155036094878,1853986395.3876145,347814498.5360003,1853986395.3876145,-819971819.9678884,-55686681573.097626,11579428506.611755,0.9946809723911391,
memory_um,memory_bytes,dlinear,8,1,wls,q95,127221156659.19992,8269,4.046944880254629,115408904192.0,176082169856.0,116982985419.79773,146485285865.39813,0.0,14.084698874478772,/Users/fgtek002/TimeTrack/results/final/packs/02_memory_dlinear/metrics/predictions/base__memory_um__f1__h8__dlinear__s0.npz,255,57,143,7814,398,312,0.8173076923076923,True,0.6407035175879398,True,0.7183098591549296,True,0.9927582264007114,0.007241773599288528,7318295672.656084,464365865.81887585,7318295672.656084,-6387255407.209848,-55686681573.097626,10995043467.549713,0.9562923208488263,
memory_um,memory_bytes,dlinear,8,1,mint,q90,121059018342.4,8269,4.046944880254629,115408904192.0,176082169856.0,116989536948.87207,146504061765.06567,0.0,99.33419206211344,/Users/fgtek002/TimeTrack/results/final/packs/02_memory_dlinear/metrics/predictions/base__memory_um__f1__h8__dlinear__s0.npz,2046,402,405,5416,2451,2448,0.8357843137254902,True,0.8347613219094248,True,0.835272504592774,True,0.930904090752836,0.06909590924716398,1854677043.2118576,347749248.46131355,1854677043.2118576,-818624072.6950135,-55685341692.17297,11587130983.00975,0.9946912071304461,
memory_um,memory_bytes,dlinear,8,1,mint,q95,127221156659.19992,8269,4.046944880254629,115408904192.0,176082169856.0,116989536948.87207,146504061765.06567,0.0,14.084698874478772,/Users/fgtek002/TimeTrack/results/final/packs/02_memory_dlinear/metrics/predictions/base__memory_um__f1__h8__dlinear__s0.npz,255,57,143,7814,398,312,0.8173076923076923,True,0.6407035175879398,True,0.7183098591549296,True,0.9927582264007114,0.007241773599288528,7315871790.781643,464655264.6079395,7315871790.781643,-6381178010.794445,-55685341692.17297,10982451205.979889,0.9563374655592245,
memory_um,memory_bytes,dlinear,8,2,independent,q90,122230747955.2,8272,4.048413115185185,117320785920.0,179990249472.0,116314751871.10327,149509985199.5548,422773609.62416166,98.31012514684892,/Users/fgtek002/TimeTrack/results/final/packs/02_memory_dlinear/metrics/predictions/base__memory_um__f2__h8__dlinear__s0.npz,518,398,170,7186,688,916,0.5655021834061136,True,0.752906976744186,True,0.6458852867830425,True,0.9475210970464135,0.052478902953586495,6064504720.914859,591870488.1154946,6064504720.914859,-4592333821.790652,-58956206261.46596,13375303740.683197,0.9684106668172207,
memory_um,memory_bytes,dlinear,8,2,independent,q95,129465074073.59999,8272,4.048413115185185,117320785920.0,179990249472.0,116314751871.10327,149509985199.5548,422773609.62416166,14.82062188143451,/Users/fgtek002/TimeTrack/results/final/packs/02_memory_dlinear/metrics/predictions/base__memory_um__f2__h8__dlinear__s0.npz,183,60,162,7867,345,243,0.7530864197530864,True,0.5304347826086957,True,0.6224489795918368,True,0.9924309322568436,0.007569067743156301,9478345201.865368,680092839.0581281,9478345201.865368,-8668987932.311665,-58956206261.46596,10158023599.55481,0.9407569929560998,
memory_um,memory_bytes,dlinear,8,2,bottom_up,q90,122230747955.2,8272,4.048413115185185,117320785920.0,179990249472.0,114351424274.61781,147484558970.98285,0.0,107.20249827570962,/Users/fgtek002/TimeTrack/results/final/packs/02_memory_dlinear/metrics/predictions/base__memory_um__f2__h8__dlinear__s0.npz,520,434,168,7150,688,954,0.5450733752620545,True,0.7558139534883721,True,0.633373934226553,True,0.9427742616033755,0.057225738396624475,6145742337.80103,645495309.7940067,6145742337.80103,-5071657929.1586685,-59086803884.27829,10434792363.704285,0.9648077198114471,
memory_um,memory_bytes,dlinear,8,2,bottom_up,q95,129465074073.59999,8272,4.048413115185185,117320785920.0,179990249472.0,114351424274.61781,147484558970.98285,0.0,6.916290211336104,/Users/fgtek002/TimeTrack/results/final/packs/02_memory_dlinear/metrics/predictions/base__memory_um__f2__h8__dlinear__s0.npz,161,28,184,7899,345,189,0.8518518518518519,True,0.4666666666666667,True,0.602996254681648,True,0.9964677683865271,0.0035322316134729407,9835474447.305616,722905067.9405096,9835474447.305616,-9283901675.160395,-59086803884.27829,8132597370.982849,0.9362424082343503,
memory_um,memory_bytes,dlinear,8,2,wls,q90,122230747955.2,8272,4.048413115185185,117320785920.0,179990249472.0,115138215326.50504,148167841845.80026,0.0,102.01528061720754,/Users/fgtek002/TimeTrack/results/final/packs/02_memory_dlinear/metrics/predictions/base__memory_um__f2__h8__dlinear__s0.npz,519,413,169,7171,688,932,0.5568669527896996,True,0.7543604651162791,True,0.6407407407407407,True,0.9455432489451476,0.05445675105485232,6075004380.837412,602352269.9839323,6075004380.837412,-4909956678.611105,-59042746432.12273,11426781624.40976,0.9660231834769183,
memory_um,memory_bytes,dlinear,8,2,wls,q95,129465074073.59999,8272,4.048413115185185,117320785920.0,179990249472.0,115138215326.50504,148167841845.80026,0.0,8.398352399479556,/Users/fgtek002/TimeTrack/results/final/packs/02_memory_dlinear/metrics/predictions/base__memory_um__f2__h8__dlinear__s0.npz,172,34,173,7893,345,206,0.8349514563106796,True,0.4985507246376812,True,0.6243194192377496,True,0.9957108616122115,0.004289138387788571,9681366712.476738,682196431.6601244,9681366712.476738,-9076458903.83082,-59042746432.12273,8815880245.800262,0.937765415285296,
memory_um,memory_bytes,dlinear,8,2,mint,q90,122230747955.2,8272,4.048413115185185,117320785920.0,179990249472.0,115180093798.98582,148204210895.74292,0.0,101.52125988782639,/Users/fgtek002/TimeTrack/results/final/packs/02_memory_dlinear/metrics/predictions/base__memory_um__f2__h8__dlinear__s0.npz,519,411,169,7173,688,930,0.5580645161290323,True,0.7543604651162791,True,0.6415327564894933,True,0.9458069620253164,0.05419303797468354,6072698986.065664,600793308.8957568,6072698986.065664,-4901349817.49129,-59040401389.27402,11479582167.673431,0.9660878788761688,
memory_um,memory_bytes,dlinear,8,2,mint,q95,129465074073.59999,8272,4.048413115185185,117320785920.0,179990249472.0,115180093798.98582,148204210895.74292,0.0,8.64536276417013,/Users/fgtek002/TimeTrack/results/final/packs/02_memory_dlinear/metrics/predictions/base__memory_um__f2__h8__dlinear__s0.npz,173,35,172,7892,345,208,0.8317307692307693,True,0.5014492753623189,True,0.6256781193490054,True,0.9955847104831588,0.004415289516841176,9674059283.220076,680822871.750684,9674059283.220076,-9065417361.967098,-59040401389.27402,8852249295.74292,0.9378464802749565,
memory_um,memory_bytes,dlinear,16,0,independent,q90,117325735526.4,8261,4.043029587106481,115448389632.0,178617548800.0,115488412762.12288,146552289214.56955,414229236.4238867,12.366963664934255,/Users/fgtek002/TimeTrack/results/final/packs/02_memory_dlinear/metrics/predictions/base__memory_um__f0__h16__dlinear__s0.npz,6548,50,93,1570,6641,6598,0.9924219460442558,True,0.9859960849269689,True,0.9891985799531687,True,0.9691358024691358,0.030864197530864196,1609013053.6806984,287856400.0428195,1609013053.6806984,-895159860.7979773,-57604914094.79198,10265041370.453476,0.9936641037621061,
memory_um,memory_bytes,dlinear,16,0,independent,q95,124176743423.99985,8261,4.043029587106481,115448389632.0,178617548800.0,115488412762.12288,146552289214.56955,414229236.4238867,58.37206849848968,/Users/fgtek002/TimeTrack/results/final/packs/02_memory_dlinear/metrics/predictions/base__memory_um__f0__h16__dlinear__s0.npz,635,236,185,7205,820,871,0.7290470723306545,True,0.774390243902439,True,0.7510348905972798,True,0.9682838328181697,0.0317161671818304,7041127703.233946,722760158.7032723,7041127703.233946,-6237363220.036759,-57604914094.79198,9361664382.462646,0.9571494106428157,
memory_um,memory_bytes,dlinear,16,0,bottom_up,q90,117325735526.4,8261,4.043029587106481,115448389632.0,178617548800.0,115496455513.5127,146368845667.85727,0.0,15.582374217817161,/Users/fgtek002/TimeTrack/results/final/packs/02_memory_dlinear/metrics/predictions/base__memory_um__f0__h16__dlinear__s0.npz,6571,63,70,1557,6641,6634,0.9905034669882424,True,0.9894594187622346,True,0.9899811676082864,True,0.9611111111111111,0.03888888888888889,1478010553.073268,290219355.92888486,1478010553.073268,-780407181.4062067,-57694399355.91907,9841900244.192413,0.9946389576387205,
memory_um,memory_bytes,dlinear,16,0,bottom_up,q95,124176743423.99985,8261,4.043029587106481,115448389632.0,178617548800.0,115496455513.5127,146368845667.85727,0.0,49.71519393303571,/Users/fgtek002/TimeTrack/results/final/packs/02_memory_dlinear/metrics/predictions/base__memory_um__f0__h16__dlinear__s0.npz,635,201,185,7240,820,836,0.7595693779904307,True,0.774390243902439,True,0.7669082125603864,True,0.9729875016798817,0.027012498320118265,7134940379.4454,596018321.2497163,7134940379.4454,-6398613577.117186,-57694399355.91907,9779540348.986755,0.9559482848189518,
memory_um,memory_bytes,dlinear,16,0,wls,q90,117325735526.4,8261,4.043029587106481,115448389632.0,178617548800.0,115632257607.14417,146444147463.64572,0.0,13.603660031427681,/Users/fgtek002/TimeTrack/results/final/packs/02_memory_dlinear/metrics/predictions/base__memory_um__f0__h16__dlinear__s0.npz,6564,55,77,1565,6641,6619,0.9916905877020697,True,0.9884053606384581,True,0.9900452488687782,True,0.9660493827160493,0.033950617283950615,1509174261.5063002,282978881.24077106,1509174261.5063002,-827512042.7491689,-57657666524.59587,10015595570.369751,0.9942387895822472,
memory_um,memory_bytes,dlinear,16,0,wls,q95,124176743423.99985,8261,4.043029587106481,115448389632.0,178617548800.0,115632257607.14417,146444147463.64572,0.0,51.4465688461265,/Users/fgtek002/TimeTrack/results/final/packs/02_memory_dlinear/metrics/predictions/base__memory_um__f0__h16__dlinear__s0.npz,635,208,185,7233,820,843,0.7532621589561092,True,0.774390243902439,True,0.7636800962116657,True,0.9720467679075393,0.02795323209246069,7069551594.812744,629461060.4121675,7069551594.812744,-6332421870.310828,-57657666524.59587,9608006319.772339,0.9564413353139103,
memory_um,memory_bytes,dlinear,16,0,mint,q90,117325735526.4,8261,4.043029587106481,115448389632.0,178617548800.0,115649499216.67555,146431185317.8589,0.0,13.603660031427681,/Users/fgtek002/TimeTrack/results/final/packs/02_memory_dlinear/metrics/predictions/base__memory_um__f0__h16__dlinear__s0.npz,6566,55,75,1565,6641,6621,0.9916930977193777,True,0.9887065201023942,True,0.9901975569295732,True,0.9660493827160493,0.033950617283950615,1501406509.0790572,283705464.99860996,1501406509.0790572,-819403602.9792335,-57663989565.25055,9985696361.283539,0.9943076728883801,
memory_um,memory_bytes,dlinear,16,0,mint,q95,124176743423.99985,8261,4.043029587106481,115448389632.0,178617548800.0,115649499216.67555,146431185317.8589,0.0,50.95189029952913,/Users/fgtek002/TimeTrack/results/final/packs/02_memory_dlinear/metrics/predictions/base__memory_um__f0__h16__dlinear__s0.npz,635,206,185,7235,820,841,0.7550535077288941,True,0.774390243902439,True,0.764599638771824,True,0.9723155489853514,0.02768445101464857,7078636459.082797,621685470.1846358,7078636459.082797,-6343815842.324486,-57663989565.25055,9637533491.895355,0.956356463600943,
memory_um,memory_bytes,dlinear,16,1,independent,q90,121059018342.4,8261,4.043029587106481,115408904192.0,176082169856.0,116918071280.74179,145444819997.43094,298993412.82859784,71.72838925661868,/Users/fgtek002/TimeTrack/results/final/packs/02_memory_dlinear/metrics/predictions/base__memory_um__f1__h16__dlinear__s0.npz,1740,290,711,5520,2451,2030,0.8571428571428571,True,0.7099143206854345,True,0.7766123633117608,True,0.9500860585197934,0.04991394148020654,1981378077.642156,367654225.00227547,1981378077.642156,-893939586.2650005,-55653428220.71716,11321728144.86641,0.9940671669701178,
memory_um,memory_bytes,dlinear,16,1,independent,q95,127221156659.19992,8261,4.043029587106481,115408904192.0,176082169856.0,116918071280.74179,145444819997.43094,298993412.82859784,16.819070584310587,/Users/fgtek002/TimeTrack/results/final/packs/02_memory_dlinear/metrics/predictions/base__memory_um__f1__h16__dlinear__s0.npz,256,68,142,7795,398,324,0.7901234567901234,True,0.6432160804020101,True,0.7091412742382271,True,0.9913519013099326,0.008648098690067404,7324938112.889521,518517531.0484694,7324938112.889521,-6326174121.54209,-55653428220.71716,8375938062.628311,0.9567709797460262,
memory_um,memory_bytes,dlinear,16,1,bottom_up,q90,121059018342.4,8261,4.043029587106481,115408904192.0,176082169856.0,116710152485.67726,145110056618.32916,0.0,116.49679772368069,/Users/fgtek002/TimeTrack/results/final/packs/02_memory_dlinear/metrics/predictions/base__memory_um__f1__h16__dlinear__s0.npz,2114,471,337,5339,2451,2585,0.8177949709864604,True,0.8625050999592003,True,0.8395552025416997,True,0.9189328743545611,0.0810671256454389,1859838345.307464,360888804.6154342,1859838345.307464,-799636585.074797,-55783238612.529724,12287320005.256958,0.9948693962440347,
memory_um,memory_bytes,dlinear,16,1,bottom_up,q95,127221156659.19992,8261,4.043029587106481,115408904192.0,176082169856.0,116710152485.67726,145110056618.32916,0.0,15.582374217817161,/Users/fgtek002/TimeTrack/results/final/packs/02_memory_dlinear/metrics/predictions/base__memory_um__f1__h16__dlinear__s0.npz,255,63,143,7800,398,318,0.8018867924528302,True,0.6407035175879398,True,0.7122905027932962,True,0.9919877909194964,0.008012209080503624,7334719699.764894,475137898.8500367,7334719699.764894,-6526891281.546254,-55783238612.529724,11992778826.083588,0.9552691206302911,
memory_um,memory_bytes,dlinear,16,1,wls,q90,121059018342.4,8261,4.043029587106481,115408904192.0,176082169856.0,116977962234.00392,145224860302.49115,0.0,93.74158458020166,/Users/fgtek002/TimeTrack/results/final/packs/02_memory_dlinear/metrics/predictions/base__memory_um__f1__h16__dlinear__s0.npz,2003,379,448,5431,2451,2382,0.8408900083963057,True,0.8172174622603019,True,0.8288847506724601,True,0.9347676419965577,0.06523235800344233,1872494720.270465,348562150.21789044,1872494720.270465,-831976836.8283918,-55738721463.53494,11956180131.927765,0.9945942799025005,
memory_um,memory_bytes,dlinear,16,1,wls,q95,127221156659.19992,8261,4.043029587106481,115408904192.0,176082169856.0,116977962234.00392,145224860302.49115,0.0,14.345677851323735,/Users/fgtek002/TimeTrack/results/final/packs/02_memory_dlinear/metrics/predictions/base__memory_um__f1__h16__dlinear__s0.npz,257,58,141,7805,398,315,0.8158730158730159,True,0.6457286432160804,True,0.7208976157082749,True,0.9926236805290601,0.0073763194709398445,7291204462.992811,472177448.28662276,7291204462.992811,-6458057380.09999,-55738721463.53494,10752420201.046997,0.9557841678856244,
memory_um,memory_bytes,dlinear,16,1,mint,q90,121059018342.4,8261,4.043029587106481,115408904192.0,176082169856.0,116981580764.87778,145228879921.5708,0.0,92.75222748700692,/Users/fgtek002/TimeTrack/results/final/packs/02_memory_dlinear/metrics/predictions/base__memory_um__f1__h16__dlinear__s0.npz,2001,375,450,5435,2451,2376,0.8421717171717171,True,0.8164014687882497,True,0.8290863890615289,True,0.9354561101549054,0.06454388984509467,1873649995.1070445,348413044.61001796,1873649995.1070445,-833109165.1085528,-55737162785.34889,11944585939.133484,0.9945846472620523,
memory_um,memory_bytes,dlinear,16,1,mint,q95,127221156659.19992,8261,4.043029587106481,115408904192.0,176082169856.0,116981580764.87778,145228879921.5708,0.0,14.345677851323735,/Users/fgtek002/TimeTrack/results/final/packs/02_memory_dlinear/metrics/predictions/base__memory_um__f1__h16__dlinear__s0.npz,257,58,141,7805,398,315,0.8158730158730159,True,0.6457286432160804,True,0.7208976157082749,True,0.9926236805290601,0.0073763194709398445,7290308727.557634,472472727.15549177,7290308727.557634,-6455647300.00119,-55737162785.34889,10708991552.295624,0.955802201225483,
memory_um,memory_bytes,dlinear,16,2,independent,q90,122230747955.2,8264,4.0444978220370364,117320785920.0,179990249472.0,116271997584.25229,148451058756.82498,442752201.4274765,105.32828023268472,/Users/fgtek002/TimeTrack/results/final/packs/02_memory_dlinear/metrics/predictions/base__memory_um__f2__h16__dlinear__s0.npz,521,426,167,7150,688,947,0.5501583949313622,True,0.7572674418604651,True,0.6373088685015291,True,0.9437697993664202,0.056230200633579724,6038686111.80589,603783461.2155528,6038686111.80589,-4623519990.186123,-58939884247.445175,13274834340.104996,0.9681940084889961,
memory_um,memory_bytes,dlinear,16,2,independent,q95,129465074073.59999,8264,4.0444978220370364,117320785920.0,179990249472.0,116271997584.25229,148451058756.82498,442752201.4274765,12.36247420571417,/Users/fgtek002/TimeTrack/results/final/packs/02_memory_dlinear/metrics/predictions/base__memory_um__f2__h16__dlinear__s0.npz,182,50,163,7869,345,232,0.7844827586206896,True,0.527536231884058,True,0.630849220103986,True,0.9936860714736709,0.006313928526329082,9466877303.80649,689835443.5254757,9466877303.80649,-8752295253.105793,-58939884247.445175,9099097156.824982,0.9401529555672985,
memory_um,memory_bytes,dlinear,16,2,bottom_up,q90,122230747955.2,8264,4.0444978220370364,117320785920.0,179990249472.0,113923522746.14655,146287920820.93973,0.0,111.01501836731325,/Users/fgtek002/TimeTrack/results/final/packs/02_memory_dlinear/metrics/predictions/base__memory_um__f2__h16__dlinear__s0.npz,521,449,167,7127,688,970,0.5371134020618556,True,0.7572674418604651,True,0.6284680337756332,True,0.9407338965153115,0.05926610348468849,6172912736.531178,654877769.0636766,6172912736.531178,-5174317598.549178,-59112488460.26918,10454246919.500565,0.9640422841808285,
memory_um,memory_bytes,dlinear,16,2,bottom_up,q95,129465074073.59999,8264,4.0444978220370364,117320785920.0,179990249472.0,113923522746.14655,146287920820.93973,0.0,6.428486586971368,/Users/fgtek002/TimeTrack/results/final/packs/02_memory_dlinear/metrics/predictions/base__memory_um__f2__h16__dlinear__s0.npz,161,26,184,7893,345,187,0.8609625668449198,True,0.4666666666666667,True,0.6052631578947368,True,0.9967167571663089,0.0032832428336911227,9886305937.335255,732105365.9274153,9886305937.335255,-9434507302.001911,-59112488460.26918,6935959220.939728,0.9351433863739073,
memory_um,memory_bytes,dlinear,16,2,wls,q90,122230747955.2,8264,4.0444978220370364,117320785920.0,179990249472.0,114945568774.44313,147017141917.95978,0.0,104.83378126445615,/Users/fgtek002/TimeTrack/results/final/packs/02_memory_dlinear/metrics/predictions/base__memory_um__f2__h16__dlinear__s0.npz,522,424,166,7152,688,946,0.5517970401691332,True,0.7587209302325582,True,0.6389228886168911,True,0.9440337909186906,0.0559662090813094,6076318737.301584,610264356.4452267,6076318737.301584,-4988636773.718299,-59054301401.885864,11405102534.85028,0.9654418828397638,
memory_um,memory_bytes,dlinear,16,2,wls,q95,129465074073.59999,8264,4.0444978220370364,117320785920.0,179990249472.0,114945568774.44313,147017141917.95978,0.0,8.159232975771351,/Users/fgtek002/TimeTrack/results/final/packs/02_memory_dlinear/metrics/predictions/base__memory_um__f2__h16__dlinear__s0.npz,173,33,172,7886,345,206,0.8398058252427184,True,0.5014492753623189,True,0.6279491833030854,True,0.9958328071726228,0.004167192827377194,9707228602.45258,688833967.400731,9707228602.45258,-9204525010.81333,-59054301401.885864,7665180317.959778,0.9368321753696884,
memory_um,memory_bytes,dlinear,16,2,mint,q90,122230747955.2,8264,4.0444978220370364,117320785920.0,179990249472.0,114992106932.66122,147050346495.66034,0.0,104.83378126445615,/Users/fgtek002/TimeTrack/results/final/packs/02_memory_dlinear/metrics/predictions/base__memory_um__f2__h16__dlinear__s0.npz,523,424,165,7152,688,947,0.5522703273495249,True,0.7601744186046512,True,0.6397553516819572,True,0.9440337909186906,0.0559662090813094,6073304391.04302,608915278.283901,6073304391.04302,-4980181926.007797,-59051651894.564224,11448399086.901611,0.9655056125949854,
memory_um,memory_bytes,dlinear,16,2,mint,q95,129465074073.59999,8264,4.0444978220370364,117320785920.0,179990249472.0,114992106932.66122,147050346495.66034,0.0,8.159232975771351,/Users/fgtek002/TimeTrack/results/final/packs/02_memory_dlinear/metrics/predictions/base__memory_um__f2__h16__dlinear__s0.npz,172,33,173,7886,345,205,0.8390243902439024,True,0.4985507246376812,True,0.6254545454545455,True,0.9958328071726228,0.004167192827377194,9700012425.4809,687595817.9726634,9700012425.4809,-9194052926.503017,-59051651894.564224,7698384895.660339,0.9369090732067189,
cpu_core_weighted,cpu_weighted_mean_pct,persistence,1,0,independent,q90,4.4105649717115325,4847,2.372178236134259,1.7963276836116098,33.59895103311185,1.7963276836116098,33.59895103311185,0.0,111.29011976360543,/Users/fgtek002/TimeTrack/results/final/packs/03_cpu_classical/metrics/predictions/base__cpu_core_weighted__f0__h1__persistence__s0.npz,500,264,269,3814,769,764,0.6544502617801047,True,0.6501950585175552,True,0.6523157208088716,True,0.935262383521334,0.06473761647866601,5.125355906819278,0.7217853433565196,5.125355906819278,-1.1075386773639952,-29.02578719160281,24.198587570605163,1.010158848408329,
cpu_core_weighted,cpu_weighted_mean_pct,persistence,1,0,independent,q95,6.208177966037405,4847,2.372178236134259,1.7963276836116098,33.59895103311185,1.7963276836116098,33.59895103311185,0.0,53.95884594599052,/Users/fgtek002/TimeTrack/results/final/packs/03_cpu_classical/metrics/predictions/base__cpu_core_weighted__f0__h1__persistence__s0.npz,264,128,135,4320,399,392,0.673469387755102,True,0.6616541353383458,True,0.6675094816687736,True,0.9712230215827338,0.02877697841726619,8.072868679548014,0.8236881113786544,8.072868679548014,-2.2064572142658454,-29.02578719160281,24.198587570605163,0.9965369410422614,
cpu_core_weighted,cpu_weighted_mean_pct,persistence,1,0,bottom_up,q90,4.4105649717115325,4847,2.372178236134259,1.7963276836116098,33.59895103311185,1.7963276836116098,33.59895103311185,0.0,111.29011976360543,/Users/fgtek002/TimeTrack/results/final/packs/03_cpu_classical/metrics/predictions/base__cpu_core_weighted__f0__h1__persistence__s0.npz,500,264,269,3814,769,764,0.6544502617801047,True,0.6501950585175552,True,0.6523157208088716,True,0.935262383521334,0.06473761647866601,5.125355906819278,0.7217853433565196,5.125355906819278,-1.1075386773639952,-29.02578719160281,24.198587570605163,1.010158848408329,
cpu_core_weighted,cpu_weighted_mean_pct,persistence,1,0,bottom_up,q95,6.208177966037405,4847,2.372178236134259,1.7963276836116098,33.59895103311185,1.7963276836116098,33.59895103311185,0.0,53.95884594599052,/Users/fgtek002/TimeTrack/results/final/packs/03_cpu_classical/metrics/predictions/base__cpu_core_weighted__f0__h1__persistence__s0.npz,264,128,135,4320,399,392,0.673469387755102,True,0.6616541353383458,True,0.6675094816687736,True,0.9712230215827338,0.02877697841726619,8.072868679548014,0.8236881113786544,8.072868679548014,-2.2064572142658454,-29.02578719160281,24.198587570605163,0.9965369410422614,
cpu_core_weighted,cpu_weighted_mean_pct,persistence,1,0,wls,q90,4.4105649717115325,4847,2.372178236134259,1.7963276836116098,33.59895103311185,1.7963276836118078,33.5989510331124,0.0,111.29011976360543,/Users/fgtek002/TimeTrack/results/final/packs/03_cpu_classical/metrics/predictions/base__cpu_core_weighted__f0__h1__persistence__s0.npz,500,264,269,3814,769,764,0.6544502617801047,True,0.6501950585175552,True,0.6523157208088716,True,0.935262383521334,0.06473761647866601,5.125355906819234,0.721785343356579,5.125355906819234,-1.1075386773637057,-29.025787191602557,24.19858757060537,1.01015884840837,
cpu_core_weighted,cpu_weighted_mean_pct,persistence,1,0,wls,q95,6.208177966037405,4847,2.372178236134259,1.7963276836116098,33.59895103311185,1.7963276836118078,33.5989510331124,0.0,53.95884594599052,/Users/fgtek002/TimeTrack/results/final/packs/03_cpu_classical/metrics/predictions/base__cpu_core_weighted__f0__h1__persistence__s0.npz,264,128,135,4320,399,392,0.673469387755102,True,0.6616541353383458,True,0.6675094816687736,True,0.9712230215827338,0.02877697841726619,8.072868679547986,0.8236881113787037,8.072868679547986,-2.2064572142655616,-29.025787191602557,24.19858757060537,0.996536941042286,
cpu_core_weighted,cpu_weighted_mean_pct,persistence,1,0,mint,q90,4.4105649717115325,4847,2.372178236134259,1.7963276836116098,33.59895103311185,1.7963276836114146,33.59895103311075,0.0,111.29011976360543,/Users/fgtek002/TimeTrack/results/final/packs/03_cpu_classical/metrics/predictions/base__cpu_core_weighted__f0__h1__persistence__s0.npz,500,264,269,3814,769,764,0.6544502617801047,True,0.6501950585175552,True,0.6523157208088716,True,0.935262383521334,0.06473761647866601,5.125355906819326,0.7217853433563958,5.125355906819326,-1.1075386773643545,-29.025787191602994,24.198587570604886,1.0101588484082784,
cpu_core_weighted,cpu_weighted_mean_pct,persistence,1,0,mint,q95,6.208177966037405,4847,2.372178236134259,1.7963276836116098,33.59895103311185,1.7963276836114146,33.59895103311075,0.0,53.95884594599052,/Users/fgtek002/TimeTrack/results/final/packs/03_cpu_classical/metrics/predictions/base__cpu_core_weighted__f0__h1__persistence__s0.npz,264,128,135,4320,399,392,0.673469387755102,True,0.6616541353383458,True,0.6675094816687736,True,0.9712230215827338,0.02877697841726619,8.072868679548051,0.8236881113785458,8.072868679548051,-2.206457214266191,-29.025787191602994,24.198587570604886,0.9965369410422321,
cpu_core_weighted,cpu_weighted_mean_pct,persistence,1,1,independent,q90,4.692372881319361,5261,2.574794656550926,1.7536723164125938,32.57853107326954,1.7536723164125938,32.75254237302448,0.0,68.35496553179948,/Users/fgtek002/TimeTrack/results/final/packs/03_cpu_classical/metrics/predictions/base__cpu_core_weighted__f1__h1__persistence__s0.npz,274,176,168,4643,442,450,0.6088888888888889,True,0.6199095022624435,True,0.6143497757847534,True,0.9634778999792488,0.036522100020751194,5.388919851758673,0.701930437048766,5.388919851758673,-1.4511295993275064,-27.99496393001773,27.35029002151417,0.9818293826133707,
cpu_core_weighted,cpu_weighted_mean_pct,persistence,1,1,independent,q95,7.138686440503589,5261,2.574794656550926,1.7536723164125938,32.57853107326954,1.7536723164125938,32.75254237302448,0.0,34.954243737852,/Users/fgtek002/TimeTrack/results/final/packs/03_cpu_classical/metrics/predictions/base__cpu_core_weighted__f1__h1__persistence__s0.npz,157,90,83,4931,240,247,0.6356275303643725,True,0.6541666666666667,True,0.6447638603696099,True,0.9820752838080063,0.017924716191993626,7.972970305833987,0.7669771912398287,7.972970305833987,-2.739094012465501,-27.99496393001773,22.94227974590796,0.9480997997570597,
cpu_core_weighted,cpu_weighted_mean_pct,persistence,1,1,bottom_up,q90,4.692372881319361,5261,2.574794656550926,1.7536723164125938,32.57853107326954,1.7536723164125938,32.75254237302448,0.0,68.35496553179948,/Users/fgtek002/TimeTrack/results/final/packs/03_cpu_classical/metrics/predictions/base__cpu_core_weighted__f1__h1__persistence__s0.npz,274,176,168,4643,442,450,0.6088888888888889,True,0.6199095022624435,True,0.6143497757847534,True,0.9634778999792488,0.036522100020751194,5.388919851758673,0.701930437048766,5.388919851758673,-1.4511295993275064,-27.99496393001773,27.35029002151417,0.9818293826133707,
cpu_core_weighted,cpu_weighted_mean_pct,persistence,1,1,bottom_up,q95,7.138686440503589,5261,2.574794656550926,1.7536723164125938,32.57853107326954,1.7536723164125938,32.75254237302448,0.0,34.954243737852,/Users/fgtek002/TimeTrack/results/final/packs/03_cpu_classical/metrics/predictions/base__cpu_core_weighted__f1__h1__persistence__s0.npz,157,90,83,4931,240,247,0.6356275303643725,True,0.6541666666666667,True,0.6447638603696099,True,0.9820752838080063,0.017924716191993626,7.972970305833987,0.7669771912398287,7.972970305833987,-2.739094012465501,-27.99496393001773,22.94227974590796,0.9480997997570597,
cpu_core_weighted,cpu_weighted_mean_pct,persistence,1,1,wls,q90,4.692372881319361,5261,2.574794656550926,1.7536723164125938,32.57853107326954,1.753672316412534,32.75254237302444,0.0,68.35496553179948,/Users/fgtek002/TimeTrack/results/final/packs/03_cpu_classical/metrics/predictions/base__cpu_core_weighted__f1__h1__persistence__s0.npz,274,176,168,4643,442,450,0.6088888888888889,True,0.6199095022624435,True,0.6143497757847534,True,0.9634778999792488,0.036522100020751194,5.388919851758684,0.7019304370487575,5.388919851758684,-1.4511295993276057,-27.994963930017793,27.35029002151412,0.9818293826133575,
cpu_core_weighted,cpu_weighted_mean_pct,persistence,1,1,wls,q95,7.138686440503589,5261,2.574794656550926,1.7536723164125938,32.57853107326954,1.753672316412534,32.75254237302444,0.0,34.954243737852,/Users/fgtek002/TimeTrack/results/final/packs/03_cpu_classical/metrics/predictions/base__cpu_core_weighted__f1__h1__persistence__s0.npz,157,90,83,4931,240,247,0.6356275303643725,True,0.6541666666666667,True,0.6447638603696099,True,0.9820752838080063,0.017924716191993626,7.972970305833984,0.7669771912398217,7.972970305833984,-2.739094012465599,-27.994963930017793,22.942279745907946,0.9480997997570508,
cpu_core_weighted,cpu_weighted_mean_pct,persistence,1,1,mint,q90,4.692372881319361,5261,2.574794656550926,1.7536723164125938,32.57853107326954,1.7536723164129286,32.752542373025605,0.0,68.35496553179948,/Users/fgtek002/TimeTrack/results/final/packs/03_cpu_classical/metrics/predictions/base__cpu_core_weighted__f1__h1__persistence__s0.npz,274,176,168,4643,442,450,0.6088888888888889,True,0.6199095022624435,True,0.6143497757847534,True,0.9634778999792488,0.036522100020751194,5.388919851758607,0.7019304370488619,5.388919851758607,-1.4511295993269084,-27.994963930017338,27.350290021514986,0.9818293826134478,
cpu_core_weighted,cpu_weighted_mean_pct,persistence,1,1,mint,q95,7.138686440503589,5261,2.574794656550926,1.7536723164125938,32.57853107326954,1.7536723164129286,32.752542373025605,0.0,34.954243737852,/Users/fgtek002/TimeTrack/results/final/packs/03_cpu_classical/metrics/predictions/base__cpu_core_weighted__f1__h1__persistence__s0.npz,157,90,83,4931,240,247,0.6356275303643725,True,0.6541666666666667,True,0.6447638603696099,True,0.9820752838080063,0.017924716191993626,7.972970305833973,0.7669771912399156,7.972970305833973,-2.739094012464901,-27.994963930017338,22.942279745908376,0.9480997997571095,
cpu_core_weighted,cpu_weighted_mean_pct,persistence,1,2,independent,q90,4.978273174477393,4852,2.3746252943518513,1.8000000000057879,36.562994350350365,1.8000000000057879,36.562994350350365,0.0,101.06857724915605,/Users/fgtek002/TimeTrack/results/final/packs/03_cpu_classical/metrics/predictions/base__cpu_core_weighted__f2__h1__persistence__s0.npz,380,240,240,3992,620,620,0.6129032258064516,True,0.6129032258064516,True,0.6129032258064516,True,0.943289224952741,0.05671077504725898,5.878802271333847,0.7952713696366319,5.878802271333847,-1.824362623009392,-30.2395480226115,20.715286545688297,0.9471417384250371,
cpu_core_weighted,cpu_weighted_mean_pct,persistence,1,2,independent,q95,8.180833333253458,4852,2.3746252943518513,1.8000000000057879,36.562994350350365,1.8000000000057879,36.562994350350365,0.0,58.53555099013621,/Users/fgtek002/TimeTrack/results/final/packs/03_cpu_classical/metrics/predictions/base__cpu_core_weighted__f2__h1__persistence__s0.npz,197,139,140,4376,337,336,0.5863095238095238,True,0.5845697329376854,True,0.5854383358098069,True,0.9692137320044297,0.03078626799557032,8.473024456393711,0.9202738876466292,8.473024456393711,-3.763451837251492,-30.2395480226115,20.715286545688297,0.8445914422375804,
cpu_core_weighted,cpu_weighted_mean_pct,persistence,1,2,bottom_up,q90,4.978273174477393,4852,2.3746252943518513,1.8000000000057879,36.562994350350365,1.8000000000057879,36.562994350350365,0.0,101.06857724915605,/Users/fgtek002/TimeTrack/results/final/packs/03_cpu_classical/metrics/predictions/base__cpu_core_weighted__f2__h1__persistence__s0.npz,380,240,240,3992,620,620,0.6129032258064516,True,0.6129032258064516,True,0.6129032258064516,True,0.943289224952741,0.05671077504725898,5.878802271333847,0.7952713696366319,5.878802271333847,-1.824362623009392,-30.2395480226115,20.715286545688297,0.9471417384250371,
cpu_core_weighted,cpu_weighted_mean_pct,persistence,1,2,bottom_up,q95,8.180833333253458,4852,2.3746252943518513,1.8000000000057879,36.562994350350365,1.8000000000057879,36.562994350350365,0.0,58.53555099013621,/Users/fgtek002/TimeTrack/results/final/packs/03_cpu_classical/metrics/predictions/base__cpu_core_weighted__f2__h1__persistence__s0.npz,197,139,140,4376,337,336,0.5863095238095238,True,0.5845697329376854,True,0.5854383358098069,True,0.9692137320044297,0.03078626799557032,8.473024456393711,0.9202738876466292,8.473024456393711,-3.763451837251492,-30.2395480226115,20.715286545688297,0.8445914422375804,
cpu_core_weighted,cpu_weighted_mean_pct,persistence,1,2,wls,q90,4.978273174477393,4852,2.3746252943518513,1.8000000000057879,36.562994350350365,1.80000000000579,36.56299435035039,0.0,101.06857724915605,/Users/fgtek002/TimeTrack/results/final/packs/03_cpu_classical/metrics/predictions/base__cpu_core_weighted__f2__h1__persistence__s0.npz,380,240,240,3992,620,620,0.6129032258064516,True,0.6129032258064516,True,0.6129032258064516,True,0.943289224952741,0.05671077504725898,5.878802271333848,0.7952713696366315,5.878802271333848,-1.824362623009385,-30.239548022611494,20.715286545688283,0.9471417384250381,
cpu_core_weighted,cpu_weighted_mean_pct,persistence,1,2,wls,q95,8.180833333253458,4852,2.3746252943518513,1.8000000000057879,36.562994350350365,1.80000000000579,36.56299435035039,0.0,58.53555099013621,/Users/fgtek002/TimeTrack/results/final/packs/03_cpu_classical/metrics/predictions/base__cpu_core_weighted__f2__h1__persistence__s0.npz,197,139,140,4376,337,336,0.5863095238095238,True,0.5845697329376854,True,0.5854383358098069,True,0.9692137320044297,0.03078626799557032,8.473024456393713,0.9202738876466288,8.473024456393713,-3.763451837251484,-30.239548022611494,20.715286545688283,0.844591442237581,
cpu_core_weighted,cpu_weighted_mean_pct,persistence,1,2,mint,q90,4.978273174477393,4852,2.3746252943518513,1.8000000000057879,36.562994350350365,1.800000000005786,36.5629943503504,0.0,101.06857724915605,/Users/fgtek002/TimeTrack/results/final/packs/03_cpu_classical/metrics/predictions/base__cpu_core_weighted__f2__h1__persistence__s0.npz,380,240,240,3992,620,620,0.6129032258064516,True,0.6129032258064516,True,0.6129032258064516,True,0.943289224952741,0.05671077504725898,5.878802271333852,0.7952713696366308,5.878802271333852,-1.8243626230093872,-30.2395480226115,20.71528654568829,0.9471417384250376,
cpu_core_weighted,cpu_weighted_mean_pct,persistence,1,2,mint,q95,8.180833333253458,4852,2.3746252943518513,1.8000000000057879,36.562994350350365,1.800000000005786,36.5629943503504,0.0,58.53555099013621,/Users/fgtek002/TimeTrack/results/final/packs/03_cpu_classical/metrics/predictions/base__cpu_core_weighted__f2__h1__persistence__s0.npz,197,139,140,4376,337,336,0.5863095238095238,True,0.5845697329376854,True,0.5854383358098069,True,0.9692137320044297,0.03078626799557032,8.473024456393716,0.9202738876466284,8.473024456393716,-3.7634518372514845,-30.2395480226115,20.71528654568829,0.844591442237581,
cpu_core_weighted,cpu_weighted_mean_pct,persistence,8,0,independent,q90,4.4105649717115325,4295,2.102023008912037,1.7963276836116098,33.59895103311185,1.7963276836116098,33.59895103311185,0.0,111.32133140688765,/Users/fgtek002/TimeTrack/results/final/packs/03_cpu_classical/metrics/predictions/base__cpu_core_weighted__f0__h8__persistence__s0.npz,427,234,237,3397,664,661,0.6459909228441755,True,0.6430722891566265,True,0.6445283018867924,True,0.9355549435417241,0.06444505645827596,4.978409074085226,0.7345781666440989,4.978409074085226,-1.1120540443425804,-29.02578719160281,24.198587570605163,1.0077939064032722,
cpu_core_weighted,cpu_weighted_mean_pct,persistence,8,0,independent,q95,6.208177966037405,4295,2.102023008912037,1.7963276836116098,33.59895103311185,1.7963276836116098,33.59895103311185,0.0,54.709201332444785,/Users/fgtek002/TimeTrack/results/final/packs/03_cpu_classical/metrics/predictions/base__cpu_core_weighted__f0__h8__persistence__s0.npz,226,115,113,3841,339,341,0.6627565982404692,True,0.6666666666666666,True,0.6647058823529411,True,0.9709302325581395,0.029069767441860465,7.838852464087454,0.8381056529200372,7.838852464087454,-2.273270287187353,-29.02578719160281,24.198587570605163,0.9864507166965973,
cpu_core_weighted,cpu_weighted_mean_pct,persistence,8,0,bottom_up,q90,4.4105649717115325,4295,2.102023008912037,1.7963276836116098,33.59895103311185,1.7963276836116098,33.59895103311185,0.0,111.32133140688765,/Users/fgtek002/TimeTrack/results/final/packs/03_cpu_classical/metrics/predictions/base__cpu_core_weighted__f0__h8__persistence__s0.npz,427,234,237,3397,664,661,0.6459909228441755,True,0.6430722891566265,True,0.6445283018867924,True,0.9355549435417241,0.06444505645827596,4.978409074085226,0.7345781666440989,4.978409074085226,-1.1120540443425804,-29.02578719160281,24.198587570605163,1.0077939064032722,
cpu_core_weighted,cpu_weighted_mean_pct,persistence,8,0,bottom_up,q95,6.208177966037405,4295,2.102023008912037,1.7963276836116098,33.59895103311185,1.7963276836116098,33.59895103311185,0.0,54.709201332444785,/Users/fgtek002/TimeTrack/results/final/packs/03_cpu_classical/metrics/predictions/base__cpu_core_weighted__f0__h8__persistence__s0.npz,226,115,113,3841,339,341,0.6627565982404692,True,0.6666666666666666,True,0.6647058823529411,True,0.9709302325581395,0.029069767441860465,7.838852464087454,0.8381056529200372,7.838852464087454,-2.273270287187353,-29.02578719160281,24.198587570605163,0.9864507166965973,
cpu_core_weighted,cpu_weighted_mean_pct,persistence,8,0,wls,q90,4.4105649717115325,4295,2.102023008912037,1.7963276836116098,33.59895103311185,1.7963276836118907,33.5989510331133,0.0,111.32133140688765,/Users/fgtek002/TimeTrack/results/final/packs/03_cpu_classical/metrics/predictions/base__cpu_core_weighted__f0__h8__persistence__s0.npz,427,234,237,3397,664,661,0.6459909228441755,True,0.6430722891566265,True,0.6445283018867924,True,0.9355549435417241,0.06444505645827596,4.978409074085163,0.7345781666442551,4.978409074085163,-1.1120540443420852,-29.025787191602518,24.198587570605582,1.0077939064033417,
cpu_core_weighted,cpu_weighted_mean_pct,persistence,8,0,wls,q95,6.208177966037405,4295,2.102023008912037,1.7963276836116098,33.59895103311185,1.7963276836118907,33.5989510331133,0.0,54.709201332444785,/Users/fgtek002/TimeTrack/results/final/packs/03_cpu_classical/metrics/predictions/base__cpu_core_weighted__f0__h8__persistence__s0.npz,226,115,113,3841,339,341,0.6627565982404692,True,0.6666666666666666,True,0.6647058823529411,True,0.9709302325581395,0.029069767441860465,7.838852464087422,0.8381056529201727,7.838852464087422,-2.273270287186868,-29.025787191602518,24.198587570605582,0.9864507166966383,
cpu_core_weighted,cpu_weighted_mean_pct,persistence,8,0,mint,q90,4.4105649717115325,4295,2.102023008912037,1.7963276836116098,33.59895103311185,1.7963276836116382,33.59895103311229,0.0,111.32133140688765,/Users/fgtek002/TimeTrack/results/final/packs/03_cpu_classical/metrics/predictions/base__cpu_core_weighted__f0__h8__persistence__s0.npz,427,234,237,3397,664,661,0.6459909228441755,True,0.6430722891566265,True,0.6445283018867924,True,0.9355549435417241,0.06444505645827596,4.978409074085221,0.7345781666441502,4.978409074085221,-1.112054044342486,-29.025787191602813,24.198587570605227,1.0077939064032855,
cpu_core_weighted,cpu_weighted_mean_pct,persistence,8,0,mint,q95,6.208177966037405,4295,2.102023008912037,1.7963276836116098,33.59895103311185,1.7963276836116382,33.59895103311229,0.0,54.709201332444785,/Users/fgtek002/TimeTrack/results/final/packs/03_cpu_classical/metrics/predictions/base__cpu_core_weighted__f0__h8__persistence__s0.npz,226,115,113,3841,339,341,0.6627565982404692,True,0.6666666666666666,True,0.6647058823529411,True,0.9709302325581395,0.029069767441860465,7.838852464087451,0.8381056529200834,7.838852464087451,-2.2732702871872603,-29.025787191602813,24.198587570605227,0.9864507166966052,
cpu_core_weighted,cpu_weighted_mean_pct,persistence,8,1,independent,q90,4.692372881319361,4778,2.3384088327314814,1.7536723164125938,32.57853107326954,1.7536723164125938,32.57853107326954,0.0,68.85023600083518,/Users/fgtek002/TimeTrack/results/final/packs/03_cpu_classical/metrics/predictions/base__cpu_core_weighted__f1__h8__persistence__s0.npz,263,161,157,4197,420,424,0.6202830188679245,True,0.6261904761904762,True,0.6232227488151658,True,0.9630564479118862,0.03694355208811381,5.306729945274113,0.7083853904596832,5.306729945274113,-1.4812062154066514,-27.99496393001773,27.35029002151417,0.9758764248179687,
cpu_core_weighted,cpu_weighted_mean_pct,persistence,8,1,independent,q95,7.138686440503589,4778,2.3384088327314814,1.7536723164125938,32.57853107326954,1.7536723164125938,32.57853107326954,0.0,36.77714469609829,/Users/fgtek002/TimeTrack/results/final/packs/03_cpu_classical/metrics/predictions/base__cpu_core_weighted__f1__h8__persistence__s0.npz,151,86,79,4462,230,237,0.6371308016877637,True,0.6565217391304348,True,0.6466809421841542,True,0.9810905892700088,0.018909410729991204,7.8542031963588075,0.7716586133412272,7.8542031963588075,-2.696728704159674,-27.99496393001773,22.94227974590796,0.9532083035006466,
cpu_core_weighted,cpu_weighted_mean_pct,persistence,8,1,bottom_up,q90,4.692372881319361,4778,2.3384088327314814,1.7536723164125938,32.57853107326954,1.7536723164125938,32.57853107326954,0.0,68.85023600083518,/Users/fgtek002/TimeTrack/results/final/packs/03_cpu_classical/metrics/predictions/base__cpu_core_weighted__f1__h8__persistence__s0.npz,263,161,157,4197,420,424,0.6202830188679245,True,0.6261904761904762,True,0.6232227488151658,True,0.9630564479118862,0.03694355208811381,5.306729945274113,0.7083853904596832,5.306729945274113,-1.4812062154066514,-27.99496393001773,27.35029002151417,0.9758764248179687,
cpu_core_weighted,cpu_weighted_mean_pct,persistence,8,1,bottom_up,q95,7.138686440503589,4778,2.3384088327314814,1.7536723164125938,32.57853107326954,1.7536723164125938,32.57853107326954,0.0,36.77714469609829,/Users/fgtek002/TimeTrack/results/final/packs/03_cpu_classical/metrics/predictions/base__cpu_core_weighted__f1__h8__persistence__s0.npz,151,86,79,4462,230,237,0.6371308016877637,True,0.6565217391304348,True,0.6466809421841542,True,0.9810905892700088,0.018909410729991204,7.8542031963588075,0.7716586133412272,7.8542031963588075,-2.696728704159674,-27.99496393001773,22.94227974590796,0.9532083035006466,
cpu_core_weighted,cpu_weighted_mean_pct,persistence,8,1,wls,q90,4.692372881319361,4778,2.3384088327314814,1.7536723164125938,32.57853107326954,1.7536723164125252,32.578531073269296,0.0,68.85023600083518,/Users/fgtek002/TimeTrack/results/final/packs/03_cpu_classical/metrics/predictions/base__cpu_core_weighted__f1__h8__persistence__s0.npz,263,161,157,4197,420,424,0.6202830188679245,True,0.6261904761904762,True,0.6232227488151658,True,0.9630564479118862,0.03694355208811381,5.306729945274128,0.708385390459654,5.306729945274128,-1.4812062154067753,-27.99496393001781,27.35029002151392,0.9758764248179528,
cpu_core_weighted,cpu_weighted_mean_pct,persistence,8,1,wls,q95,7.138686440503589,4778,2.3384088327314814,1.7536723164125938,32.57853107326954,1.7536723164125252,32.578531073269296,0.0,36.77714469609829,/Users/fgtek002/TimeTrack/results/final/packs/03_cpu_classical/metrics/predictions/base__cpu_core_weighted__f1__h8__persistence__s0.npz,151,86,79,4462,230,237,0.6371308016877637,True,0.6565217391304348,True,0.6466809421841542,True,0.9810905892700088,0.018909410729991204,7.8542031963588155,0.7716586133412003,7.8542031963588155,-2.6967287041597965,-27.99496393001781,22.942279745907854,0.9532083035006368,
cpu_core_weighted,cpu_weighted_mean_pct,persistence,8,1,mint,q90,4.692372881319361,4778,2.3384088327314814,1.7536723164125938,32.57853107326954,1.7536723164125627,32.57853107326965,0.0,68.85023600083518,/Users/fgtek002/TimeTrack/results/final/packs/03_cpu_classical/metrics/predictions/base__cpu_core_weighted__f1__h8__persistence__s0.npz,263,161,157,4197,420,424,0.6202830188679245,True,0.6261904761904762,True,0.6232227488151658,True,0.9630564479118862,0.03694355208811381,5.306729945274146,0.7083853904596681,5.306729945274146,-1.4812062154066405,-27.994963930017747,27.350290021514255,0.9758764248179678,
cpu_core_weighted,cpu_weighted_mean_pct,persistence,8,1,mint,q95,7.138686440503589,4778,2.3384088327314814,1.7536723164125938,32.57853107326954,1.7536723164125627,32.57853107326965,0.0,36.77714469609829,/Users/fgtek002/TimeTrack/results/final/packs/03_cpu_classical/metrics/predictions/base__cpu_core_weighted__f1__h8__persistence__s0.npz,151,86,79,4462,230,237,0.6371308016877637,True,0.6565217391304348,True,0.6466809421841542,True,0.9810905892700088,0.018909410729991204,7.854203196358841,0.7716586133412138,7.854203196358841,-2.696728704159631,-27.994963930017747,22.942279745908138,0.9532083035006493,
cpu_core_weighted,cpu_weighted_mean_pct,persistence,8,2,independent,q90,4.978273174477393,4341,2.1245359445138887,1.8000000000057879,34.34491525427833,1.8000000000057879,34.34491525427833,0.0,100.25718818738845,/Users/fgtek002/TimeTrack/results/final/packs/03_cpu_classical/metrics/predictions/base__cpu_core_weighted__f2__h8__persistence__s0.npz,344,213,212,3572,556,557,0.6175942549371634,True,0.6187050359712231,True,0.6181491464510331,True,0.9437252311756935,0.05627476882430647,5.914494772208454,0.7879861188188846,5.914494772208454,-1.759648019937457,-28.60994523655807,20.715286545688297,0.9486391676743025,
cpu_core_weighted,cpu_weighted_mean_pct,persistence,8,2,independent,q95,8.180833333253458,4341,2.1245359445138887,1.8000000000057879,34.34491525427833,1.8000000000057879,34.34491525427833,0.0,58.36568701988811,/Users/fgtek002/TimeTrack/results/final/packs/03_cpu_classical/metrics/predictions/base__cpu_core_weighted__f2__h8__persistence__s0.npz,183,124,124,3910,307,307,0.5960912052117264,True,0.5960912052117264,True,0.5960912052117264,True,0.969261279127417,0.030738720872583045,8.47949154822003,0.9092173147679298,8.47949154822003,-3.5369941018826,-28.60994523655807,20.715286545688297,0.8590181960575891,
cpu_core_weighted,cpu_weighted_mean_pct,persistence,8,2,bottom_up,q90,4.978273174477393,4341,2.1245359445138887,1.8000000000057879,34.34491525427833,1.8000000000057879,34.34491525427833,0.0,100.25718818738845,/Users/fgtek002/TimeTrack/results/final/packs/03_cpu_classical/metrics/predictions/base__cpu_core_weighted__f2__h8__persistence__s0.npz,344,213,212,3572,556,557,0.6175942549371634,True,0.6187050359712231,True,0.6181491464510331,True,0.9437252311756935,0.05627476882430647,5.914494772208454,0.7879861188188846,5.914494772208454,-1.759648019937457,-28.60994523655807,20.715286545688297,0.9486391676743025,
cpu_core_weighted,cpu_weighted_mean_pct,persistence,8,2,bottom_up,q95,8.180833333253458,4341,2.1245359445138887,1.8000000000057879,34.34491525427833,1.8000000000057879,34.34491525427833,0.0,58.36568701988811,/Users/fgtek002/TimeTrack/results/final/packs/03_cpu_classical/metrics/predictions/base__cpu_core_weighted__f2__h8__persistence__s0.npz,183,124,124,3910,307,307,0.5960912052117264,True,0.5960912052117264,True,0.5960912052117264,True,0.969261279127417,0.030738720872583045,8.47949154822003,0.9092173147679298,8.47949154822003,-3.5369941018826,-28.60994523655807,20.715286545688297,0.8590181960575891,
cpu_core_weighted,cpu_weighted_mean_pct,persistence,8,2,wls,q90,4.978273174477393,4341,2.1245359445138887,1.8000000000057879,34.34491525427833,1.800000000005781,34.3449152542783,0.0,100.25718818738845,/Users/fgtek002/TimeTrack/results/final/packs/03_cpu_classical/metrics/predictions/base__cpu_core_weighted__f2__h8__persistence__s0.npz,344,213,212,3572,556,557,0.6175942549371634,True,0.6187050359712231,True,0.6181491464510331,True,0.9437252311756935,0.05627476882430647,5.914494772208454,0.7879861188188839,5.914494772208454,-1.7596480199374736,-28.609945236558083,20.715286545688247,0.9486391676743012,
cpu_core_weighted,cpu_weighted_mean_pct,persistence,8,2,wls,q95,8.180833333253458,4341,2.1245359445138887,1.8000000000057879,34.34491525427833,1.800000000005781,34.3449152542783,0.0,58.36568701988811,/Users/fgtek002/TimeTrack/results/final/packs/03_cpu_classical/metrics/predictions/base__cpu_core_weighted__f2__h8__persistence__s0.npz,183,124,124,3910,307,307,0.5960912052117264,True,0.5960912052117264,True,0.5960912052117264,True,0.969261279127417,0.030738720872583045,8.47949154822003,0.9092173147679291,8.47949154822003,-3.536994101882621,-28.609945236558083,20.715286545688247,0.8590181960575877,
cpu_core_weighted,cpu_weighted_mean_pct,persistence,8,2,mint,q90,4.978273174477393,4341,2.1245359445138887,1.8000000000057879,34.34491525427833,1.8000000000058025,34.34491525427837,0.0,100.25718818738845,/Users/fgtek002/TimeTrack/results/final/packs/03_cpu_classical/metrics/predictions/base__cpu_core_weighted__f2__h8__persistence__s0.npz,344,213,212,3572,556,557,0.6175942549371634,True,0.6187050359712231,True,0.6181491464510331,True,0.9437252311756935,0.05627476882430647,5.914494772208451,0.787986118818886,5.914494772208451,-1.759648019937434,-28.609945236558055,20.71528654568832,0.9486391676743053,
cpu_core_weighted,cpu_weighted_mean_pct,persistence,8,2,mint,q95,8.180833333253458,4341,2.1245359445138887,1.8000000000057879,34.34491525427833,1.8000000000058025,34.34491525427837,0.0,58.36568701988811,/Users/fgtek002/TimeTrack/results/final/packs/03_cpu_classical/metrics/predictions/base__cpu_core_weighted__f2__h8__persistence__s0.npz,183,124,124,3910,307,307,0.5960912052117264,True,0.5960912052117264,True,0.5960912052117264,True,0.969261279127417,0.030738720872583045,8.47949154822003,0.909217314767931,8.47949154822003,-3.5369941018825766,-28.609945236558055,20.71528654568832,0.8590181960575906,
cpu_core_weighted,cpu_weighted_mean_pct,persistence,16,0,independent,q90,4.4105649717115325,3707,1.814248962523148,1.7963276836116098,33.59895103311185,1.7963276836116098,33.59895103311185,0.0,106.38010768466266,/Users/fgtek002/TimeTrack/results/final/packs/03_cpu_classical/metrics/predictions/base__cpu_core_weighted__f0__h16__persistence__s0.npz,367,193,198,2949,565,560,0.6553571428571429,True,0.6495575221238938,True,0.6524444444444445,True,0.9385741565881605,0.06142584341183959,5.075903691645551,0.7461034660946263,5.075903691645551,-1.2842822429842453,-29.02578719160281,24.198587570605163,1.0012539746218103,
cpu_core_weighted,cpu_weighted_mean_pct,persistence,16,0,independent,q95,6.208177966037405,3707,1.814248962523148,1.7963276836116098,33.59895103311185,1.7963276836116098,33.59895103311185,0.0,53.46564997622942,/Users/fgtek002/TimeTrack/results/final/packs/03_cpu_classical/metrics/predictions/base__cpu_core_weighted__f0__h16__persistence__s0.npz,199,97,100,3311,299,296,0.6722972972972973,True,0.6655518394648829,True,0.6689075630252102,True,0.971537558685446,0.028462441314553992,7.788512518882194,0.8460614533753746,7.788512518882194,-2.540091937270696,-29.02578719160281,24.198587570605163,0.969718505805458,
cpu_core_weighted,cpu_weighted_mean_pct,persistence,16,0,bottom_up,q90,4.4105649717115325,3707,1.814248962523148,1.7963276836116098,33.59895103311185,1.7963276836116098,33.59895103311185,0.0,106.38010768466266,/Users/fgtek002/TimeTrack/results/final/packs/03_cpu_classical/metrics/predictions/base__cpu_core_weighted__f0__h16__persistence__s0.npz,367,193,198,2949,565,560,0.6553571428571429,True,0.6495575221238938,True,0.6524444444444445,True,0.9385741565881605,0.06142584341183959,5.075903691645551,0.7461034660946263,5.075903691645551,-1.2842822429842453,-29.02578719160281,24.198587570605163,1.0012539746218103,
cpu_core_weighted,cpu_weighted_mean_pct,persistence,16,0,bottom_up,q95,6.208177966037405,3707,1.814248962523148,1.7963276836116098,33.59895103311185,1.7963276836116098,33.59895103311185,0.0,53.46564997622942,/Users/fgtek002/TimeTrack/results/final/packs/03_cpu_classical/metrics/predictions/base__cpu_core_weighted__f0__h16__persistence__s0.npz,199,97,100,3311,299,296,0.6722972972972973,True,0.6655518394648829,True,0.6689075630252102,True,0.971537558685446,0.028462441314553992,7.788512518882194,0.8460614533753746,7.788512518882194,-2.540091937270696,-29.02578719160281,24.198587570605163,0.969718505805458,
cpu_core_weighted,cpu_weighted_mean_pct,persistence,16,0,wls,q90,4.4105649717115325,3707,1.814248962523148,1.7963276836116098,33.59895103311185,1.7963276836120745,33.598951033113664,0.0,106.38010768466266,/Users/fgtek002/TimeTrack/results/final/packs/03_cpu_classical/metrics/predictions/base__cpu_core_weighted__f0__h16__persistence__s0.npz,367,193,198,2949,565,560,0.6553571428571429,True,0.6495575221238938,True,0.6524444444444445,True,0.9385741565881605,0.06142584341183959,5.075903691645464,0.7461034660948048,5.075903691645464,-1.2842822429834748,-29.025787191602255,24.198587570605852,1.0012539746219162,
cpu_core_weighted,cpu_weighted_mean_pct,persistence,16,0,wls,q95,6.208177966037405,3707,1.814248962523148,1.7963276836116098,33.59895103311185,1.7963276836120745,33.598951033113664,0.0,53.46564997622942,/Users/fgtek002/TimeTrack/results/final/packs/03_cpu_classical/metrics/predictions/base__cpu_core_weighted__f0__h16__persistence__s0.npz,199,97,100,3311,299,296,0.6722972972972973,True,0.6655518394648829,True,0.6689075630252102,True,0.971537558685446,0.028462441314553992,7.788512518882171,0.846061453375527,7.788512518882171,-2.540091937269924,-29.025787191602255,24.198587570605852,0.9697185058055242,
cpu_core_weighted,cpu_weighted_mean_pct,persistence,16,0,mint,q90,4.4105649717115325,3707,1.814248962523148,1.7963276836116098,33.59895103311185,1.7963276836119322,33.598951033112584,0.0,106.38010768466266,/Users/fgtek002/TimeTrack/results/final/packs/03_cpu_classical/metrics/predictions/base__cpu_core_weighted__f0__h16__persistence__s0.npz,367,193,198,2949,565,560,0.6553571428571429,True,0.6495575221238938,True,0.6524444444444445,True,0.9385741565881605,0.06142584341183959,5.075903691645474,0.7461034660947002,5.075903691645474,-1.2842822429838117,-29.025787191602383,24.19858757060546,1.0012539746218716,
cpu_core_weighted,cpu_weighted_mean_pct,persistence,16,0,mint,q95,6.208177966037405,3707,1.814248962523148,1.7963276836116098,33.59895103311185,1.7963276836119322,33.598951033112584,0.0,53.46564997622942,/Users/fgtek002/TimeTrack/results/final/packs/03_cpu_classical/metrics/predictions/base__cpu_core_weighted__f0__h16__persistence__s0.npz,199,97,100,3311,299,296,0.6722972972972973,True,0.6655518394648829,True,0.6689075630252102,True,0.971537558685446,0.028462441314553992,7.78851251888215,0.8460614533754338,7.78851251888215,-2.5400919372702804,-29.025787191602383,24.19858757060546,0.9697185058054946,
cpu_core_weighted,cpu_weighted_mean_pct,persistence,16,1,independent,q90,4.692372881319361,4317,2.112790065069444,1.7536723164125938,32.57853107326954,1.7536723164125938,32.57853107326954,0.0,70.99616875331613,/Users/fgtek002/TimeTrack/results/final/packs/03_cpu_classical/metrics/predictions/base__cpu_core_weighted__f1__h16__persistence__s0.npz,240,150,144,3783,384,390,0.6153846153846154,True,0.625,True,0.6201550387596899,True,0.96186117467582,0.03813882532418002,5.2583693450957565,0.7067425777364127,5.2583693450957565,-1.4142392533074597,-27.99496393001773,27.35029002151417,0.9797602995134905,
cpu_core_weighted,cpu_weighted_mean_pct,persistence,16,1,independent,q95,7.138686440503589,4317,2.112790065069444,1.7536723164125938,32.57853107326954,1.7536723164125938,32.57853107326954,0.0,36.91800775172438,/Users/fgtek002/TimeTrack/results/final/packs/03_cpu_classical/metrics/predictions/base__cpu_core_weighted__f1__h16__persistence__s0.npz,135,78,72,4032,207,213,0.6338028169014085,True,0.6521739130434783,True,0.6428571428571428,True,0.981021897810219,0.01897810218978102,7.8107660919317885,0.7742101717090514,7.8107660919317885,-2.6328984377137212,-27.99496393001773,22.94227974590796,0.9557456447549914,
cpu_core_weighted,cpu_weighted_mean_pct,persistence,16,1,bottom_up,q90,4.692372881319361,4317,2.112790065069444,1.7536723164125938,32.57853107326954,1.7536723164125938,32.57853107326954,0.0,70.99616875331613,/Users/fgtek002/TimeTrack/results/final/packs/03_cpu_classical/metrics/predictions/base__cpu_core_weighted__f1__h16__persistence__s0.npz,240,150,144,3783,384,390,0.6153846153846154,True,0.625,True,0.6201550387596899,True,0.96186117467582,0.03813882532418002,5.2583693450957565,0.7067425777364127,5.2583693450957565,-1.4142392533074597,-27.99496393001773,27.35029002151417,0.9797602995134905,
cpu_core_weighted,cpu_weighted_mean_pct,persistence,16,1,bottom_up,q95,7.138686440503589,4317,2.112790065069444,1.7536723164125938,32.57853107326954,1.7536723164125938,32.57853107326954,0.0,36.91800775172438,/Users/fgtek002/TimeTrack/results/final/packs/03_cpu_classical/metrics/predictions/base__cpu_core_weighted__f1__h16__persistence__s0.npz,135,78,72,4032,207,213,0.6338028169014085,True,0.6521739130434783,True,0.6428571428571428,True,0.981021897810219,0.01897810218978102,7.8107660919317885,0.7742101717090514,7.8107660919317885,-2.6328984377137212,-27.99496393001773,22.94227974590796,0.9557456447549914,
cpu_core_weighted,cpu_weighted_mean_pct,persistence,16,1,wls,q90,4.692372881319361,4317,2.112790065069444,1.7536723164125938,32.57853107326954,1.75367231641252,32.57853107326948,0.0,70.99616875331613,/Users/fgtek002/TimeTrack/results/final/packs/03_cpu_classical/metrics/predictions/base__cpu_core_weighted__f1__h16__persistence__s0.npz,240,150,144,3783,384,390,0.6153846153846154,True,0.625,True,0.6201550387596899,True,0.96186117467582,0.03813882532418002,5.258369345095777,0.7067425777363986,5.258369345095777,-1.4142392533075678,-27.99496393001781,27.35029002151409,0.9797602995134757,
cpu_core_weighted,cpu_weighted_mean_pct,persistence,16,1,wls,q95,7.138686440503589,4317,2.112790065069444,1.7536723164125938,32.57853107326954,1.75367231641252,32.57853107326948,0.0,36.91800775172438,/Users/fgtek002/TimeTrack/results/final/packs/03_cpu_classical/metrics/predictions/base__cpu_core_weighted__f1__h16__persistence__s0.npz,135,78,72,4032,207,213,0.6338028169014085,True,0.6521739130434783,True,0.6428571428571428,True,0.981021897810219,0.01897810218978102,7.810766091931792,0.7742101717090396,7.810766091931792,-2.6328984377138216,-27.99496393001781,22.942279745907943,0.9557456447549822,
cpu_core_weighted,cpu_weighted_mean_pct,persistence,16,1,mint,q90,4.692372881319361,4317,2.112790065069444,1.7536723164125938,32.57853107326954,1.7536723164123211,32.5785310732687,0.0,70.99616875331613,/Users/fgtek002/TimeTrack/results/final/packs/03_cpu_classical/metrics/predictions/base__cpu_core_weighted__f1__h16__persistence__s0.npz,240,150,144,3783,384,390,0.6153846153846154,True,0.625,True,0.6201550387596899,True,0.96186117467582,0.03813882532418002,5.258369345095802,0.7067425777363107,5.258369345095802,-1.4142392533079906,-27.99496393001804,27.35029002151328,0.9797602995134223,
cpu_core_weighted,cpu_weighted_mean_pct,persistence,16,1,mint,q95,7.138686440503589,4317,2.112790065069444,1.7536723164125938,32.57853107326954,1.7536723164123211,32.5785310732687,0.0,36.91800775172438,/Users/fgtek002/TimeTrack/results/final/packs/03_cpu_classical/metrics/predictions/base__cpu_core_weighted__f1__h16__persistence__s0.npz,135,78,72,4032,207,213,0.6338028169014085,True,0.6521739130434783,True,0.6428571428571428,True,0.981021897810219,0.01897810218978102,7.810766091931782,0.7742101717089583,7.810766091931782,-2.6328984377142617,-27.99496393001804,22.942279745907555,0.955745644754946,
cpu_core_weighted,cpu_weighted_mean_pct,persistence,16,2,independent,q90,4.978273174477393,3798,1.858785422083333,1.8000000000057879,34.34491525427833,1.8000000000057879,34.34491525427833,0.0,100.06534255660912,/Users/fgtek002/TimeTrack/results/final/packs/03_cpu_classical/metrics/predictions/base__cpu_core_weighted__f2__h16__persistence__s0.npz,301,186,189,3122,490,487,0.6180698151950719,True,0.6142857142857143,True,0.6161719549641761,True,0.9437726723095526,0.0562273276904474,6.010584108655502,0.7925424431972561,6.010584108655502,-1.8192315708690363,-28.60994523655807,20.715286545688297,0.9503147572706014,
cpu_core_weighted,cpu_weighted_mean_pct,persistence,16,2,independent,q95,8.180833333253458,3798,1.858785422083333,1.8000000000057879,34.34491525427833,1.8000000000057879,34.34491525427833,0.0,58.64044268102363,/Users/fgtek002/TimeTrack/results/final/packs/03_cpu_classical/metrics/predictions/base__cpu_core_weighted__f2__h16__persistence__s0.npz,161,109,112,3416,273,270,0.5962962962962963,True,0.5897435897435898,True,0.5930018416206262,True,0.9690780141843972,0.030921985815602838,8.510374690843568,0.9201657658829575,8.510374690843568,-3.6540059121737793,-28.60994523655807,20.715286545688297,0.8562412023971054,
cpu_core_weighted,cpu_weighted_mean_pct,persistence,16,2,bottom_up,q90,4.978273174477393,3798,1.858785422083333,1.8000000000057879,34.34491525427833,1.8000000000057879,34.34491525427833,0.0,100.06534255660912,/Users/fgtek002/TimeTrack/results/final/packs/03_cpu_classical/metrics/predictions/base__cpu_core_weighted__f2__h16__persistence__s0.npz,301,186,189,3122,490,487,0.6180698151950719,True,0.6142857142857143,True,0.6161719549641761,True,0.9437726723095526,0.0562273276904474,6.010584108655502,0.7925424431972561,6.010584108655502,-1.8192315708690363,-28.60994523655807,20.715286545688297,0.9503147572706014,
cpu_core_weighted,cpu_weighted_mean_pct,persistence,16,2,bottom_up,q95,8.180833333253458,3798,1.858785422083333,1.8000000000057879,34.34491525427833,1.8000000000057879,34.34491525427833,0.0,58.64044268102363,/Users/fgtek002/TimeTrack/results/final/packs/03_cpu_classical/metrics/predictions/base__cpu_core_weighted__f2__h16__persistence__s0.npz,161,109,112,3416,273,270,0.5962962962962963,True,0.5897435897435898,True,0.5930018416206262,True,0.9690780141843972,0.030921985815602838,8.510374690843568,0.9201657658829575,8.510374690843568,-3.6540059121737793,-28.60994523655807,20.715286545688297,0.8562412023971054,
cpu_core_weighted,cpu_weighted_mean_pct,persistence,16,2,wls,q90,4.978273174477393,3798,1.858785422083333,1.8000000000057879,34.34491525427833,1.8000000000057934,34.34491525427824,0.0,100.06534255660912,/Users/fgtek002/TimeTrack/results/final/packs/03_cpu_classical/metrics/predictions/base__cpu_core_weighted__f2__h16__persistence__s0.npz,301,186,189,3122,490,487,0.6180698151950719,True,0.6142857142857143,True,0.6161719549641761,True,0.9437726723095526,0.0562273276904474,6.010584108655495,0.7925424431972576,6.010584108655495,-1.8192315708690525,-28.609945236558072,20.715286545688176,0.950314757270601,
cpu_core_weighted,cpu_weighted_mean_pct,persistence,16,2,wls,q95,8.180833333253458,3798,1.858785422083333,1.8000000000057879,34.34491525427833,1.8000000000057934,34.34491525427824,0.0,58.64044268102363,/Users/fgtek002/TimeTrack/results/final/packs/03_cpu_classical/metrics/predictions/base__cpu_core_weighted__f2__h16__persistence__s0.npz,161,109,112,3416,273,270,0.5962962962962963,True,0.5897435897435898,True,0.5930018416206262,True,0.9690780141843972,0.030921985815602838,8.51037469084356,0.9201657658829585,8.51037469084356,-3.654005912173812,-28.609945236558072,20.715286545688176,0.8562412023971038,
cpu_core_weighted,cpu_weighted_mean_pct,persistence,16,2,mint,q90,4.978273174477393,3798,1.858785422083333,1.8000000000057879,34.34491525427833,1.8000000000057872,34.3449152542783,0.0,100.06534255660912,/Users/fgtek002/TimeTrack/results/final/packs/03_cpu_classical/metrics/predictions/base__cpu_core_weighted__f2__h16__persistence__s0.npz,301,186,189,3122,490,487,0.6180698151950719,True,0.6142857142857143,True,0.6161719549641761,True,0.9437726723095526,0.0562273276904474,6.0105841086554985,0.7925424431972558,6.0105841086554985,-1.8192315708690445,-28.609945236558072,20.715286545688283,0.9503147572706007,
cpu_core_weighted,cpu_weighted_mean_pct,persistence,16,2,mint,q95,8.180833333253458,3798,1.858785422083333,1.8000000000057879,34.34491525427833,1.8000000000057872,34.3449152542783,0.0,58.64044268102363,/Users/fgtek002/TimeTrack/results/final/packs/03_cpu_classical/metrics/predictions/base__cpu_core_weighted__f2__h16__persistence__s0.npz,161,109,112,3416,273,270,0.5962962962962963,True,0.5897435897435898,True,0.5930018416206262,True,0.9690780141843972,0.030921985815602838,8.510374690843564,0.920165765882957,8.510374690843564,-3.65400591217379,-28.609945236558072,20.715286545688283,0.8562412023971046,
cpu_core_weighted,cpu_weighted_mean_pct,ridge,1,0,independent,q90,4.4105649717115325,4847,2.372178236134259,1.7963276836116098,33.59895103311185,-3.468496185680669,30.585103437157787,123.47735953230479,151.33770073914528,/Users/fgtek002/TimeTrack/results/final/packs/03_cpu_classical/metrics/predictions/base__cpu_core_weighted__f0__h1__ridge__s0.npz,551,359,218,3719,769,910,0.6054945054945055,True,0.716514954486346,True,0.6563430613460393,True,0.9119666503187838,0.08803334968121629,4.553593080602383,0.7301515013189986,4.553593080602383,-2.4303609432576825,-29.231871872126295,17.670092819388085,0.9037592768745449,
cpu_core_weighted,cpu_weighted_mean_pct,ridge,1,0,independent,q95,6.208177966037405,4847,2.372178236134259,1.7963276836116098,33.59895103311185,-3.468496185680669,30.585103437157787,123.47735953230479,59.86059472133323,/Users/fgtek002/TimeTrack/results/final/packs/03_cpu_classical/metrics/predictions/base__cpu_core_weighted__f0__h1__ridge__s0.npz,256,142,143,4306,399,398,0.6432160804020101,True,0.6416040100250626,True,0.6424090338770388,True,0.9680755395683454,0.03192446043165468,7.373648011890157,0.7952305181245362,7.373648011890157,-4.544864302092179,-29.231871872126295,17.670092819388085,0.8360148526313396,
cpu_core_weighted,cpu_weighted_mean_pct,ridge,1,0,bottom_up,q90,4.4105649717115325,4847,2.372178236134259,1.7963276836116098,33.59895103311185,-3.4090948387835267,29.622057125711777,0.0,113.81944066732375,/Users/fgtek002/TimeTrack/results/final/packs/03_cpu_classical/metrics/predictions/base__cpu_core_weighted__f0__h1__ridge__s0.npz,515,270,254,3808,769,785,0.6560509554140127,True,0.6697009102730819,True,0.6628056628056628,True,0.9337910740559098,0.06620892594409024,4.45100925753275,0.5880194126467533,4.45100925753275,-2.6803313374524222,-28.372941796431217,17.399697249793878,0.8738030263352915,
cpu_core_weighted,cpu_weighted_mean_pct,ridge,1,0,bottom_up,q95,6.208177966037405,4847,2.372178236134259,1.7963276836116098,33.59895103311185,-3.4090948387835267,29.622057125711777,0.0,48.0570971706478,/Users/fgtek002/TimeTrack/results/final/packs/03_cpu_classical/metrics/predictions/base__cpu_core_weighted__f0__h1__ridge__s0.npz,252,114,147,4334,399,366,0.6885245901639344,True,0.631578947368421,True,0.6588235294117646,True,0.9743705035971223,0.025629496402877698,7.188428429323255,0.6638008859074115,7.188428429323255,-4.869157001208661,-28.372941796431217,17.399697249793878,0.8099027510845493,
cpu_core_weighted,cpu_weighted_mean_pct,ridge,1,0,wls,q90,4.4105649717115325,4847,2.372178236134259,1.7963276836116098,33.59895103311185,-3.4322051157857416,29.996733259944843,0.0,120.98584989452561,/Users/fgtek002/TimeTrack/results/final/packs/03_cpu_classical/metrics/predictions/base__cpu_core_weighted__f0__h1__ridge__s0.npz,538,287,231,3791,769,825,0.6521212121212121,True,0.6996098829648895,True,0.6750313676286072,True,0.9296223639038744,0.07037763609612555,4.452029954968548,0.6124923279514123,4.452029954968548,-2.5830795855308453,-28.311198624692175,17.504895479126485,0.885457597890975,
cpu_core_weighted,cpu_weighted_mean_pct,ridge,1,0,wls,q95,6.208177966037405,4847,2.372178236134259,1.7963276836116098,33.59895103311185,-3.4322051157857416,29.996733259944843,0.0,49.32175762250696,/Users/fgtek002/TimeTrack/results/final/packs/03_cpu_classical/metrics/predictions/base__cpu_core_weighted__f0__h1__ridge__s0.npz,248,117,151,4331,399,365,0.6794520547945205,True,0.6215538847117794,True,0.6492146596858639,True,0.9736960431654677,0.026303956834532374,7.240089210013239,0.6817803853330465,7.240089210013239,-4.742989927599653,-28.311198624692175,17.504895479126485,0.8200617446324018,
cpu_core_weighted,cpu_weighted_mean_pct,ridge,1,0,mint,q90,4.4105649717115325,4847,2.372178236134259,1.7963276836116098,33.59895103311185,-3.4221888275049124,29.834343853186393,0.0,117.19186853894814,/Users/fgtek002/TimeTrack/results/final/packs/03_cpu_classical/metrics/predictions/base__cpu_core_weighted__f0__h1__ridge__s0.npz,526,278,243,3800,769,804,0.654228855721393,True,0.6840052015604682,True,0.6687857596948507,True,0.9318293281020108,0.06817067189798921,4.446218631315518,0.5964519412647314,4.446218631315518,-2.625229732972389,-28.244710084535328,17.459301227204545,0.8804063581987984,
cpu_core_weighted,cpu_weighted_mean_pct,ridge,1,0,mint,q95,6.208177966037405,4847,2.372178236134259,1.7963276836116098,33.59895103311185,-3.4221888275049124,29.834343853186393,0.0,48.9002041385539,/Users/fgtek002/TimeTrack/results/final/packs/03_cpu_classical/metrics/predictions/base__cpu_core_weighted__f0__h1__ridge__s0.npz,251,116,148,4332,399,367,0.6839237057220708,True,0.6290726817042607,True,0.6553524804177545,True,0.9739208633093526,0.026079136690647483,7.214429194830944,0.6683713793214167,7.214429194830944,-4.797672343595384,-28.244710084535328,17.459301227204545,0.8156587074897387,
cpu_core_weighted,cpu_weighted_mean_pct,ridge,1,1,independent,q90,4.692372881319361,5261,2.574794656550926,1.7536723164125938,32.57853107326954,-4.6025327554872515,30.57920072154815,111.69797010308775,96.70674100805721,/Users/fgtek002/TimeTrack/results/final/packs/03_cpu_classical/metrics/predictions/base__cpu_core_weighted__f1__h1__ridge__s0.npz,319,249,123,4570,442,568,0.5616197183098591,True,0.7217194570135747,True,0.6316831683168317,True,0.9483295289479146,0.0516704710520855,4.7499873497934635,0.6982187219816126,4.7499873497934635,-2.7361268279014346,-26.865077380673412,17.363390174487012,0.878640463322817,
cpu_core_weighted,cpu_weighted_mean_pct,ridge,1,1,independent,q95,7.138686440503589,5261,2.574794656550926,1.7536723164125938,32.57853107326954,-4.6025327554872515,30.57920072154815,111.69797010308775,29.128536448210003,/Users/fgtek002/TimeTrack/results/final/packs/03_cpu_classical/metrics/predictions/base__cpu_core_weighted__f1__h1__ridge__s0.npz,132,75,108,4946,240,207,0.6376811594202898,True,0.55,True,0.5906040268456376,True,0.985062736506672,0.014937263493328022,7.345523979034348,0.7371608593646404,7.345523979034348,-4.979929415895973,-26.865077380673412,11.21181867063719,0.7829350371577256,
cpu_core_weighted,cpu_weighted_mean_pct,ridge,1,1,bottom_up,q90,4.692372881319361,5261,2.574794656550926,1.7536723164125938,32.57853107326954,-4.191920305305129,29.137784677057002,0.0,79.61799962510734,/Users/fgtek002/TimeTrack/results/final/packs/03_cpu_classical/metrics/predictions/base__cpu_core_weighted__f1__h1__ridge__s0.npz,309,205,133,4614,442,514,0.6011673151750972,True,0.6990950226244343,True,0.6464435146443515,True,0.9574600539531023,0.042539946046897696,4.694195047695573,0.5694394460279678,4.694195047695573,-2.873392293964753,-26.213032737076453,15.194785795899215,0.8660092358617051,
cpu_core_weighted,cpu_weighted_mean_pct,ridge,1,1,bottom_up,q95,7.138686440503589,5261,2.574794656550926,1.7536723164125938,32.57853107326954,-4.191920305305129,29.137784677057002,0.0,24.07959013052027,/Users/fgtek002/TimeTrack/results/final/packs/03_cpu_classical/metrics/predictions/base__cpu_core_weighted__f1__h1__ridge__s0.npz,128,62,112,4959,240,190,0.6736842105263158,True,0.5333333333333333,True,0.5953488372093023,True,0.9876518621788488,0.012348137821151165,7.247571092835683,0.6133331685340881,7.247571092835683,-5.2368783492317545,-26.213032737076453,10.233768701556471,0.7582186749038404,
cpu_core_weighted,cpu_weighted_mean_pct,ridge,1,1,wls,q90,4.692372881319361,5261,2.574794656550926,1.7536723164125938,32.57853107326954,-4.347189208204575,29.682841427651827,0.0,81.94828254096414,/Users/fgtek002/TimeTrack/results/final/packs/03_cpu_classical/metrics/predictions/base__cpu_core_weighted__f1__h1__ridge__s0.npz,314,211,128,4608,442,525,0.5980952380952381,True,0.7104072398190046,True,0.6494312306101344,True,0.9562149823614858,0.043785017638514216,4.681643803823125,0.5912880801976855,4.681643803823125,-2.821486760383762,-26.357001736214094,16.014821385509887,0.8707856054756768,
cpu_core_weighted,cpu_weighted_mean_pct,ridge,1,1,wls,q95,7.138686440503589,5261,2.574794656550926,1.7536723164125938,32.57853107326954,-4.347189208204575,29.682841427651827,0.0,25.24473158844867,/Users/fgtek002/TimeTrack/results/final/packs/03_cpu_classical/metrics/predictions/base__cpu_core_weighted__f1__h1__ridge__s0.npz,130,65,110,4956,240,195,0.6666666666666666,True,0.5416666666666666,True,0.5977011494252873,True,0.9870543716391157,0.012945628360884287,7.246879681845936,0.6332309691534442,7.246879681845936,-5.139715735281267,-26.357001736214094,10.25353009925033,0.7675649147685366,
cpu_core_weighted,cpu_weighted_mean_pct,ridge,1,1,mint,q90,4.692372881319361,5261,2.574794656550926,1.7536723164125938,32.57853107326954,-4.334113841941051,29.63694159506475,0.0,81.94828254096414,/Users/fgtek002/TimeTrack/results/final/packs/03_cpu_classical/metrics/predictions/base__cpu_core_weighted__f1__h1__ridge__s0.npz,312,211,130,4608,442,523,0.5965583173996176,True,0.7058823529411765,True,0.6466321243523316,True,0.9562149823614858,0.043785017638514216,4.681510621624416,0.5881889556672213,4.681510621624416,-2.825857782849871,-26.344877947360537,15.945765280366974,0.870383382100818,
cpu_core_weighted,cpu_weighted_mean_pct,ridge,1,1,mint,q95,7.138686440503589,5261,2.574794656550926,1.7536723164125938,32.57853107326954,-4.334113841941051,29.63694159506475,0.0,25.6331120744248,/Users/fgtek002/TimeTrack/results/final/packs/03_cpu_classical/metrics/predictions/base__cpu_core_weighted__f1__h1__ridge__s0.npz,131,66,109,4955,240,197,0.6649746192893401,True,0.5458333333333333,True,0.5995423340961098,True,0.9868552081258714,0.01314479187412866,7.2456083514584595,0.6303055701589924,7.2456083514584595,-5.147897906604824,-26.344877947360537,10.251865970064962,0.7667778575590499,
cpu_core_weighted,cpu_weighted_mean_pct,ridge,1,2,independent,q90,4.978273174477393,4852,2.3746252943518513,1.8000000000057879,36.562994350350365,-2.8666117317986175,31.941471673478148,130.53487334987042,154.97181844870593,/Users/fgtek002/TimeTrack/results/final/packs/03_cpu_classical/metrics/predictions/base__cpu_core_weighted__f2__h1__ridge__s0.npz,410,368,210,3864,620,778,0.5269922879177378,True,0.6612903225806451,True,0.5865522174535049,True,0.9130434782608695,0.08695652173913043,5.165978389601598,0.8308263623500767,5.165978389601598,-3.553182584125774,-29.33508220819272,11.834068938649809,0.8179342085010389,
cpu_core_weighted,cpu_weighted_mean_pct,ridge,1,2,independent,q95,8.180833333253458,4852,2.3746252943518513,1.8000000000057879,36.562994350350365,-2.8666117317986175,31.941471673478148,130.53487334987042,44.63862161837725,/Users/fgtek002/TimeTrack/results/final/packs/03_cpu_classical/metrics/predictions/base__cpu_core_weighted__f2__h1__ridge__s0.npz,177,106,160,4409,337,283,0.6254416961130742,True,0.5252225519287834,True,0.5709677419354839,True,0.9765227021040974,0.023477297895902548,7.794211309716309,0.9063819613829721,7.794211309716309,-6.437024173799593,-29.33508220819272,11.834068938649809,0.6822200604135173,
cpu_core_weighted,cpu_weighted_mean_pct,ridge,1,2,bottom_up,q90,4.978273174477393,4852,2.3746252943518513,1.8000000000057879,36.562994350350365,-1.9876714778696332,28.247253226564606,0.0,140.6537700050755,/Users/fgtek002/TimeTrack/results/final/packs/03_cpu_classical/metrics/predictions/base__cpu_core_weighted__f2__h1__ridge__s0.npz,408,334,212,3898,620,742,0.5498652291105122,True,0.6580645161290323,True,0.5991189427312776,True,0.9210775047258979,0.07892249527410208,5.173561959134757,0.7393542708129857,5.173561959134757,-3.750140280124047,-29.07202262116558,8.847094678940042,0.8024287216725969,
cpu_core_weighted,cpu_weighted_mean_pct,ridge,1,2,bottom_up,q95,8.180833333253458,4852,2.3746252943518513,1.8000000000057879,36.562994350350365,-1.9876714778696332,28.247253226564606,0.0,41.269669043405386,/Users/fgtek002/TimeTrack/results/final/packs/03_cpu_classical/metrics/predictions/base__cpu_core_weighted__f2__h1__ridge__s0.npz,181,98,156,4417,337,279,0.6487455197132617,True,0.5370919881305638,True,0.5876623376623377,True,0.9782945736434109,0.021705426356589147,7.831984152969022,0.8188653442289135,7.831984152969022,-6.716619149547958,-29.07202262116558,7.81879450959612,0.6662771513059611,
cpu_core_weighted,cpu_weighted_mean_pct,ridge,1,2,wls,q90,4.978273174477393,4852,2.3746252943518513,1.8000000000057879,36.562994350350365,-2.3238498507476772,29.660223381234378,0.0,143.1804844363044,/Users/fgtek002/TimeTrack/results/final/packs/03_cpu_classical/metrics/predictions/base__cpu_core_weighted__f2__h1__ridge__s0.npz,407,340,213,3892,620,747,0.5448460508701473,True,0.6564516129032258,True,0.5954645208485736,True,0.9196597353497165,0.08034026465028356,5.135277081256485,0.7413929874664612,5.135277081256485,-3.674807608226783,-29.172638042454373,8.58470862857603,0.808359283288553,
cpu_core_weighted,cpu_weighted_mean_pct,ridge,1,2,wls,q95,8.180833333253458,4852,2.3746252943518513,1.8000000000057879,36.562994350350365,-2.3238498507476772,29.660223381234378,0.0,42.111907187148354,/Users/fgtek002/TimeTrack/results/final/packs/03_cpu_classical/metrics/predictions/base__cpu_core_weighted__f2__h1__ridge__s0.npz,182,100,155,4415,337,282,0.6453900709219859,True,0.5400593471810089,True,0.5880452342487885,True,0.9778516057585825,0.0221483942414175,7.778772831923789,0.8194906908037137,7.778772831923789,-6.6096792482386,-29.172638042454373,8.377371997918447,0.6723750188444702,
cpu_core_weighted,cpu_weighted_mean_pct,ridge,1,2,mint,q90,4.978273174477393,4852,2.3746252943518513,1.8000000000057879,36.562994350350365,-2.212479166680201,29.192128270459307,0.0,139.81153186133253,/Users/fgtek002/TimeTrack/results/final/packs/03_cpu_classical/metrics/predictions/base__cpu_core_weighted__f2__h1__ridge__s0.npz,411,332,209,3900,620,743,0.5531628532974427,True,0.6629032258064517,True,0.6030814380044021,True,0.9215500945179584,0.07844990548204159,5.143104983871174,0.7361681975673879,5.143104983871174,-3.6997641547470415,-29.139305712951035,8.327235000368434,0.8063945801506932,
cpu_core_weighted,cpu_weighted_mean_pct,ridge,1,2,mint,q95,8.180833333253458,4852,2.3746252943518513,1.8000000000057879,36.562994350350365,-2.212479166680201,29.192128270459307,0.0,42.533026259019834,/Users/fgtek002/TimeTrack/results/final/packs/03_cpu_classical/metrics/predictions/base__cpu_core_weighted__f2__h1__ridge__s0.npz,182,101,155,4414,337,283,0.6431095406360424,True,0.5400593471810089,True,0.5870967741935484,True,0.9776301218161684,0.02236987818383167,7.7908855254840566,0.8147642259174278,7.7908855254840566,-6.645106779941416,-29.139305712951035,7.66808360397693,0.6703548898477621,
cpu_core_weighted,cpu_weighted_mean_pct,ridge,8,0,independent,q90,4.4105649717115325,4295,2.102023008912037,1.7963276836116098,33.59895103311185,-3.469043376883773,30.5846543661664,122.70854168303961,153.6614959163449,/Users/fgtek002/TimeTrack/results/final/packs/03_cpu_classical/metrics/predictions/base__cpu_core_weighted__f0__h8__ridge__s0.npz,468,323,196,3308,664,791,0.5916561314791403,True,0.7048192771084337,True,0.643298969072165,True,0.9110437895896447,0.08895621041035527,4.400424300525215,0.7398542857705409,4.400424300525215,-2.440299207358999,-29.23218797581019,16.81270979526311,0.8960231820963435,
cpu_core_weighted,cpu_weighted_mean_pct,ridge,8,0,independent,q95,6.208177966037405,4295,2.102023008912037,1.7963276836116098,33.59895103311185,-3.469043376883773,30.5846543661664,122.70854168303961,60.41798755843902,/Users/fgtek002/TimeTrack/results/final/packs/03_cpu_classical/metrics/predictions/base__cpu_core_weighted__f0__h8__ridge__s0.npz,218,127,121,3829,339,345,0.6318840579710145,True,0.6430678466076696,True,0.6374269005847953,True,0.967896865520728,0.03210313447927199,7.114160183170058,0.8080364876357248,7.114160183170058,-4.6068990476466665,-29.23218797581019,16.81270979526311,0.8231387927677424,
cpu_core_weighted,cpu_weighted_mean_pct,ridge,8,0,bottom_up,q90,4.4105649717115325,4295,2.102023008912037,1.7963276836116098,33.59895103311185,-3.4277014925690614,29.46039368496077,0.0,117.5058498183814,/Users/fgtek002/TimeTrack/results/final/packs/03_cpu_classical/metrics/predictions/base__cpu_core_weighted__f0__h8__ridge__s0.npz,443,247,221,3384,664,690,0.6420289855072464,True,0.6671686746987951,True,0.654357459379616,True,0.9319746626273754,0.06802533737262462,4.3064806782222735,0.5969395734876783,4.3064806782222735,-2.642398778495903,-27.73348864934971,16.708677839096683,0.8715925101517332,
cpu_core_weighted,cpu_weighted_mean_pct,ridge,8,0,bottom_up,q95,6.208177966037405,4295,2.102023008912037,1.7963276836116098,33.59895103311185,-3.4277014925690614,29.46039368496077,0.0,49.95187947744959,/Users/fgtek002/TimeTrack/results/final/packs/03_cpu_classical/metrics/predictions/base__cpu_core_weighted__f0__h8__ridge__s0.npz,217,105,122,3851,339,322,0.6739130434782609,True,0.640117994100295,True,0.6565809379727686,True,0.9734580384226491,0.02654196157735086,6.933610249651674,0.6765664527405036,6.933610249651674,-4.868695727123395,-27.73348864934971,16.708677839096683,0.8031053001382348,
cpu_core_weighted,cpu_weighted_mean_pct,ridge,8,0,wls,q90,4.4105649717115325,4295,2.102023008912037,1.7963276836116098,33.59895103311185,-3.4448549825291206,29.926869624005977,0.0,125.11756478637372,/Users/fgtek002/TimeTrack/results/final/packs/03_cpu_classical/metrics/predictions/base__cpu_core_weighted__f0__h8__ridge__s0.npz,464,263,200,3368,664,727,0.6382393397524071,True,0.6987951807228916,True,0.6671459381739755,True,0.9275681630404847,0.07243183695951529,4.30793417386407,0.626346242826653,4.30793417386407,-2.558544038396246,-28.355325904128826,16.75184256526271,0.8817292345141405,
cpu_core_weighted,cpu_weighted_mean_pct,ridge,8,0,wls,q95,6.208177966037405,4295,2.102023008912037,1.7963276836116098,33.59895103311185,-3.4448549825291206,29.926869624005977,0.0,49.95187947744959,/Users/fgtek002/TimeTrack/results/final/packs/03_cpu_classical/metrics/predictions/base__cpu_core_weighted__f0__h8__ridge__s0.npz,214,105,125,3851,339,319,0.670846394984326,True,0.6312684365781711,True,0.6504559270516718,True,0.9734580384226491,0.02654196157735086,6.99202070509835,0.6987958746514101,6.99202070509835,-4.760071585107777,-28.355325904128826,16.75184256526271,0.811417555865871,
cpu_core_weighted,cpu_weighted_mean_pct,ridge,8,0,mint,q90,4.4105649717115325,4295,2.102023008912037,1.7963276836116098,33.59895103311185,-3.4364979228426984,29.699605826707757,0.0,118.45731418938044,/Users/fgtek002/TimeTrack/results/final/packs/03_cpu_classical/metrics/predictions/base__cpu_core_weighted__f0__h8__ridge__s0.npz,450,249,214,3382,664,699,0.6437768240343348,True,0.677710843373494,True,0.6603081438004401,True,0.9314238501790141,0.06857614982098595,4.301974646985534,0.605999098118577,4.301974646985534,-2.599397478116672,-28.052371166289706,16.73081301420298,0.8767906936849461,
cpu_core_weighted,cpu_weighted_mean_pct,ridge,8,0,mint,q95,6.208177966037405,4295,2.102023008912037,1.7963276836116098,33.59895103311185,-3.4364979228426984,29.699605826707757,0.0,49.000415106450546,/Users/fgtek002/TimeTrack/results/final/packs/03_cpu_classical/metrics/predictions/base__cpu_core_weighted__f0__h8__ridge__s0.npz,214,103,125,3853,339,317,0.6750788643533123,True,0.6312684365781711,True,0.6524390243902439,True,0.973963599595551,0.026036400404448937,6.961142352298083,0.6817660852977496,6.961142352298083,-4.812992503266042,-28.052371166289706,16.73081301420298,0.8073678833261283,
cpu_core_weighted,cpu_weighted_mean_pct,ridge,8,1,independent,q90,4.692372881319361,4778,2.3384088327314814,1.7536723164125938,32.57853107326954,-4.60112965488036,30.58497212137025,111.16586994739626,97.07455634900363,/Users/fgtek002/TimeTrack/results/final/packs/03_cpu_classical/metrics/predictions/base__cpu_core_weighted__f1__h8__ridge__s0.npz,306,227,114,4131,420,533,0.574108818011257,True,0.7285714285714285,True,0.6421825813221407,True,0.947911886186324,0.052088113813676,4.729076569030476,0.6977435173794395,4.729076569030476,-2.7425947967356588,-26.86318908101416,17.372407188472206,0.8763535574754626,
cpu_core_weighted,cpu_weighted_mean_pct,ridge,8,1,independent,q95,7.138686440503589,4778,2.3384088327314814,1.7536723164125938,32.57853107326954,-4.60112965488036,30.58497212137025,111.16586994739626,30.362526435150915,/Users/fgtek002/TimeTrack/results/final/packs/03_cpu_classical/metrics/predictions/base__cpu_core_weighted__f1__h8__ridge__s0.npz,127,71,103,4477,230,198,0.6414141414141414,True,0.5521739130434783,True,0.5934579439252335,True,0.9843887423043096,0.015611257695690413,7.27231630298573,0.7375430206784697,7.27231630298573,-4.905008358920355,-26.86318908101416,11.195590047707157,0.788678594124517,
cpu_core_weighted,cpu_weighted_mean_pct,ridge,8,1,bottom_up,q90,4.692372881319361,4778,2.3384088327314814,1.7536723164125938,32.57853107326954,-4.140390913545328,29.082978519303506,0.0,76.97541913136853,/Users/fgtek002/TimeTrack/results/final/packs/03_cpu_classical/metrics/predictions/base__cpu_core_weighted__f1__h8__ridge__s0.npz,293,180,127,4178,420,473,0.6194503171247357,True,0.6976190476190476,True,0.6562150055991042,True,0.9586966498393759,0.04130335016062414,4.687025672133923,0.5670192687804255,4.687025672133923,-2.8815852130869466,-26.220230431688453,15.125317404511698,0.863035028795689,
cpu_core_weighted,cpu_weighted_mean_pct,ridge,8,1,bottom_up,q95,7.138686440503589,4778,2.3384088327314814,1.7536723164125938,32.57853107326954,-4.140390913545328,29.082978519303506,0.0,25.658473043789506,/Users/fgtek002/TimeTrack/results/final/packs/03_cpu_classical/metrics/predictions/base__cpu_core_weighted__f1__h8__ridge__s0.npz,122,60,108,4488,230,182,0.6703296703296703,True,0.5304347826086957,True,0.5922330097087379,True,0.9868073878627969,0.013192612137203167,7.196816022708995,0.6122148351843169,7.196816022708995,-5.158016591597055,-26.220230431688453,10.199900499987056,0.7639771140326665,
cpu_core_weighted,cpu_weighted_mean_pct,ridge,8,1,wls,q90,4.692372881319361,4778,2.3384088327314814,1.7536723164125938,32.57853107326954,-4.31566971141232,29.654381810052023,0.0,80.82419008793694,/Users/fgtek002/TimeTrack/results/final/packs/03_cpu_classical/metrics/predictions/base__cpu_core_weighted__f1__h8__ridge__s0.npz,296,189,124,4169,420,485,0.6103092783505155,True,0.7047619047619048,True,0.6541436464088397,True,0.9566314823313447,0.04336851766865535,4.669811020717199,0.590316197903714,4.669811020717199,-2.828709101513383,-26.36283900948222,15.98017756862664,0.868101795461727,
cpu_core_weighted,cpu_weighted_mean_pct,ridge,8,1,wls,q95,7.138686440503589,4778,2.3384088327314814,1.7536723164125938,32.57853107326954,-4.31566971141232,29.654381810052023,0.0,26.51375547858249,/Users/fgtek002/TimeTrack/results/final/packs/03_cpu_classical/metrics/predictions/base__cpu_core_weighted__f1__h8__ridge__s0.npz,125,62,105,4486,230,187,0.6684491978609626,True,0.5434782608695652,True,0.5995203836930456,True,0.98636763412489,0.013632365875109938,7.18974266092123,0.6333064659528863,7.18974266092123,-5.061764692428482,-26.36283900948222,10.234067332374895,0.7733742958791295,
cpu_core_weighted,cpu_weighted_mean_pct,ridge,8,1,mint,q90,4.692372881319361,4778,2.3384088327314814,1.7536723164125938,32.57853107326954,-4.299348970440087,29.60117671501135,0.0,80.39654887054046,/Users/fgtek002/TimeTrack/results/final/packs/03_cpu_classical/metrics/predictions/base__cpu_core_weighted__f1__h8__ridge__s0.npz,295,188,125,4170,420,483,0.6107660455486542,True,0.7023809523809523,True,0.653377630121816,True,0.9568609453877925,0.043139054612207434,4.670480282612348,0.5867549912444524,4.670480282612348,-2.8336325567809326,-26.349560291879683,15.900578943601936,0.8676300134359822,
cpu_core_weighted,cpu_weighted_mean_pct,ridge,8,1,mint,q95,7.138686440503589,4778,2.3384088327314814,1.7536723164125938,32.57853107326954,-4.299348970440087,29.60117671501135,0.0,26.51375547858249,/Users/fgtek002/TimeTrack/results/final/packs/03_cpu_classical/metrics/predictions/base__cpu_core_weighted__f1__h8__ridge__s0.npz,126,62,104,4486,230,188,0.6702127659574468,True,0.5478260869565217,True,0.6028708133971291,True,0.98636763412489,0.013632365875109938,7.189422681795253,0.629972021488039,7.189422681795253,-5.0707269989571335,-26.349560291879683,10.230885954889139,0.7724992957498765,
cpu_core_weighted,cpu_weighted_mean_pct,ridge,8,2,independent,q90,4.978273174477393,4341,2.1245359445138887,1.8000000000057879,34.34491525427833,-2.86718859874589,27.650965545960222,129.19730536784897,153.9159649637372,/Users/fgtek002/TimeTrack/results/final/packs/03_cpu_classical/metrics/predictions/base__cpu_core_weighted__f2__h8__ridge__s0.npz,364,327,192,3458,556,691,0.5267727930535456,True,0.6546762589928058,True,0.5838011226944667,True,0.9136063408190225,0.08639365918097754,5.211904711753789,0.8198848958078323,5.211904711753789,-3.59213380516285,-29.335150610375457,11.835683190585021,0.812828545974832,
cpu_core_weighted,cpu_weighted_mean_pct,ridge,8,2,independent,q95,8.180833333253458,4341,2.1245359445138887,1.8000000000057879,34.34491525427833,-2.86718859874589,27.650965545960222,129.19730536784897,43.30357424056215,/Users/fgtek002/TimeTrack/results/final/packs/03_cpu_classical/metrics/predictions/base__cpu_core_weighted__f2__h8__ridge__s0.npz,163,92,144,3942,307,255,0.6392156862745098,True,0.5309446254071661,True,0.5800711743772242,True,0.9771938522558254,0.022806147744174516,7.793958358749632,0.8944814413067959,7.793958358749632,-6.360622774608201,-29.335150610375457,11.835683190585021,0.6863663674293665,
cpu_core_weighted,cpu_weighted_mean_pct,ridge,8,2,bottom_up,q90,4.978273174477393,4341,2.1245359445138887,1.8000000000057879,34.34491525427833,-1.998690621714815,27.295585854902775,0.0,136.50039706264155,/Users/fgtek002/TimeTrack/results/final/packs/03_cpu_classical/metrics/predictions/base__cpu_core_weighted__f2__h8__ridge__s0.npz,362,290,194,3495,556,652,0.5552147239263804,True,0.6510791366906474,True,0.5993377483443708,True,0.9233817701453104,0.07661822985468957,5.171115306928932,0.7212315421959413,5.171115306928932,-3.779480662613361,-29.07267331938334,7.851927020520888,0.7972305410099972,
cpu_core_weighted,cpu_weighted_mean_pct,ridge,8,2,bottom_up,q95,8.180833333253458,4341,2.1245359445138887,1.8000000000057879,34.34491525427833,-1.998690621714815,27.295585854902775,0.0,39.06735502137672,/Users/fgtek002/TimeTrack/results/final/packs/03_cpu_classical/metrics/predictions/base__cpu_core_weighted__f2__h8__ridge__s0.npz,167,83,140,3951,307,250,0.668,True,0.5439739413680782,True,0.599640933572711,True,0.9794248884481904,0.02057511155180962,7.790679288630217,0.7965451056655052,7.790679288630217,-6.619214644419023,-29.07267331938334,7.812557848892801,0.6711067468259886,
cpu_core_weighted,cpu_weighted_mean_pct,ridge,8,2,wls,q90,4.978273174477393,4341,2.1245359445138887,1.8000000000057879,34.34491525427833,-2.326092375710899,27.367250600199316,0.0,140.26592525747304,/Users/fgtek002/TimeTrack/results/final/packs/03_cpu_classical/metrics/predictions/base__cpu_core_weighted__f2__h8__ridge__s0.npz,362,298,194,3487,556,660,0.5484848484848485,True,0.6510791366906474,True,0.5953947368421053,True,0.9212681638044914,0.07873183619550858,5.153335720873441,0.7262779406521752,5.153335720873441,-3.708855639461763,-29.171620614285207,8.565840428046714,0.8031105940664045,
cpu_core_weighted,cpu_weighted_mean_pct,ridge,8,2,wls,q95,8.180833333253458,4341,2.1245359445138887,1.8000000000057879,34.34491525427833,-2.326092375710899,27.367250600199316,0.0,39.06735502137672,/Users/fgtek002/TimeTrack/results/final/packs/03_cpu_classical/metrics/predictions/base__cpu_core_weighted__f2__h8__ridge__s0.npz,167,83,140,3951,307,250,0.668,True,0.5439739413680782,True,0.599640933572711,True,0.9794248884481904,0.02057511155180962,7.758614815217302,0.8012696871349542,7.758614815217302,-6.521732054955097,-29.171620614285207,8.344446689519925,0.6768592375432823,
cpu_core_weighted,cpu_weighted_mean_pct,ridge,8,2,mint,q90,4.978273174477393,4341,2.1245359445138887,1.8000000000057879,34.34491525427833,-2.2186832707591675,27.34373989491166,0.0,137.44177911134943,/Users/fgtek002/TimeTrack/results/final/packs/03_cpu_classical/metrics/predictions/base__cpu_core_weighted__f2__h8__ridge__s0.npz,366,292,190,3493,556,658,0.5562310030395137,True,0.658273381294964,True,0.6029654036243821,True,0.9228533685601057,0.07714663143989432,5.154839764938057,0.7202265883061507,5.154839764938057,-3.7320252481498857,-29.13915945531738,8.312727065893876,0.8011815535889255,
cpu_core_weighted,cpu_weighted_mean_pct,ridge,8,2,mint,q95,8.180833333253458,4341,2.1245359445138887,1.8000000000057879,34.34491525427833,-2.2186832707591675,27.34373989491166,0.0,40.479428094438525,/Users/fgtek002/TimeTrack/results/final/packs/03_cpu_classical/metrics/predictions/base__cpu_core_weighted__f2__h8__ridge__s0.npz,167,86,140,3948,307,253,0.6600790513833992,True,0.5439739413680782,True,0.5964285714285714,True,0.9786812097174021,0.021318790282597918,7.7648596815448485,0.7953239027788972,7.7648596815448485,-6.553712695116253,-29.13915945531738,7.651426535635183,0.6749720458234908,
cpu_core_weighted,cpu_weighted_mean_pct,ridge,16,0,independent,q90,4.4105649717115325,3707,1.814248962523148,1.7963276836116098,33.59895103311185,-3.469791769280761,30.58423284349174,122.31013155674466,144.41237416259906,/Users/fgtek002/TimeTrack/results/final/packs/03_cpu_classical/metrics/predictions/base__cpu_core_weighted__f0__h16__ridge__s0.npz,402,262,163,2880,565,664,0.6054216867469879,True,0.7115044247787611,True,0.6541903986981286,True,0.916613621896881,0.08338637810311904,4.5984548639219875,0.7431625636768014,4.5984548639219875,-2.586205409951846,-29.232455398690448,16.812268198667194,0.8931795690486808,
cpu_core_weighted,cpu_weighted_mean_pct,ridge,16,0,independent,q95,6.208177966037405,3707,1.814248962523148,1.7963276836116098,33.59895103311185,-3.469791769280761,30.58423284349174,122.31013155674466,61.73353399317212,/Users/fgtek002/TimeTrack/results/final/packs/03_cpu_classical/metrics/predictions/base__cpu_core_weighted__f0__h16__ridge__s0.npz,189,112,110,3296,299,301,0.627906976744186,True,0.6321070234113713,True,0.63,True,0.9671361502347418,0.03286384976525822,7.220076402395671,0.814067173964826,7.220076402395671,-4.762488540823356,-29.232455398690448,16.812268198667194,0.8151317971588521,
cpu_core_weighted,cpu_weighted_mean_pct,ridge,16,0,bottom_up,q90,4.4105649717115325,3707,1.814248962523148,1.7963276836116098,33.59895103311185,-3.3956908207338796,29.78663984597711,0.0,112.99441489821682,/Users/fgtek002/TimeTrack/results/final/packs/03_cpu_classical/metrics/predictions/base__cpu_core_weighted__f0__h16__ridge__s0.npz,383,205,182,2937,565,588,0.6513605442176871,True,0.6778761061946903,True,0.6643538594969645,True,0.93475493316359,0.06524506683640993,4.453028209637218,0.6008991127199105,4.453028209637218,-2.7738372775788402,-27.87661343100177,16.820060856547784,0.8684288465788295,
cpu_core_weighted,cpu_weighted_mean_pct,ridge,16,0,bottom_up,q95,6.208177966037405,3707,1.814248962523148,1.7963276836116098,33.59895103311185,-3.3956908207338796,29.78663984597711,0.0,50.709688637248526,/Users/fgtek002/TimeTrack/results/final/packs/03_cpu_classical/metrics/predictions/base__cpu_core_weighted__f0__h16__ridge__s0.npz,188,92,111,3316,299,280,0.6714285714285714,True,0.6287625418060201,True,0.6493955094991365,True,0.9730046948356808,0.02699530516431925,6.997594830450171,0.6783172230945965,6.997594830450171,-4.967123999491178,-27.87661343100177,16.820060856547784,0.7995365209462726,
cpu_core_weighted,cpu_weighted_mean_pct,ridge,16,0,wls,q90,4.4105649717115325,3707,1.814248962523148,1.7963276836116098,33.59895103311185,-3.4262585725640258,30.115658911020866,0.0,119.60872211177097,/Users/fgtek002/TimeTrack/results/final/packs/03_cpu_classical/metrics/predictions/base__cpu_core_weighted__f0__h16__ridge__s0.npz,403,217,162,2925,565,620,0.65,True,0.7132743362831858,True,0.680168776371308,True,0.9309357097390197,0.06906429026098027,4.474001149604634,0.6302463379439349,4.474001149604634,-2.696436320133582,-28.435918562748355,16.816846268383614,0.8786388905380845,
cpu_core_weighted,cpu_weighted_mean_pct,ridge,16,0,wls,q95,6.208177966037405,3707,1.814248962523148,1.7963276836116098,33.59895103311185,-3.4262585725640258,30.115658911020866,0.0,50.158496369452344,/Users/fgtek002/TimeTrack/results/final/packs/03_cpu_classical/metrics/predictions/base__cpu_core_weighted__f0__h16__ridge__s0.npz,185,91,114,3317,299,276,0.6702898550724637,True,0.6187290969899666,True,0.6434782608695653,True,0.9732981220657277,0.0267018779342723,7.073274130772811,0.70221117319407,7.073274130772811,-4.8827088059078525,-28.435918562748355,16.816846268383614,0.8059698061112258,
cpu_core_weighted,cpu_weighted_mean_pct,ridge,16,0,mint,q90,4.4105649717115325,3707,1.814248962523148,1.7963276836116098,33.59895103311185,-3.4106701638752908,29.947871509418174,0.0,113.545607166013,/Users/fgtek002/TimeTrack/results/final/packs/03_cpu_classical/metrics/predictions/base__cpu_core_weighted__f0__h16__ridge__s0.npz,389,206,176,2936,565,595,0.653781512605042,True,0.6884955752212389,True,0.6706896551724137,True,0.9344366645448758,0.06556333545512412,4.456511724169855,0.6094263611654152,4.456511724169855,-2.735907909810845,-28.150693891205638,16.81848558796232,0.8734321504789352,
cpu_core_weighted,cpu_weighted_mean_pct,ridge,16,0,mint,q95,6.208177966037405,3707,1.814248962523148,1.7963276836116098,33.59895103311185,-3.4106701638752908,29.947871509418174,0.0,50.709688637248526,/Users/fgtek002/TimeTrack/results/final/packs/03_cpu_classical/metrics/predictions/base__cpu_core_weighted__f0__h16__ridge__s0.npz,188,92,111,3316,299,280,0.6714285714285714,True,0.6287625418060201,True,0.6493955094991365,True,0.9730046948356808,0.02699530516431925,7.030931933819289,0.6838316029124808,7.030931933819289,-4.925757393336523,-28.150693891205638,16.81848558796232,0.8026890715998006,
cpu_core_weighted,cpu_weighted_mean_pct,ridge,16,1,independent,q90,4.692372881319361,4317,2.112790065069444,1.7536723164125938,32.57853107326954,-4.5450879786611225,30.574677618321704,110.65440863300111,98.44802067126503,/Users/fgtek002/TimeTrack/results/final/packs/03_cpu_classical/metrics/predictions/base__cpu_core_weighted__f1__h16__ridge__s0.npz,278,208,106,3725,384,486,0.5720164609053497,True,0.7239583333333334,True,0.639080459770115,True,0.9471141622171371,0.05288583778286295,4.654804745719598,0.6951241557995129,4.654804745719598,-2.69170140599194,-26.825231653294125,17.459946435454018,0.8779401078980293,
cpu_core_weighted,cpu_weighted_mean_pct,ridge,16,1,independent,q95,7.138686440503589,4317,2.112790065069444,1.7536723164125938,32.57853107326954,-4.5450879786611225,30.574677618321704,110.65440863300111,30.291698668081548,/Users/fgtek002/TimeTrack/results/final/packs/03_cpu_classical/metrics/predictions/base__cpu_core_weighted__f1__h16__ridge__s0.npz,115,64,92,4046,207,179,0.6424581005586593,True,0.5555555555555556,True,0.5958549222797928,True,0.9844282238442822,0.015571776155717762,7.184485966132699,0.7382432438263605,7.184485966132699,-4.865716249031759,-26.825231653294125,10.342023401332412,0.7919543076910887,
cpu_core_weighted,cpu_weighted_mean_pct,ridge,16,1,bottom_up,q90,4.692372881319361,4317,2.112790065069444,1.7536723164125938,32.57853107326954,-4.1479248885419215,29.186949941801256,0.0,79.98901679540283,/Users/fgtek002/TimeTrack/results/final/packs/03_cpu_classical/metrics/predictions/base__cpu_core_weighted__f1__h16__ridge__s0.npz,263,169,121,3764,384,432,0.6087962962962963,True,0.6848958333333334,True,0.6446078431372548,True,0.9570302568014238,0.04296974319857615,4.593140245489636,0.5658377968602205,4.593140245489636,-2.80657878207249,-26.22233140878895,15.25796554433824,0.8659523185434672,
cpu_core_weighted,cpu_weighted_mean_pct,ridge,16,1,bottom_up,q95,7.138686440503589,4317,2.112790065069444,1.7536723164125938,32.57853107326954,-4.1479248885419215,29.186949941801256,0.0,24.612005167816257,/Users/fgtek002/TimeTrack/results/final/packs/03_cpu_classical/metrics/predictions/base__cpu_core_weighted__f1__h16__ridge__s0.npz,110,52,97,4058,207,162,0.6790123456790124,True,0.5314009661835749,True,0.5962059620596206,True,0.9873479318734794,0.012652068126520682,7.0743623202572214,0.6143097102253098,7.0743623202572214,-5.0828318504556105,-26.22233140878895,10.254708703612469,0.768311605577354,
cpu_core_weighted,cpu_weighted_mean_pct,ridge,16,1,wls,q90,4.692372881319361,4317,2.112790065069444,1.7536723164125938,32.57853107326954,-4.298632542650382,29.713537602821678,0.0,81.40894017046915,/Users/fgtek002/TimeTrack/results/final/packs/03_cpu_classical/metrics/predictions/base__cpu_core_weighted__f1__h16__ridge__s0.npz,267,172,117,3761,384,439,0.6082004555808656,True,0.6953125,True,0.6488456865127582,True,0.9562674802949402,0.04373251970505975,4.582348514395805,0.588412969942418,4.582348514395805,-2.7629873701566336,-26.36245645015321,16.093530033454794,0.8705012095570334,
cpu_core_weighted,cpu_weighted_mean_pct,ridge,16,1,wls,q95,7.138686440503589,4317,2.112790065069444,1.7536723164125938,32.57853107326954,-4.298632542650382,29.713537602821678,0.0,25.558620751193803,/Users/fgtek002/TimeTrack/results/final/packs/03_cpu_classical/metrics/predictions/base__cpu_core_weighted__f1__h16__ridge__s0.npz,114,54,93,4056,207,168,0.6785714285714286,True,0.5507246376811594,True,0.608,True,0.9868613138686131,0.013138686131386862,7.076954268297308,0.6347738459304078,7.076954268297308,-5.000445083470214,-26.36245645015321,10.287841171331273,0.7772830741276402,
cpu_core_weighted,cpu_weighted_mean_pct,ridge,16,1,mint,q90,4.692372881319361,4317,2.112790065069444,1.7536723164125938,32.57853107326954,-4.28373439171418,29.661481969011398,0.0,80.4623245870916,/Users/fgtek002/TimeTrack/results/final/packs/03_cpu_classical/metrics/predictions/base__cpu_core_weighted__f1__h16__ridge__s0.npz,267,170,117,3763,384,437,0.6109839816933639,True,0.6953125,True,0.6504263093788063,True,0.9567759979659293,0.04322400203407068,4.582553003505473,0.5847717972888348,4.582553003505473,-2.7672965835007104,-26.34860443959299,16.01093060644486,0.8700515305722432,
cpu_core_weighted,cpu_weighted_mean_pct,ridge,16,1,mint,q95,7.138686440503589,4317,2.112790065069444,1.7536723164125938,32.57853107326954,-4.28373439171418,29.661481969011398,0.0,25.558620751193803,/Users/fgtek002/TimeTrack/results/final/packs/03_cpu_classical/metrics/predictions/base__cpu_core_weighted__f1__h16__ridge__s0.npz,114,54,93,4056,207,168,0.6785714285714286,True,0.5507246376811594,True,0.608,True,0.9868613138686131,0.013138686131386862,7.075604618464806,0.6313765635184609,7.075604618464806,-5.008589397684591,-26.34860443959299,10.284565873153685,0.7763962028312769,
cpu_core_weighted,cpu_weighted_mean_pct,ridge,16,2,independent,q90,4.978273174477393,3798,1.858785422083333,1.8000000000057879,34.34491525427833,-2.8677578280763907,27.658402889145478,129.7838402201766,150.63599954758362,/Users/fgtek002/TimeTrack/results/final/packs/03_cpu_classical/metrics/predictions/base__cpu_core_weighted__f2__h16__ridge__s0.npz,324,280,166,3028,490,604,0.5364238410596026,True,0.6612244897959184,True,0.5923217550274222,True,0.9153567110036276,0.08464328899637243,5.267718005380775,0.8229974839001273,5.267718005380775,-3.6084849506999026,-29.334639064977768,11.836673552350861,0.8154585746572988,
cpu_core_weighted,cpu_weighted_mean_pct,ridge,16,2,independent,q95,8.180833333253458,3798,1.858785422083333,1.8000000000057879,34.34491525427833,-2.8677578280763907,27.658402889145478,129.7838402201766,43.03885701359532,/Users/fgtek002/TimeTrack/results/final/packs/03_cpu_classical/metrics/predictions/base__cpu_core_weighted__f2__h16__ridge__s0.npz,143,80,130,3445,273,223,0.6412556053811659,True,0.5238095238095238,True,0.5766129032258065,True,0.9773049645390071,0.02269503546099291,7.824760260267878,0.898580978248247,7.824760260267878,-6.3584738009863795,-29.334639064977768,11.836673552350861,0.6882844093724765,
cpu_core_weighted,cpu_weighted_mean_pct,ridge,16,2,bottom_up,q90,4.978273174477393,3798,1.858785422083333,1.8000000000057879,34.34491525427833,-1.973842629073012,27.346569558544306,0.0,137.1863567308351,/Users/fgtek002/TimeTrack/results/final/packs/03_cpu_classical/metrics/predictions/base__cpu_core_weighted__f2__h16__ridge__s0.npz,321,255,169,3053,490,576,0.5572916666666666,True,0.6551020408163265,True,0.6022514071294559,True,0.9229141475211609,0.07708585247883917,5.230414957564459,0.7294400431942155,5.230414957564459,-3.80875134300095,-29.078711400682664,7.830365322313199,0.797699095598716,
cpu_core_weighted,cpu_weighted_mean_pct,ridge,16,2,bottom_up,q95,8.180833333253458,3798,1.858785422083333,1.8000000000057879,34.34491525427833,-1.973842629073012,27.346569558544306,0.0,41.424899875585496,/Users/fgtek002/TimeTrack/results/final/packs/03_cpu_classical/metrics/predictions/base__cpu_core_weighted__f2__h16__ridge__s0.npz,147,77,126,3448,273,224,0.65625,True,0.5384615384615384,True,0.5915492957746479,True,0.9781560283687943,0.021843971631205675,7.790854656841991,0.8082234527021805,7.790854656841991,-6.626118943121557,-29.078711400682664,6.638378217269651,0.671730309580578,
cpu_core_weighted,cpu_weighted_mean_pct,ridge,16,2,wls,q90,4.978273174477393,3798,1.858785422083333,1.8000000000057879,34.34491525427833,-2.310091179412247,27.39814825600653,0.0,139.87628529418478,/Users/fgtek002/TimeTrack/results/final/packs/03_cpu_classical/metrics/predictions/base__cpu_core_weighted__f2__h16__ridge__s0.npz,321,260,169,3048,490,581,0.5524956970740104,True,0.6551020408163265,True,0.5994397759103641,True,0.9214026602176542,0.07859733978234583,5.209068282559113,0.7331415336066243,5.209068282559113,-3.733420613455263,-29.174979263906017,8.56636301329365,0.8043793702991426,
cpu_core_weighted,cpu_weighted_mean_pct,ridge,16,2,wls,q95,8.180833333253458,3798,1.858785422083333,1.8000000000057879,34.34491525427833,-2.310091179412247,27.39814825600653,0.0,41.424899875585496,/Users/fgtek002/TimeTrack/results/final/packs/03_cpu_classical/metrics/predictions/base__cpu_core_weighted__f2__h16__ridge__s0.npz,147,77,126,3448,273,224,0.65625,True,0.5384615384615384,True,0.5915492957746479,True,0.9781560283687943,0.021843971631205675,7.768516421572591,0.8104597641235065,7.768516421572591,-6.525443519827901,-29.174979263906017,8.391381414924156,0.6779571777034191,
cpu_core_weighted,cpu_weighted_mean_pct,ridge,16,2,mint,q90,4.978273174477393,3798,1.858785422083333,1.8000000000057879,34.34491525427833,-2.209341037311833,27.382693732579078,0.0,138.8003138688449,/Users/fgtek002/TimeTrack/results/final/packs/03_cpu_classical/metrics/predictions/base__cpu_core_weighted__f2__h16__ridge__s0.npz,320,258,170,3050,490,578,0.5536332179930796,True,0.6530612244897959,True,0.599250936329588,True,0.9220072551390568,0.07799274486094317,5.2108443407163,0.7279986550858762,5.2108443407163,-3.7559919574762284,-29.146134527208506,8.335935560561799,0.8023777598099405,
cpu_core_weighted,cpu_weighted_mean_pct,ridge,16,2,mint,q95,8.180833333253458,3798,1.858785422083333,1.8000000000057879,34.34491525427833,-2.209341037311833,27.382693732579078,0.0,42.50087130092538,/Users/fgtek002/TimeTrack/results/final/packs/03_cpu_classical/metrics/predictions/base__cpu_core_weighted__f2__h16__ridge__s0.npz,147,79,126,3446,273,226,0.6504424778761062,True,0.5384615384615384,True,0.5891783567134269,True,0.9775886524822694,0.022411347517730495,7.770635448624714,0.8057162554611401,7.770635448624714,-6.5556088936045995,-29.146134527208506,7.7689420539640945,0.6760914214121758,
cpu_core_weighted,cpu_weighted_mean_pct,lightgbm,1,0,independent,q90,4.4105649717115325,4847,2.372178236134259,1.7963276836116098,33.59895103311185,1.0029928735369442,34.993721344254155,172.09132864608608,142.4850775761312,/Users/fgtek002/TimeTrack/results/final/packs/03_cpu_classical/metrics/predictions/base__cpu_core_weighted__f0__h1__lightgbm__s0.npz,541,338,228,3740,769,879,0.6154721274175199,True,0.7035110533159948,True,0.6565533980582525,True,0.9171162334477685,0.08288376655223148,3.842479837383223,0.5941090232887235,3.842479837383223,-1.9393232272962575,-27.934683951380308,24.146635326151685,0.9265845787883283,
cpu_core_weighted,cpu_weighted_mean_pct,lightgbm,1,0,independent,q95,6.208177966037405,4847,2.372178236134259,1.7963276836116098,33.59895103311185,1.0029928735369442,34.993721344254155,172.09132864608608,73.7718596917839,/Users/fgtek002/TimeTrack/results/final/packs/03_cpu_classical/metrics/predictions/base__cpu_core_weighted__f0__h1__lightgbm__s0.npz,285,175,114,4273,399,460,0.6195652173913043,True,0.7142857142857143,True,0.6635622817229336,True,0.9606564748201439,0.03934352517985611,5.972451679188666,0.6732543551984792,5.972451679188666,-3.6968094451476827,-27.934683951380308,24.146635326151685,0.8608319341565674,
cpu_core_weighted,cpu_weighted_mean_pct,lightgbm,1,0,bottom_up,q90,4.4105649717115325,4847,2.372178236134259,1.7963276836116098,33.59895103311185,1.5372275204453902,31.562495291695903,0.0,143.74973802799036,/Users/fgtek002/TimeTrack/results/final/packs/03_cpu_classical/metrics/predictions/base__cpu_core_weighted__f0__h1__lightgbm__s0.npz,597,341,172,3737,769,938,0.6364605543710021,True,0.776332899869961,True,0.6994727592267135,True,0.9163805787150564,0.0836194212849436,3.504752471502466,0.5347490032888471,3.504752471502466,-1.751906524741405,-22.58099891110009,23.3230913123114,0.95028946519502,
cpu_core_weighted,cpu_weighted_mean_pct,lightgbm,1,0,bottom_up,q95,6.208177966037405,4847,2.372178236134259,1.7963276836116098,33.59895103311185,1.5372275204453902,31.562495291695903,0.0,84.31069679061018,/Users/fgtek002/TimeTrack/results/final/packs/03_cpu_classical/metrics/predictions/base__cpu_core_weighted__f0__h1__lightgbm__s0.npz,318,200,81,4248,399,518,0.6138996138996139,True,0.7969924812030075,True,0.693565976008724,True,0.9550359712230215,0.044964028776978415,5.309992816984661,0.6198682446089109,5.309992816984661,-3.5318638396834907,-22.58099891110009,23.3230913123114,0.8687123017507098,
cpu_core_weighted,cpu_weighted_mean_pct,lightgbm,1,0,wls,q90,4.4105649717115325,4847,2.372178236134259,1.7963276836116098,33.59895103311185,1.5725076976730479,32.90085586604432,0.0,153.02391467495747,/Users/fgtek002/TimeTrack/results/final/packs/03_cpu_classical/metrics/predictions/base__cpu_core_weighted__f0__h1__lightgbm__s0.npz,602,363,167,3715,769,965,0.6238341968911917,True,0.7828348504551366,True,0.6943483275663207,True,0.9109857773418343,0.08901422265816576,3.4468270286357545,0.5384738618815831,3.4468270286357545,-1.8334183748537831,-24.500088759632483,23.105567680633072,0.9399796629128728,
cpu_core_weighted,cpu_weighted_mean_pct,lightgbm,1,0,wls,q95,6.208177966037405,4847,2.372178236134259,1.7963276836116098,33.59895103311185,1.5725076976730479,32.90085586604432,0.0,69.5563248522534,/Users/fgtek002/TimeTrack/results/final/packs/03_cpu_classical/metrics/predictions/base__cpu_core_weighted__f0__h1__lightgbm__s0.npz,313,165,86,4283,399,478,0.6548117154811716,True,0.7844611528822055,True,0.7137970353477766,True,0.9629046762589928,0.03709532374100719,5.3975476802397315,0.6054147637945904,5.3975476802397315,-3.6036024909669986,-24.500088759632483,23.105567680633072,0.8652849479801776,
cpu_core_weighted,cpu_weighted_mean_pct,lightgbm,1,0,mint,q90,4.4105649717115325,4847,2.372178236134259,1.7963276836116098,33.59895103311185,1.58455883922023,32.79947917110043,0.0,153.02391467495747,/Users/fgtek002/TimeTrack/results/final/packs/03_cpu_classical/metrics/predictions/base__cpu_core_weighted__f0__h1__lightgbm__s0.npz,604,363,165,3715,769,967,0.6246122026887281,True,0.7854356306892067,True,0.6958525345622121,True,0.9109857773418343,0.08901422265816576,3.4406184681606415,0.5370832085660873,3.4406184681606415,-1.8282884302733944,-24.342311886342884,23.119257520503098,0.9406285098506909,
cpu_core_weighted,cpu_weighted_mean_pct,lightgbm,1,0,mint,q95,6.208177966037405,4847,2.372178236134259,1.7963276836116098,33.59895103311185,1.58455883922023,32.79947917110043,0.0,70.3994318201595,/Users/fgtek002/TimeTrack/results/final/packs/03_cpu_classical/metrics/predictions/base__cpu_core_weighted__f0__h1__lightgbm__s0.npz,313,167,86,4281,399,480,0.6520833333333333,True,0.7844611528822055,True,0.7121729237770194,True,0.9624550359712231,0.03754496402877698,5.379960752617069,0.604644016693756,5.379960752617069,-3.599087622210581,-24.342311886342884,23.119257520503098,0.8655006483338484,
cpu_core_weighted,cpu_weighted_mean_pct,lightgbm,1,1,independent,q90,4.692372881319361,5261,2.574794656550926,1.7536723164125938,32.57853107326954,1.5137049509263045,32.72575181009451,127.44703509795418,95.15321906415268,/Users/fgtek002/TimeTrack/results/final/packs/03_cpu_classical/metrics/predictions/base__cpu_core_weighted__f1__h1__lightgbm__s0.npz,310,245,132,4574,442,555,0.5585585585585585,True,0.7013574660633484,True,0.6218655967903711,True,0.9491595766756589,0.05084042332434115,4.162829441454485,0.5415885352049822,4.162829441454485,-2.4772377810479216,-24.07443827151197,20.030299829606417,0.8870306250482135,
cpu_core_weighted,cpu_weighted_mean_pct,lightgbm,1,1,independent,q95,7.138686440503589,5261,2.574794656550926,1.7536723164125938,32.57853107326954,1.5137049509263045,32.72575181009451,127.44703509795418,41.168331513470136,/Users/fgtek002/TimeTrack/results/final/packs/03_cpu_classical/metrics/predictions/base__cpu_core_weighted__f1__h1__lightgbm__s0.npz,150,106,90,4915,240,256,0.5859375,True,0.625,True,0.6048387096774194,True,0.9788886675960964,0.021111332403903605,6.157629807531317,0.5919248377749801,6.157629807531317,-4.656186953650367,-24.07443827151197,20.030299829606417,0.769146076514822,
cpu_core_weighted,cpu_weighted_mean_pct,lightgbm,1,1,bottom_up,q90,4.692372881319361,5261,2.574794656550926,1.7536723164125938,32.57853107326954,1.9850974032543005,33.318520953510244,0.0,95.15321906415268,/Users/fgtek002/TimeTrack/results/final/packs/03_cpu_classical/metrics/predictions/base__cpu_core_weighted__f1__h1__lightgbm__s0.npz,345,245,97,4574,442,590,0.5847457627118644,True,0.7805429864253394,True,0.6686046511627907,True,0.9491595766756589,0.05084042332434115,3.70415220667149,0.5123908762240326,3.70415220667149,-1.5810360703796018,-19.204032935422088,16.51488336006704,0.9672456813212633,
cpu_core_weighted,cpu_weighted_mean_pct,lightgbm,1,1,bottom_up,q95,7.138686440503589,5261,2.574794656550926,1.7536723164125938,32.57853107326954,1.9850974032543005,33.318520953510244,0.0,45.440516859207605,/Users/fgtek002/TimeTrack/results/final/packs/03_cpu_classical/metrics/predictions/base__cpu_core_weighted__f1__h1__lightgbm__s0.npz,188,117,52,4904,240,305,0.6163934426229508,True,0.7833333333333333,True,0.689908256880734,True,0.9766978689504083,0.023302131049591716,5.209081108678979,0.5688642584723076,5.209081108678979,-3.2112912906415607,-19.204032935422088,16.51488336006704,0.8794836951390065,
cpu_core_weighted,cpu_weighted_mean_pct,lightgbm,1,1,wls,q90,4.692372881319361,5261,2.574794656550926,1.7536723164125938,32.57853107326954,2.1600611986032523,32.72043361751047,0.0,99.42540440989015,/Users/fgtek002/TimeTrack/results/final/packs/03_cpu_classical/metrics/predictions/base__cpu_core_weighted__f1__h1__lightgbm__s0.npz,345,256,97,4563,442,601,0.5740432612312812,True,0.7805429864253394,True,0.6615532118887824,True,0.9468769454243618,0.0531230545756381,3.6879969422057592,0.506034127133972,3.6879969422057592,-1.910100163771015,-20.122183922998495,15.713606101621084,0.9377926079175634,
cpu_core_weighted,cpu_weighted_mean_pct,lightgbm,1,1,wls,q95,7.138686440503589,5261,2.574794656550926,1.7536723164125938,32.57853107326954,2.1600611986032523,32.72043361751047,0.0,40.779951027494,/Users/fgtek002/TimeTrack/results/final/packs/03_cpu_classical/metrics/predictions/base__cpu_core_weighted__f1__h1__lightgbm__s0.npz,179,105,61,4916,240,284,0.6302816901408451,True,0.7458333333333333,True,0.683206106870229,True,0.9790878311093407,0.020912168890659232,5.381491801272418,0.5530999949827078,5.381491801272418,-3.7418228392128823,-20.122183922998495,15.713606101621084,0.838970328552754,
cpu_core_weighted,cpu_weighted_mean_pct,lightgbm,1,1,mint,q90,4.692372881319361,5261,2.574794656550926,1.7536723164125938,32.57853107326954,2.163637980056099,32.740001815772715,0.0,99.81378489586628,/Users/fgtek002/TimeTrack/results/final/packs/03_cpu_classical/metrics/predictions/base__cpu_core_weighted__f1__h1__lightgbm__s0.npz,345,257,97,4562,442,602,0.5730897009966778,True,0.7805429864253394,True,0.6609195402298851,True,0.9466694334924258,0.05333056650757419,3.6863202018962644,0.5058836189125973,3.6863202018962644,-1.899333857526275,-20.06550084367651,15.73982225988546,0.938756252430836,
cpu_core_weighted,cpu_weighted_mean_pct,lightgbm,1,1,mint,q95,7.138686440503589,5261,2.574794656550926,1.7536723164125938,32.57853107326954,2.163637980056099,32.740001815772715,0.0,41.168331513470136,/Users/fgtek002/TimeTrack/results/final/packs/03_cpu_classical/metrics/predictions/base__cpu_core_weighted__f1__h1__lightgbm__s0.npz,179,106,61,4915,240,285,0.6280701754385964,True,0.7458333333333333,True,0.6819047619047619,True,0.9788886675960964,0.021111332403903605,5.374533928170477,0.5531405190235094,5.374533928170477,-3.7244649285834557,-20.06550084367651,15.73982225988546,0.8402958433094085,
cpu_core_weighted,cpu_weighted_mean_pct,lightgbm,1,2,independent,q90,4.978273174477393,4852,2.3746252943518513,1.8000000000057879,36.562994350350365,1.9163130647246598,34.538932481903394,171.5725267317513,133.91586485513176,/Users/fgtek002/TimeTrack/results/final/packs/03_cpu_classical/metrics/predictions/base__cpu_core_weighted__f2__h1__lightgbm__s0.npz,452,318,168,3914,620,770,0.587012987012987,True,0.7290322580645161,True,0.6503597122302158,True,0.9248582230623819,0.07514177693761814,4.258499621361494,0.6936981246675216,4.258499621361494,-3.0370610794233066,-26.525196984118164,17.048684132485874,0.8213187492703604,
cpu_core_weighted,cpu_weighted_mean_pct,lightgbm,1,2,independent,q95,8.180833333253458,4852,2.3746252943518513,1.8000000000057879,36.562994350350365,1.9163130647246598,34.538932481903394,171.5725267317513,45.901978833991706,/Users/fgtek002/TimeTrack/results/final/packs/03_cpu_classical/metrics/predictions/base__cpu_core_weighted__f2__h1__lightgbm__s0.npz,218,109,119,4406,337,327,0.6666666666666666,True,0.6468842729970327,True,0.6566265060240963,True,0.9758582502768549,0.024141749723145072,6.482583554511089,0.7511339027612051,6.482583554511089,-5.276812656713378,-26.525196984118164,17.048684132485874,0.7202962466900226,
cpu_core_weighted,cpu_weighted_mean_pct,lightgbm,1,2,bottom_up,q90,4.978273174477393,4852,2.3746252943518513,1.8000000000057879,36.562994350350365,2.203514273951373,36.13732261134592,0.0,104.8586488959994,/Users/fgtek002/TimeTrack/results/final/packs/03_cpu_classical/metrics/predictions/base__cpu_core_weighted__f2__h1__lightgbm__s0.npz,463,249,157,3983,620,712,0.6502808988764045,True,0.7467741935483871,True,0.6951951951951951,True,0.9411625708884688,0.05883742911153119,3.6481786765605455,0.6356007430527186,3.6481786765605455,-1.9372887106037224,-19.17326731814604,15.85678864235194,0.9157209272503961,
cpu_core_weighted,cpu_weighted_mean_pct,lightgbm,1,2,bottom_up,q95,8.180833333253458,4852,2.3746252943518513,1.8000000000057879,36.562994350350365,2.203514273951373,36.13732261134592,0.0,44.63862161837725,/Users/fgtek002/TimeTrack/results/final/packs/03_cpu_classical/metrics/predictions/base__cpu_core_weighted__f2__h1__lightgbm__s0.npz,259,106,78,4409,337,365,0.7095890410958904,True,0.7685459940652819,True,0.7378917378917379,True,0.9765227021040974,0.023477297895902548,5.131999973221492,0.7136764414376523,5.131999973221492,-3.7279953870974403,-19.17326731814604,12.52864191497791,0.8220723349070542,
cpu_core_weighted,cpu_weighted_mean_pct,lightgbm,1,2,wls,q90,4.978273174477393,4852,2.3746252943518513,1.8000000000057879,36.562994350350365,2.23506231511782,34.73789499143062,0.0,113.28103033342907,/Users/fgtek002/TimeTrack/results/final/packs/03_cpu_classical/metrics/predictions/base__cpu_core_weighted__f2__h1__lightgbm__s0.npz,468,269,152,3963,620,737,0.6350067842605156,True,0.7548387096774194,True,0.6897568165070007,True,0.9364366729678639,0.0635633270321361,3.60673047737222,0.6370251781979327,3.60673047737222,-2.285968000416858,-19.355207020798655,13.961706751856486,0.8857910205641406,
cpu_core_weighted,cpu_weighted_mean_pct,lightgbm,1,2,wls,q95,8.180833333253458,4852,2.3746252943518513,1.8000000000057879,36.562994350350365,2.23506231511782,34.73789499143062,0.0,43.79638347463429,/Users/fgtek002/TimeTrack/results/final/packs/03_cpu_classical/metrics/predictions/base__cpu_core_weighted__f2__h1__lightgbm__s0.npz,262,104,75,4411,337,366,0.7158469945355191,True,0.7774480712166172,True,0.7453769559032716,True,0.9769656699889258,0.023034330011074196,5.254806182128491,0.7001536581898397,5.254806182128491,-4.2190429174146855,-19.355207020798655,13.961706751856486,0.7898045537137851,
cpu_core_weighted,cpu_weighted_mean_pct,lightgbm,1,2,mint,q90,4.978273174477393,4852,2.3746252943518513,1.8000000000057879,36.562994350350365,2.222037705068583,35.42952324778118,0.0,108.64872054284275,/Users/fgtek002/TimeTrack/results/final/packs/03_cpu_classical/metrics/predictions/base__cpu_core_weighted__f2__h1__lightgbm__s0.npz,467,258,153,3974,620,725,0.6441379310344828,True,0.7532258064516129,True,0.6944237918215613,True,0.9390359168241966,0.0609640831758034,3.5870370409297587,0.6338508397366941,3.5870370409297587,-2.113642939937065,-19.265288372977427,14.821890886682159,0.9005830461605782,
cpu_core_weighted,cpu_weighted_mean_pct,lightgbm,1,2,mint,q95,8.180833333253458,4852,2.3746252943518513,1.8000000000057879,36.562994350350365,2.222037705068583,35.42952324778118,0.0,43.79638347463429,/Users/fgtek002/TimeTrack/results/final/packs/03_cpu_classical/metrics/predictions/base__cpu_core_weighted__f2__h1__lightgbm__s0.npz,261,104,76,4411,337,365,0.7150684931506849,True,0.7744807121661721,True,0.7435897435897434,True,0.9769656699889258,0.023034330011074196,5.13353242965865,0.7035258671865282,5.13353242965865,-3.976356305870531,-19.265288372977427,13.253454234710969,0.8057520088914613,
cpu_core_weighted,cpu_weighted_mean_pct,lightgbm,8,0,independent,q90,4.4105649717115325,4295,2.102023008912037,1.7963276836116098,33.59895103311185,1.1601430149750152,34.95778421677314,171.44483583057644,150.33137061784828,/Users/fgtek002/TimeTrack/results/final/packs/03_cpu_classical/metrics/predictions/base__cpu_core_weighted__f0__h8__lightgbm__s0.npz,482,316,182,3315,664,798,0.6040100250626567,True,0.7259036144578314,True,0.6593707250341998,True,0.9129716331589094,0.08702836684109061,3.7198402293283257,0.6088150202951923,3.7198402293283257,-1.8922833602677378,-27.676213406720404,23.50845407501406,0.9285109225943361,
cpu_core_weighted,cpu_weighted_mean_pct,lightgbm,8,0,independent,q95,6.208177966037405,4295,2.102023008912037,1.7963276836116098,33.59895103311185,1.1601430149750152,34.95778421677314,171.44483583057644,75.64141749442366,/Users/fgtek002/TimeTrack/results/final/packs/03_cpu_classical/metrics/predictions/base__cpu_core_weighted__f0__h8__lightgbm__s0.npz,239,159,100,3797,339,398,0.6005025125628141,True,0.7050147492625368,True,0.6485753052917232,True,0.9598078867542973,0.04019211324570273,5.837240114534344,0.6829516815315241,5.837240114534344,-3.7139285948308243,-27.676213406720404,23.50845407501406,0.8530447078376987,
cpu_core_weighted,cpu_weighted_mean_pct,lightgbm,8,0,bottom_up,q90,4.4105649717115325,4295,2.102023008912037,1.7963276836116098,33.59895103311185,1.600326354000342,31.665867885477102,0.0,146.52551313385212,/Users/fgtek002/TimeTrack/results/final/packs/03_cpu_classical/metrics/predictions/base__cpu_core_weighted__f0__h8__lightgbm__s0.npz,532,308,132,3323,664,840,0.6333333333333333,True,0.8012048192771084,True,0.7074468085106382,True,0.9151748829523547,0.08482511704764528,3.442254714666367,0.5493052690953883,3.442254714666367,-1.6787152513911225,-21.164591704907718,17.384231754796524,0.9641964845129407,
cpu_core_weighted,cpu_weighted_mean_pct,lightgbm,8,0,bottom_up,q95,6.208177966037405,4295,2.102023008912037,1.7963276836116098,33.59895103311185,1.600326354000342,31.665867885477102,0.0,98.00083021290109,/Users/fgtek002/TimeTrack/results/final/packs/03_cpu_classical/metrics/predictions/base__cpu_core_weighted__f0__h8__lightgbm__s0.npz,272,206,67,3750,339,478,0.5690376569037657,True,0.8023598820058997,True,0.6658506731946146,True,0.9479271991911021,0.052072800808897875,5.243451503177771,0.6326224729642463,5.243451503177771,-3.5587200747467556,-21.164591704907718,17.384231754796524,0.8710514501442023,
cpu_core_weighted,cpu_weighted_mean_pct,lightgbm,8,0,wls,q90,4.4105649717115325,4295,2.102023008912037,1.7963276836116098,33.59895103311185,1.7773858981632789,32.233902146797455,0.0,155.08869247284346,/Users/fgtek002/TimeTrack/results/final/packs/03_cpu_classical/metrics/predictions/base__cpu_core_weighted__f0__h8__lightgbm__s0.npz,535,326,129,3305,664,861,0.6213704994192799,True,0.8057228915662651,True,0.701639344262295,True,0.9102175709171028,0.08978242908289727,3.3703900402741347,0.5503922822063118,3.3703900402741347,-1.7767901126568437,-24.15486210803855,20.19660040656581,0.94780894166878,
cpu_core_weighted,cpu_weighted_mean_pct,lightgbm,8,0,wls,q95,6.208177966037405,4295,2.102023008912037,1.7963276836116098,33.59895103311185,1.7773858981632789,32.233902146797455,0.0,76.5928818654227,/Users/fgtek002/TimeTrack/results/final/packs/03_cpu_classical/metrics/predictions/base__cpu_core_weighted__f0__h8__lightgbm__s0.npz,263,161,76,3795,339,424,0.6202830188679245,True,0.775811209439528,True,0.6893840104849279,True,0.9593023255813954,0.040697674418604654,5.30276072340176,0.6164756011627773,5.30276072340176,-3.629995014411284,-24.15486210803855,20.19660040656581,0.8627823843045175,
cpu_core_weighted,cpu_weighted_mean_pct,lightgbm,8,0,mint,q90,4.4105649717115325,4295,2.102023008912037,1.7963276836116098,33.59895103311185,1.7947083395446601,31.710940157112272,0.0,157.9430855858406,/Users/fgtek002/TimeTrack/results/final/packs/03_cpu_classical/metrics/predictions/base__cpu_core_weighted__f0__h8__lightgbm__s0.npz,532,332,132,3299,664,864,0.6157407407407407,True,0.8012048192771084,True,0.6963350785340313,True,0.9085651335720187,0.09143486642798128,3.355429542280432,0.5457667921603894,3.355429542280432,-1.7546163999136817,-23.478792867803133,19.560752914088543,0.9515139957764489,
cpu_core_weighted,cpu_weighted_mean_pct,lightgbm,8,0,mint,q95,6.208177966037405,4295,2.102023008912037,1.7963276836116098,33.59895103311185,1.7947083395446601,31.710940157112272,0.0,82.30166809141693,/Users/fgtek002/TimeTrack/results/final/packs/03_cpu_classical/metrics/predictions/base__cpu_core_weighted__f0__h8__lightgbm__s0.npz,266,173,73,3783,339,439,0.6059225512528473,True,0.7846607669616519,True,0.6838046272493574,True,0.9562689585439839,0.04373104145601618,5.247413980559726,0.6144618551564291,5.247413980559726,-3.6138804870235086,-23.478792867803133,19.560752914088543,0.864651934648176,
cpu_core_weighted,cpu_weighted_mean_pct,lightgbm,8,1,independent,q90,4.692372881319361,4778,2.3384088327314814,1.7536723164125938,32.57853107326954,1.9906371164096308,31.916045261054933,132.7397281498307,97.07455634900363,/Users/fgtek002/TimeTrack/results/final/packs/03_cpu_classical/metrics/predictions/base__cpu_core_weighted__f1__h8__lightgbm__s0.npz,299,227,121,4131,420,526,0.5684410646387833,True,0.7119047619047619,True,0.6321353065539113,True,0.947911886186324,0.052088113813676,4.15749557932449,0.5443208283699361,4.15749557932449,-2.418313318718739,-23.747113453794356,21.936465426113124,0.8945598805514413,
cpu_core_weighted,cpu_weighted_mean_pct,lightgbm,8,1,independent,q95,7.138686440503589,4778,2.3384088327314814,1.7536723164125938,32.57853107326954,1.9906371164096308,31.916045261054933,132.7397281498307,39.342992000477246,/Users/fgtek002/TimeTrack/results/final/packs/03_cpu_classical/metrics/predictions/base__cpu_core_weighted__f1__h8__lightgbm__s0.npz,144,92,86,4456,230,236,0.6101694915254238,True,0.6260869565217392,True,0.6180257510729614,True,0.9797713280562885,0.020228671943711522,6.099093522983697,0.597077133479819,6.099093522983697,-4.515356056009616,-23.747113453794356,21.936465426113124,0.7827046492828552,
cpu_core_weighted,cpu_weighted_mean_pct,lightgbm,8,1,bottom_up,q90,4.692372881319361,4778,2.3384088327314814,1.7536723164125938,32.57853107326954,1.9938052102634805,32.16351715461797,0.0,93.22578539243521,/Users/fgtek002/TimeTrack/results/final/packs/03_cpu_classical/metrics/predictions/base__cpu_core_weighted__f1__h8__lightgbm__s0.npz,334,218,86,4140,420,552,0.605072463768116,True,0.7952380952380952,True,0.6872427983539093,True,0.9499770536943553,0.05002294630564479,3.7045088191432267,0.5136210754856887,3.7045088191432267,-1.499176566582363,-19.02404928817354,14.362869415598722,0.980760121832355,
cpu_core_weighted,cpu_weighted_mean_pct,lightgbm,8,1,bottom_up,q95,7.138686440503589,4778,2.3384088327314814,1.7536723164125938,32.57853107326954,1.9938052102634805,32.16351715461797,0.0,41.908839304856194,/Users/fgtek002/TimeTrack/results/final/packs/03_cpu_classical/metrics/predictions/base__cpu_core_weighted__f1__h8__lightgbm__s0.npz,182,98,48,4450,230,280,0.65,True,0.7913043478260869,True,0.7137254901960784,True,0.9784520668425681,0.021547933157431837,5.089486015862208,0.5768849092696743,5.089486015862208,-3.0903515993730046,-19.02404928817354,14.362869415598722,0.8925975039914437,
cpu_core_weighted,cpu_weighted_mean_pct,lightgbm,8,1,wls,q90,4.692372881319361,4778,2.3384088327314814,1.7536723164125938,32.57853107326954,2.1974152983568285,31.409423451894572,0.0,98.7851212185896,/Users/fgtek002/TimeTrack/results/final/packs/03_cpu_classical/metrics/predictions/base__cpu_core_weighted__f1__h8__lightgbm__s0.npz,335,231,85,4127,420,566,0.5918727915194346,True,0.7976190476190477,True,0.6795131845841785,True,0.9469940339605324,0.053005966039467646,3.694737596757159,0.5072007237963675,3.694737596757159,-1.8483204442377876,-19.520212659823756,13.913179853410593,0.9480160427541278,
cpu_core_weighted,cpu_weighted_mean_pct,lightgbm,8,1,wls,q95,7.138686440503589,4778,2.3384088327314814,1.7536723164125938,32.57853107326954,2.1974152983568285,31.409423451894572,0.0,37.63242713089128,/Users/fgtek002/TimeTrack/results/final/packs/03_cpu_classical/metrics/predictions/base__cpu_core_weighted__f1__h8__lightgbm__s0.npz,177,88,53,4460,230,265,0.6679245283018868,True,0.7695652173913043,True,0.7151515151515152,True,0.980650835532102,0.019349164467897976,5.291966220989887,0.5595906583366101,5.291966220989887,-3.631654708523864,-19.520212659823756,13.913179853410593,0.8508535335426608,
cpu_core_weighted,cpu_weighted_mean_pct,lightgbm,8,1,mint,q90,4.692372881319361,4778,2.3384088327314814,1.7536723164125938,32.57853107326954,2.1943836983925937,31.387826150995526,0.0,98.35748000119311,/Users/fgtek002/TimeTrack/results/final/packs/03_cpu_classical/metrics/predictions/base__cpu_core_weighted__f1__h8__lightgbm__s0.npz,335,230,85,4128,420,565,0.5929203539823009,True,0.7976190476190477,True,0.6802030456852792,True,0.9472234970169803,0.05277650298301973,3.6972017643357074,0.5073964503419118,3.6972017643357074,-1.8583199514019129,-19.594366086408165,14.053934071851334,0.9470782498432968,
cpu_core_weighted,cpu_weighted_mean_pct,lightgbm,8,1,mint,q95,7.138686440503589,4778,2.3384088327314814,1.7536723164125938,32.57853107326954,2.1943836983925937,31.387826150995526,0.0,37.63242713089128,/Users/fgtek002/TimeTrack/results/final/packs/03_cpu_classical/metrics/predictions/base__cpu_core_weighted__f1__h8__lightgbm__s0.npz,177,88,53,4460,230,265,0.6679245283018868,True,0.7695652173913043,True,0.7151515151515152,True,0.980650835532102,0.019349164467897976,5.30029818022474,0.5595844085662619,5.30029818022474,-3.64715767066735,-19.594366086408165,14.053934071851334,0.8496579830596758,
cpu_core_weighted,cpu_weighted_mean_pct,lightgbm,8,2,independent,q90,4.978273174477393,4341,2.1245359445138887,1.8000000000057879,34.34491525427833,1.9649907510351972,33.54881055174498,170.36132440790686,137.91247013570336,/Users/fgtek002/TimeTrack/results/final/packs/03_cpu_classical/metrics/predictions/base__cpu_core_weighted__f2__h8__lightgbm__s0.npz,405,293,151,3492,556,698,0.5802292263610315,True,0.7284172661870504,True,0.645933014354067,True,0.9225891677675033,0.0774108322324967,4.268427504464971,0.6714037164802947,4.268427504464971,-3.0617730970939814,-26.418789049291227,16.058562202327458,0.8175404413521636,
cpu_core_weighted,cpu_weighted_mean_pct,lightgbm,8,2,independent,q95,8.180833333253458,4341,2.1245359445138887,1.8000000000057879,34.34491525427833,1.9649907510351972,33.54881055174498,170.36132440790686,40.00873707008459,/Users/fgtek002/TimeTrack/results/final/packs/03_cpu_classical/metrics/predictions/base__cpu_core_weighted__f2__h8__lightgbm__s0.npz,196,85,111,3949,307,281,0.697508896797153,True,0.6384364820846905,True,0.6666666666666667,True,0.9789291026276649,0.02107089737233515,6.428545452469313,0.7290394906922063,6.428545452469313,-5.196110644409785,-26.418789049291227,16.058562202327458,0.7247158458875486,
cpu_core_weighted,cpu_weighted_mean_pct,lightgbm,8,2,bottom_up,q90,4.978273174477393,4341,2.1245359445138887,1.8000000000057879,34.34491525427833,2.1091039942947574,32.15844433761652,0.0,115.78999199106835,/Users/fgtek002/TimeTrack/results/final/packs/03_cpu_classical/metrics/predictions/base__cpu_core_weighted__f2__h8__lightgbm__s0.npz,417,246,139,3539,556,663,0.6289592760180995,True,0.75,True,0.6841673502871206,True,0.935006605019815,0.06499339498018494,3.624568889452622,0.6386110485881752,3.624568889452622,-1.961938994420831,-18.88783894032656,14.399996969329294,0.9124331310700119,
cpu_core_weighted,cpu_weighted_mean_pct,lightgbm,8,2,bottom_up,q95,8.180833333253458,4341,2.1245359445138887,1.8000000000057879,34.34491525427833,2.1091039942947574,32.15844433761652,0.0,44.24495628927002,/Users/fgtek002/TimeTrack/results/final/packs/03_cpu_classical/metrics/predictions/base__cpu_core_weighted__f2__h8__lightgbm__s0.npz,236,94,71,3940,307,330,0.7151515151515152,True,0.7687296416938111,True,0.7409733124018839,True,0.9766980664353,0.02330193356470005,5.096506077128975,0.7109012780771703,5.096506077128975,-3.657690869207515,-18.88783894032656,13.16537259628338,0.8266463056254699,
cpu_core_weighted,cpu_weighted_mean_pct,lightgbm,8,2,wls,q90,4.978273174477393,4341,2.1245359445138887,1.8000000000057879,34.34491525427833,2.232848966913591,31.785444966215767,0.0,116.26068301542229,/Users/fgtek002/TimeTrack/results/final/packs/03_cpu_classical/metrics/predictions/base__cpu_core_weighted__f2__h8__lightgbm__s0.npz,429,247,127,3538,556,676,0.6346153846153846,True,0.7715827338129496,True,0.6964285714285714,True,0.9347424042272127,0.06525759577278732,3.6003637920364384,0.6314165750628297,3.6003637920364384,-2.2973452710649873,-18.94451121152799,14.047681983699455,0.8834945814636165,
cpu_core_weighted,cpu_weighted_mean_pct,lightgbm,8,2,wls,q95,8.180833333253458,4341,2.1245359445138887,1.8000000000057879,34.34491525427833,2.232848966913591,31.785444966215767,0.0,41.89150116750034,/Users/fgtek002/TimeTrack/results/final/packs/03_cpu_classical/metrics/predictions/base__cpu_core_weighted__f2__h8__lightgbm__s0.npz,236,89,71,3945,307,325,0.7261538461538461,True,0.7687296416938111,True,0.7468354430379747,True,0.9779375309866137,0.022062469013386217,5.2203416477446805,0.691390460864515,5.2203416477446805,-4.126848578958657,-18.94451121152799,14.047681983699455,0.7955615121150403,
cpu_core_weighted,cpu_weighted_mean_pct,lightgbm,8,2,mint,q90,4.978273174477393,4341,2.1245359445138887,1.8000000000057879,34.34491525427833,2.2135995299774733,31.695688548593928,0.0,114.37791891800654,/Users/fgtek002/TimeTrack/results/final/packs/03_cpu_classical/metrics/predictions/base__cpu_core_weighted__f2__h8__lightgbm__s0.npz,423,243,133,3542,556,666,0.6351351351351351,True,0.7607913669064749,True,0.6923076923076924,True,0.9357992073976222,0.06420079260237781,3.580459849575766,0.6322535596939118,3.580459849575766,-2.142293580061421,-18.91831274091285,13.65841428015964,0.8968723008568127,
cpu_core_weighted,cpu_weighted_mean_pct,lightgbm,8,2,mint,q95,8.180833333253458,4341,2.1245359445138887,1.8000000000057879,34.34491525427833,2.2135995299774733,31.695688548593928,0.0,43.30357424056215,/Users/fgtek002/TimeTrack/results/final/packs/03_cpu_classical/metrics/predictions/base__cpu_core_weighted__f2__h8__lightgbm__s0.npz,237,92,70,3942,307,329,0.7203647416413373,True,0.7719869706840391,True,0.7452830188679245,True,0.9771938522558254,0.022806147744174516,5.121877432866051,0.6969258869399366,5.121877432866051,-3.9099662445787,-18.91831274091285,13.63980779638269,0.8099313976357047,
cpu_core_weighted,cpu_weighted_mean_pct,lightgbm,16,0,independent,q90,4.4105649717115325,3707,1.814248962523148,1.7963276836116098,33.59895103311185,1.0234432213974414,35.577846030039545,183.11774023810403,148.8219123049685,/Users/fgtek002/TimeTrack/results/final/packs/03_cpu_classical/metrics/predictions/base__cpu_core_weighted__f0__h16__lightgbm__s0.npz,408,270,157,2872,565,678,0.6017699115044248,True,0.7221238938053097,True,0.6564762670957361,True,0.9140674729471674,0.0859325270528326,3.89054109850068,0.6184259974827876,3.89054109850068,-1.9858038688346116,-28.480791694405735,24.035606206222344,0.923858410172755,
cpu_core_weighted,cpu_weighted_mean_pct,lightgbm,16,0,independent,q95,6.208177966037405,3707,1.814248962523148,1.7963276836116098,33.59895103311185,1.0234432213974414,35.577846030039545,183.11774023810403,77.16691749146514,/Users/fgtek002/TimeTrack/results/final/packs/03_cpu_classical/metrics/predictions/base__cpu_core_weighted__f0__h16__lightgbm__s0.npz,211,140,88,3268,299,351,0.6011396011396012,True,0.705685618729097,True,0.6492307692307692,True,0.9589201877934272,0.04107981220657277,5.9850643984406195,0.690057496951308,5.9850643984406195,-3.7656293768333784,-28.480791694405735,24.035606206222344,0.8489981280159181,
cpu_core_weighted,cpu_weighted_mean_pct,lightgbm,16,0,bottom_up,q90,4.4105649717115325,3707,1.814248962523148,1.7963276836116098,33.59895103311185,1.6568813784993823,32.23508304420365,0.0,151.5778736439494,/Users/fgtek002/TimeTrack/results/final/packs/03_cpu_classical/metrics/predictions/base__cpu_core_weighted__f0__h16__lightgbm__s0.npz,449,275,116,2867,565,724,0.6201657458563536,True,0.7946902654867256,True,0.6966640806826998,True,0.9124761298535964,0.08752387014640356,3.5971330797676333,0.5692052357395467,3.5971330797676333,-1.6161577904594981,-22.443097547392803,18.090678210244285,0.9824264242654831,
cpu_core_weighted,cpu_weighted_mean_pct,lightgbm,16,0,bottom_up,q95,6.208177966037405,3707,1.814248962523148,1.7963276836116098,33.59895103311185,1.6568813784993823,32.23508304420365,0.0,102.52176181008942,/Users/fgtek002/TimeTrack/results/final/packs/03_cpu_classical/metrics/predictions/base__cpu_core_weighted__f0__h16__lightgbm__s0.npz,248,186,51,3222,299,434,0.5714285714285714,True,0.8294314381270903,True,0.6766712141882674,True,0.9454225352112676,0.05457746478873239,5.2125674237333035,0.6638102643973328,5.2125674237333035,-3.4552996678726324,-22.443097547392803,18.090678210244285,0.883336226023909,
cpu_core_weighted,cpu_weighted_mean_pct,lightgbm,16,0,wls,q90,4.4105649717115325,3707,1.814248962523148,1.7963276836116098,33.59895103311185,1.8982520037618724,33.76941400133322,0.0,160.39694992868826,/Users/fgtek002/TimeTrack/results/final/packs/03_cpu_classical/metrics/predictions/base__cpu_core_weighted__f0__h16__lightgbm__s0.npz,455,291,110,2851,565,746,0.6099195710455764,True,0.8053097345132744,True,0.6941266209000763,True,0.9073838319541693,0.09261616804583069,3.51693069255105,0.5686606916222993,3.51693069255105,-1.7858256441579037,-25.214404121829887,20.819405045136218,0.9555436576737778,
cpu_core_weighted,cpu_weighted_mean_pct,lightgbm,16,0,wls,q95,6.208177966037405,3707,1.814248962523148,1.7963276836116098,33.59895103311185,1.8982520037618724,33.76941400133322,0.0,85.43480150840784,/Users/fgtek002/TimeTrack/results/final/packs/03_cpu_classical/metrics/predictions/base__cpu_core_weighted__f0__h16__lightgbm__s0.npz,236,155,63,3253,299,391,0.6035805626598465,True,0.7892976588628763,True,0.6840579710144926,True,0.954518779342723,0.04548122065727699,5.360801202747478,0.6370065066746218,5.360801202747478,-3.597741259271694,-25.214404121829887,20.819405045136218,0.8675750108239156,
cpu_core_weighted,cpu_weighted_mean_pct,lightgbm,16,0,mint,q90,4.4105649717115325,3707,1.814248962523148,1.7963276836116098,33.59895103311185,1.862837991624673,33.36822666130722,0.0,159.84575766089208,/Users/fgtek002/TimeTrack/results/final/packs/03_cpu_classical/metrics/predictions/base__cpu_core_weighted__f0__h16__lightgbm__s0.npz,456,290,109,2852,565,746,0.6112600536193029,True,0.8070796460176991,True,0.6956521739130435,True,0.9077021005728835,0.09229789942711648,3.505198176217583,0.5648435318486451,3.505198176217583,-1.741461946354139,-24.489780071309124,20.10591448075634,0.9625727967075255,
cpu_core_weighted,cpu_weighted_mean_pct,lightgbm,16,0,mint,q95,6.208177966037405,3707,1.814248962523148,1.7963276836116098,33.59895103311185,1.862837991624673,33.36822666130722,0.0,92.049108721962,/Users/fgtek002/TimeTrack/results/final/packs/03_cpu_classical/metrics/predictions/base__cpu_core_weighted__f0__h16__lightgbm__s0.npz,240,167,59,3241,299,407,0.5896805896805897,True,0.802675585284281,True,0.6798866855524079,True,0.9509976525821596,0.049002347417840375,5.284156168810836,0.6382666232854863,5.284156168810836,-3.56049651562834,-24.489780071309124,20.10591448075634,0.8716961555953685,
cpu_core_weighted,cpu_weighted_mean_pct,lightgbm,16,1,independent,q90,4.692372881319361,4317,2.112790065069444,1.7536723164125938,32.57853107326954,1.8082127627398754,31.910626952870942,131.29275142248974,98.9213284629538,/Users/fgtek002/TimeTrack/results/final/packs/03_cpu_classical/metrics/predictions/base__cpu_core_weighted__f1__h16__lightgbm__s0.npz,270,209,114,3724,384,479,0.5636743215031316,True,0.703125,True,0.6257242178447278,True,0.9468599033816425,0.05314009661835749,4.116427641149148,0.5473810608213951,4.116427641149148,-2.308007868058077,-24.449108749239535,22.258658182171278,0.8960221562633793,
cpu_core_weighted,cpu_weighted_mean_pct,lightgbm,16,1,independent,q95,7.138686440503589,4317,2.112790065069444,1.7536723164125938,32.57853107326954,1.8082127627398754,31.910626952870942,131.29275142248974,40.704470085234576,/Users/fgtek002/TimeTrack/results/final/packs/03_cpu_classical/metrics/predictions/base__cpu_core_weighted__f1__h16__lightgbm__s0.npz,130,86,77,4024,207,216,0.6018518518518519,True,0.6280193236714976,True,0.6146572104018914,True,0.9790754257907542,0.020924574209245744,6.062081766723417,0.6030917276642512,6.062081766723417,-4.344016859122212,-24.449108749239535,22.258658182171278,0.7902559186316369,
cpu_core_weighted,cpu_weighted_mean_pct,lightgbm,16,1,bottom_up,q90,4.692372881319361,4317,2.112790065069444,1.7536723164125938,32.57853107326954,2.117029071918005,33.163430777520865,0.0,100.8145596297089,/Users/fgtek002/TimeTrack/results/final/packs/03_cpu_classical/metrics/predictions/base__cpu_core_weighted__f1__h16__lightgbm__s0.npz,301,213,83,3720,384,514,0.585603112840467,True,0.7838541666666666,True,0.6703786191536749,True,0.9458428680396643,0.05415713196033562,3.7010071902405195,0.5160936889443962,3.7010071902405195,-1.3495797436563153,-19.135754441275402,13.742783046526606,0.9936678468382464,
cpu_core_weighted,cpu_weighted_mean_pct,lightgbm,16,1,bottom_up,q95,7.138686440503589,4317,2.112790065069444,1.7536723164125938,32.57853107326954,2.117029071918005,33.163430777520865,0.0,43.07100904367845,/Users/fgtek002/TimeTrack/results/final/packs/03_cpu_classical/metrics/predictions/base__cpu_core_weighted__f1__h16__lightgbm__s0.npz,166,91,41,4019,207,257,0.6459143968871596,True,0.8019323671497585,True,0.7155172413793105,True,0.9778588807785888,0.022141119221411192,5.079226175086364,0.5838402485225771,5.079226175086364,-2.9287753081578862,-19.135754441275402,13.742783046526606,0.9030646051987183,
cpu_core_weighted,cpu_weighted_mean_pct,lightgbm,16,1,wls,q90,4.692372881319361,4317,2.112790065069444,1.7536723164125938,32.57853107326954,2.181228018182377,32.49651719080984,0.0,98.9213284629538,/Users/fgtek002/TimeTrack/results/final/packs/03_cpu_classical/metrics/predictions/base__cpu_core_weighted__f1__h16__lightgbm__s0.npz,304,209,80,3724,384,513,0.5925925925925926,True,0.7916666666666666,True,0.6778149386845039,True,0.9468599033816425,0.05314009661835749,3.6662864402125965,0.5083748002873976,3.6662864402125965,-1.7170385075357146,-20.435455763451696,14.80369051662377,0.9562307518247982,
cpu_core_weighted,cpu_weighted_mean_pct,lightgbm,16,1,wls,q95,7.138686440503589,4317,2.112790065069444,1.7536723164125938,32.57853107326954,2.181228018182377,32.49651719080984,0.0,43.07100904367845,/Users/fgtek002/TimeTrack/results/final/packs/03_cpu_classical/metrics/predictions/base__cpu_core_weighted__f1__h16__lightgbm__s0.npz,157,91,50,4019,207,248,0.6330645161290323,True,0.7584541062801933,True,0.6901098901098901,True,0.9778588807785888,0.022141119221411192,5.254454689067145,0.5643844189623048,5.254454689067145,-3.471375110550735,-20.435455763451696,14.80369051662377,0.859814058323672,
cpu_core_weighted,cpu_weighted_mean_pct,lightgbm,16,1,mint,q90,4.692372881319361,4317,2.112790065069444,1.7536723164125938,32.57853107326954,2.1842792725035776,32.44961697240951,0.0,97.50140508788748,/Users/fgtek002/TimeTrack/results/final/packs/03_cpu_classical/metrics/predictions/base__cpu_core_weighted__f1__h16__lightgbm__s0.npz,304,206,80,3727,384,510,0.596078431372549,True,0.7916666666666666,True,0.680089485458613,True,0.9476226798881261,0.05237732011187389,3.670835962142372,0.5089351722509372,3.670835962142372,-1.7428797808617347,-20.528195872397482,14.99026231531472,0.9535980150394234,
cpu_core_weighted,cpu_weighted_mean_pct,lightgbm,16,1,mint,q95,7.138686440503589,4317,2.112790065069444,1.7536723164125938,32.57853107326954,2.1842792725035776,32.44961697240951,0.0,43.54431683536722,/Users/fgtek002/TimeTrack/results/final/packs/03_cpu_classical/metrics/predictions/base__cpu_core_weighted__f1__h16__lightgbm__s0.npz,157,92,50,4018,207,249,0.6305220883534136,True,0.7584541062801933,True,0.6885964912280701,True,0.9776155717761558,0.02238442822384428,5.273302290104754,0.5643964642029009,5.273302290104754,-3.5095330514643406,-20.528195872397482,14.99026231531472,0.8567724947166433,
cpu_core_weighted,cpu_weighted_mean_pct,lightgbm,16,2,independent,q90,4.978273174477393,3798,1.858785422083333,1.8000000000057879,34.34491525427833,1.9464673635386651,34.80928643632005,172.7779307352326,125.35067105209637,/Users/fgtek002/TimeTrack/results/final/packs/03_cpu_classical/metrics/predictions/base__cpu_core_weighted__f2__h16__lightgbm__s0.npz,372,233,118,3075,490,605,0.6148760330578512,True,0.7591836734693878,True,0.6794520547945206,True,0.9295646916565901,0.07043530834340991,4.365209850408368,0.6794509618501099,4.365209850408368,-3.076881773086067,-24.726044476249417,17.31903808690253,0.8240697182532427,
cpu_core_weighted,cpu_weighted_mean_pct,lightgbm,16,2,independent,q95,8.180833333253458,3798,1.858785422083333,1.8000000000057879,34.34491525427833,1.9464673635386651,34.80928643632005,172.7779307352326,46.80475700228491,/Users/fgtek002/TimeTrack/results/final/packs/03_cpu_classical/metrics/predictions/base__cpu_core_weighted__f2__h16__lightgbm__s0.npz,169,87,104,3438,273,256,0.66015625,True,0.6190476190476191,True,0.6389413988657845,True,0.9753191489361702,0.02468085106382979,6.543096190099937,0.7376769783270871,6.543096190099937,-5.250341974875201,-24.726044476249417,17.31903808690253,0.7260424655978815,
cpu_core_weighted,cpu_weighted_mean_pct,lightgbm,16,2,bottom_up,q90,4.978273174477393,3798,1.858785422083333,1.8000000000057879,34.34491525427833,2.167481418633309,32.25399426231254,0.0,110.28707109733801,/Users/fgtek002/TimeTrack/results/final/packs/03_cpu_classical/metrics/predictions/base__cpu_core_weighted__f2__h16__lightgbm__s0.npz,366,205,124,3103,490,571,0.6409807355516638,True,0.746938775510204,True,0.6899151743638077,True,0.9380290205562273,0.061970979443772674,3.657201282789682,0.6369489185896465,3.657201282789682,-1.8710387228756493,-18.758368326616253,15.10336387370872,0.9201088746817702,
cpu_core_weighted,cpu_weighted_mean_pct,lightgbm,16,2,bottom_up,q95,8.180833333253458,3798,1.858785422083333,1.8000000000057879,34.34491525427833,2.167481418633309,32.25399426231254,0.0,47.880728427624796,/Users/fgtek002/TimeTrack/results/final/packs/03_cpu_classical/metrics/predictions/base__cpu_core_weighted__f2__h16__lightgbm__s0.npz,211,89,62,3436,273,300,0.7033333333333334,True,0.7728937728937729,True,0.7364746945898778,True,0.9747517730496454,0.02524822695035461,4.974759354008773,0.7208358432956313,4.974759354008773,-3.5154933474560734,-18.758368326616253,12.269355464140496,0.8342978269910589,
cpu_core_weighted,cpu_weighted_mean_pct,lightgbm,16,2,wls,q90,4.978273174477393,3798,1.858785422083333,1.8000000000057879,34.34491525427833,2.2058640650266548,31.713526946305972,0.0,109.21109967199813,/Users/fgtek002/TimeTrack/results/final/packs/03_cpu_classical/metrics/predictions/base__cpu_core_weighted__f2__h16__lightgbm__s0.npz,371,203,119,3105,490,574,0.6463414634146342,True,0.7571428571428571,True,0.6973684210526315,True,0.93863361547763,0.06136638452237001,3.638129506937965,0.6332999361414574,3.638129506937965,-2.2336055389679115,-18.878584973072396,13.78766860654471,0.8912323047497199,
cpu_core_weighted,cpu_weighted_mean_pct,lightgbm,16,2,wls,q95,8.180833333253458,3798,1.858785422083333,1.8000000000057879,34.34491525427833,2.2058640650266548,31.713526946305972,0.0,45.72878557694503,/Users/fgtek002/TimeTrack/results/final/packs/03_cpu_classical/metrics/predictions/base__cpu_core_weighted__f2__h16__lightgbm__s0.npz,212,85,61,3440,273,297,0.7138047138047138,True,0.7765567765567766,True,0.743859649122807,True,0.975886524822695,0.024113475177304965,5.144026769512811,0.7016511600222827,5.144026769512811,-4.03711889659833,-18.878584973072396,13.78766860654471,0.8017481500671901,
cpu_core_weighted,cpu_weighted_mean_pct,lightgbm,16,2,mint,q90,4.978273174477393,3798,1.858785422083333,1.8000000000057879,34.34491525427833,2.1876649197248184,31.88269179564978,0.0,110.82505681000795,/Users/fgtek002/TimeTrack/results/final/packs/03_cpu_classical/metrics/predictions/base__cpu_core_weighted__f2__h16__lightgbm__s0.npz,371,206,119,3102,490,577,0.6429809358752167,True,0.7571428571428571,True,0.6954076850984068,True,0.937726723095526,0.062273276904474005,3.6174479662847596,0.6320926366243483,3.6174479662847596,-2.0616943554588776,-18.82158420782723,14.410762034002417,0.9049241405503715,
cpu_core_weighted,cpu_weighted_mean_pct,lightgbm,16,2,mint,q95,8.180833333253458,3798,1.858785422083333,1.8000000000057879,34.34491525427833,2.1876649197248184,31.88269179564978,0.0,44.65281415160515,/Users/fgtek002/TimeTrack/results/final/packs/03_cpu_classical/metrics/predictions/base__cpu_core_weighted__f2__h16__lightgbm__s0.npz,214,83,59,3442,273,297,0.7205387205387206,True,0.7838827838827839,True,0.7508771929824563,True,0.9764539007092199,0.02354609929078014,5.020704616494311,0.7071942085474978,5.020704616494311,-3.7897899588094552,-18.82158420782723,13.067759895479497,0.8171815908413037,
cpu_core_weighted,cpu_weighted_mean_pct,dlinear,1,0,independent,q90,4.4105649717115325,4847,2.372178236134259,1.7963276836116098,33.59895103311185,-1.6367847495910992,27.575502801091222,111.46417771966371,150.07304028728612,/Users/fgtek002/TimeTrack/results/final/packs/04_cpu_dlinear/metrics/predictions/base__cpu_core_weighted__f0__h1__dlinear__s0.npz,573,356,196,3722,769,929,0.6167922497308934,True,0.7451235370611183,True,0.6749116607773852,True,0.9127023050514959,0.08729769494850417,4.547902522827478,0.7054502842424112,4.547902522827478,-2.5540541600656583,-29.218638753026546,15.207867212668834,0.910483912991392,
cpu_core_weighted,cpu_weighted_mean_pct,dlinear,1,0,independent,q95,6.208177966037405,4847,2.372178236134259,1.7963276836116098,33.59895103311185,-1.6367847495910992,27.575502801091222,111.46417771966371,63.23302259295763,/Users/fgtek002/TimeTrack/results/final/packs/04_cpu_dlinear/metrics/predictions/base__cpu_core_weighted__f0__h1__dlinear__s0.npz,259,150,140,4298,399,409,0.6332518337408313,True,0.6491228070175439,True,0.641089108910891,True,0.9662769784172662,0.03372302158273381,7.47616208726758,0.7624043674404493,7.47616208726758,-4.92182707531023,-29.218638753026546,15.207867212668834,0.8216574684077544,
cpu_core_weighted,cpu_weighted_mean_pct,dlinear,1,0,bottom_up,q90,4.4105649717115325,4847,2.372178236134259,1.7963276836116098,33.59895103311185,-0.4996213907800011,26.61308853416672,0.0,127.30915215382137,/Users/fgtek002/TimeTrack/results/final/packs/04_cpu_dlinear/metrics/predictions/base__cpu_core_weighted__f0__h1__dlinear__s0.npz,543,302,226,3776,769,845,0.642603550295858,True,0.706111833550065,True,0.6728624535315986,True,0.9259440902403139,0.07405590975968612,4.5621488115137865,0.5909609330119556,4.5621488115137865,-2.8310794739283867,-28.17187767948086,15.171790210570414,0.8844024203526425,
cpu_core_weighted,cpu_weighted_mean_pct,dlinear,1,0,bottom_up,q95,6.208177966037405,4847,2.372178236134259,1.7963276836116098,33.59895103311185,-0.4996213907800011,26.61308853416672,0.0,56.90972033366187,/Users/fgtek002/TimeTrack/results/final/packs/04_cpu_dlinear/metrics/predictions/base__cpu_core_weighted__f0__h1__dlinear__s0.npz,261,135,138,4313,399,396,0.6590909090909091,True,0.6541353383458647,True,0.6566037735849056,True,0.9696492805755396,0.03035071942446043,7.471783912001985,0.6602943660045109,7.471783912001985,-5.337625049129319,-28.17187767948086,14.034218055230529,0.7943099919295135,
cpu_core_weighted,cpu_weighted_mean_pct,dlinear,1,0,wls,q90,4.4105649717115325,4847,2.372178236134259,1.7963276836116098,33.59895103311185,-0.943053447908241,26.68993214464055,0.0,130.68158002544578,/Users/fgtek002/TimeTrack/results/final/packs/04_cpu_dlinear/metrics/predictions/base__cpu_core_weighted__f0__h1__dlinear__s0.npz,568,310,201,3768,769,878,0.6469248291571754,True,0.7386215864759428,True,0.689738919247116,True,0.9239823442864149,0.0760176557135851,4.525549413919684,0.6109985420513561,4.525549413919684,-2.723054620813924,-28.580057746634452,14.906198476616385,0.8945727884393025,
cpu_core_weighted,cpu_weighted_mean_pct,dlinear,1,0,wls,q95,6.208177966037405,4847,2.372178236134259,1.7963276836116098,33.59895103311185,-0.943053447908241,26.68993214464055,0.0,53.53729246203746,/Users/fgtek002/TimeTrack/results/final/packs/04_cpu_dlinear/metrics/predictions/base__cpu_core_weighted__f0__h1__dlinear__s0.npz,258,127,141,4321,399,385,0.6701298701298701,True,0.6466165413533834,True,0.6581632653061225,True,0.9714478417266187,0.028552158273381294,7.451982597124234,0.6741138708491677,7.451982597124234,-5.175486382374269,-28.580057746634452,14.491877595697776,0.8049740250765965,
cpu_core_weighted,cpu_weighted_mean_pct,dlinear,1,0,mint,q90,4.4105649717115325,4847,2.372178236134259,1.7963276836116098,33.59895103311185,-0.7953543928613688,26.580955336898622,0.0,129.8384730575397,/Users/fgtek002/TimeTrack/results/final/packs/04_cpu_dlinear/metrics/predictions/base__cpu_core_weighted__f0__h1__dlinear__s0.npz,560,308,209,3770,769,868,0.6451612903225806,True,0.7282184655396619,True,0.6841783750763591,True,0.9244727807748897,0.07552721922511035,4.533331250890402,0.6002367837631066,4.533331250890402,-2.7590357107465144,-28.44410048049089,14.99466219389318,0.8911852260569191,
cpu_core_weighted,cpu_weighted_mean_pct,dlinear,1,0,mint,q95,6.208177966037405,4847,2.372178236134259,1.7963276836116098,33.59895103311185,-0.7953543928613688,26.580955336898622,0.0,52.69418549413136,/Users/fgtek002/TimeTrack/results/final/packs/04_cpu_dlinear/metrics/predictions/base__cpu_core_weighted__f0__h1__dlinear__s0.npz,259,125,140,4323,399,384,0.6744791666666666,True,0.6491228070175439,True,0.6615581098339719,True,0.9718974820143885,0.02810251798561151,7.455098790012818,0.6653131562287663,7.455098790012818,-5.229491787444236,-28.44410048049089,14.339439627865879,0.8014220319505069,
cpu_core_weighted,cpu_weighted_mean_pct,dlinear,1,1,independent,q90,4.692372881319361,5261,2.574794656550926,1.7536723164125938,32.57853107326954,-3.1360901319476566,29.05384145039448,110.22891972876208,115.34900433491161,/Users/fgtek002/TimeTrack/results/final/packs/04_cpu_dlinear/metrics/predictions/base__cpu_core_weighted__f1__h1__dlinear__s0.npz,325,297,117,4522,442,622,0.522508038585209,True,0.7352941176470589,True,0.6109022556390978,True,0.9383689562149824,0.06163104378501764,4.734228741412822,0.6982502939778612,4.734228741412822,-2.6570925028971937,-26.71331541790272,17.22842074683157,0.8939827936437004,
cpu_core_weighted,cpu_weighted_mean_pct,dlinear,1,1,independent,q95,7.138686440503589,5261,2.574794656550926,1.7536723164125938,32.57853107326954,-3.1360901319476566,29.05384145039448,110.22891972876208,32.623960821995205,/Users/fgtek002/TimeTrack/results/final/packs/04_cpu_dlinear/metrics/predictions/base__cpu_core_weighted__f1__h1__dlinear__s0.npz,141,84,99,4937,240,225,0.6266666666666667,True,0.5875,True,0.6064516129032258,True,0.9832702648874726,0.016729735112527386,7.322489230875507,0.7369049701202268,7.322489230875507,-4.949161663496295,-26.71331541790272,10.812078120617326,0.7901785770474966,
cpu_core_weighted,cpu_weighted_mean_pct,dlinear,1,1,bottom_up,q90,4.692372881319361,5261,2.574794656550926,1.7536723164125938,32.57853107326954,-2.6801346897070473,27.73571433706478,0.0,83.89018497084481,/Users/fgtek002/TimeTrack/results/final/packs/04_cpu_dlinear/metrics/predictions/base__cpu_core_weighted__f1__h1__dlinear__s0.npz,312,216,130,4603,442,528,0.5909090909090909,True,0.7058823529411765,True,0.643298969072165,True,0.9551774227018054,0.044822577298194645,4.70005187974835,0.5675153858794072,4.70005187974835,-2.985393253310406,-26.412186867604365,14.63752983953653,0.8603382173182311,
cpu_core_weighted,cpu_weighted_mean_pct,dlinear,1,1,bottom_up,q95,7.138686440503589,5261,2.574794656550926,1.7536723164125938,32.57853107326954,-2.6801346897070473,27.73571433706478,0.0,24.4679706164964,/Users/fgtek002/TimeTrack/results/final/packs/04_cpu_dlinear/metrics/predictions/base__cpu_core_weighted__f1__h1__dlinear__s0.npz,134,63,106,4958,240,197,0.6802030456852792,True,0.5583333333333333,True,0.6132723112128147,True,0.9874526986656045,0.01254730133439554,7.290451545637636,0.6099524406390362,7.290451545637636,-5.432149426759903,-26.412186867604365,10.033271983261553,0.7494006819161247,
cpu_core_weighted,cpu_weighted_mean_pct,dlinear,1,1,wls,q90,4.692372881319361,5261,2.574794656550926,1.7536723164125938,32.57853107326954,-2.852433557125139,28.23381522083493,0.0,89.32751177451067,/Users/fgtek002/TimeTrack/results/final/packs/04_cpu_dlinear/metrics/predictions/base__cpu_core_weighted__f1__h1__dlinear__s0.npz,315,230,127,4589,442,545,0.5779816513761468,True,0.7126696832579186,True,0.6382978723404255,True,0.9522722556547002,0.047727744345299854,4.686653365401138,0.5918667723851351,4.686653365401138,-2.861333219744905,-26.52597892568068,15.616589474700021,0.8730520087517925,
cpu_core_weighted,cpu_weighted_mean_pct,dlinear,1,1,wls,q95,7.138686440503589,5261,2.574794656550926,1.7536723164125938,32.57853107326954,-2.852433557125139,28.23381522083493,0.0,25.6331120744248,/Users/fgtek002/TimeTrack/results/final/packs/04_cpu_dlinear/metrics/predictions/base__cpu_core_weighted__f1__h1__dlinear__s0.npz,134,66,106,4955,240,200,0.67,True,0.5583333333333333,True,0.6090909090909091,True,0.9868552081258714,0.01314479187412866,7.280782248379747,0.6326068560087891,7.280782248379747,-5.249635442107766,-26.52597892568068,10.014557201598983,0.7648100497971319,
cpu_core_weighted,cpu_weighted_mean_pct,dlinear,1,1,mint,q90,4.692372881319361,5261,2.574794656550926,1.7536723164125938,32.57853107326954,-2.844232926197312,28.210107917508996,0.0,88.55075080255841,/Users/fgtek002/TimeTrack/results/final/packs/04_cpu_dlinear/metrics/predictions/base__cpu_core_weighted__f1__h1__dlinear__s0.npz,315,228,127,4591,442,543,0.580110497237569,True,0.7126696832579186,True,0.6395939086294417,True,0.9526872795185723,0.047312720481427685,4.68633860347046,0.5900159015002809,4.68633860347046,-2.8672379048041203,-26.520562948867866,15.56999075443795,0.8724468909538511,
cpu_core_weighted,cpu_weighted_mean_pct,dlinear,1,1,mint,q95,7.138686440503589,5261,2.574794656550926,1.7536723164125938,32.57853107326954,-2.844232926197312,28.210107917508996,0.0,25.6331120744248,/Users/fgtek002/TimeTrack/results/final/packs/04_cpu_dlinear/metrics/predictions/base__cpu_core_weighted__f1__h1__dlinear__s0.npz,134,66,106,4955,240,200,0.67,True,0.5583333333333333,True,0.6090909090909091,True,0.9868552081258714,0.01314479187412866,7.2804326107686546,0.6308194513999841,7.2804326107686546,-5.258322265473053,-26.520562948867866,10.015447938837216,0.7640766350004067,
cpu_core_weighted,cpu_weighted_mean_pct,dlinear,1,2,independent,q90,4.978273174477393,4852,2.3746252943518513,1.8000000000057879,36.562994350350365,-2.1111744141962983,28.235267284983948,124.60568283901921,177.29112925789457,/Users/fgtek002/TimeTrack/results/final/packs/04_cpu_dlinear/metrics/predictions/base__cpu_core_weighted__f2__h1__dlinear__s0.npz,425,421,195,3811,620,846,0.5023640661938534,True,0.6854838709677419,True,0.5798090040927695,True,0.9005198487712666,0.09948015122873347,5.275053446942055,0.825581813277719,5.275053446942055,-3.7404517567000877,-29.61193438933026,9.205839257351728,0.8191713683789236,
cpu_core_weighted,cpu_weighted_mean_pct,dlinear,1,2,independent,q95,8.180833333253458,4852,2.3746252943518513,1.8000000000057879,36.562994350350365,-2.1111744141962983,28.235267284983948,124.60568283901921,46.323097905863186,/Users/fgtek002/TimeTrack/results/final/packs/04_cpu_dlinear/metrics/predictions/base__cpu_core_weighted__f2__h1__dlinear__s0.npz,180,110,157,4405,337,290,0.6206896551724138,True,0.5341246290801187,True,0.5741626794258372,True,0.9756367663344407,0.024363233665559248,8.074659722093127,0.8955116377740855,8.074659722093127,-6.891082763469809,-29.61193438933026,9.205839257351728,0.6641646760079732,
cpu_core_weighted,cpu_weighted_mean_pct,dlinear,1,2,bottom_up,q90,4.978273174477393,4852,2.3746252943518513,1.8000000000057879,36.562994350350365,-1.961633138317797,27.378182772469923,0.0,159.18300916742078,/Users/fgtek002/TimeTrack/results/final/packs/04_cpu_dlinear/metrics/predictions/base__cpu_core_weighted__f2__h1__dlinear__s0.npz,418,378,202,3854,620,796,0.5251256281407035,True,0.6741935483870968,True,0.5903954802259886,True,0.9106805293005671,0.0893194706994329,5.154466123709862,0.7613171727725817,5.154466123709862,-3.702205585079849,-29.059611040965727,9.352615366013243,0.8131095124258801,
cpu_core_weighted,cpu_weighted_mean_pct,dlinear,1,2,bottom_up,q95,8.180833333253458,4852,2.3746252943518513,1.8000000000057879,36.562994350350365,-1.961633138317797,27.378182772469923,0.0,44.21750254650577,/Users/fgtek002/TimeTrack/results/final/packs/04_cpu_dlinear/metrics/predictions/base__cpu_core_weighted__f2__h1__dlinear__s0.npz,179,105,158,4410,337,284,0.6302816901408451,True,0.5311572700296736,True,0.5764895330112723,True,0.9767441860465116,0.023255813953488372,7.8242271551015445,0.837408354508186,7.8242271551015445,-6.74414634655136,-29.059611040965727,7.775131988349067,0.6665405532234762,
cpu_core_weighted,cpu_weighted_mean_pct,dlinear,1,2,wls,q90,4.978273174477393,4852,2.3746252943518513,1.8000000000057879,36.562994350350365,-2.0199619840925855,27.71249014047059,0.0,160.8674854549067,/Users/fgtek002/TimeTrack/results/final/packs/04_cpu_dlinear/metrics/predictions/base__cpu_core_weighted__f2__h1__dlinear__s0.npz,419,382,201,3850,620,801,0.5230961298377028,True,0.6758064516129032,True,0.58972554539057,True,0.9097353497164461,0.09026465028355388,5.16027840133939,0.7588997616417862,5.16027840133939,-3.7171235736606203,-29.249801480013126,8.228896710094745,0.8154739503305145,
cpu_core_weighted,cpu_weighted_mean_pct,dlinear,1,2,wls,q95,8.180833333253458,4852,2.3746252943518513,1.8000000000057879,36.562994350350365,-2.0199619840925855,27.71249014047059,0.0,43.3752644027628,/Users/fgtek002/TimeTrack/results/final/packs/04_cpu_dlinear/metrics/predictions/base__cpu_core_weighted__f2__h1__dlinear__s0.npz,182,103,155,4412,337,285,0.6385964912280702,True,0.5400593471810089,True,0.585209003215434,True,0.9771871539313399,0.022812846068660023,7.876361849613922,0.8320492706043344,7.876361849613922,-6.801459162366147,-29.249801480013126,7.633214058539114,0.6656138380081049,
cpu_core_weighted,cpu_weighted_mean_pct,dlinear,1,2,mint,q90,4.978273174477393,4852,2.3746252943518513,1.8000000000057879,36.562994350350365,-2.0032333313129755,27.616611132294235,0.0,161.70972359864967,/Users/fgtek002/TimeTrack/results/final/packs/04_cpu_dlinear/metrics/predictions/base__cpu_core_weighted__f2__h1__dlinear__s0.npz,420,384,200,3848,620,804,0.5223880597014925,True,0.6774193548387096,True,0.5898876404494382,True,0.9092627599243857,0.09073724007561437,5.149717504557369,0.7569558835196366,5.149717504557369,-3.712845109929332,-29.183385140780096,8.551178061065116,0.8147958319792855,
cpu_core_weighted,cpu_weighted_mean_pct,dlinear,1,2,mint,q95,8.180833333253458,4852,2.3746252943518513,1.8000000000057879,36.562994350350365,-2.0032333313129755,27.616611132294235,0.0,42.533026259019834,/Users/fgtek002/TimeTrack/results/final/packs/04_cpu_dlinear/metrics/predictions/base__cpu_core_weighted__f2__h1__dlinear__s0.npz,183,101,154,4414,337,284,0.6443661971830986,True,0.543026706231454,True,0.5893719806763286,True,0.9776301218161684,0.02236987818383167,7.850062080502835,0.8307400289592948,7.850062080502835,-6.78502190593068,-29.183385140780096,7.673915974365748,0.6658796189756075,
cpu_core_weighted,cpu_weighted_mean_pct,dlinear,8,0,independent,q90,4.4105649717115325,4295,2.102023008912037,1.7963276836116098,33.59895103311185,0.5412427583496904,24.630365339236377,96.52036216500535,140.81672690785788,/Users/fgtek002/TimeTrack/results/final/packs/04_cpu_dlinear/metrics/predictions/base__cpu_core_weighted__f0__h8__dlinear__s0.npz,468,296,196,3335,664,764,0.612565445026178,True,0.7048192771084337,True,0.6554621848739496,True,0.9184797576425228,0.08152024235747728,4.5262831258414336,0.7063918378440331,4.5262831258414336,-2.9156952934894593,-29.516250541288564,14.817184941732702,0.8778036684877238,
cpu_core_weighted,cpu_weighted_mean_pct,dlinear,8,0,independent,q95,6.208177966037405,4295,2.102023008912037,1.7963276836116098,33.59895103311185,0.5412427583496904,24.630365339236377,96.52036216500535,63.27238067143614,/Users/fgtek002/TimeTrack/results/final/packs/04_cpu_dlinear/metrics/predictions/base__cpu_core_weighted__f0__h8__dlinear__s0.npz,221,133,118,3823,339,354,0.6242937853107344,True,0.6519174041297935,True,0.6378066378066378,True,0.9663801820020222,0.03361981799797775,7.472412047645144,0.7677485021786381,7.472412047645144,-5.588151245597484,-29.516250541288564,12.539108147754076,0.7771066978630375,
cpu_core_weighted,cpu_weighted_mean_pct,dlinear,8,0,bottom_up,q90,4.4105649717115325,4295,2.102023008912037,1.7963276836116098,33.59895103311185,0.113467052383272,24.01941513802423,0.0,125.59329697187324,/Users/fgtek002/TimeTrack/results/final/packs/04_cpu_dlinear/metrics/predictions/base__cpu_core_weighted__f0__h8__dlinear__s0.npz,459,264,205,3367,664,723,0.6348547717842323,True,0.6912650602409639,True,0.6618601297764961,True,0.9272927568163041,0.07270724318369595,4.512646396469631,0.5991056817205977,4.512646396469631,-3.0098995761810143,-28.66721588148019,14.856315077342352,0.8675417013055611,
cpu_core_weighted,cpu_weighted_mean_pct,dlinear,8,0,bottom_up,q95,6.208177966037405,4295,2.102023008912037,1.7963276836116098,33.59895103311185,0.113467052383272,24.01941513802423,0.0,56.61213007444286,/Users/fgtek002/TimeTrack/results/final/packs/04_cpu_dlinear/metrics/predictions/base__cpu_core_weighted__f0__h8__dlinear__s0.npz,215,119,124,3837,339,334,0.6437125748502994,True,0.6342182890855457,True,0.6389301634472511,True,0.9699191102123357,0.03008088978766431,7.428104680217792,0.6707842393805596,7.428104680217792,-5.7327252861829265,-28.66721588148019,11.71195875959924,0.7652848170844454,
cpu_core_weighted,cpu_weighted_mean_pct,dlinear,8,0,wls,q90,4.4105649717115325,4295,2.102023008912037,1.7963276836116098,33.59895103311185,0.5216493014140824,24.24891961811685,0.0,128.92342227036988,/Users/fgtek002/TimeTrack/results/final/packs/04_cpu_dlinear/metrics/predictions/base__cpu_core_weighted__f0__h8__dlinear__s0.npz,465,271,199,3360,664,736,0.6317934782608695,True,0.7003012048192772,True,0.6642857142857143,True,0.9253649132470394,0.07463508675296061,4.497810343730059,0.6224579001186584,4.497810343730059,-2.9721847319716885,-29.007128346278982,14.84064926124146,0.8716500972563015,
cpu_core_weighted,cpu_weighted_mean_pct,dlinear,8,0,wls,q95,6.208177966037405,4295,2.102023008912037,1.7963276836116098,33.59895103311185,0.5216493014140824,24.24891961811685,0.0,55.660665703443826,/Users/fgtek002/TimeTrack/results/final/packs/04_cpu_dlinear/metrics/predictions/base__cpu_core_weighted__f0__h8__dlinear__s0.npz,215,117,124,3839,339,332,0.6475903614457831,True,0.6342182890855457,True,0.6408345752608048,True,0.9704246713852376,0.029575328614762385,7.429526369600729,0.6896059818687971,7.429526369600729,-5.674844824046034,-29.007128346278982,12.043109418802713,0.7700177270869625,
cpu_core_weighted,cpu_weighted_mean_pct,dlinear,8,0,mint,q90,4.4105649717115325,4295,2.102023008912037,1.7963276836116098,33.59895103311185,0.5155081223098352,24.129363048812536,0.0,121.31170730237757,/Users/fgtek002/TimeTrack/results/final/packs/04_cpu_dlinear/metrics/predictions/base__cpu_core_weighted__f0__h8__dlinear__s0.npz,470,255,194,3376,664,725,0.6482758620689655,True,0.7078313253012049,True,0.6767458603311736,True,0.92977141283393,0.07022858716606996,4.501652169343644,0.6074945387120487,4.501652169343644,-2.9898902221445067,-28.84755412740009,14.84800368517729,0.8697213828294568,
cpu_core_weighted,cpu_weighted_mean_pct,dlinear,8,0,mint,q95,6.208177966037405,4295,2.102023008912037,1.7963276836116098,33.59895103311185,0.5155081223098352,24.129363048812536,0.0,56.61213007444286,/Users/fgtek002/TimeTrack/results/final/packs/04_cpu_dlinear/metrics/predictions/base__cpu_core_weighted__f0__h8__dlinear__s0.npz,213,119,126,3837,339,332,0.641566265060241,True,0.6283185840707964,True,0.6348733233979136,True,0.9699191102123357,0.03008088978766431,7.427287442188246,0.6767086116293766,7.427287442188246,-5.702017200733064,-28.84755412740009,11.887648489161835,0.7677958302902473,
cpu_core_weighted,cpu_weighted_mean_pct,dlinear,8,1,independent,q90,4.692372881319361,4778,2.3384088327314814,1.7536723164125938,32.57853107326954,-2.0287924030743696,27.349709835426978,97.31203887243763,91.94286174024573,/Users/fgtek002/TimeTrack/results/final/packs/04_cpu_dlinear/metrics/predictions/base__cpu_core_weighted__f1__h8__dlinear__s0.npz,294,215,126,4143,420,509,0.5776031434184676,True,0.7,True,0.6329386437029064,True,0.9506654428636989,0.049334557136301055,4.7662090120860565,0.673983215952393,4.7662090120860565,-3.1093959918422343,-26.78562610406393,16.255838548171937,0.8463282506198812,
cpu_core_weighted,cpu_weighted_mean_pct,dlinear,8,1,independent,q95,7.138686440503589,4778,2.3384088327314814,1.7536723164125938,32.57853107326954,-2.0287924030743696,27.349709835426978,97.31203887243763,26.51375547858249,/Users/fgtek002/TimeTrack/results/final/packs/04_cpu_dlinear/metrics/predictions/base__cpu_core_weighted__f1__h8__dlinear__s0.npz,127,62,103,4486,230,189,0.671957671957672,True,0.5521739130434783,True,0.6062052505966588,True,0.98636763412489,0.013632365875109938,7.408785039227195,0.7113030081737947,7.408785039227195,-5.452838125500146,-26.78562610406393,9.392602704519472,0.755405226548342,
cpu_core_weighted,cpu_weighted_mean_pct,dlinear,8,1,bottom_up,q90,4.692372881319361,4778,2.3384088327314814,1.7536723164125938,32.57853107326954,-1.0005484440589822,26.677019798295948,0.0,95.79163269681416,/Users/fgtek002/TimeTrack/results/final/packs/04_cpu_dlinear/metrics/predictions/base__cpu_core_weighted__f1__h8__dlinear__s0.npz,303,224,117,4134,420,527,0.5749525616698292,True,0.7214285714285714,True,0.6399155227032736,True,0.9486002753556677,0.05139972464433226,4.712244207934334,0.5722835006491326,4.712244207934334,-2.9030608270901075,-26.58392710287911,14.422567003082634,0.877971151727039,
cpu_core_weighted,cpu_weighted_mean_pct,dlinear,8,1,bottom_up,q95,7.138686440503589,4778,2.3384088327314814,1.7536723164125938,32.57853107326954,-1.0005484440589822,26.677019798295948,0.0,29.507244000357932,/Users/fgtek002/TimeTrack/results/final/packs/04_cpu_dlinear/metrics/predictions/base__cpu_core_weighted__f1__h8__dlinear__s0.npz,138,69,92,4479,230,207,0.6666666666666666,True,0.6,True,0.631578947368421,True,0.9848284960422163,0.015171503957783642,7.255535700551523,0.6166184810981727,7.255535700551523,-5.353929815062014,-26.58392710287911,9.751140330708616,0.7618204430257097,
cpu_core_weighted,cpu_weighted_mean_pct,dlinear,8,1,wls,q90,4.692372881319361,4778,2.3384088327314814,1.7536723164125938,32.57853107326954,-1.3916879664805557,26.932908157817383,0.0,91.08757930545275,/Users/fgtek002/TimeTrack/results/final/packs/04_cpu_dlinear/metrics/predictions/base__cpu_core_weighted__f1__h8__dlinear__s0.npz,301,213,119,4145,420,514,0.585603112840467,True,0.7166666666666667,True,0.6445396145610278,True,0.9511243689765948,0.04887563102340523,4.709494190777727,0.5933196626215124,4.709494190777727,-2.9815498248544015,-26.660652524220005,15.119935512109077,0.8659343299994543,
cpu_core_weighted,cpu_weighted_mean_pct,dlinear,8,1,wls,q95,7.138686440503589,4778,2.3384088327314814,1.7536723164125938,32.57853107326954,-1.3916879664805557,26.932908157817383,0.0,26.94139669597898,/Users/fgtek002/TimeTrack/results/final/packs/04_cpu_dlinear/metrics/predictions/base__cpu_core_weighted__f1__h8__dlinear__s0.npz,131,63,99,4485,230,194,0.6752577319587629,True,0.5695652173913044,True,0.6179245283018868,True,0.9861477572559367,0.013852242744063324,7.294134270424583,0.6345698697523181,7.294134270424583,-5.391554105454887,-26.660652524220005,9.603650174624022,0.7593801226258451,
cpu_core_weighted,cpu_weighted_mean_pct,dlinear,8,1,mint,q90,4.692372881319361,4778,2.3384088327314814,1.7536723164125938,32.57853107326954,-1.3733853776991398,26.92093437570172,0.0,89.80465565326327,/Users/fgtek002/TimeTrack/results/final/packs/04_cpu_dlinear/metrics/predictions/base__cpu_core_weighted__f1__h8__dlinear__s0.npz,302,210,118,4148,420,512,0.58984375,True,0.719047619047619,True,0.648068669527897,True,0.9518127581459385,0.048187241854061494,4.708635421854341,0.591824858060241,4.708635421854341,-2.977877089762232,-26.657062312146323,15.087303552621282,0.866497568909576,
cpu_core_weighted,cpu_weighted_mean_pct,dlinear,8,1,mint,q95,7.138686440503589,4778,2.3384088327314814,1.7536723164125938,32.57853107326954,-1.3733853776991398,26.92093437570172,0.0,27.369037913375475,/Users/fgtek002/TimeTrack/results/final/packs/04_cpu_dlinear/metrics/predictions/base__cpu_core_weighted__f1__h8__dlinear__s0.npz,130,64,100,4484,230,194,0.6701030927835051,True,0.5652173913043478,True,0.6132075471698113,True,0.9859278803869833,0.014072119613016711,7.291538924076825,0.633189458238277,7.291538924076825,-5.389793552312707,-26.657062312146323,9.610551680407276,0.7594943125202734,
cpu_core_weighted,cpu_weighted_mean_pct,dlinear,8,2,independent,q90,4.978273174477393,4341,2.1245359445138887,1.8000000000057879,34.34491525427833,-2.1778173620437027,24.41227506344001,116.15117033739223,167.56600467000135,/Users/fgtek002/TimeTrack/results/final/packs/04_cpu_dlinear/metrics/predictions/base__cpu_core_weighted__f2__h8__dlinear__s0.npz,376,356,180,3429,556,732,0.5136612021857924,True,0.6762589928057554,True,0.5838509316770187,True,0.9059445178335535,0.0940554821664465,5.334287917566099,0.8067052256039892,5.334287917566099,-3.8787594063379505,-29.21352356514797,9.207013732817119,0.8014573891590222,
cpu_core_weighted,cpu_weighted_mean_pct,dlinear,8,2,independent,q95,8.180833333253458,4341,2.1245359445138887,1.8000000000057879,34.34491525427833,-2.1778173620437027,24.41227506344001,116.15117033739223,41.89150116750034,/Users/fgtek002/TimeTrack/results/final/packs/04_cpu_dlinear/metrics/predictions/base__cpu_core_weighted__f2__h8__dlinear__s0.npz,162,89,145,3945,307,251,0.6454183266932271,True,0.5276872964169381,True,0.5806451612903225,True,0.9779375309866137,0.022062469013386217,8.130851172068274,0.8733445838504933,8.130851172068274,-6.889169134783746,-29.21352356514797,9.207013732817119,0.6624051280027701,
cpu_core_weighted,cpu_weighted_mean_pct,dlinear,8,2,bottom_up,q90,4.978273174477393,4341,2.1245359445138887,1.8000000000057879,34.34491525427833,-0.9387019295780834,23.790207707049206,0.0,160.97633032904625,/Users/fgtek002/TimeTrack/results/final/packs/04_cpu_dlinear/metrics/predictions/base__cpu_core_weighted__f2__h8__dlinear__s0.npz,369,342,187,3443,556,711,0.5189873417721519,True,0.6636690647482014,True,0.5824782951854776,True,0.9096433289299868,0.09035667107001322,5.415345673234397,0.7360856000150866,5.415345673234397,-4.108422123782566,-29.023875922194136,8.224934000500872,0.7867123979543399,
cpu_core_weighted,cpu_weighted_mean_pct,dlinear,8,2,bottom_up,q95,8.180833333253458,4341,2.1245359445138887,1.8000000000057879,34.34491525427833,-0.9387019295780834,23.790207707049206,0.0,38.59666399702278,/Users/fgtek002/TimeTrack/results/final/packs/04_cpu_dlinear/metrics/predictions/base__cpu_core_weighted__f2__h8__dlinear__s0.npz,164,82,143,3952,307,246,0.6666666666666666,True,0.5342019543973942,True,0.5931283905967449,True,0.9796727813584531,0.02032721864154685,8.27667832982129,0.8071581415766714,8.27667832982129,-7.283668635391403,-29.023875922194136,7.6623560538710045,0.638767965629493,
cpu_core_weighted,cpu_weighted_mean_pct,dlinear,8,2,wls,q90,4.978273174477393,4341,2.1245359445138887,1.8000000000057879,34.34491525427833,-1.4167490726257523,24.030199490473304,0.0,158.1521841829226,/Users/fgtek002/TimeTrack/results/final/packs/04_cpu_dlinear/metrics/predictions/base__cpu_core_weighted__f2__h8__dlinear__s0.npz,370,336,186,3449,556,706,0.5240793201133145,True,0.6654676258992805,True,0.5863708399366085,True,0.9112285336856011,0.08877146631439894,5.35957775891687,0.7375884998844583,5.35957775891687,-4.019818912925545,-29.097041433271194,7.535679270846941,0.7924009728320119,
cpu_core_weighted,cpu_weighted_mean_pct,dlinear,8,2,wls,q95,8.180833333253458,4341,2.1245359445138887,1.8000000000057879,34.34491525427833,-1.4167490726257523,24.030199490473304,0.0,40.479428094438525,/Users/fgtek002/TimeTrack/results/final/packs/04_cpu_dlinear/metrics/predictions/base__cpu_core_weighted__f2__h8__dlinear__s0.npz,165,86,142,3948,307,251,0.6573705179282868,True,0.5374592833876222,True,0.5913978494623655,True,0.9786812097174021,0.021318790282597918,8.200773753452546,0.8066584441523359,8.200773753452546,-7.131471871265938,-29.097041433271194,7.535679270846941,0.6478871143756376,
cpu_core_weighted,cpu_weighted_mean_pct,dlinear,8,2,mint,q90,4.978273174477393,4341,2.1245359445138887,1.8000000000057879,34.34491525427833,-1.303966468973387,23.973579764608683,0.0,159.56425725598442,/Users/fgtek002/TimeTrack/results/final/packs/04_cpu_dlinear/metrics/predictions/base__cpu_core_weighted__f2__h8__dlinear__s0.npz,369,339,187,3446,556,708,0.5211864406779662,True,0.6636690647482014,True,0.5838607594936709,True,0.9104359313077939,0.08956406869220608,5.368933571939428,0.7345837268450158,5.368933571939428,-4.040722501531272,-29.079779962395705,7.565565313718562,0.791058903759734,
cpu_core_weighted,cpu_weighted_mean_pct,dlinear,8,2,mint,q95,8.180833333253458,4341,2.1245359445138887,1.8000000000057879,34.34491525427833,-1.303966468973387,23.973579764608683,0.0,39.06735502137672,/Users/fgtek002/TimeTrack/results/final/packs/04_cpu_dlinear/metrics/predictions/base__cpu_core_weighted__f2__h8__dlinear__s0.npz,164,83,143,3951,307,247,0.6639676113360324,True,0.5342019543973942,True,0.592057761732852,True,0.9794248884481904,0.02057511155180962,8.2152713787169,0.80402532445231,8.2152713787169,-7.167378679987979,-29.079779962395705,7.565565313718562,0.6457356919612574,
cpu_core_weighted,cpu_weighted_mean_pct,dlinear,16,0,independent,q90,4.4105649717115325,3707,1.814248962523148,1.7963276836116098,33.59895103311185,-1.6875000512557907,27.607439456977012,116.57592199027869,143.86118189480288,/Users/fgtek002/TimeTrack/results/final/packs/04_cpu_dlinear/metrics/predictions/base__cpu_core_weighted__f0__h16__dlinear__s0.npz,421,261,144,2881,565,682,0.6173020527859238,True,0.7451327433628319,True,0.6752205292702486,True,0.9169318905155952,0.08306810948440484,4.594302975697401,0.7200765547665714,4.594302975697401,-2.6742933029060487,-29.164275240351255,14.488891256774647,0.9043380436261963,
cpu_core_weighted,cpu_weighted_mean_pct,dlinear,16,0,independent,q95,6.208177966037405,3707,1.814248962523148,1.7963276836116098,33.59895103311185,-1.6875000512557907,27.607439456977012,116.57592199027869,65.59187986774538,/Users/fgtek002/TimeTrack/results/final/packs/04_cpu_dlinear/metrics/predictions/base__cpu_core_weighted__f0__h16__dlinear__s0.npz,191,119,108,3289,299,310,0.6161290322580645,True,0.6387959866220736,True,0.6272577996715928,True,0.9650821596244131,0.03491784037558685,7.349684615235433,0.7807235963586281,7.349684615235433,-5.082129571738669,-29.164275240351255,14.292309238938799,0.8064474698954912,
cpu_core_weighted,cpu_weighted_mean_pct,dlinear,16,0,bottom_up,q90,4.4105649717115325,3707,1.814248962523148,1.7963276836116098,33.59895103311185,0.20061089079860528,25.025122700493277,0.0,119.60872211177097,/Users/fgtek002/TimeTrack/results/final/packs/04_cpu_dlinear/metrics/predictions/base__cpu_core_weighted__f0__h16__dlinear__s0.npz,392,217,173,2925,565,609,0.6436781609195402,True,0.6938053097345133,True,0.6678023850085179,True,0.9309357097390197,0.06906429026098027,4.667922945577273,0.5998090633568076,4.667922945577273,-3.0741486960223345,-28.530899284665793,15.354277185083575,0.8701146784223628,
cpu_core_weighted,cpu_weighted_mean_pct,dlinear,16,0,bottom_up,q95,6.208177966037405,3707,1.814248962523148,1.7963276836116098,33.59895103311185,0.20061089079860528,25.025122700493277,0.0,58.42638038639504,/Users/fgtek002/TimeTrack/results/final/packs/04_cpu_dlinear/metrics/predictions/base__cpu_core_weighted__f0__h16__dlinear__s0.npz,191,106,108,3302,299,297,0.6430976430976431,True,0.6387959866220736,True,0.6409395973154363,True,0.9688967136150235,0.031103286384976527,7.469056406845774,0.6715753156312682,7.469056406845774,-5.6853931989278355,-28.530899284665793,12.351479712363622,0.7718923681184049,
cpu_core_weighted,cpu_weighted_mean_pct,dlinear,16,0,wls,q90,4.4105649717115325,3707,1.814248962523148,1.7963276836116098,33.59895103311185,-0.5138398045204972,26.093379848807267,0.0,128.42779839650984,/Users/fgtek002/TimeTrack/results/final/packs/04_cpu_dlinear/metrics/predictions/base__cpu_core_weighted__f0__h16__dlinear__s0.npz,404,233,161,2909,565,637,0.6342229199372057,True,0.7150442477876107,True,0.6722129783693843,True,0.9258434118395926,0.07415658816040738,4.604883496034262,0.6244608693065297,4.604883496034262,-2.908735843042537,-28.792915317568774,14.996282875653389,0.8842722578232759,
cpu_core_weighted,cpu_weighted_mean_pct,dlinear,16,0,wls,q95,6.208177966037405,3707,1.814248962523148,1.7963276836116098,33.59895103311185,-0.5138398045204972,26.093379848807267,0.0,56.221611315210325,/Users/fgtek002/TimeTrack/results/final/packs/04_cpu_dlinear/metrics/predictions/base__cpu_core_weighted__f0__h16__dlinear__s0.npz,191,102,108,3306,299,293,0.6518771331058021,True,0.6387959866220736,True,0.6452702702702704,True,0.9700704225352113,0.02992957746478873,7.39669659437267,0.6902003946311753,7.39669659437267,-5.435834084832396,-28.792915317568774,12.841338338471765,0.7861871808641046,
cpu_core_weighted,cpu_weighted_mean_pct,dlinear,16,0,mint,q90,4.4105649717115325,3707,1.814248962523148,1.7963276836116098,33.59895103311185,-0.24014095835918317,25.740299501297066,0.0,125.12064478973278,/Users/fgtek002/TimeTrack/results/final/packs/04_cpu_dlinear/metrics/predictions/base__cpu_core_weighted__f0__h16__dlinear__s0.npz,399,227,166,2915,565,626,0.6373801916932907,True,0.7061946902654868,True,0.6700251889168767,True,0.9277530235518778,0.07224697644812221,4.619638131721927,0.6112440323251701,4.619638131721927,-2.9634080984122573,-28.706313779637604,15.11460715307966,0.8795928947478914,
cpu_core_weighted,cpu_weighted_mean_pct,dlinear,16,0,mint,q95,6.208177966037405,3707,1.814248962523148,1.7963276836116098,33.59895103311185,-0.24014095835918317,25.740299501297066,0.0,56.221611315210325,/Users/fgtek002/TimeTrack/results/final/packs/04_cpu_dlinear/metrics/predictions/base__cpu_core_weighted__f0__h16__dlinear__s0.npz,190,102,109,3306,299,292,0.6506849315068494,True,0.6354515050167224,True,0.6429780033840947,True,0.9700704225352113,0.02992957746478873,7.415509461291538,0.6788107291849773,7.415509461291538,-5.518318362020312,-28.706313779637604,12.581150219626961,0.7814624594242853,
cpu_core_weighted,cpu_weighted_mean_pct,dlinear,16,1,independent,q90,4.692372881319361,4317,2.112790065069444,1.7536723164125938,32.57853107326954,-2.963862984071503,28.724275027528385,104.45388158119103,102.23448300477521,/Users/fgtek002/TimeTrack/results/final/packs/04_cpu_dlinear/metrics/predictions/base__cpu_core_weighted__f1__h16__dlinear__s0.npz,275,216,109,3717,384,491,0.560081466395112,True,0.7161458333333334,True,0.6285714285714286,True,0.9450800915331807,0.05491990846681922,4.6552529127450955,0.6836035282008788,4.6552529127450955,-2.8270489476358898,-26.750499264303407,16.69379716972513,0.8700658566294166,
cpu_core_weighted,cpu_weighted_mean_pct,dlinear,16,1,independent,q95,7.138686440503589,4317,2.112790065069444,1.7536723164125938,32.57853107326954,-2.963862984071503,28.724275027528385,104.45388158119103,28.39846750132645,/Users/fgtek002/TimeTrack/results/final/packs/04_cpu_dlinear/metrics/predictions/base__cpu_core_weighted__f1__h16__dlinear__s0.npz,118,60,89,4050,207,178,0.6629213483146067,True,0.5700483091787439,True,0.612987012987013,True,0.9854014598540146,0.014598540145985401,7.222719220437111,0.725335016125959,7.222719220437111,-5.108236657207845,-26.750499264303407,9.542811071278486,0.7786645233490278,
cpu_core_weighted,cpu_weighted_mean_pct,dlinear,16,1,bottom_up,q90,4.692372881319361,4317,2.112790065069444,1.7536723164125938,32.57853107326954,-2.8453506241527613,27.926942876473074,0.0,80.93563237878038,/Users/fgtek002/TimeTrack/results/final/packs/04_cpu_dlinear/metrics/predictions/base__cpu_core_weighted__f1__h16__dlinear__s0.npz,269,171,115,3762,384,440,0.6113636363636363,True,0.7005208333333334,True,0.6529126213592232,True,0.9565217391304348,0.043478260869565216,4.597459190353664,0.5710230910526921,4.597459190353664,-2.8733994686246866,-26.373315060694573,14.816182007108758,0.864639853828559,
cpu_core_weighted,cpu_weighted_mean_pct,dlinear,16,1,bottom_up,q95,7.138686440503589,4317,2.112790065069444,1.7536723164125938,32.57853107326954,-2.8453506241527613,27.926942876473074,0.0,24.13869737612748,/Users/fgtek002/TimeTrack/results/final/packs/04_cpu_dlinear/metrics/predictions/base__cpu_core_weighted__f1__h16__dlinear__s0.npz,117,51,90,4059,207,168,0.6964285714285714,True,0.5652173913043478,True,0.6239999999999999,True,0.9875912408759124,0.012408759124087591,7.098315273144585,0.6184688283856731,7.098315273144585,-5.221960000514725,-26.373315060694573,10.014916539973868,0.7626400063774023,
cpu_core_weighted,cpu_weighted_mean_pct,dlinear,16,1,wls,q90,4.692372881319361,4317,2.112790065069444,1.7536723164125938,32.57853107326954,-2.890311855154419,28.229434827967903,0.0,84.2487869206018,/Users/fgtek002/TimeTrack/results/final/packs/04_cpu_dlinear/metrics/predictions/base__cpu_core_weighted__f1__h16__dlinear__s0.npz,269,178,115,3755,384,447,0.6017897091722595,True,0.7005208333333334,True,0.6474127557160049,True,0.954741927281973,0.045258072718026954,4.590705809813891,0.591143835518647,4.590705809813891,-2.8558150033204233,-26.516411241718327,15.528511835957943,0.8666983713156702,
cpu_core_weighted,cpu_weighted_mean_pct,dlinear,16,1,wls,q95,7.138686440503589,4317,2.112790065069444,1.7536723164125938,32.57853107326954,-2.890311855154419,28.229434827967903,0.0,25.085312959505032,/Users/fgtek002/TimeTrack/results/final/packs/04_cpu_dlinear/metrics/predictions/base__cpu_core_weighted__f1__h16__dlinear__s0.npz,117,53,90,4057,207,170,0.6882352941176471,True,0.5652173913043478,True,0.6206896551724137,True,0.9871046228710463,0.01289537712895377,7.116377191011977,0.636182398424305,7.116377191011977,-5.178815627117204,-26.516411241718327,9.835809119874309,0.7687193892344263,
cpu_core_weighted,cpu_weighted_mean_pct,dlinear,16,1,mint,q90,4.692372881319361,4317,2.112790065069444,1.7536723164125938,32.57853107326954,-2.886782108867885,28.2056872610436,0.0,83.30217133722425,/Users/fgtek002/TimeTrack/results/final/packs/04_cpu_dlinear/metrics/predictions/base__cpu_core_weighted__f1__h16__dlinear__s0.npz,266,176,118,3757,384,442,0.6018099547511312,True,0.6927083333333334,True,0.6440677966101696,True,0.9552504449529621,0.044749555047037884,4.590046671627152,0.5886115512680413,4.590046671627152,-2.8571954971297124,-26.505177269643784,15.472589355377316,0.866536764431531,
cpu_core_weighted,cpu_weighted_mean_pct,dlinear,16,1,mint,q95,7.138686440503589,4317,2.112790065069444,1.7536723164125938,32.57853107326954,-2.886782108867885,28.2056872610436,0.0,24.612005167816257,/Users/fgtek002/TimeTrack/results/final/packs/04_cpu_dlinear/metrics/predictions/base__cpu_core_weighted__f1__h16__dlinear__s0.npz,118,52,89,4058,207,170,0.6941176470588235,True,0.5700483091787439,True,0.6259946949602121,True,0.9873479318734794,0.012652068126520682,7.113946389947085,0.6338200122440357,7.113946389947085,-5.182202738375507,-26.505177269643784,9.849870206210152,0.7682421185152303,
cpu_core_weighted,cpu_weighted_mean_pct,dlinear,16,2,independent,q90,4.978273174477393,3798,1.858785422083333,1.8000000000057879,34.34491525427833,-2.669409039631369,25.633262651794603,122.93967073314612,155.4778709616131,/Users/fgtek002/TimeTrack/results/final/packs/04_cpu_dlinear/metrics/predictions/base__cpu_core_weighted__f2__h16__dlinear__s0.npz,330,289,160,3019,490,619,0.5331179321486268,True,0.673469387755102,True,0.5951307484220019,True,0.9126360338573156,0.08736396614268441,5.328192802770468,0.8022982437988286,5.328192802770468,-3.7260130322309215,-29.289001620082466,10.425539913518028,0.8128106937919272,
cpu_core_weighted,cpu_weighted_mean_pct,dlinear,16,2,independent,q95,8.180833333253458,3798,1.858785422083333,1.8000000000057879,34.34491525427833,-2.669409039631369,25.633262651794603,122.93967073314612,43.03885701359532,/Users/fgtek002/TimeTrack/results/final/packs/04_cpu_dlinear/metrics/predictions/base__cpu_core_weighted__f2__h16__dlinear__s0.npz,141,80,132,3445,273,221,0.6380090497737556,True,0.5164835164835165,True,0.5708502024291499,True,0.9773049645390071,0.02269503546099291,7.977120074161156,0.8757626336448396,7.977120074161156,-6.593235217843045,-29.289001620082466,10.425539913518028,0.6787284128885143,
cpu_core_weighted,cpu_weighted_mean_pct,dlinear,16,2,bottom_up,q90,4.978273174477393,3798,1.858785422083333,1.8000000000057879,34.34491525427833,-1.4900310446667335,24.97843161983943,0.0,160.8577280883125,/Users/fgtek002/TimeTrack/results/final/packs/04_cpu_dlinear/metrics/predictions/base__cpu_core_weighted__f2__h16__dlinear__s0.npz,327,299,163,3009,490,626,0.5223642172523961,True,0.6673469387755102,True,0.586021505376344,True,0.9096130592503023,0.0903869407496977,5.3530470456953125,0.7289820511152765,5.3530470456953125,-3.8885692716136995,-29.06668909656232,8.821303634112292,0.8041273855866033,
cpu_core_weighted,cpu_weighted_mean_pct,dlinear,16,2,bottom_up,q95,8.180833333253458,3798,1.858785422083333,1.8000000000057879,34.34491525427833,-1.4900310446667335,24.97843161983943,0.0,44.114828438935206,/Users/fgtek002/TimeTrack/results/final/packs/04_cpu_dlinear/metrics/predictions/base__cpu_core_weighted__f2__h16__dlinear__s0.npz,146,82,127,3443,273,228,0.6403508771929824,True,0.5347985347985348,True,0.5828343313373253,True,0.9767375886524823,0.02326241134751773,8.008338100985906,0.8079969860740103,8.008338100985906,-6.899022073767807,-29.06668909656232,7.325171282737065,0.6608643053754617,
cpu_core_weighted,cpu_weighted_mean_pct,dlinear,16,2,wls,q90,4.978273174477393,3798,1.858785422083333,1.8000000000057879,34.34491525427833,-1.9412520688452304,25.205967481350815,0.0,153.32592811093332,/Users/fgtek002/TimeTrack/results/final/packs/04_cpu_dlinear/metrics/predictions/base__cpu_core_weighted__f2__h16__dlinear__s0.npz,327,285,163,3023,490,612,0.5343137254901961,True,0.6673469387755102,True,0.5934664246823955,True,0.9138452237001209,0.08615477629987908,5.314881774724225,0.7284874476277137,5.314881774724225,-3.8263764944599354,-29.151744172185875,7.73393652281052,0.8074495530667419,
cpu_core_weighted,cpu_weighted_mean_pct,dlinear,16,2,wls,q95,8.180833333253458,3798,1.858785422083333,1.8000000000057879,34.34491525427833,-1.9412520688452304,25.205967481350815,0.0,43.03885701359532,/Users/fgtek002/TimeTrack/results/final/packs/04_cpu_dlinear/metrics/predictions/base__cpu_core_weighted__f2__h16__dlinear__s0.npz,146,80,127,3445,273,226,0.6460176991150443,True,0.5347985347985348,True,0.5851703406813628,True,0.9773049645390071,0.02269503546099291,7.9677158275833175,0.80537365260627,7.9677158275833175,-6.782030355336758,-29.151744172185875,7.390123019173876,0.6676989766364895,
cpu_core_weighted,cpu_weighted_mean_pct,dlinear,16,2,mint,q90,4.978273174477393,3798,1.858785422083333,1.8000000000057879,34.34491525427833,-1.8367180734978295,25.1532544395951,0.0,156.553842386953,/Users/fgtek002/TimeTrack/results/final/packs/04_cpu_dlinear/metrics/predictions/base__cpu_core_weighted__f2__h16__dlinear__s0.npz,326,291,164,3017,490,617,0.5283630470016207,True,0.6653061224489796,True,0.5889792231255645,True,0.912031438935913,0.08796856106408706,5.319269310194699,0.7258283621186402,5.319269310194699,-3.8407846428600796,-29.132039534318668,7.840914304715682,0.8066799093194368,
cpu_core_weighted,cpu_weighted_mean_pct,dlinear,16,2,mint,q95,8.180833333253458,3798,1.858785422083333,1.8000000000057879,34.34491525427833,-1.8367180734978295,25.1532544395951,0.0,43.03885701359532,/Users/fgtek002/TimeTrack/results/final/packs/04_cpu_dlinear/metrics/predictions/base__cpu_core_weighted__f2__h16__dlinear__s0.npz,146,80,127,3445,273,226,0.6460176991150443,True,0.5347985347985348,True,0.5851703406813628,True,0.9773049645390071,0.02269503546099291,7.972020132163739,0.8031548050505429,7.972020132163739,-6.809133728395261,-29.132039534318668,7.027162450351867,0.6661155940910914,
