run_id,experiment_stage,eligible_for_final_claims,evaluation_role,scope,target,model,horizon,context,seed,mae,rmse,mse,smape,mape,mape_fraction_excluded,mase,r2,nrmse,medae,maxae,peak_recall,peak_precision,training_time_sec,inference_time_sec,n_parameters,runtime_sec,n_test_windows
local__averageRttWithGoogleDns__h1__c32__ewma__seed0,pilot,False,development_benchmark,local,averageRttWithGoogleDns,ewma,1,32,0,0.3062369435141261,1.195529881863154,1.429291698427727,6.363008186586929,6.812845804178661,0.0,,0.5851001071824173,0.0378416067439988,0.0230610430357347,18.951957071714677,,,6.669997674180195e-07,0.0002450420006425,1,1.6991918339999756,4922
local__averageRttWithGoogleDns__h1__c32__ewma__seed1,pilot,False,development_benchmark,local,averageRttWithGoogleDns,ewma,1,32,1,0.3062369435141261,1.195529881863154,1.429291698427727,6.363008186586929,6.812845804178661,0.0,,0.5851001071824173,0.0378416067439988,0.0230610430357347,18.951957071714677,,,5.829997462569736e-07,0.0002430419999654,1,1.633704625000064,4922
local__averageRttWithGoogleDns__h1__c32__dlinear__seed1,pilot,False,development_benchmark,local,averageRttWithGoogleDns,dlinear,1,32,1,0.3198681488703636,1.2556391136949605,1.5766295838406652,6.654407909329536,6.970720509827584,0.0,,0.5423303402180929,0.0397442190895122,0.0315646858215332,19.587829483032227,,,0.2596319160002167,0.0010254580001856,66,1.8974307090002185,4922
local__averageRttWithGoogleDns__h1__c32__persistence__seed0,pilot,False,development_benchmark,local,averageRttWithGoogleDns,persistence,1,32,0,0.3205548557496953,1.3833576404670052,1.91367836143844,5.839947325903189,6.898056361696228,0.0,,0.4444906187298587,0.0437868401375939,0.016,18.982,,,1.6250000044237822e-05,7.079997885739431e-07,0,1.6837023750003937,4922
local__averageRttWithGoogleDns__h1__c32__persistence__seed1,pilot,False,development_benchmark,local,averageRttWithGoogleDns,persistence,1,32,1,0.3205548557496953,1.3833576404670052,1.91367836143844,5.839947325903189,6.898056361696228,0.0,,0.4444906187298587,0.0437868401375939,0.016,18.982,,,1.6832999790494796e-05,3.749992174562067e-07,0,1.6680152919998363,4922
local__averageRttWithGoogleDns__h1__c32__dlinear__seed0,pilot,False,development_benchmark,local,averageRttWithGoogleDns,dlinear,1,32,0,0.3244487057576961,1.2584198104460378,1.583620419323042,6.757412447211561,7.15018423407755,0.0,,0.5403010155564203,0.0398322353194074,0.0350062274932863,18.92040310287475,,,0.20618554199973,0.0010876249998545,66,1.9138292500001624,4922
local__averageRttWithGoogleDns__h1__c32__ridge__seed0,pilot,False,development_benchmark,local,averageRttWithGoogleDns,ridge,1,32,0,0.3537522398116554,1.271534318532651,1.6167995232062933,7.848521079045264,8.149148300592225,0.0,,0.5306696669240258,0.0402473433524088,0.0727387221348019,21.404273917292898,,,0.0032479580004292,0.0001206659999297,65,1.6772949579999477,4922
local__averageRttWithGoogleDns__h1__c32__ridge__seed1,pilot,False,development_benchmark,local,averageRttWithGoogleDns,ridge,1,32,1,0.3537522398116554,1.271534318532651,1.6167995232062933,7.848521079045264,8.149148300592225,0.0,,0.5306696669240258,0.0402473433524088,0.0727387221348019,21.404273917292898,,,0.0029951249998703,0.0003430409997235,65,1.772525083999426,4922
local__averageRttWithGoogleDns__h1__c32__lstm__seed0,pilot,False,development_benchmark,local,averageRttWithGoogleDns,lstm,1,32,0,0.3894441434041797,1.605791940950341,2.5785677576210633,8.130864491316233,7.979504141310256,0.0,,0.251484152999192,0.0508274599104339,0.0735285682678223,27.815779495239255,,,14.65438370799984,0.1070060840002042,17473,16.506388374999915,4922
local__averageRttWithGoogleDns__h1__c32__lstm__seed1,pilot,False,development_benchmark,local,averageRttWithGoogleDns,lstm,1,32,1,0.4153620635505034,1.6913841159728202,2.860780227765159,8.929183084515994,8.506989878304092,0.0,,0.1695625104517863,0.0535366731862381,0.1143277826309203,29.190192985534665,,,10.65933912499986,0.113126917000045,17473,12.563837415999842,4922
local__averageRttWithGoogleDns__h1__c32__lightgbm__seed0,pilot,False,development_benchmark,local,averageRttWithGoogleDns,lightgbm,1,32,0,0.445473655884999,1.4235835583163332,2.026590147508593,9.83048785091502,11.20702636903729,0.0,,0.4117141826882294,0.0450600942713997,0.0505167636835601,21.9387496430386,,,0.3681638750003912,0.0081520419998923,-100,2.0907962089995635,4922
local__averageRttWithGoogleDns__h1__c32__lightgbm__seed1,pilot,False,development_benchmark,local,averageRttWithGoogleDns,lightgbm,1,32,1,0.445473655884999,1.4235835583163332,2.026590147508593,9.83048785091502,11.20702636903729,0.0,,0.4117141826882294,0.0450600942713997,0.0505167636835601,21.9387496430386,,,0.3766160830000444,0.0073360420001336,-100,2.0547225000000253,4922
local__averageRttWithGoogleDns__h1__c32__xgboost__seed0,pilot,False,development_benchmark,local,averageRttWithGoogleDns,xgboost,1,32,0,0.601184914919091,2.0865130439222597,4.353536682457733,11.11515586301413,16.310237462923254,0.0,,-0.2637601582071061,0.0660435236894964,0.071418535232544,28.219975387573243,,,0.8146812909999426,0.0032391670001743,600,2.5189228330000333,4922
local__averageRttWithGoogleDns__h1__c32__xgboost__seed1,pilot,False,development_benchmark,local,averageRttWithGoogleDns,xgboost,1,32,1,0.601184914919091,2.0865130439222597,4.353536682457733,11.11515586301413,16.310237462923254,0.0,,-0.2637601582071061,0.0660435236894964,0.071418535232544,28.219975387573243,,,0.8969338329998209,0.003425208000408,600,2.610635041999558,4922
local__averageRttWithGoogleDns__h8__c32__ewma__seed0,pilot,False,development_benchmark,local,averageRttWithGoogleDns,ewma,8,32,0,0.3457607019364708,1.4079537338227082,1.9823337165853052,6.864864672558696,7.551640353807546,0.0,,0.4550124357268713,0.0445653699814107,0.0237924637239193,24.91677520214052,,,5.840001904289238e-07,0.0002510419999453,1,1.7209495829993102,4915
local__averageRttWithGoogleDns__h8__c32__ewma__seed1,pilot,False,development_benchmark,local,averageRttWithGoogleDns,ewma,8,32,1,0.3457607019364708,1.4079537338227082,1.9823337165853052,6.864864672558696,7.551640353807546,0.0,,0.4550124357268713,0.0445653699814107,0.0237924637239193,24.91677520214052,,,1.6670001059537751e-06,0.0002593750004962,1,1.7106502500000715,4915
local__averageRttWithGoogleDns__h8__c32__persistence__seed0,pilot,False,development_benchmark,local,averageRttWithGoogleDns,persistence,8,32,0,0.3641965157680569,1.6132576702610637,2.6026003106561544,6.423298570096519,7.887433929311702,0.0,,0.2844873735365593,0.0510637695141665,0.016,27.103,,,4.3792000724351965e-05,3.566699979273835e-05,0,2.066546707999805,4915
local__averageRttWithGoogleDns__h8__c32__persistence__seed1,pilot,False,development_benchmark,local,averageRttWithGoogleDns,persistence,8,32,1,0.3641965157680569,1.6132576702610637,2.6026003106561544,6.423298570096519,7.887433929311702,0.0,,0.2844873735365593,0.0510637695141665,0.016,27.103,,,4.6084000132395886e-05,3.841600027953973e-05,0,1.848814749999292,4915
local__averageRttWithGoogleDns__h8__c32__dlinear__seed0,pilot,False,development_benchmark,local,averageRttWithGoogleDns,dlinear,8,32,0,0.3666418911781097,1.5251065720460055,2.3259500560979176,7.285100093772765,7.742850396842938,0.0,,0.3605446726309554,0.0482735597140507,0.0397062644958496,29.42178134918213,,,0.2252189579994592,0.0010549170001468,528,2.0276952080002957,4915
local__averageRttWithGoogleDns__h8__c32__dlinear__seed1,pilot,False,development_benchmark,local,averageRttWithGoogleDns,dlinear,8,32,1,0.3706054099232352,1.5329278589796904,2.349867820836058,7.390625416258126,7.888488549657928,0.0,,0.3539691479155962,0.0485211236343395,0.0455146827697754,29.69009571075439,,,0.2250409159996707,0.0010283330002494,528,2.0034715000001597,4915
local__averageRttWithGoogleDns__h8__c32__ridge__seed0,pilot,False,development_benchmark,local,averageRttWithGoogleDns,ridge,8,32,0,0.402149365090403,1.540382199588584,2.3727773208093645,8.644127525029125,8.841148265714747,0.0,,0.3476708175766083,0.0487570727562619,0.0993065062250908,29.86697279309233,,,0.0247165419996235,0.001392707999912,520,1.8014562500002285,4915
local__averageRttWithGoogleDns__h8__c32__ridge__seed1,pilot,False,development_benchmark,local,averageRttWithGoogleDns,ridge,8,32,1,0.402149365090403,1.540382199588584,2.3727773208093645,8.644127525029125,8.841148265714747,0.0,,0.3476708175766083,0.0487570727562619,0.0993065062250908,29.86697279309233,,,0.0222412080001959,0.0008528339994882,520,1.810137042000861,4915
local__averageRttWithGoogleDns__h8__c32__lstm__seed0,pilot,False,development_benchmark,local,averageRttWithGoogleDns,lstm,8,32,0,0.4217740994622724,1.7406102638044365,3.0297240904613494,8.950984486247755,8.520219109667496,0.0,,0.167061560490238,0.055094807830989,0.119040551185608,29.80895547866821,,,23.048685042000216,0.1217354170003091,17928,25.1285983329999,4915
local__averageRttWithGoogleDns__h8__c32__lightgbm__seed0,pilot,False,development_benchmark,local,averageRttWithGoogleDns,lightgbm,8,32,0,0.4834343140662396,1.6366243744344349,2.6785393429929054,10.385884261648028,11.702758426736844,0.0,,0.2636100470197335,0.0518033860169795,0.0522336484703573,31.914863436516697,,,3.496911458999421,0.0615902499994263,-800,5.47842645899982,4915
local__averageRttWithGoogleDns__h8__c32__lightgbm__seed1,pilot,False,development_benchmark,local,averageRttWithGoogleDns,lightgbm,8,32,1,0.4834343140662396,1.6366243744344349,2.6785393429929054,10.385884261648028,11.702758426736844,0.0,,0.2636100470197335,0.0518033860169795,0.0522336484703573,31.914863436516697,,,3.103542292000384,0.0640221249996102,-800,4.988733375000265,4915
local__averageRttWithGoogleDns__h8__c32__lstm__seed1,pilot,False,development_benchmark,local,averageRttWithGoogleDns,lstm,8,32,1,0.491209811455745,1.7525894090421528,3.0715696366867222,11.23522972810484,11.009136341605975,0.0,,0.1555572904865334,0.055473978699147,0.1842172746658326,29.57169752120971,,,24.134644834000028,0.161433291999856,17928,26.860158874999797,4915
local__averageRttWithGoogleDns__h8__c32__xgboost__seed0,pilot,False,development_benchmark,local,averageRttWithGoogleDns,xgboost,8,32,0,0.6293718411132738,2.1207077816287256,4.49740149506063,11.708683921493485,16.750527477843924,0.0,,-0.2364355536329523,0.0671258754036883,0.0789897603988647,30.706024694442743,,,7.209892457999558,0.0281513340005403,4800,9.020877207999549,4915
local__averageRttWithGoogleDns__h8__c32__xgboost__seed1,pilot,False,development_benchmark,local,averageRttWithGoogleDns,xgboost,8,32,1,0.6293718411132738,2.1207077816287256,4.49740149506063,11.708683921493485,16.750527477843924,0.0,,-0.2364355536329523,0.0671258754036883,0.0789897603988647,30.706024694442743,,,7.808371291000185,0.0305946250000488,4800,9.622197499999857,4915
local__cluster_UM__h1__c32__persistence__seed0,pilot,False,development_benchmark,local,cluster_UM,persistence,1,32,0,1119681361.1303997,3812663627.801737,1.45364039387623e+19,0.8622508515817227,0.8542603348120683,0.0,1.1159175511751211,0.3317353867803545,0.0608376617846453,228306944.0,59590508544.0,0.6818181818181818,0.6818181818181818,1.7499999557912815e-05,5.410001904238015e-07,0,1.7897048329996323,4954
local__cluster_UM__h1__c32__persistence__seed1,pilot,False,development_benchmark,local,cluster_UM,persistence,1,32,1,1119681361.1303997,3812663627.801737,1.45364039387623e+19,0.8622508515817227,0.8542603348120683,0.0,1.1159175511751211,0.3317353867803545,0.0608376617846453,228306944.0,59590508544.0,0.6818181818181818,0.6818181818181818,1.5749999874969944e-05,3.750001269509085e-07,0,1.6953803749993313,4954
local__cluster_UM__h1__c32__lightgbm__seed1,pilot,False,development_benchmark,local,cluster_UM,lightgbm,1,32,1,1142465869.956946,3369293839.8315964,1.1352140979127144e+19,0.9028354749774494,0.8896188687026996,0.0,1.1386254698536804,0.4781216776453161,0.0537629277301204,319773180.54021454,59437835158.8611,0.6174242424242424,0.7581395348837209,0.3472295000001395,0.003293499999927,-100,2.059203583999988,4954
local__cluster_UM__h1__c32__xgboost__seed0,pilot,False,development_benchmark,local,cluster_UM,xgboost,1,32,0,1151696627.2878482,3399633334.6104217,1.1557506809794374e+19,0.9101301697645412,0.8982260022576892,0.0,1.147825197985077,0.4686806413355441,0.0542470469974515,329807872.0,59335770112.0,0.6212121212121212,0.7288888888888889,0.4426410830001259,0.003223374999834,600,2.077850292000221,4954
local__cluster_UM__h1__c32__xgboost__seed1,pilot,False,development_benchmark,local,cluster_UM,xgboost,1,32,1,1151696627.2878482,3399633334.6104217,1.1557506809794374e+19,0.9101301697645412,0.8982260022576892,0.0,1.147825197985077,0.4686806413355441,0.0542470469974515,329807872.0,59335770112.0,0.6212121212121212,0.7288888888888889,0.4480882909992942,0.0080438329996468,600,2.1401088330003404,4954
local__cluster_UM__h1__c32__ridge__seed0,pilot,False,development_benchmark,local,cluster_UM,ridge,1,32,0,1158239587.6283376,3427370793.8396645,1.174687055846513e+19,0.9144575286501126,0.8955097874865724,0.0,1.154346164158189,0.4599752494933536,0.0546896462739912,338892152.6856613,58883571258.11369,0.5416666666666666,0.7606382978723404,0.0017519169996376,8.162500034814002e-05,33,1.682147375000568,4954
local__cluster_UM__h1__c32__ridge__seed1,pilot,False,development_benchmark,local,cluster_UM,ridge,1,32,1,1158239587.6283376,3427370793.8396645,1.174687055846513e+19,0.9144575286501126,0.8955097874865724,0.0,1.154346164158189,0.4599752494933536,0.0546896462739912,338892152.6856613,58883571258.11369,0.5416666666666666,0.7606382978723404,0.0017875840003398,9.670800045569194e-05,33,1.7758827090001432,4954
local__cluster_UM__h1__c32__drift__seed0,pilot,False,development_benchmark,local,cluster_UM,drift,1,32,0,1163200625.0858088,3879219444.1695743,1.5048343496023302e+19,0.8959653035537024,0.8893169123018976,0.0,1.1592905250835508,0.3082006052989045,0.0618996752852494,251074031.48387143,59594391816.25807,0.6856060606060606,0.6605839416058394,4.169996827840805e-07,2.8374999601510353e-05,0,1.7536158330003673,4954
local__cluster_UM__h1__c32__lightgbm__seed0,pilot,False,development_benchmark,local,cluster_UM,lightgbm,1,32,0,1181319617.7216284,3399323677.81252,1.1555401466536835e+19,0.934723903617818,0.9223597183051148,0.0,1.1773486107084743,0.4687774277487189,0.0542421058860976,346241255.8018875,59514245188.01613,0.6060606060606061,0.7407407407407407,0.1790303339994352,0.0017583329999979,-50,1.8568398329998672,4954
local__cluster_UM__h1__c32__ewma__seed0,pilot,False,development_benchmark,local,cluster_UM,ewma,1,32,0,1313275096.6023583,3709788040.461573,1.3762527305151715e+19,1.034178609639148,1.0163591628693414,0.0,1.308860521122044,0.3673118864028278,0.05919610333641,340700813.58781433,58843172638.2193,0.5416666666666666,0.5860655737704918,5.840001904289238e-07,0.0006109159994593,1,1.7335187910002787,4954
local__cluster_UM__h1__c32__ewma__seed1,pilot,False,development_benchmark,local,cluster_UM,ewma,1,32,1,1313275096.6023583,3709788040.461573,1.3762527305151715e+19,1.034178609639148,1.0163591628693414,0.0,1.308860521122044,0.3673118864028278,0.05919610333641,340700813.58781433,58843172638.2193,0.5416666666666666,0.5860655737704918,5.000001692678779e-07,0.0002727499995671,1,1.5992348330000823,4954
local__cluster_UM__h1__c32__moving_average__seed0,pilot,False,development_benchmark,local,cluster_UM,moving_average,1,32,0,1648527355.8659668,4188888741.8522496,1.7546788891616524e+19,1.2990066320851503,1.2799223017253507,0.0,1.6429858295988031,0.1933425803726469,0.0668409860948708,404540672.0,59081768448.0,0.3636363636363636,0.4465116279069767,1.1250003808527254e-06,0.0001431250002497,1,1.7069251249995432,4954
local__cluster_UM__h1__c32__historical_mean__seed0,pilot,False,development_benchmark,local,cluster_UM,historical_mean,1,32,0,2014533781.9890983,4845686042.5540905,2.348067322300352e+19,1.6137907189933725,1.5533504806336382,0.0,2.0077619247740777,-0.0794487464444639,0.0773213263351677,860784465.1019287,60511502510.89807,0.0,0.0,1.566700029798085e-05,1.3749995559919626e-06,1,1.694391416000144,4954
local__cluster_UM__h1__c32__dlinear__seed1,pilot,False,development_benchmark,local,cluster_UM,dlinear,1,32,1,103645440170.11546,103725932674.2018,1.0759069109133043e+22,150.3519945836274,85.8131078117688,0.0,103.29703592487763,-493.6137426496427,1.6551271830839145,102627619840.0,162551062528.0,0.0,0.0,0.2043375000002925,0.0011472500000309,66,1.8268151669999495,4954
local__cluster_UM__h1__c32__lstm__seed0,pilot,False,development_benchmark,local,cluster_UM,lstm,1,32,0,120793359539.5327,120883366001.4292,1.461278817583549e+22,199.99999999627133,99.99999999906784,0.0,120.38731254710314,-670.7761338721281,1.9289037938090248,119612966910.87544,179990249470.87546,0.0,0.0,5.2320781669995995,0.1173837920005098,17217,7.095726124999601,4954
local__cluster_UM__h1__c32__lstm__seed1,pilot,False,development_benchmark,local,cluster_UM,lstm,1,32,1,120793359539.97128,120883366001.86745,1.4612788175941442e+22,199.9999999977255,99.99999999943138,0.0,120.38731254754023,-670.776133876999,1.9289037938160176,119612966911.314,179990249471.31403,0.0,0.0,5.234817542000201,0.1174298329997327,17217,7.097934667000118,4954
local__cluster_UM__h1__c32__dlinear__seed0,pilot,False,development_benchmark,local,cluster_UM,dlinear,1,32,0,143252638779.32336,143334686048.12494,2.0544832224514544e+22,200.0,118.62219272610317,0.0,142.77109489847032,-943.4828595858838,2.2871535501367894,141924023296.0,202393767936.0,0.0,0.0,0.1755071669995231,0.0010226670001429,66,1.95930404200044,4954
local__cluster_UM__h4__c32__ridge__seed0,pilot,False,development_benchmark,local,cluster_UM,ridge,4,32,0,1500638419.8124874,3960287447.510822,1.568387666691178e+19,1.1906170569296377,1.1651687267328878,0.0,1.4955940223438526,0.2793257282487605,0.0631932559024503,447047818.19773865,59734796195.90979,0.3191287878787879,0.6753507014028056,0.0064536659992882,0.0003232919998481,132,1.7304671660003803,4951
local__cluster_UM__h4__c32__lightgbm__seed0,pilot,False,development_benchmark,local,cluster_UM,lightgbm,4,32,0,1545231001.7820466,3948874126.92606,1.5593606870306054e+19,1.226681264935482,1.208273348479589,0.0,1.5400367063069118,0.2834736262022818,0.0630111365745054,468431723.1614609,60017660997.99675,0.3598484848484848,0.6451612903225806,0.67708841700005,0.0082365419993948,-200,2.379436791000444,4951
local__cluster_UM__h4__c32__persistence__seed0,pilot,False,development_benchmark,local,cluster_UM,persistence,4,32,0,1619313889.648152,4669710932.251469,2.180620019078888e+19,1.2596323875611608,1.2499541538186836,0.0,1.6138705644753315,-0.0019950918966835,0.0745133381966286,351684608.0,59590508544.0,0.4725378787878788,0.4725378787878788,2.949999998236308e-05,2.8542000109155197e-05,0,1.7898285000001124,4951
local__cluster_UM__h4__c32__ewma__seed0,pilot,False,development_benchmark,local,cluster_UM,ewma,4,32,0,1669245053.0026,4309760019.94972,1.857403142955701e+19,1.318008278763354,1.296692460252442,0.0,1.6636338841769014,0.1465230913081161,0.068769697005204,424932763.2258682,59636056739.00464,0.3996212121212121,0.4323770491803279,5.000001692678779e-07,0.0002493330002835,1,1.728877958999874,4951
local__cluster_UM__h4__c32__drift__seed0,pilot,False,development_benchmark,local,cluster_UM,drift,4,32,0,1773659584.04712,4927916936.345571,2.428436533152151e+19,1.3800830265335613,1.3743844091330255,0.0,1.7676974256764812,-0.1158668020615949,0.0786334628866996,401931891.6129074,59594391816.25807,0.4715909090909091,0.4252775405636208,4.160001481068321e-07,6.287499945756281e-05,0,1.668596458999673,4951
local__cluster_UM__h4__c32__moving_average__seed0,pilot,False,development_benchmark,local,cluster_UM,moving_average,4,32,0,1884252805.3516464,4617135587.2717705,2.1317941031251436e+19,1.488599512851842,1.4684091915754616,0.0,1.8779188877629096,0.0204404208084038,0.0736744073681227,480503040.0,59861074432.0,0.2471590909090909,0.3034883720930232,9.169998520519584e-07,0.0001637909999772,1,1.744555207999838,4951
local__cluster_UM__h4__c32__historical_mean__seed0,pilot,False,development_benchmark,local,cluster_UM,historical_mean,4,32,0,2015245844.543777,4847128180.956691,2.3494651602624516e+19,1.6143406205036874,1.5538593412306578,0.0,2.0084715937298045,-0.079579449224558,0.0773443381549737,860613362.742096,60511673613.257904,0.0,0.0,2.5834000553004444e-05,3.500000275380444e-06,1,1.7090416669998376,4951
local__cluster_UM__h4__c32__dlinear__seed0,pilot,False,development_benchmark,local,cluster_UM,dlinear,4,32,0,157703698298.10544,160517129875.1389,2.57657489833522e+22,195.59348439057092,130.59171435833358,0.0,157.17357716700133,-1182.936393983315,2.5613292467702355,161759707136.0,256575651840.0,0.0,0.0,0.1756467499999416,0.0010488750003787,264,1.842760124999586,4951
local__cluster_UM__h8__c32__ridge__seed0,pilot,False,development_benchmark,local,cluster_UM,ridge,8,32,0,1693538922.612974,4213741537.788544,1.7755617747284564e+19,1.3459293944391308,1.3169145534679254,0.0,1.6878460899215846,0.1846666928129285,0.067237555564716,500172351.5999069,59997910756.20181,0.1680871212121212,0.5986509274873525,0.0105641669997567,0.0006579999999303,264,1.6551505000006728,4947
local__cluster_UM__h8__c32__ridge__seed1,pilot,False,development_benchmark,local,cluster_UM,ridge,8,32,1,1693538922.612974,4213741537.788544,1.7755617747284564e+19,1.3459293944391308,1.3169145534679254,0.0,1.6878460899215846,0.1846666928129285,0.067237555564716,500172351.5999069,59997910756.20181,0.1680871212121212,0.5986509274873525,0.0097404159996585,0.0006338749999486,264,1.607497666999734,4947
local__cluster_UM__h8__c32__lightgbm__seed0,pilot,False,development_benchmark,local,cluster_UM,lightgbm,8,32,0,1778892495.1504622,4198872783.42433,1.7630532651381584e+19,1.4140799920555305,1.3944240915199104,0.0,1.7729127463441965,0.1904105675895742,0.0670002987968824,550182265.8426056,59599494581.6694,0.1950757575757575,0.4681818181818182,2.558434292000129,0.0295426249995216,-800,4.266465374999825,4947
local__cluster_UM__h8__c32__lightgbm__seed1,pilot,False,development_benchmark,local,cluster_UM,lightgbm,8,32,1,1778892495.1504622,4198872783.42433,1.7630532651381584e+19,1.4140799920555305,1.3944240915199104,0.0,1.7729127463441965,0.1904105675895742,0.0670002987968824,550182265.8426056,59599494581.6694,0.1950757575757575,0.4681818181818182,2.463596833000338,0.0288161250000484,-800,4.228669541999807,4947
local__cluster_UM__h8__c32__xgboost__seed0,pilot,False,development_benchmark,local,cluster_UM,xgboost,8,32,0,1780138678.8793209,4217001412.803589,1.7783100915587463e+19,1.414797786239978,1.3951628431002028,0.0,1.774154741025271,0.1834046729371171,0.0672895725252942,554123264.0,59748376576.0,0.1941287878787878,0.4772991850989522,3.7862825829997746,0.0264542499999151,4800,5.4809001670000725,4947
local__cluster_UM__h8__c32__xgboost__seed1,pilot,False,development_benchmark,local,cluster_UM,xgboost,8,32,1,1780138678.8793209,4217001412.803589,1.7783100915587463e+19,1.414797786239978,1.3951628431002028,0.0,1.774154741025271,0.1834046729371171,0.0672895725252942,554123264.0,59748376576.0,0.1941287878787878,0.4772991850989522,3.731039874999624,0.0264892079994751,4800,5.4104468750001615,4947
local__cluster_UM__h8__c32__ewma__seed0,pilot,False,development_benchmark,local,cluster_UM,ewma,8,32,0,1939730114.432161,4747102981.043423,2.2534986712631353e+19,1.5338981517815584,1.5132892640135116,0.0,1.9332097098164387,-0.0348006757825345,0.0757482625825337,501084332.25286865,59905575785.40207,0.2613636363636363,0.2827868852459016,6.250002115848474e-07,0.0002727080000113,1,2.0190356659995814,4947
local__cluster_UM__h8__c32__ewma__seed1,pilot,False,development_benchmark,local,cluster_UM,ewma,8,32,1,1939730114.432161,4747102981.043423,2.2534986712631353e+19,1.5338981517815584,1.5132892640135116,0.0,1.9332097098164387,-0.0348006757825345,0.0757482625825337,501084332.25286865,59905575785.40207,0.2613636363636363,0.2827868852459016,5.410001904238015e-07,0.0002754170000116,1,1.808080875000087,4947
local__cluster_UM__h8__c32__persistence__seed0,pilot,False,development_benchmark,local,cluster_UM,persistence,8,32,0,1991975295.3531432,5272294406.260992,2.779708830629094e+19,1.555394613861816,1.5481918651238495,0.0,1.9852792685123015,-0.2764349999822082,0.084128602790517,437694464.0,60180971520.0,0.3143939393939394,0.3143939393939394,5.558399971050676e-05,3.9958000343176536e-05,0,1.6489142910004375,4947
local__cluster_UM__h8__c32__persistence__seed1,pilot,False,development_benchmark,local,cluster_UM,persistence,8,32,1,1991975295.3531432,5272294406.260992,2.779708830629094e+19,1.555394613861816,1.5481918651238495,0.0,1.9852792685123015,-0.2764349999822082,0.084128602790517,437694464.0,60180971520.0,0.3143939393939394,0.3143939393939394,4.2583000322338194e-05,3.412500063859625e-05,0,1.6714862079998056,4947
local__cluster_UM__h8__c32__dlinear__seed0,pilot,False,development_benchmark,local,cluster_UM,dlinear,8,32,0,97103969627.07742,114729278954.93674,1.3162807449519689e+22,114.69646754667107,80.37743098582065,0.0,96.77755454126186,-603.432663646682,1.83070465984985,84531149824.0,230593798144.0,0.0359848484848484,0.5588235294117647,0.2663058750003984,0.001019833999635,528,1.903307166999184,4947
local__cluster_UM__h8__c32__lstm__seed0,pilot,False,development_benchmark,local,cluster_UM,lstm,8,32,0,120795982277.95969,120886088787.91943,1.461344646244074e+22,199.99999999663993,99.99999999915998,0.0,120.3899264691924,-670.0456264156285,1.928947240590534,119614459903.10152,179990249471.32254,0.0,0.0,5.2324128339996605,0.1184387919993241,17672,7.116119209000317,4947
local__cluster_UM__h8__c32__lstm__seed1,pilot,False,development_benchmark,local,cluster_UM,lstm,8,32,1,120795982278.13889,120886088788.0985,1.4613446462484037e+22,199.999999997234,99.99999999930851,0.0,120.389926469371,-670.0456264176164,1.928947240593391,119614459903.28204,179990249471.5637,0.0,0.0,5.848702582999977,0.1214303750002727,17672,7.83178074999978,4947
local__cluster_UM__h8__c32__dlinear__seed1,pilot,False,development_benchmark,local,cluster_UM,dlinear,8,32,1,138260354467.05316,150772271539.57617,2.2732277865203693e+22,163.48923257608908,114.4817553505239,0.0,137.7955921546413,-1042.8602337317452,2.405833128194449,131136365056.0,314990157824.0,0.0,0.0,0.2752053339991107,0.0010190829998464,528,2.078310457999578,4947
local__cluster_mean_CU__h1__c32__xgboost__seed0,pilot,False,development_benchmark,local,cluster_mean_CU,xgboost,1,32,0,1.1397498981624845,2.5544041637746133,6.524980631909083,20.570942053989864,23.64629061275846,0.0,1.002712394420258,0.6378106003532038,0.0776027703045099,0.3914460745186146,26.111375359676817,0.6731234866828087,0.6435185185185185,1.0696045419999791,0.0033647499994913,600,2.8497403750006924,4954
local__cluster_mean_CU__h1__c32__xgboost__seed1,pilot,False,development_benchmark,local,cluster_mean_CU,xgboost,1,32,1,1.1397498981624845,2.5544041637746133,6.524980631909083,20.570942053989864,23.64629061275846,0.0,1.002712394420258,0.6378106003532038,0.0776027703045099,0.3914460745186146,26.111375359676817,0.6731234866828087,0.6435185185185185,1.3043357919996197,0.0042321250002714,600,3.248700791000374,4954
local__cluster_mean_CU__h1__c32__lightgbm__seed1,pilot,False,development_benchmark,local,cluster_mean_CU,lightgbm,1,32,1,1.1451010435290156,2.5244762211021903,6.372980190910395,20.743045876925116,24.038023658512273,0.0,1.0074201463507615,0.6462478588796334,0.076693559736413,0.3983075297438656,24.265893428782903,0.6561743341404358,0.625866050808314,0.3541026659995623,0.0032071250006993,-100,1.9950942499999655,4954
local__cluster_mean_CU__h1__c32__lightgbm__seed0,pilot,False,development_benchmark,local,cluster_mean_CU,lightgbm,1,32,0,1.158437567226304,2.5584378282504834,6.545604121023049,20.937708114461017,24.347715251640707,0.0,1.0191531569273011,0.6366658292707762,0.0777253129867704,0.3961139832756009,24.789819349258035,0.6343825665859564,0.6150234741784038,0.2181975829998919,0.0029763329994239,-50,1.913902374999452,4954
local__cluster_mean_CU__h1__c32__dlinear__seed1,pilot,False,development_benchmark,local,cluster_mean_CU,dlinear,1,32,1,1.3551333490098914,2.9920379830181005,8.952291291823023,25.28902070439787,27.199406230394175,0.0,1.1921992775214425,0.5030751520407271,0.0908980809033045,0.5482755563275463,27.49243721827277,0.5302663438256658,0.6403508771929824,0.2078721249999944,0.0010184169996136,66,2.0388955420003185,4954
local__cluster_mean_CU__h1__c32__ridge__seed0,pilot,False,development_benchmark,local,cluster_mean_CU,ridge,1,32,0,1.3935553602445252,2.967076236593113,8.803541393755552,26.69306467652192,29.825283258963996,0.0,1.2260016292002045,0.5113319790441837,0.0901397433223967,0.5933883100391422,27.383193555685978,0.549636803874092,0.6202185792349727,0.0131524160005938,0.0001306669992118,65,1.7623573749997377,4954
local__cluster_mean_CU__h1__c32__ridge__seed1,pilot,False,development_benchmark,local,cluster_mean_CU,ridge,1,32,1,1.3935553602445252,2.967076236593113,8.803541393755552,26.69306467652192,29.825283258963996,0.0,1.2260016292002045,0.5113319790441837,0.0901397433223967,0.5933883100391422,27.383193555685978,0.549636803874092,0.6202185792349727,0.0027730000001611,0.0001276660004805,65,1.6979011249995892,4954
local__cluster_mean_CU__h1__c32__dlinear__seed0,pilot,False,development_benchmark,local,cluster_mean_CU,dlinear,1,32,0,1.417670098351429,3.0484474243673088,9.293031699131678,25.861261048007712,28.806625384578172,0.0,1.2472169386527208,0.4841612930546938,0.0926117991089465,0.5521165567937445,28.028839920604312,0.549636803874092,0.5776081424936387,0.7265250000000378,0.0010100830004375,66,2.4007764160005536,4954
local__cluster_mean_CU__h1__c32__persistence__seed0,pilot,False,development_benchmark,local,cluster_mean_CU,persistence,1,32,0,1.421018713915566,3.3119138672508623,10.968773464088562,24.968208991937797,27.99247757303694,0.0,1.2501629343801364,0.3911440201995528,0.1006159067360756,0.4914880953910854,28.4163756614382,0.6004842615012107,0.6004842615012107,4.354199973022333e-05,3.582999852369539e-06,0,2.8833145420003348,4954
local__cluster_mean_CU__h1__c32__persistence__seed1,pilot,False,development_benchmark,local,cluster_mean_CU,persistence,1,32,1,1.421018713915566,3.3119138672508623,10.968773464088562,24.968208991937797,27.99247757303694,0.0,1.2501629343801364,0.3911440201995528,0.1006159067360756,0.4914880953910854,28.4163756614382,0.6004842615012107,0.6004842615012107,1.7375000425090548e-05,5.829997462569736e-07,0,1.6396225409998806,4954
local__cluster_mean_CU__h1__c32__drift__seed0,pilot,False,development_benchmark,local,cluster_mean_CU,drift,1,32,0,1.45603443563382,3.3695707920058995,11.354007322339266,25.70450741902643,28.727860570074203,0.0,1.280968550790429,0.3697604134557858,0.1023675234738192,0.5067893409323676,28.45166154639054,0.6029055690072639,0.5971223021582733,6.670006769127212e-07,4.875000013271347e-05,0,1.6901467920006326,4954
local__cluster_mean_CU__h1__c32__ewma__seed0,pilot,False,development_benchmark,local,cluster_mean_CU,ewma,1,32,0,1.626448471147904,3.6659690275935337,13.439328911275078,26.30971882100902,31.08956219445973,0.0,1.430892903377461,0.2540081351005648,0.1113720985998558,0.4926974711478002,29.900978435619127,0.5690072639225182,0.4181494661921708,5.4199972510105e-07,0.0002891659996748,1,1.7118719590007458,4954
local__cluster_mean_CU__h1__c32__ewma__seed1,pilot,False,development_benchmark,local,cluster_mean_CU,ewma,1,32,1,1.626448471147904,3.6659690275935337,13.439328911275078,26.30971882100902,31.08956219445973,0.0,1.430892903377461,0.2540081351005648,0.1113720985998558,0.4926974711478002,29.900978435619127,0.5690072639225182,0.4181494661921708,5.830006557516754e-07,0.0002507500003048,1,2.325299625000298,4954
local__cluster_mean_CU__h1__c32__moving_average__seed0,pilot,False,development_benchmark,local,cluster_mean_CU,moving_average,1,32,0,1.8940960570380772,4.137720163856204,17.12072815438221,29.109293677385523,35.57058511559178,0.0,1.6663599581597528,0.0496605888104503,0.1257038929131671,0.4749026335253921,30.546729497448897,0.3317191283292978,0.2275747508305647,1.207999957841821e-06,0.0001659159997871,1,1.783930374999727,4954
local__cluster_mean_CU__h1__c32__lstm__seed0,pilot,False,development_benchmark,local,cluster_mean_CU,lstm,1,32,0,1.9267061201397455,4.290679597338235,18.409931407014597,37.127513431596235,37.68972844723545,0.0,1.6950491596306954,-0.0219006584076897,0.1303507988142574,1.0521958951857413,31.16725075379284,0.0,0.0,11.974552666999443,0.1065860420003446,17473,13.955611333999514,4954
local__cluster_mean_CU__h1__c32__lstm__seed1,pilot,False,development_benchmark,local,cluster_mean_CU,lstm,1,32,1,1.9285994802525663,4.289983365890968,18.403957279621196,37.18351749454385,37.79492197845741,0.0,1.6967148721306808,-0.0215690458350104,0.1303296473105732,1.0552910051688005,31.16247713700207,0.0,0.0,15.245099250000749,0.1460135420002188,17473,17.174786665999818,4954
local__cluster_mean_CU__h1__c32__historical_mean__seed0,pilot,False,development_benchmark,local,cluster_mean_CU,historical_mean,1,32,0,1.976581650919062,4.274839839929822,18.274255657051228,38.5673414740581,40.39106007995253,0.0,1.7389279202003058,-0.0143695527695286,0.1298695871590009,1.1515314165944086,31.047915232391727,0.0,0.0,3.7957999666105025e-05,1.316699945164146e-05,1,1.7921633329997348,4954
local__cluster_mean_CU__h4__c32__lightgbm__seed0,pilot,False,development_benchmark,local,cluster_mean_CU,lightgbm,4,32,0,1.4880666931847275,3.304542502622641,10.920001151639507,25.12352768613762,31.288226616572267,0.0,1.3091494189961117,0.3941690115872323,0.1003919647600223,0.4538073393880613,29.29970202624199,0.5284503631961259,0.4542143600416233,0.852408749999995,0.0081412079998699,-200,2.6311444579996532,4951
local__cluster_mean_CU__h4__c32__dlinear__seed0,pilot,False,development_benchmark,local,cluster_mean_CU,dlinear,4,32,0,1.6998969355393585,3.7358819303912782,13.956813797824063,29.058608596433032,33.39590908479331,0.0,1.495510312613629,0.2256896147891687,0.1134960518152772,0.5417375461969569,29.75452888146313,0.326271186440678,0.3636977058029689,0.3519854999995004,0.0010712080002122,264,2.0898004170003333,4951
local__cluster_mean_CU__h4__c32__ridge__seed0,pilot,False,development_benchmark,local,cluster_mean_CU,ridge,4,32,0,1.7050936626718265,3.6614166790116793,13.405972097344916,30.39343905670968,35.124570572734406,0.0,1.5000822127423736,0.2562497738245136,0.1112337983001798,0.6456266632194305,30.860817774233848,0.3529055690072639,0.3971389645776567,0.0119089999998323,0.0004420830000526,260,1.7563296669995907,4951
local__cluster_mean_CU__h4__c32__ewma__seed0,pilot,False,development_benchmark,local,cluster_mean_CU,ewma,4,32,0,1.9398962415543703,4.332990627284087,18.77480777613174,29.699876083165833,36.23190754186665,0.0,1.706653370561247,-0.0416079810180134,0.1316362074370586,0.4949139651329989,30.848512658686793,0.3274818401937046,0.2406583629893238,7.500002539018169e-07,0.0002729160005401,1,1.7072542500000054,4951
local__cluster_mean_CU__h4__c32__historical_mean__seed0,pilot,False,development_benchmark,local,cluster_mean_CU,historical_mean,4,32,0,1.976562924009693,4.276224120013216,18.286092724582808,38.553371430298725,40.35664546354737,0.0,1.7389114449155405,-0.0144945477298097,0.1299116415726572,1.150188912256581,31.049370170375123,0.0,0.0,2.845800008799415e-05,2.708000465645455e-06,1,1.6984781669998483,4951
local__cluster_mean_CU__h4__c32__persistence__seed0,pilot,False,development_benchmark,local,cluster_mean_CU,persistence,4,32,0,1.991979444902721,4.787488300400313,22.920044226469876,29.53971845169125,37.24751793816492,0.0,1.7524743648185823,-0.271581646866569,0.1454438417303939,0.5096494710274906,31.54198412703492,0.3444309927360774,0.3444309927360774,2.845800008799415e-05,3.162499979225686e-05,0,1.693341791000421,4951
local__cluster_mean_CU__h4__c32__moving_average__seed0,pilot,False,development_benchmark,local,cluster_mean_CU,moving_average,4,32,0,2.0813019805828668,4.464339343717369,19.93032577586283,31.57452494427329,39.04428973075328,0.0,1.8310572309122095,-0.1057149899994847,0.1356265799927086,0.4825387937298731,30.97048280429523,0.1761501210653753,0.1208471760797342,3.8749994928366505e-06,0.0003047919999517,1,1.7166511250006806,4951
local__cluster_mean_CU__h4__c32__drift__seed0,pilot,False,development_benchmark,local,cluster_mean_CU,drift,4,32,0,2.1249474559689903,5.052910077434362,25.53190025063773,32.31584660431891,40.25572211783821,0.0,1.8694550050208865,-0.4164848657161277,0.1535073523874356,0.5517325910560889,35.34676964206396,0.3516949152542373,0.3415637860082304,5.000001692678779e-07,8.60840000314056e-05,0,1.7106878340000549,4951
local__cluster_mean_CU__h8__c32__lightgbm__seed0,pilot,False,development_benchmark,local,cluster_mean_CU,lightgbm,8,32,0,1.6079375817850308,3.5538872769286516,12.630114777115349,27.02345976273954,33.43179150820196,0.0,1.4146076655144706,0.2997826707415739,0.1079670562516154,0.5015689493868121,29.11243547615068,0.4358353510895884,0.4070096099491238,3.086036791999504,0.0331434170002467,-800,4.847943458000373,4947
local__cluster_mean_CU__h8__c32__lightgbm__seed1,pilot,False,development_benchmark,local,cluster_mean_CU,lightgbm,8,32,1,1.6079375817850308,3.5538872769286516,12.630114777115349,27.02345976273954,33.43179150820196,0.0,1.4146076655144706,0.2997826707415739,0.1079670562516154,0.5015689493868121,29.11243547615068,0.4358353510895884,0.4070096099491238,2.8672785830003704,0.0343971660004172,-800,4.643059458000607,4947
local__cluster_mean_CU__h8__c32__xgboost__seed0,pilot,False,development_benchmark,local,cluster_mean_CU,xgboost,8,32,0,1.6174530046039808,3.5910894166651772,12.895923198484644,27.116344672979153,33.390584524680975,0.0,1.4229790041863082,0.2850461726027884,0.1090972568462401,0.5036686297697663,29.431410194787105,0.4052663438256658,0.404776299879081,7.757096792000084,0.0271076249991892,4800,9.535102625000036,4947
local__cluster_mean_CU__h8__c32__xgboost__seed1,pilot,False,development_benchmark,local,cluster_mean_CU,xgboost,8,32,1,1.6174530046039808,3.5910894166651772,12.895923198484644,27.116344672979153,33.390584524680975,0.0,1.4229790041863082,0.2850461726027884,0.1090972568462401,0.5036686297697663,29.431410194787105,0.4052663438256658,0.404776299879081,7.532969041999422,0.0273166659999333,4800,9.259095833000174,4947
local__cluster_mean_CU__h8__c32__dlinear__seed0,pilot,False,development_benchmark,local,cluster_mean_CU,dlinear,8,32,0,1.758638698045753,3.8221587572729336,14.608897565798175,30.31145492654636,35.22377898371659,0.0,1.5471892760688697,0.1900783629086334,0.116117140863772,0.5937074154163289,29.889840485009273,0.2754237288135593,0.3366629670736219,0.2236812499995721,0.001052958999935,528,1.9092553330001465,4947
local__cluster_mean_CU__h8__c32__dlinear__seed1,pilot,False,development_benchmark,local,cluster_mean_CU,dlinear,8,32,1,1.7636032748612471,3.821775319814558,14.605966595143666,30.31209139526893,35.3872727279459,0.0,1.5515569384077506,0.1902408567956688,0.1161054920380183,0.5851808394648492,29.99943816796215,0.2845036319612591,0.3309859154929577,0.223012583000127,0.0010354170008213,528,1.8696943750001085,4947
local__cluster_mean_CU__h8__c32__ridge__seed0,pilot,False,development_benchmark,local,cluster_mean_CU,ridge,8,32,0,1.7645939864272109,3.775335467555578,14.253157892583094,31.11641758142006,36.209469528072155,0.0,1.5524285320513111,0.2098006764652188,0.1146946498389108,0.6573275452174285,30.86081451397714,0.299636803874092,0.3549659376120473,0.0206320829993273,0.0008524579998265,520,1.767542833999869,4947
local__cluster_mean_CU__h8__c32__ridge__seed1,pilot,False,development_benchmark,local,cluster_mean_CU,ridge,8,32,1,1.7645939864272109,3.775335467555578,14.253157892583094,31.11641758142006,36.209469528072155,0.0,1.5524285320513111,0.2098006764652188,0.1146946498389108,0.6573275452174285,30.86081451397714,0.299636803874092,0.3549659376120473,0.019963667000411,0.0009383750002598,520,1.7062327079993338,4947
local__cluster_mean_CU__h8__c32__lstm__seed1,pilot,False,development_benchmark,local,cluster_mean_CU,lstm,8,32,1,1.9192532949025305,4.297669028377437,18.469959077474662,36.86262469857663,37.16876202689649,0.0,1.6884924227089797,-0.0239800385801056,0.1305631376520915,1.026565463515922,31.295333982857784,0.0,0.0,16.456847541999196,0.1114799159995527,17928,18.303310874999625,4947
local__cluster_mean_CU__h8__c32__lstm__seed0,pilot,False,development_benchmark,local,cluster_mean_CU,lstm,8,32,0,1.9346466381114664,4.292225037822302,18.42319577530866,37.31479727833237,38.018662942651346,0.0,1.7020349516901616,-0.0213874671642608,0.1303977492791076,1.0569469802529388,31.337472559365352,0.0,0.0,12.876560707999488,0.1078532090004955,17928,14.759476083000663,4947
local__cluster_mean_CU__h8__c32__ewma__seed0,pilot,False,development_benchmark,local,cluster_mean_CU,ewma,8,32,0,2.089961909073555,4.539866067152922,20.61038390768654,31.68288977095098,39.34797681036124,0.0,1.8386759353722015,-0.1426458293934245,0.1379210810171513,0.5051334811618937,31.77505443399567,0.2015738498789346,0.1481316725978647,4.999992597731762e-07,0.0002525419995436,1,1.6751728330000333,4947
local__cluster_mean_CU__h8__c32__ewma__seed1,pilot,False,development_benchmark,local,cluster_mean_CU,ewma,8,32,1,2.089961909073555,4.539866067152922,20.61038390768654,31.68288977095098,39.34797681036124,0.0,1.8386759353722015,-0.1426458293934245,0.1379210810171513,0.5051334811618937,31.77505443399567,0.2015738498789346,0.1481316725978647,6.669997674180195e-07,0.0002742919996308,1,1.6599186250005005,4947
local__cluster_mean_CU__h8__c32__persistence__seed0,pilot,False,development_benchmark,local,cluster_mean_CU,persistence,8,32,0,2.248095380527262,5.246793735064202,27.52884449830896,32.37502769453789,42.384717770610145,0.0,1.9777962740140125,-0.5262073474663225,0.1593975357664876,0.5408134919088633,32.19579365088113,0.2185230024213075,0.2185230024213075,4.558400087262271e-05,3.937499968742486e-05,0,1.667933042000186,4947
local__cluster_mean_CU__h8__c32__persistence__seed1,pilot,False,development_benchmark,local,cluster_mean_CU,persistence,8,32,1,2.248095380527262,5.246793735064202,27.52884449830896,32.37502769453789,42.384717770610145,0.0,1.9777962740140125,-0.5262073474663225,0.1593975357664876,0.5408134919088633,32.19579365088113,0.2185230024213075,0.2185230024213075,4.325000008975621e-05,3.775000004679896e-05,0,1.6993427500001417,4947
local__jitterWithGoogleDns__h1__c32__dlinear__seed1,pilot,False,development_benchmark,local,jitterWithGoogleDns,dlinear,1,32,1,0.3108049038294442,1.141231627486983,1.3024096275765875,147.25853666500362,2177.057739126579,0.0166632798211745,,0.1093256180552042,0.0442560835881251,0.0898883775472638,25.5496579105854,,,0.2071564580000995,0.0010267079996992,66,1.9150975830007155,4921
local__jitterWithGoogleDns__h1__c32__ridge__seed0,pilot,False,development_benchmark,local,jitterWithGoogleDns,ridge,1,32,0,0.3183055339381109,1.1381724191089777,1.2954364556203817,148.84737977188533,2318.817852177115,0.0166632798211745,,0.1140943371208373,0.0441374498432922,0.0964864620548615,25.55454210045221,,,0.0019711670001925,0.0001165839994428,33,2.2289479579994804,4921
local__jitterWithGoogleDns__h1__c32__ridge__seed1,pilot,False,development_benchmark,local,jitterWithGoogleDns,ridge,1,32,1,0.3183055339381109,1.1381724191089777,1.2954364556203817,148.84737977188533,2318.817852177115,0.0166632798211745,,0.1140943371208373,0.0441374498432922,0.0964864620548615,25.55454210045221,,,0.0036207500006639,0.0001180839999506,33,2.2467139589998624,4921
local__jitterWithGoogleDns__h1__c32__dlinear__seed0,pilot,False,development_benchmark,local,jitterWithGoogleDns,dlinear,1,32,0,0.3201678780449573,1.1387568552888727,1.2967671754674026,149.51163385468925,2352.0506748262474,0.0166632798211745,,0.1131843023267208,0.0441601138282418,0.0989685884714126,25.54803064417839,,,0.2827792919997591,0.0010636670003805,66,2.3948987500007206,4921
local__jitterWithGoogleDns__h1__c32__ewma__seed0,pilot,False,development_benchmark,local,jitterWithGoogleDns,ewma,1,32,0,0.3247623698826322,1.1761058776232929,1.3832250353800557,115.74558553167296,2291.896318868481,0.0166632798211745,,0.054058663732312,0.0456084801498155,0.0380247467315908,25.721373355486925,,,7.500002539018169e-07,0.0005059999994045,1,2.2875625839997156,4921
local__jitterWithGoogleDns__h1__c32__ewma__seed1,pilot,False,development_benchmark,local,jitterWithGoogleDns,ewma,1,32,1,0.3247623698826322,1.1761058776232929,1.3832250353800557,115.74558553167296,2291.896318868481,0.0166632798211745,,0.054058663732312,0.0456084801498155,0.0380247467315908,25.721373355486925,,,8.750002962187864e-07,0.0003078749996348,1,2.45078624999951,4921
local__jitterWithGoogleDns__h1__c32__lightgbm__seed0,pilot,False,development_benchmark,local,jitterWithGoogleDns,lightgbm,1,32,0,0.3273436948503652,1.145148487398238,1.3113650581904723,140.37048675868235,2302.520251005143,0.0166632798211745,,0.1032012985951945,0.0444079763988923,0.073779968131285,25.734247795841256,,,0.3793130000003657,0.0072869589994297,-100,2.706239541999821,4921
local__jitterWithGoogleDns__h1__c32__lightgbm__seed1,pilot,False,development_benchmark,local,jitterWithGoogleDns,lightgbm,1,32,1,0.3273436948503652,1.145148487398238,1.3113650581904723,140.37048675868235,2302.520251005143,0.0166632798211745,,0.1032012985951945,0.0444079763988923,0.073779968131285,25.734247795841256,,,0.4282122909999089,0.0106953330005126,-100,2.9100608329999886,4921
local__jitterWithGoogleDns__h1__c32__lstm__seed0,pilot,False,development_benchmark,local,jitterWithGoogleDns,lstm,1,32,0,0.3439458789544434,1.158588769130397,1.3423279359550888,150.0089655655162,2726.753418210873,0.0166632798211745,,0.082026822123037,0.0449291801733585,0.1062315187454223,25.51568341207504,,,8.40953675000037,0.1526772500001243,17217,11.043866166000043,4921
local__jitterWithGoogleDns__h1__c32__persistence__seed0,pilot,False,development_benchmark,local,jitterWithGoogleDns,persistence,1,32,0,0.3527533021743548,1.5004739168026482,2.2514219750050803,112.42863732758148,2064.4476568824966,0.0166632798211745,,-0.5396721842542287,0.05818722289536,0.0159999999999995,25.787,,,2.28750004680478e-05,4.160001481068321e-07,0,2.38619029199981,4921
local__jitterWithGoogleDns__h1__c32__persistence__seed1,pilot,False,development_benchmark,local,jitterWithGoogleDns,persistence,1,32,1,0.3527533021743548,1.5004739168026482,2.2514219750050803,112.42863732758148,2064.4476568824966,0.0166632798211745,,-0.5396721842542287,0.05818722289536,0.0159999999999995,25.787,,,3.6624999665946234e-05,5.000001692678779e-07,0,2.123499291000371,4921
local__jitterWithGoogleDns__h1__c32__lstm__seed1,pilot,False,development_benchmark,local,jitterWithGoogleDns,lstm,1,32,1,0.3530658320413448,1.1606712651709348,1.3471577857934982,154.611509349308,2911.482458850042,0.0166632798211745,,0.078723849364984,0.0450099377659648,0.1243445439338684,25.407559245347976,,,14.72735449999982,0.1618071659995621,17217,17.234048833999623,4921
local__jitterWithGoogleDns__h1__c32__xgboost__seed0,pilot,False,development_benchmark,local,jitterWithGoogleDns,xgboost,1,32,0,0.3547809162356839,1.2030686840959963,1.4473742586524725,140.65898854094308,2459.8496809449307,0.0166632798211745,,0.0101891555678858,0.0466540770192731,0.0906731797456741,25.61154830408096,,,0.6282916249992923,0.0040400420002697,600,3.1034209999997984,4921
local__jitterWithGoogleDns__h1__c32__xgboost__seed1,pilot,False,development_benchmark,local,jitterWithGoogleDns,xgboost,1,32,1,0.3547809162356839,1.2030686840959963,1.4473742586524725,140.65898854094308,2459.8496809449307,0.0166632798211745,,0.0101891555678858,0.0466540770192731,0.0906731797456741,25.61154830408096,,,0.629074125000443,0.005053584000052,600,2.861634750000121,4921
local__jitterWithGoogleDns__h8__c32__dlinear__seed0,pilot,False,development_benchmark,local,jitterWithGoogleDns,dlinear,8,32,0,0.3121701087459113,1.1419616725262698,1.3040764615189957,149.07927353860703,2227.6224909787265,0.0165325045852863,,0.0858326655796019,0.0442843941725004,0.0952983010411261,25.575773134350776,,,0.3023385840006085,0.001163957999779,528,2.4847427919994516,4907
local__jitterWithGoogleDns__h8__c32__ridge__seed0,pilot,False,development_benchmark,local,jitterWithGoogleDns,ridge,8,32,0,0.3193451191728205,1.1400802841656097,1.2997830543431372,150.19314953530971,2356.9405539004806,0.0165325045852863,,0.0888423760600471,0.0442114353808356,0.1000893887988663,25.553235885459767,,,0.0117403750000448,0.0007133330000215,264,1.9717537500000617,4907
local__jitterWithGoogleDns__h8__c32__ridge__seed1,pilot,False,development_benchmark,local,jitterWithGoogleDns,ridge,8,32,1,0.3193451191728205,1.1400802841656097,1.2997830543431372,150.19314953530971,2356.9405539004806,0.0165325045852863,,0.0888423760600471,0.0442114353808356,0.1000893887988663,25.553235885459767,,,0.0138967909997518,0.0007603329995617,264,2.150337333000607,4907
local__jitterWithGoogleDns__h8__c32__dlinear__seed1,pilot,False,development_benchmark,local,jitterWithGoogleDns,dlinear,8,32,1,0.3237451019802713,1.1397760638191714,1.2990894756551237,150.94383372217058,2436.915645443996,0.0165325045852863,,0.0893285798978908,0.0441996379500977,0.1042985201478004,25.585573672771453,,,0.2870891250004206,0.0013056249999863,528,2.59671866699955,4907
local__jitterWithGoogleDns__h8__c32__lightgbm__seed0,pilot,False,development_benchmark,local,jitterWithGoogleDns,lightgbm,8,32,0,0.3319516238473777,1.1472309484624097,1.3161388491099604,142.2116682258654,2399.5891586585835,0.0165325045852863,,0.0773768418329379,0.0444887326351421,0.0735420221169419,25.678118475456895,,,2.663387374999729,0.0542533329999059,-800,4.5327232090003235,4907
local__jitterWithGoogleDns__h8__c32__lightgbm__seed1,pilot,False,development_benchmark,local,jitterWithGoogleDns,lightgbm,8,32,1,0.3319516238473777,1.1472309484624097,1.3161388491099604,142.2116682258654,2399.5891586585835,0.0165325045852863,,0.0773768418329379,0.0444887326351421,0.0735420221169419,25.678118475456895,,,2.98669554099979,0.0563698750002004,-800,4.870417875000385,4907
local__jitterWithGoogleDns__h8__c32__ewma__seed0,pilot,False,development_benchmark,local,jitterWithGoogleDns,ewma,8,32,0,0.3339909858043298,1.201243540841922,1.4429860444144385,116.72349048033956,2387.500169168903,0.0165325045852863,,-0.0115439889863899,0.0465832993695242,0.0386037682954835,25.762297644411312,,,6.250002115848474e-07,0.0002902500000345,1,1.7111472500000673,4907
local__jitterWithGoogleDns__h8__c32__ewma__seed1,pilot,False,development_benchmark,local,jitterWithGoogleDns,ewma,8,32,1,0.3339909858043298,1.201243540841922,1.4429860444144385,116.72349048033956,2387.500169168903,0.0165325045852863,,-0.0115439889863899,0.0465832993695242,0.0386037682954835,25.762297644411312,,,7.080006980686449e-07,0.0003103749995716,1,1.6560762919998524,4907
local__jitterWithGoogleDns__h8__c32__lstm__seed0,pilot,False,development_benchmark,local,jitterWithGoogleDns,lstm,8,32,0,0.3382795249405304,1.1653690880158798,1.3580851113029633,148.11727327773903,2617.1035634270884,0.0165325045852863,,0.0479721989079278,0.0451921157178376,0.1054066017568112,25.39222419214249,,,20.009646290999623,0.1178259159996741,17672,22.752232083999843,4907
local__jitterWithGoogleDns__h8__c32__lstm__seed1,pilot,False,development_benchmark,local,jitterWithGoogleDns,lstm,8,32,1,0.3546437900697618,1.1666112085772713,1.3609817119781216,154.9162543255664,2933.18158830565,0.0165325045852863,,0.045941660211596,0.0452402841965824,0.132510476768017,25.355804413080214,,,10.382948792000208,0.1249680410001019,17672,12.360143249999965,4907
local__jitterWithGoogleDns__h8__c32__persistence__seed0,pilot,False,development_benchmark,local,jitterWithGoogleDns,persistence,8,32,0,0.3673087426125943,1.531557433696971,2.345668172712452,113.00589689964424,2394.101757632112,0.0165325045852863,,-0.6443308994210175,0.0593926177413801,0.0150000000000002,25.787,,,0.00013645800027,4.6042000576562714e-05,0,2.409614750000401,4907
local__jitterWithGoogleDns__h8__c32__persistence__seed1,pilot,False,development_benchmark,local,jitterWithGoogleDns,persistence,8,32,1,0.3673087426125943,1.531557433696971,2.345668172712452,113.00589689964424,2394.101757632112,0.0165325045852863,,-0.6443308994210175,0.0593926177413801,0.0150000000000002,25.787,,,4.3416999687906355e-05,3.345900040585548e-05,0,1.9110126249997847,4907
local__jitterWithGoogleDns__h8__c32__xgboost__seed0,pilot,False,development_benchmark,local,jitterWithGoogleDns,xgboost,8,32,0,0.3758794435863957,1.36010980779111,1.8498986892495703,141.6882780392783,2715.077563470414,0.0165325045852863,,-0.2967927906077268,0.0527440108500837,0.0916445241272448,25.658450588107108,,,3.938537584000187,0.0308476250002058,4800,5.797286709000218,4907
local__jitterWithGoogleDns__h8__c32__xgboost__seed1,pilot,False,development_benchmark,local,jitterWithGoogleDns,xgboost,8,32,1,0.3758794435863957,1.36010980779111,1.8498986892495703,141.6882780392783,2715.077563470414,0.0165325045852863,,-0.2967927906077268,0.0527440108500837,0.0916445241272448,25.658450588107108,,,4.92647075000059,0.0322283340001376,4800,7.143935874999443,4907
local__machine01_CU__h1__c32__xgboost__seed0,pilot,False,development_benchmark,local,machine01_CU,xgboost,1,32,0,2.114711041514121,7.552404650236614,57.03881600091564,28.66917898930284,45.759094450926554,0.0,,0.6488948253735393,0.076617981008587,0.3761815472540482,89.66950141010737,,,0.907043541999883,0.0031949590002113,600,2.703341458000068,4525
local__machine01_CU__h1__c32__xgboost__seed1,pilot,False,development_benchmark,local,machine01_CU,xgboost,1,32,1,2.114711041514121,7.552404650236614,57.03881600091564,28.66917898930284,45.759094450926554,0.0,,0.6488948253735393,0.076617981008587,0.3761815472540482,89.66950141010737,,,1.015008499999567,0.0032515830007469,600,2.8947444579998773,4525
local__machine01_CU__h1__c32__lightgbm__seed1,pilot,False,development_benchmark,local,machine01_CU,lightgbm,1,32,1,2.2266191025359885,7.661331136752762,58.69599478697736,30.27661871325559,48.911824147467264,0.0,,0.6386939816698739,0.0777230234237818,0.4247421250204131,85.54693811094818,,,0.3598739999997633,0.0034639999994396,-100,2.335673250000582,4525
local__machine01_CU__h1__c32__lightgbm__seed0,pilot,False,development_benchmark,local,machine01_CU,lightgbm,1,32,0,2.2314621050467975,7.680506689781744,58.99018301178212,30.194332232358207,48.41147165525349,0.0,,0.6368830919059372,0.0779175564534385,0.4217780561037727,86.51631141124413,,,0.2099222920005559,0.0013787919997412,-50,1.953183292000176,4525
local__machine01_CU__h1__c32__persistence__seed0,pilot,False,development_benchmark,local,machine01_CU,persistence,1,32,0,2.73837543393514,11.387073694460009,129.66544732306312,36.63235486249238,48.51936910646006,0.0,,0.2018381039912995,0.1155201073658287,0.6925925931513865,94.75000000024149,,,1.650000012887176e-05,4.169996827840805e-07,0,1.6970290419994851,4525
local__machine01_CU__h1__c32__persistence__seed1,pilot,False,development_benchmark,local,machine01_CU,persistence,1,32,1,2.73837543393514,11.387073694460009,129.66544732306312,36.63235486249238,48.51936910646006,0.0,,0.2018381039912995,0.1155201073658287,0.6925925931513865,94.75000000024149,,,1.5999999959603883e-05,6.66000232740771e-07,0,1.8383252090006863,4525
local__machine01_CU__h1__c32__drift__seed0,pilot,False,development_benchmark,local,machine01_CU,drift,1,32,0,2.840223049095576,11.58759614782557,134.27238448510198,39.99712594330902,50.89690572453941,0.0,,0.1734798807640709,0.1175543767456184,0.7142174442375504,97.90298685807572,,,3.329996616230346e-07,4.716599960374879e-05,0,1.7825950830001602,4525
local__machine01_CU__h1__c32__dlinear__seed0,pilot,False,development_benchmark,local,machine01_CU,dlinear,1,32,0,3.2797179544062116,10.32467576959572,106.59892974727696,44.001171041874784,70.15738621738609,0.0,,0.3438251620911856,0.1047422441817812,0.6789284428512603,95.81569048503016,,,0.1544437920001655,0.0009947500002454,66,1.875912083000003,4525
local__machine01_CU__h1__c32__dlinear__seed1,pilot,False,development_benchmark,local,machine01_CU,dlinear,1,32,1,3.295349427806726,10.209252167614055,104.22882982193232,44.68562360518644,73.28477610503356,0.0,,0.358414426148787,0.1035712895316888,0.8376452126712701,95.43069717028712,,,0.1913933750001888,0.0009722499999043,66,1.8040336250005569,4525
local__machine01_CU__h1__c32__lstm__seed0,pilot,False,development_benchmark,local,machine01_CU,lstm,1,32,0,3.3658244376417294,12.83981361407403,164.86081364416083,48.07704054848677,56.89971056698175,0.0,,-0.0148086657805852,0.1302579299172085,1.0604800299085944,96.56544589699696,,,8.4480750419998,0.1043709170007787,17473,10.384465457999797,4525
local__machine01_CU__h1__c32__lstm__seed1,pilot,False,development_benchmark,local,machine01_CU,lstm,1,32,1,3.3997202457281688,12.833758802042738,164.70536498900944,49.111424161440134,58.85954191346429,0.0,,-0.0138517941089939,0.1301965047824722,1.1095758435764798,96.51449823082876,,,10.458158791999267,0.1022794589998739,17473,12.272567749999324,4525
local__machine01_CU__h1__c32__ridge__seed0,pilot,False,development_benchmark,local,machine01_CU,ridge,1,32,0,3.42185903771412,9.987110734304002,99.74238081925022,50.041318787551134,81.06094743434292,0.0,,0.3860309787173769,0.1013176989328275,1.049690731949099,95.14186524573832,,,0.0026453749997017,0.0001202499997816,65,1.7673707500007367,4525
local__machine01_CU__h1__c32__ridge__seed1,pilot,False,development_benchmark,local,machine01_CU,ridge,1,32,1,3.42185903771412,9.987110734304002,99.74238081925022,50.041318787551134,81.06094743434292,0.0,,0.3860309787173769,0.1013176989328275,1.049690731949099,95.14186524573832,,,0.0026320000006307,0.0001239170005646,65,1.7811463329999242,4525
local__machine01_CU__h1__c32__ewma__seed0,pilot,False,development_benchmark,local,machine01_CU,ewma,1,32,0,3.653258516824581,12.001993014021998,144.04783630863287,37.138647215067024,69.15197012731751,0.0,,0.1133066170080653,0.1217583690758309,0.5269932539414606,95.28546372738565,,,6.66000232740771e-07,0.0008538329993825,1,1.710202124999341,4525
local__machine01_CU__h1__c32__ewma__seed1,pilot,False,development_benchmark,local,machine01_CU,ewma,1,32,1,3.653258516824581,12.001993014021998,144.04783630863287,37.138647215067024,69.15197012731751,0.0,,0.1133066170080653,0.1217583690758309,0.5269932539414606,95.28546372738565,,,5.410001904238015e-07,0.0002296250004292,1,1.926905667000028,4525
local__machine01_CU__h1__c32__moving_average__seed0,pilot,False,development_benchmark,local,machine01_CU,moving_average,1,32,0,4.18289521574824,13.13863323030695,172.62368316052604,38.06754157862826,87.29679611755762,0.0,,-0.0625933823690587,0.133289408862237,0.4969907401095115,96.04047098292158,,,7.500002539018169e-07,0.0001582090008014,1,1.6780977499993242,4525
local__machine01_CU__h1__c32__historical_mean__seed0,pilot,False,development_benchmark,local,machine01_CU,historical_mean,1,32,0,4.557386875856882,12.745851823405614,162.4567387042122,75.86406961423975,121.8119491890614,0.0,,-1.0266886887766448e-05,0.1293047020346506,2.61347689557832,94.97356014244524,,,1.5124999663385095e-05,1.3330000001587905e-06,1,1.6889012080000612,4525
local__machine01_CU__h4__c32__lightgbm__seed0,pilot,False,development_benchmark,local,machine01_CU,lightgbm,4,32,0,3.5445469358364226,10.502335008477388,110.29904063028974,43.04431482400136,87.06113681617491,0.0,,0.3174927912740447,0.10654456977489,0.6035629725546683,95.71461786931458,,,0.8020585000003848,0.0064693750000515,-200,2.4967424590004157,4483
local__machine01_CU__h4__c32__dlinear__seed0,pilot,False,development_benchmark,local,machine01_CU,dlinear,4,32,0,3.849843726535622,12.306567684294246,151.45160816811543,45.77184134251331,81.34764842244365,0.0,,0.0628493796754608,0.1248482321569735,0.62493350027405,97.30163217125532,,,0.1776372920003268,0.0009877499996946,264,1.9524995000001584,4483
local__machine01_CU__h4__c32__persistence__seed0,pilot,False,development_benchmark,local,machine01_CU,persistence,4,32,0,4.180789322021496,15.779868254031948,249.0042421146053,38.68139255091474,73.92473604162298,0.0,,-0.5407857518562242,0.1600843310438281,0.6499999993549719,98.08888888848875,,,2.6749999960884452e-05,2.829100048984401e-05,0,1.699830374999692,4483
local__machine01_CU__h4__c32__ridge__seed0,pilot,False,development_benchmark,local,machine01_CU,ridge,4,32,0,4.263174622836876,11.95291266286287,142.87212112602754,59.91957054823078,105.49637748648566,0.0,,0.1159374366516146,0.1212604564788295,1.232123214991485,96.06195162416417,,,0.0098661669999273,0.0004196670006422,260,1.7371001659994365,4483
local__machine01_CU__h4__c32__ewma__seed0,pilot,False,development_benchmark,local,machine01_CU,ewma,4,32,0,4.321215911003379,13.836236647133504,191.44144455548016,40.100857766303264,88.799989816296,0.0,,-0.1845992967063423,0.140366487993619,0.5236339762045918,96.69786564104577,,,5.830006557516754e-07,0.0002467500007696,1,1.7122561669993956,4483
local__machine01_CU__h4__c32__drift__seed0,pilot,False,development_benchmark,local,machine01_CU,drift,4,32,0,4.532005828250436,16.653761262896353,277.3477642015471,44.29873942681778,83.153577164421,0.0,,-0.7161694907761511,0.1689498409122131,0.6879330945691917,110.48124253234673,,,4.580006134347059e-07,8.175000039045699e-05,0,1.725208500000008,4483
local__machine01_CU__h4__c32__historical_mean__seed0,pilot,False,development_benchmark,local,machine01_CU,historical_mean,4,32,0,4.536378607848104,12.712562758349016,161.60925188496236,75.58736883741068,120.97494800917708,0.0,,-3.978076357213922e-06,0.1289669896010061,2.595552254545768,94.993336634081,,,2.9000000722589903e-05,3.000000106112566e-06,1,1.7461186669997917,4483
local__machine01_CU__h4__c32__moving_average__seed0,pilot,False,development_benchmark,local,machine01_CU,moving_average,4,32,0,4.574290781616457,13.992371316956444,195.78645507158544,40.929247882573115,101.04426795308092,0.0,,-0.2114853057077441,0.1419504501515393,0.5047453699107451,97.19259259299618,,,1.0829999155248515e-06,0.000169249999999,1,1.733324416999494,4483
local__machine01_CU__h8__c32__lstm__seed0,pilot,False,development_benchmark,local,machine01_CU,lstm,8,32,0,3.4974571899073115,12.84158185357418,164.90622450204566,51.36729259980663,63.45920119532478,0.0,,-0.012542928721184,0.1302758684343717,1.2797559943843493,97.01142859162282,,,10.119247540999822,0.1058768749999217,17928,11.943374667000173,4427
local__machine01_CU__h8__c32__lstm__seed1,pilot,False,development_benchmark,local,machine01_CU,lstm,8,32,1,3.521588212802512,12.835792511951771,164.75756940987722,52.18368710029833,64.92431923525508,0.0,,-0.0116301695888467,0.1302171364560125,1.3161611252947265,96.6862335175414,,,11.796173499999895,0.1028434999998353,17928,13.875742541999898,4427
local__machine01_CU__h8__c32__xgboost__seed0,pilot,False,development_benchmark,local,machine01_CU,xgboost,8,32,0,3.869616561311267,11.310512976964809,127.92770380208928,48.872566738081055,95.18150472239456,0.0,,0.2145093839636308,0.1147434106883185,0.8934674192116486,95.82124090729351,,,7.846044791000168,0.0262159579997387,4800,9.619221541000115,4427
local__machine01_CU__h8__c32__xgboost__seed1,pilot,False,development_benchmark,local,machine01_CU,xgboost,8,32,1,3.869616561311267,11.310512976964809,127.92770380208928,48.872566738081055,95.18150472239456,0.0,,0.2145093839636308,0.1147434106883185,0.8934674192116486,95.82124090729351,,,7.436658917000386,0.0267879580005683,4800,9.217605249999906,4427
local__machine01_CU__h8__c32__dlinear__seed1,pilot,False,development_benchmark,local,machine01_CU,dlinear,8,32,1,3.892242276471156,12.504759470045093,156.36900940368244,46.67427496000891,82.89501324603421,0.0,,0.0398765406161432,0.1268588572730735,0.6975589659651387,97.2068271690428,,,0.208820249999917,0.0009890419996736,528,1.877379833999839,4427
local__machine01_CU__h8__c32__dlinear__seed0,pilot,False,development_benchmark,local,machine01_CU,dlinear,8,32,0,3.901692349876429,12.499963828478949,156.2490957132821,47.157144638608955,83.51651988458357,0.0,,0.0406128242806219,0.1268102062286108,0.7117304920943262,97.20946050224896,,,0.2106669169997985,0.0010038330001407,528,1.8805886670006655,4427
local__machine01_CU__h8__c32__lightgbm__seed0,pilot,False,development_benchmark,local,machine01_CU,lightgbm,8,32,0,3.917685325677076,11.326597053805989,128.29180081928646,49.52256254792833,96.96562068609092,0.0,,0.2122737869675519,0.1149065811685866,0.916157256569236,96.14590579227252,,,2.7593578330006494,0.0272818749999714,-800,4.479978540999582,4427
local__machine01_CU__h8__c32__lightgbm__seed1,pilot,False,development_benchmark,local,machine01_CU,lightgbm,8,32,1,3.917685325677076,11.326597053805989,128.29180081928646,49.52256254792833,96.96562068609092,0.0,,0.2122737869675519,0.1149065811685866,0.916157256569236,96.14590579227252,,,3.542105542000172,0.0274857499998688,-800,5.226231165999707,4427
local__machine01_CU__h8__c32__ridge__seed0,pilot,False,development_benchmark,local,machine01_CU,ridge,8,32,0,4.346543329091583,12.228371850766536,149.53307812061936,60.83444582536656,107.75658681807228,0.0,,0.0818499342996762,0.124054947479359,1.258243850558919,96.20930650641866,,,0.0184629169998515,0.0009595000001354,520,1.684140749999642,4427
local__machine01_CU__h8__c32__ridge__seed1,pilot,False,development_benchmark,local,machine01_CU,ridge,8,32,1,4.346543329091583,12.228371850766536,149.53307812061936,60.83444582536656,107.75658681807228,0.0,,0.0818499342996762,0.124054947479359,1.258243850558919,96.20930650641866,,,0.0196907919998921,0.0010592910002742,520,1.83599624999988,4427
local__machine01_CU__h8__c32__ewma__seed0,pilot,False,development_benchmark,local,machine01_CU,ewma,8,32,0,4.651454466245672,14.38841186980027,207.02639613500932,42.68732018483944,102.00885099666375,0.0,,-0.2711655615069521,0.14596822051233,0.5297408137181356,97.36311027314014,,,5.409992809290998e-07,0.0002503749992683,1,1.65147454199996,4427
local__machine01_CU__h8__c32__ewma__seed1,pilot,False,development_benchmark,local,machine01_CU,ewma,8,32,1,4.651454466245672,14.38841186980027,207.02639613500932,42.68732018483944,102.00885099666375,0.0,,-0.2711655615069521,0.14596822051233,0.5297408137181356,97.36311027314014,,,5.829997462569736e-07,0.0002524579995224,1,1.604618790999666,4427
local__machine01_CU__h8__c32__persistence__seed0,pilot,False,development_benchmark,local,machine01_CU,persistence,8,32,0,4.696030765362197,16.924124628077823,286.42599442671036,40.82269719420397,97.17498501003143,0.0,,-0.7586881037052742,0.1716926355767234,0.6333333330608353,98.09444444547236,,,4.0875000195228495e-05,3.3833000088634435e-05,0,1.633420000000115,4427
local__machine01_CU__h8__c32__persistence__seed1,pilot,False,development_benchmark,local,machine01_CU,persistence,8,32,1,4.696030765362197,16.924124628077823,286.42599442671036,40.82269719420397,97.17498501003143,0.0,,-0.7586881037052742,0.1716926355767234,0.6333333330608353,98.09444444547236,,,4.74580001537106e-05,3.487499998300336e-05,0,1.7442526659997384,4427
local__machine01_DWT__h1__c32__lstm__seed0,pilot,False,development_benchmark,local,machine01_DWT,lstm,1,32,0,5058656.14041205,33111889.703999773,1096397239769846.0,199.9919533322769,99.99798617077718,0.0004264392324093,,-0.0238978604620729,0.0756482215713408,219422.0611687978,437708761.79450214,,,9.25342458400064,0.1086639170007401,17217,11.129809249999198,4690
local__machine01_DWT__h1__c32__lstm__seed1,pilot,False,development_benchmark,local,machine01_DWT,lstm,1,32,1,5058659.583505333,33111890.230023365,1096397274605116.8,199.9987633916678,99.999690685071,0.0004264392324093,,-0.0238978929938578,0.075648222773107,219425.5077272137,437708765.24106055,,,5.30747216600048,0.1079132499999104,17217,7.237000166999678,4690
local__machine01_DWT__h1__c32__persistence__seed0,pilot,False,development_benchmark,local,machine01_DWT,persistence,1,32,0,6857011.197141383,39901243.313859574,1592109217991823.2,32.79046196839763,545.9379636852157,0.0004264392324093,,-0.4868308335635465,0.0911593425250573,33348.26666666668,437288721.06666666,,,1.516700012871297e-05,4.579997039400041e-07,0,1.6470226249994084,4690
local__machine01_DWT__h1__c32__persistence__seed1,pilot,False,development_benchmark,local,machine01_DWT,persistence,1,32,1,6857011.197141383,39901243.313859574,1592109217991823.2,32.79046196839763,545.9379636852157,0.0004264392324093,,-0.4868308335635465,0.0911593425250573,33348.26666666668,437288721.06666666,,,1.6042000424931757e-05,4.170005922787823e-07,0,1.6103830419997394,4690
local__machine01_DWT__h1__c32__ewma__seed0,pilot,False,development_benchmark,local,machine01_DWT,ewma,1,32,0,7049250.186437909,32417434.63599107,1050890068378753.6,54.741369550838904,1422.8125673452896,0.0004264392324093,,0.01860014457924,0.0740616527791128,48089.247421717315,401479936.8308482,,,7.499993444071151e-07,0.0015846249998503,1,1.6400883329997669,4690
local__machine01_DWT__h1__c32__ewma__seed1,pilot,False,development_benchmark,local,machine01_DWT,ewma,1,32,1,7049250.186437909,32417434.63599107,1050890068378753.6,54.741369550838904,1422.8125673452896,0.0004264392324093,,0.01860014457924,0.0740616527791128,48089.247421717315,401479936.8308482,,,8.340002750628628e-07,0.0002493749998393,1,1.60559424999974,4690
local__machine01_DWT__h1__c32__dlinear__seed1,pilot,False,development_benchmark,local,machine01_DWT,dlinear,1,32,1,7288741.5181539375,31925654.702421527,1019247428178250.0,81.69803700499543,1565.1157445462543,0.0004264392324093,,0.0481504119690666,0.0729381204856806,90508.18958333333,407627301.06666666,,,0.2016271669999696,0.0009332500003438,66,1.917386125000121,4690
local__machine01_DWT__h1__c32__dlinear__seed0,pilot,False,development_benchmark,local,machine01_DWT,dlinear,1,32,0,7356851.586298134,31953951.002472583,1021054984668418.4,79.75819425473685,1613.2440540705336,0.0004264392324093,,0.0464623803361737,0.0730027668950232,86605.4140625,407584823.06666666,,,0.1976791249999223,0.0009169169998131,66,1.8262013330004263,4690
local__machine01_DWT__h1__c32__lightgbm__seed0,pilot,False,development_benchmark,local,machine01_DWT,lightgbm,1,32,0,7544635.694036999,30121960.353016708,907332495508710.4,120.184661944192,2100.2062056743807,0.0004264392324093,,0.1526649583009718,0.0688173568865476,486393.5417066962,392205392.90288186,,,0.2752956250005809,0.0017789169996831,-100,1.9413665000001856,4690
local__machine01_DWT__h1__c32__lightgbm__seed1,pilot,False,development_benchmark,local,machine01_DWT,lightgbm,1,32,1,7544635.694036999,30121960.353016708,907332495508710.4,120.184661944192,2100.2062056743807,0.0004264392324093,,0.1526649583009718,0.0688173568865476,486393.5417066962,392205392.90288186,,,0.3006084999997256,0.0017972499999814,-100,2.083902040999419,4690
local__machine01_DWT__h1__c32__xgboost__seed0,pilot,False,development_benchmark,local,machine01_DWT,xgboost,1,32,0,8212346.7533992175,31703715.317233227,1005125564916168.8,110.29013826985783,2177.0404882779453,0.0004264392324093,,0.0613384655825709,0.0724310724151471,408109.4791666666,389911231.06666666,,,0.5044963330001337,0.0032085419998111,600,2.1316275829994993,4690
local__machine01_DWT__h1__c32__xgboost__seed1,pilot,False,development_benchmark,local,machine01_DWT,xgboost,1,32,1,8212346.7533992175,31703715.317233227,1005125564916168.8,110.29013826985783,2177.0404882779453,0.0004264392324093,,0.0613384655825709,0.0724310724151471,408109.4791666666,389911231.06666666,,,0.5395873750003375,0.0032823749997987,600,2.2326134999993883,4690
local__machine01_DWT__h1__c32__ridge__seed0,pilot,False,development_benchmark,local,machine01_DWT,ridge,1,32,0,8606602.918814171,31889258.59774897,1016924813914106.4,161.31347384658886,2330.881327517002,0.0004264392324093,,0.0503194431280965,0.0728549690674071,1878673.4679279823,405872406.8975866,,,0.0014111669997873,8.208400049625197e-05,33,1.6249384160000773,4690
local__machine01_DWT__h1__c32__ridge__seed1,pilot,False,development_benchmark,local,machine01_DWT,ridge,1,32,1,8606602.918814171,31889258.59774897,1016924813914106.4,161.31347384658886,2330.881327517002,0.0004264392324093,,0.0503194431280965,0.0728549690674071,1878673.4679279823,405872406.8975866,,,0.0014030419997652,8.07919996077544e-05,33,1.6554613749995042,4690
local__machine01_DWT__h8__c32__lstm__seed1,pilot,False,development_benchmark,local,machine01_DWT,lstm,8,32,1,5074323.236614906,33178697.227584474,1100825949719721.8,199.99415176466908,99.99853660623882,0.0004322455154527,,-0.0239506116160568,0.0758008516505042,219542.1729763508,437708763.2881564,,,7.874148249999962,0.1452048339997418,17672,9.790689250000469,4627
local__machine01_DWT__h8__c32__lstm__seed0,pilot,False,development_benchmark,local,machine01_DWT,lstm,8,32,0,5074323.669947672,33178697.294009823,1100825954127534.8,199.9950024147232,99.9987495493889,0.0004322455154527,,-0.0239506157160533,0.0758008518022611,219542.7159017086,437708763.642069,,,6.918327749999662,0.1050125410001783,17672,8.835903040999256,4627
local__machine01_DWT__h8__c32__dlinear__seed1,pilot,False,development_benchmark,local,machine01_DWT,dlinear,8,32,1,7862212.892482857,33317016.84269354,1110023611296325.2,89.47847738661696,1722.098624567181,0.0004322455154527,,-0.0325059615323612,0.0761168599781765,111359.63411458331,437340469.9916667,,,0.2083178329994552,0.0009104999999181,528,1.896260624999741,4627
local__machine01_DWT__h8__c32__dlinear__seed0,pilot,False,development_benchmark,local,machine01_DWT,dlinear,8,32,0,8014401.599787826,33377204.025590263,1114037748565879.0,85.84197151859179,1806.2992961822376,0.0004322455154527,,-0.0362397745963765,0.0762543650673825,103585.64531249998,437330612.1791667,,,0.2110147909997977,0.000919915999475,528,1.836046417000034,4627
local__machine01_DWT__h8__c32__persistence__seed0,pilot,False,development_benchmark,local,machine01_DWT,persistence,8,32,0,8371378.772163442,43396302.34585074,1883239057292491.2,40.63101508608002,1556.7738293156249,0.0004322455154527,,-0.7517244983413249,0.0991442386581537,38877.86666666664,437561309.8666667,,,4.237499979353743e-05,3.0917000003682915e-05,0,1.6725394169998251,4627
local__machine01_DWT__h8__c32__persistence__seed1,pilot,False,development_benchmark,local,machine01_DWT,persistence,8,32,1,8371378.772163442,43396302.34585074,1883239057292491.2,40.63101508608002,1556.7738293156249,0.0004322455154527,,-0.7517244983413249,0.0991442386581537,38877.86666666664,437561309.8666667,,,4.037500002596062e-05,2.970800051116385e-05,0,1.6182882909997716,4627
local__machine01_DWT__h8__c32__ewma__seed0,pilot,False,development_benchmark,local,machine01_DWT,ewma,8,32,0,8371976.227170756,35087051.27578494,1231101167229561.5,61.45403262013636,1849.20403052985,0.0004322455154527,,-0.1451281589672786,0.080160723320933,53844.923389530464,437152281.21757776,,,6.250002115848474e-07,0.0002302089997101,1,1.6767498330000308,4627
local__machine01_DWT__h8__c32__ewma__seed1,pilot,False,development_benchmark,local,machine01_DWT,ewma,8,32,1,8371976.227170756,35087051.27578494,1231101167229561.5,61.45403262013636,1849.20403052985,0.0004322455154527,,-0.1451281589672786,0.080160723320933,53844.923389530464,437152281.21757776,,,5.829997462569736e-07,0.0002217500004917,1,1.6198206670005677,4627
local__machine01_DWT__h8__c32__ridge__seed0,pilot,False,development_benchmark,local,machine01_DWT,ridge,8,32,0,10130928.383230165,33271502.987388287,1106992911039787.6,171.8689632309778,3012.401735194017,0.0004322455154527,,-0.0296869079098549,0.0760128779269715,3484589.1283079316,433567853.2686953,,,0.0097174590000577,0.0006173339997985,264,1.6619027080005253,4627
local__machine01_DWT__h8__c32__ridge__seed1,pilot,False,development_benchmark,local,machine01_DWT,ridge,8,32,1,10130928.383230165,33271502.987388287,1106992911039787.6,171.8689632309778,3012.401735194017,0.0004322455154527,,-0.0296869079098549,0.0760128779269715,3484589.1283079316,433567853.2686953,,,0.0092602500008069,0.0006031670000083,264,1.6379445419997865,4627
local__machine01_DWT__h8__c32__lightgbm__seed0,pilot,False,development_benchmark,local,machine01_DWT,lightgbm,8,32,0,10560590.552080724,35155432.99108058,1235904468790357.0,143.54298344779275,3111.5151362669717,0.0004322455154527,,-0.1495960256379407,0.0803169498364341,1117587.326308506,436726457.1047944,,,2.47615020899957,0.0160222920003434,-800,4.133853959000589,4627
local__machine01_DWT__h8__c32__lightgbm__seed1,pilot,False,development_benchmark,local,machine01_DWT,lightgbm,8,32,1,10560590.552080724,35155432.99108058,1235904468790357.0,143.54298344779275,3111.5151362669717,0.0004322455154527,,-0.1495960256379407,0.0803169498364341,1117587.326308506,436726457.1047944,,,2.3751651250004215,0.0158667080004306,-800,4.162656959000742,4627
local__machine01_DWT__h8__c32__xgboost__seed0,pilot,False,development_benchmark,local,machine01_DWT,xgboost,8,32,0,11455038.121078542,36623568.32342958,1341285756740914.2,138.69578138169257,3480.005723777578,0.0004322455154527,,-0.2476180919576296,0.0836710872146109,1008191.4083333332,437487243.1635417,,,3.862842625000667,0.0236975839998194,4800,5.576357707999705,4627
local__machine01_DWT__h8__c32__xgboost__seed1,pilot,False,development_benchmark,local,machine01_DWT,xgboost,8,32,1,11455038.121078542,36623568.32342958,1341285756740914.2,138.69578138169257,3480.005723777578,0.0004322455154527,,-0.2476180919576296,0.0836710872146109,1008191.4083333332,437487243.1635417,,,3.7986543340002754,0.0238593750000291,4800,5.6058835829999225,4627
local__machine01_UM__h1__c32__persistence__seed0,pilot,False,development_benchmark,local,machine01_UM,persistence,1,32,0,285279822.75333065,1373040681.3388765,1.885240712611526e+18,1.258613050521491,1.2312498714375504,0.0,0.8563531502309436,0.3039360512417873,0.052483706839094,26161152.0,18993909760.0,0.6851851851851852,0.6851851851851852,1.6542000594199635e-05,3.750001269509085e-07,0,1.603408333000516,4954
local__machine01_UM__h1__c32__persistence__seed1,pilot,False,development_benchmark,local,machine01_UM,persistence,1,32,1,285279822.75333065,1373040681.3388765,1.885240712611526e+18,1.258613050521491,1.2312498714375504,0.0,0.8563531502309436,0.3039360512417873,0.052483706839094,26161152.0,18993909760.0,0.6851851851851852,0.6851851851851852,1.5791999430803116e-05,4.160001481068321e-07,0,1.7750055839997003,4954
local__machine01_UM__h1__c32__xgboost__seed0,pilot,False,development_benchmark,local,machine01_UM,xgboost,1,32,0,298739842.63544613,1207578429.993601,1.4582456645858112e+18,1.4149429147582544,1.3598691392879043,0.0,0.8967574463251234,0.4615901148532527,0.0461590054587432,60800000.0,19003303936.0,0.8333333333333334,0.4615384615384615,0.4985334170005444,0.0031967499999154,600,2.1581443329996546,4954
local__machine01_UM__h1__c32__xgboost__seed1,pilot,False,development_benchmark,local,machine01_UM,xgboost,1,32,1,298739842.63544613,1207578429.993601,1.4582456645858112e+18,1.4149429147582544,1.3598691392879043,0.0,0.8967574463251234,0.4615901148532527,0.0461590054587432,60800000.0,19003303936.0,0.8333333333333334,0.4615384615384615,0.443652457999633,0.0034384170003249,600,2.114242124999691,4954
local__machine01_UM__h1__c32__ridge__seed0,pilot,False,development_benchmark,local,machine01_UM,ridge,1,32,0,306134549.4139191,1265366814.9611273,1.6011531764048676e+18,1.452890204707026,1.3805528042719757,0.0,0.9189548817541788,0.4088261540929374,0.0483679339315564,60154050.912849426,19073925828.36671,0.7268518518518519,0.4700598802395209,0.0015460829999938,8.679199981997954e-05,33,1.790541917000155,4954
local__machine01_UM__h1__c32__ridge__seed1,pilot,False,development_benchmark,local,machine01_UM,ridge,1,32,1,306134549.4139191,1265366814.9611273,1.6011531764048676e+18,1.452890204707026,1.3805528042719757,0.0,0.9189548817541788,0.4088261540929374,0.0483679339315564,60154050.912849426,19073925828.36671,0.7268518518518519,0.4700598802395209,0.0014867090003463,8.883299960871227e-05,33,1.6217882500004634,4954
local__machine01_UM__h1__c32__lightgbm__seed0,pilot,False,development_benchmark,local,machine01_UM,lightgbm,1,32,0,314519921.60654324,1229563420.07237,1.5118262039800635e+18,1.4918042364501924,1.4434713366586815,0.0,0.9441260972425648,0.4418072396066774,0.0469993693240216,61021400.90463257,19012492445.10524,0.8333333333333334,0.4265402843601896,0.298260792000292,0.003648291999525,-100,1.966105792000235,4954
local__machine01_UM__h1__c32__lightgbm__seed1,pilot,False,development_benchmark,local,machine01_UM,lightgbm,1,32,1,314519921.60654324,1229563420.07237,1.5118262039800635e+18,1.4918042364501924,1.4434713366586815,0.0,0.9441260972425648,0.4418072396066774,0.0469993693240216,61021400.90463257,19012492445.10524,0.8333333333333334,0.4265402843601896,0.3987297500007116,0.003830999999991,-100,2.0744682910008123,4954
local__machine01_UM__h1__c32__ewma__seed0,pilot,False,development_benchmark,local,machine01_UM,ewma,1,32,0,375339977.3913514,1449975050.0950985,2.1024276458982828e+18,1.7594960040401988,1.714163179869042,0.0,1.1266957787078276,0.2237468247992657,0.055424479760487,45530324.80399895,20649971589.45829,0.6527777777777778,0.3464373464373464,4.589992386172526e-07,0.0002462499996909,1,1.638877916999263,4954
local__machine01_UM__h1__c32__ewma__seed1,pilot,False,development_benchmark,local,machine01_UM,ewma,1,32,1,375339977.3913514,1449975050.0950985,2.1024276458982828e+18,1.7594960040401988,1.714163179869042,0.0,1.1266957787078276,0.2237468247992657,0.055424479760487,45530324.80399895,20649971589.45829,0.6527777777777778,0.3464373464373464,7.500002539018169e-07,0.0002371669997955,1,1.6788942080002016,4954
local__machine01_UM__h1__c32__dlinear__seed1,pilot,False,development_benchmark,local,machine01_UM,dlinear,1,32,1,15165572453.568026,15222867484.662195,2.317356944555855e+20,141.14357906641362,82.68120076651671,0.0,45.52402486907734,-84.56088433266277,0.5818855370958969,14933126912.0,34117750784.0,0.0,0.0,0.2116640419999385,0.0010263750000376,66,1.9421702500003448,4954
local__machine01_UM__h1__c32__lstm__seed0,pilot,False,development_benchmark,local,machine01_UM,lstm,1,32,0,18359424695.459747,18433038422.392067,3.397769054813822e+20,199.9999999753682,99.99999999384204,0.0,55.11133252483479,-124.45159509026132,0.7045925134361062,18073124862.875168,43426471934.87517,0.0,0.0,5.373677833000329,0.1229285409999647,17217,7.389571208000234,4954
local__machine01_UM__h1__c32__lstm__seed1,pilot,False,development_benchmark,local,machine01_UM,lstm,1,32,1,18359424695.898495,18433038422.829067,3.3977690549749265e+20,199.99999998497609,99.999999996244,0.0,55.11133252615183,-124.4515950962096,0.7045925134528103,18073124863.31392,43426471935.31392,0.0,0.0,5.345822291999866,0.1165703750002649,17217,7.208348666999882,4954
local__machine01_UM__h1__c32__dlinear__seed0,pilot,False,development_benchmark,local,machine01_UM,dlinear,1,32,0,21773028264.125957,21817223872.27087,4.759912574927859e+20,199.7189471690152,118.83109630950256,0.0,65.35828985064087,-174.74432381414832,0.8339510965098224,21451974656.0,41269659648.0,0.0,0.0,0.279157375000068,0.0009959579992937,66,1.966848832999858,4954
local__machine01_UM__h8__c32__ridge__seed0,pilot,False,development_benchmark,local,machine01_UM,ridge,8,32,0,475551868.0466984,1603572707.5218744,2.571445428309035e+18,2.3054732763002574,2.1750054960385063,0.0,1.4275118947060046,0.051789341814608,0.0612956637196525,107140948.16960908,25238568475.033897,0.3153935185185185,0.1530898876404494,0.0104639589999351,0.0006557500000781,264,1.6838741250003295,4947
local__machine01_UM__h8__c32__ridge__seed1,pilot,False,development_benchmark,local,machine01_UM,ridge,8,32,1,475551868.0466984,1603572707.5218744,2.571445428309035e+18,2.3054732763002574,2.1750054960385063,0.0,1.4275118947060046,0.051789341814608,0.0612956637196525,107140948.16960908,25238568475.033897,0.3153935185185185,0.1530898876404494,0.0096934999992299,0.0006578329994226,264,1.637787457999366,4947
local__machine01_UM__h8__c32__xgboost__seed0,pilot,False,development_benchmark,local,machine01_UM,xgboost,8,32,0,517708473.3632504,1583962315.7809973,2.5089366178142996e+18,2.525991763444778,2.428277077861805,0.0,1.5540576188916468,0.0748392264005607,0.0605460675386243,136732672.0,24695259136.0,0.4525462962962963,0.1733540234981157,3.6032086250006614,0.0264557500004229,4800,5.3639031669999895,4947
local__machine01_UM__h8__c32__xgboost__seed1,pilot,False,development_benchmark,local,machine01_UM,xgboost,8,32,1,517708473.3632504,1583962315.7809973,2.5089366178142996e+18,2.525991763444778,2.428277077861805,0.0,1.5540576188916468,0.0748392264005607,0.0605460675386243,136732672.0,24695259136.0,0.4525462962962963,0.1733540234981157,3.740374291999615,0.0264346249996378,4800,5.458258249999744,4947
local__machine01_UM__h8__c32__lightgbm__seed0,pilot,False,development_benchmark,local,machine01_UM,lightgbm,8,32,0,529257018.87181056,1602301392.481754,2.567369752348968e+18,2.5822905747146687,2.4907742129134767,0.0,1.588724050016683,0.0532922317231785,0.0612470684181639,139263978.74846458,24855572834.56156,0.4519675925925926,0.1717238346525945,2.4630220830003964,0.0297935830003552,-800,4.294015624999702,4947
local__machine01_UM__h8__c32__lightgbm__seed1,pilot,False,development_benchmark,local,machine01_UM,lightgbm,8,32,1,529257018.87181056,1602301392.481754,2.567369752348968e+18,2.5822905747146687,2.4907742129134767,0.0,1.588724050016683,0.0532922317231785,0.0612470684181639,139263978.74846458,24855572834.56156,0.4519675925925926,0.1717238346525945,2.5482303340004364,0.0396658749996277,-800,4.3381210419993295,4947
local__machine01_UM__h8__c32__dlinear__seed0,pilot,False,development_benchmark,local,machine01_UM,dlinear,8,32,0,535924497.4133819,1633800515.964328,2.669304125965305e+18,2.62354440806236,2.5102532458531552,0.0,1.608738491269715,0.0157043216573512,0.0624511046750764,135283712.0,25222875136.0,0.3350694444444444,0.1185989348627611,0.2236007920000702,0.0010188329997617,528,1.9288947499999267,4947
local__machine01_UM__h8__c32__persistence__seed0,pilot,False,development_benchmark,local,machine01_UM,persistence,8,32,0,555491113.1400849,2091246687.7643535,4.373312709085379e+18,2.522067749223714,2.577775376184329,0.0,1.667473570586588,-0.6126423204163853,0.0799367269889086,64647168.0,25934938112.0,0.2158564814814814,0.2158564814814814,4.399999943416333e-05,3.4249999771418516e-05,0,1.665947708999738,4947
local__machine01_UM__h8__c32__persistence__seed1,pilot,False,development_benchmark,local,machine01_UM,persistence,8,32,1,555491113.1400849,2091246687.7643535,4.373312709085379e+18,2.522067749223714,2.577775376184329,0.0,1.667473570586588,-0.6126423204163853,0.0799367269889086,64647168.0,25934938112.0,0.2158564814814814,0.2158564814814814,4.1291999878012575e-05,3.3541000448167324e-05,0,1.675584833999892,4947
local__machine01_UM__h8__c32__ewma__seed0,pilot,False,development_benchmark,local,machine01_UM,ewma,8,32,0,557463442.6085943,1850204554.155557,3.4232568922179625e+18,2.6480068090627635,2.6103520448354693,0.0,1.6733941104177972,-0.2623128747640586,0.0707230271705916,78884747.59067917,25265654259.32836,0.2390046296296296,0.1268427518427518,5.4199972510105e-07,0.0002682919994185,1,1.676159832999474,4947
local__machine01_UM__h8__c32__ewma__seed1,pilot,False,development_benchmark,local,machine01_UM,ewma,8,32,1,557463442.6085943,1850204554.155557,3.4232568922179625e+18,2.6480068090627635,2.6103520448354693,0.0,1.6733941104177972,-0.2623128747640586,0.0707230271705916,78884747.59067917,25265654259.32836,0.2390046296296296,0.1268427518427518,5.4199972510105e-07,0.0002640840002641,1,1.6545555420007076,4947
local__machine01_UM__h8__c32__dlinear__seed1,pilot,False,development_benchmark,local,machine01_UM,dlinear,8,32,1,4293156942.9423895,10951808389.337025,1.199421069967528e+20,27.271252784826235,23.075530619779432,0.0,12.887201194398669,-43.22819281617888,0.4186267083531757,147787776.0,55320387584.0,0.3292824074074074,0.1263321492007104,0.275421667000046,0.0010133329997188,528,1.954743917000087,4947
local__machine01_UM__h8__c32__lstm__seed0,pilot,False,development_benchmark,local,machine01_UM,lstm,8,32,0,18360132494.381744,18433837304.54038,3.3980635777026444e+20,199.99999997780805,99.999999994452,0.0,55.1134571960812,-124.30229364766456,0.7046230502563482,18073280510.952778,43426471935.32264,0.0,0.0,5.425075416000254,0.1190516249998836,17672,7.377375125000071,4947
local__machine01_UM__h8__c32__lstm__seed1,pilot,False,development_benchmark,local,machine01_UM,lstm,8,32,1,18360132494.560783,18433837304.718704,3.398063577768389e+20,199.99999998172856,99.99999999543216,0.0,55.11345719661863,-124.30229365008884,0.7046230502631645,18073280511.157444,43426471935.563484,0.0,0.0,5.517160165999485,0.12415454100028,17672,7.457226749999791,4947
local__machine04_CU__h1__c32__lightgbm__seed0,pilot,False,development_benchmark,local,machine04_CU,lightgbm,1,32,0,3.720173289116228,10.604721672482643,112.46012175082308,72.90055902503825,226.1060538419097,0.0,,0.6754964311974316,0.1064157304582856,0.6162749564777149,90.91204371563865,,,0.3535857919996488,0.0022736250002708,-100,2.3301462500003254,4655
local__machine04_CU__h1__c32__lightgbm__seed1,pilot,False,development_benchmark,local,machine04_CU,lightgbm,1,32,1,3.720173289116228,10.604721672482643,112.46012175082308,72.90055902503825,226.1060538419097,0.0,,0.6754964311974316,0.1064157304582856,0.6162749564777149,90.91204371563865,,,0.3411627499999667,0.002284041999701,-100,1.9902494999996632,4655
local__machine04_CU__h1__c32__xgboost__seed0,pilot,False,development_benchmark,local,machine04_CU,xgboost,1,32,0,3.880647246232995,10.35367937192398,107.19867653660415,75.98726588487541,256.6055099524222,0.0,,0.6906783260993081,0.1038965837409136,0.5747372968191362,86.01551666221134,,,0.8931871669992688,0.003047625000363,600,2.537875791999795,4655
local__machine04_CU__h1__c32__xgboost__seed1,pilot,False,development_benchmark,local,machine04_CU,xgboost,1,32,1,3.880647246232995,10.35367937192398,107.19867653660415,75.98726588487541,256.6055099524222,0.0,,0.6906783260993081,0.1038965837409136,0.5747372968191362,86.01551666221134,,,0.9048576669993054,0.0031141250001383,600,2.553985874999853,4655
local__machine04_CU__h1__c32__persistence__seed0,pilot,False,development_benchmark,local,machine04_CU,persistence,1,32,0,4.102909698124361,14.877623447555107,221.34367944724153,55.669411724630415,117.95450384395264,0.0,,0.3613130343957155,0.1492932314068223,0.4111111117526901,95.44814814761692,,,1.645800057303859e-05,4.169996827840805e-07,0,1.5835644999997385,4655
local__machine04_CU__h1__c32__persistence__seed1,pilot,False,development_benchmark,local,machine04_CU,persistence,1,32,1,4.102909698124361,14.877623447555107,221.34367944724153,55.669411724630415,117.95450384395264,0.0,,0.3613130343957155,0.1492932314068223,0.4111111117526901,95.44814814761692,,,1.608399998076493e-05,4.169996827840805e-07,0,1.628580083000088,4655
local__machine04_CU__h1__c32__ridge__seed0,pilot,False,development_benchmark,local,machine04_CU,ridge,1,32,0,4.42509199949556,12.958762574025284,167.9295274499584,83.26065786666824,250.88655875944727,0.0,,0.5154395165463036,0.130037942318533,0.7798695387365983,98.5226623248747,,,0.0026397499996164,0.0001162079997811,65,1.6168595839999398,4655
local__machine04_CU__h1__c32__ridge__seed1,pilot,False,development_benchmark,local,machine04_CU,ridge,1,32,1,4.42509199949556,12.958762574025284,167.9295274499584,83.26065786666824,250.88655875944727,0.0,,0.5154395165463036,0.130037942318533,0.7798695387365983,98.5226623248747,,,0.0025383749998582,0.0001124999998864,65,1.6053407499994137,4655
local__machine04_CU__h1__c32__dlinear__seed1,pilot,False,development_benchmark,local,machine04_CU,dlinear,1,32,1,4.71022567152186,13.71732857811801,188.16510332005308,83.71765112870676,251.58458098874195,0.0,,0.457049782617594,0.1376499625034487,0.758958500223579,109.96730148188632,,,0.1945166250006877,0.0009061250002559,66,1.8312426669999695,4655
local__machine04_CU__h1__c32__dlinear__seed0,pilot,False,development_benchmark,local,machine04_CU,dlinear,1,32,0,4.951394505097396,13.813763340618388,190.82005763061247,82.40419148964857,284.9800378421651,0.0,,0.4493889146105932,0.1386176612333151,0.7315250136372131,109.39118205897373,,,0.1939865829999689,0.0009234170001946,66,1.8098930000005569,4655
local__machine04_CU__h1__c32__ewma__seed0,pilot,False,development_benchmark,local,machine04_CU,ewma,1,32,0,6.036473749169365,16.401467203235317,269.0081264188037,67.16644891007955,321.1552607606471,0.0,,0.2237773203446187,0.1645846224846085,0.2862518083098627,93.0596474734024,,,5.420006345957518e-07,0.0002164169991374,1,1.588646584000344,4655
local__machine04_CU__h1__c32__ewma__seed1,pilot,False,development_benchmark,local,machine04_CU,ewma,1,32,1,6.036473749169365,16.401467203235317,269.0081264188037,67.16644891007955,321.1552607606471,0.0,,0.2237773203446187,0.1645846224846085,0.2862518083098627,93.0596474734024,,,5.420006345957518e-07,0.0002302909997524,1,1.6232959579992894,4655
local__machine04_CU__h1__c32__lstm__seed0,pilot,False,development_benchmark,local,machine04_CU,lstm,1,32,0,7.057475682022669,18.79267534835264,353.16464674858094,137.014620133955,484.2859912783466,0.0,,-0.0190562348735332,0.1885797983411089,2.692050592904841,96.66720866670626,,,9.370858875000522,0.0983135839996975,17473,11.205366208000669,4655
local__machine04_CU__h1__c32__lstm__seed1,pilot,False,development_benchmark,local,machine04_CU,lstm,1,32,1,7.15029765224313,18.775067179720217,352.5031476030071,138.39381312323349,506.8685628686321,0.0,,-0.0171474797507693,0.188403104771497,2.8204458021317365,96.53510975351352,,,12.268058499999825,0.0975888329994632,17473,14.047839416000896,4655
local__machine04_CU__h8__c32__dlinear__seed1,pilot,False,development_benchmark,local,machine04_CU,dlinear,8,32,1,6.376745401455538,16.96413426997368,287.7818515296955,99.28040109148758,397.32066889698376,0.0,,0.1625940943734757,0.1702308458142743,0.9388370573072252,110.63374912135164,,,0.2079522499998347,0.0009409160002178,528,1.9275157080001009,4585
local__machine04_CU__h8__c32__dlinear__seed0,pilot,False,development_benchmark,local,machine04_CU,dlinear,8,32,0,6.609481342955479,16.941518812910097,287.0150596881868,102.03063650461289,442.2354308374243,0.0,,0.1648253539649075,0.1700039053572405,0.9957084523306964,109.61444293849031,,,0.2139150419998259,0.0009651250002207,528,1.863632958999915,4585
local__machine04_CU__h8__c32__ridge__seed0,pilot,False,development_benchmark,local,machine04_CU,ridge,8,32,0,6.704161229357862,16.69091420265516,278.5866169203957,114.223509611605,491.6889642798053,0.0,,0.1893509719337497,0.1674891507526296,1.4245121018672648,105.4249246753044,,,0.0248219579998476,0.0007997920001798,520,1.693432541999755,4585
local__machine04_CU__h8__c32__ridge__seed1,pilot,False,development_benchmark,local,machine04_CU,ridge,8,32,1,6.704161229357862,16.69091420265516,278.5866169203957,114.223509611605,491.6889642798053,0.0,,0.1893509719337497,0.1674891507526296,1.4245121018672648,105.4249246753044,,,0.0190107499993246,0.0008249169995906,520,1.6243035419993248,4585
local__machine04_CU__h8__c32__lstm__seed1,pilot,False,development_benchmark,local,machine04_CU,lstm,8,32,1,7.072866968440743,18.702729295581342,349.79208310379676,137.59382248792065,494.9773809712731,0.0,,-0.0178472150885369,0.1876772121909855,2.749921099006854,96.82629489412324,,,12.2929411669993,0.0980063329998301,17928,14.14341904200046,4585
local__machine04_CU__h8__c32__lstm__seed0,pilot,False,development_benchmark,local,machine04_CU,lstm,8,32,0,7.084100044100014,18.700942183779052,349.72523856104687,137.7155065910605,497.6894431786617,0.0,,-0.0176527065934386,0.1876592789708855,2.757478568806417,97.00136231889742,,,10.533710166000674,0.0968167920000269,17928,12.399257333000604,4585
local__machine04_CU__h8__c32__lightgbm__seed0,pilot,False,development_benchmark,local,machine04_CU,lightgbm,8,32,0,7.217181962026013,15.270476531206157,233.18745349011795,111.69503051404988,735.8615508393547,0.0,,0.3214563405139342,0.1532354138752217,2.540055517265421,98.6296989977586,,,2.647052041999814,0.0216191250001429,-800,4.33962958399934,4585
local__machine04_CU__h8__c32__lightgbm__seed1,pilot,False,development_benchmark,local,machine04_CU,lightgbm,8,32,1,7.217181962026013,15.270476531206157,233.18745349011795,111.69503051404988,735.8615508393547,0.0,,0.3214563405139342,0.1532354138752217,2.540055517265421,98.6296989977586,,,2.7494308750001437,0.0215125830000033,-800,4.404668416999812,4585
local__machine04_CU__h8__c32__xgboost__seed0,pilot,False,development_benchmark,local,machine04_CU,xgboost,8,32,0,7.70269252312326,15.71882155977626,247.08135122808693,109.92204439118764,809.6039966159557,0.0,,0.2810269946184177,0.1577344441360941,2.3929383628139353,98.66024485647816,,,7.175049624999701,0.0243349170004876,4800,8.893936292000035,4585
local__machine04_CU__h8__c32__xgboost__seed1,pilot,False,development_benchmark,local,machine04_CU,xgboost,8,32,1,7.70269252312326,15.71882155977626,247.08135122808693,109.92204439118764,809.6039966159557,0.0,,0.2810269946184177,0.1577344441360941,2.3929383628139353,98.66024485647816,,,7.356007874999705,0.0244329580000339,4800,9.1742361659999,4585
local__machine04_CU__h8__c32__persistence__seed0,pilot,False,development_benchmark,local,machine04_CU,persistence,8,32,0,8.054799748124388,23.542061472158405,554.2286583588852,68.19814107501838,497.9578885904319,0.0,,-0.6127297434157519,0.236238700592611,0.4111111108903542,99.60370370411074,,,4.3000000005122274e-05,3.345799996168353e-05,0,1.638272582999889,4585
local__machine04_CU__h8__c32__persistence__seed1,pilot,False,development_benchmark,local,machine04_CU,persistence,8,32,1,8.054799748124388,23.542061472158405,554.2286583588852,68.19814107501838,497.9578885904319,0.0,,-0.6127297434157519,0.236238700592611,0.4111111108903542,99.60370370411074,,,4.062500011059456e-05,3.18749998768908e-05,0,1.6396865830001843,4585
local__machine04_CU__h8__c32__ewma__seed0,pilot,False,development_benchmark,local,machine04_CU,ewma,8,32,0,8.077213075903213,20.80410682454723,432.81086076717264,73.62971463252246,617.2428002433472,0.0,,-0.25942052599634,0.2087640102814799,0.2812552560146576,99.30070994356429,,,5.829997462569736e-07,0.0002262080006403,1,1.6244304579995514,4585
local__machine04_CU__h8__c32__ewma__seed1,pilot,False,development_benchmark,local,machine04_CU,ewma,8,32,1,8.077213075903213,20.80410682454723,432.81086076717264,73.62971463252246,617.2428002433472,0.0,,-0.25942052599634,0.2087640102814799,0.2812552560146576,99.30070994356429,,,6.249993020901456e-07,0.0002297080000062,1,1.6374525419996644,4585
local__machine06_CU__h1__c32__lightgbm__seed0,pilot,False,development_benchmark,local,machine06_CU,lightgbm,1,32,0,0.0614721914531758,0.1530585191112116,0.0234269102725171,7.88244517675021,7.797963119713304,0.0,,0.2886590183356755,0.0612687919316766,0.0270657812783924,2.348961031753805,,,0.2949469169998338,0.0049681670006975,-100,2.2251102499994886,4657
local__machine06_CU__h1__c32__lightgbm__seed1,pilot,False,development_benchmark,local,machine06_CU,lightgbm,1,32,1,0.0614721914531758,0.1530585191112116,0.0234269102725171,7.88244517675021,7.797963119713304,0.0,,0.2886590183356755,0.0612687919316766,0.0270657812783924,2.348961031753805,,,0.2966706659999545,0.0044320830002106,-100,1.960136124999735,4657
local__machine06_CU__h1__c32__xgboost__seed0,pilot,False,development_benchmark,local,machine06_CU,xgboost,1,32,0,0.0623025361597315,0.1586117561242264,0.025157689180811,7.912264854802207,7.959420861280021,0.0,,0.236105183734873,0.0634917333600493,0.0270030859650831,2.3498455661314495,,,0.4016523330001291,0.0029709589998674,600,2.038510833000146,4657
local__machine06_CU__h1__c32__xgboost__seed1,pilot,False,development_benchmark,local,machine06_CU,xgboost,1,32,1,0.0623025361597315,0.1586117561242264,0.025157689180811,7.912264854802207,7.959420861280021,0.0,,0.236105183734873,0.0634917333600493,0.0270030859650831,2.3498455661314495,,,0.4045140840007661,0.0028979999997318,600,2.0266455420005514,4657
local__machine06_CU__h1__c32__lstm__seed0,pilot,False,development_benchmark,local,machine06_CU,lstm,1,32,0,0.0699269732952198,0.1606057498860759,0.0257942068964687,9.0466855206367,9.204915974997832,0.0,,0.216777789237022,0.0642899221156785,0.0353216414029402,2.335891820766306,,,16.05403541600026,0.1307100419999187,17217,18.02211454100052,4657
local__machine06_CU__h1__c32__lstm__seed1,pilot,False,development_benchmark,local,machine06_CU,lstm,1,32,1,0.0703287566989116,0.1602697757210093,0.0256864010096626,9.12419250006374,9.20821929986397,0.0,,0.2200512360747746,0.0641554328279641,0.0351650711424929,2.3362790125387676,,,11.34780604200023,0.1118616670000847,17217,13.187559458000578,4657
local__machine06_CU__h1__c32__ewma__seed0,pilot,False,development_benchmark,local,machine06_CU,ewma,1,32,0,0.072268441501342,0.160500279384229,0.0257603396824155,9.342715720639466,9.598470891218726,0.0,,0.2178061424005678,0.0642477026412571,0.0349697307623741,2.3484017706787292,,,5.830006557516754e-07,0.0002227080003649,1,1.5564402499994685,4657
local__machine06_CU__h1__c32__ewma__seed1,pilot,False,development_benchmark,local,machine06_CU,ewma,1,32,1,0.072268441501342,0.160500279384229,0.0257603396824155,9.342715720639466,9.598470891218726,0.0,,0.2178061424005678,0.0642477026412571,0.0349697307623741,2.3484017706787292,,,7.500002539018169e-07,0.0002215000004071,1,1.683840708000389,4657
local__machine06_CU__h1__c32__ridge__seed0,pilot,False,development_benchmark,local,machine06_CU,ridge,1,32,0,0.0728808201650958,0.1660101949324263,0.0275593848215021,9.41874416434402,9.697130394175222,0.0,,0.1631794536733911,0.066453302638199,0.0360782998284006,2.3425724240018484,,,0.0016329999998561,9.033400056068784e-05,33,1.6124175420000029,4657
local__machine06_CU__h1__c32__ridge__seed1,pilot,False,development_benchmark,local,machine06_CU,ridge,1,32,1,0.0728808201650958,0.1660101949324263,0.0275593848215021,9.41874416434402,9.697130394175222,0.0,,0.1631794536733911,0.066453302638199,0.0360782998284006,2.3425724240018484,,,0.0019169580000379,9.579200013831723e-05,33,1.8069573749999108,4657
local__machine06_CU__h1__c32__dlinear__seed0,pilot,False,development_benchmark,local,machine06_CU,dlinear,1,32,0,0.0743616942540665,0.1630374302646617,0.0265812036673044,9.68530672648082,9.95047190281209,0.0,,0.1928812083810467,0.0652633152990508,0.0375647090582385,2.3525878566282756,,,0.1989258749999862,0.0009305000003223,66,1.8058441249995667,4657
local__machine06_CU__h1__c32__dlinear__seed1,pilot,False,development_benchmark,local,machine06_CU,dlinear,1,32,1,0.0753254022498567,0.1633121339015839,0.0266708530794888,9.763671365099164,10.213232456447113,0.0,,0.19015906960444,0.0653732782078206,0.0378550382986382,2.3279222625273235,,,0.2075600409998514,0.0009533749998809,66,1.8738230420003672,4657
local__machine06_CU__h1__c32__persistence__seed0,pilot,False,development_benchmark,local,machine06_CU,persistence,1,32,0,0.0845101226192806,0.1930052691446586,0.0372510339176021,10.844612991918048,11.391484216103146,0.0,,-0.1311003767340155,0.077259336792284,0.0444444445720694,2.3611111111973453,,,1.8124999769497663e-05,4.579997039400041e-07,0,1.666120874999251,4657
local__machine06_CU__h1__c32__persistence__seed1,pilot,False,development_benchmark,local,machine06_CU,persistence,1,32,1,0.0845101226192806,0.1930052691446586,0.0372510339176021,10.844612991918048,11.391484216103146,0.0,,-0.1311003767340155,0.077259336792284,0.0444444445720694,2.3611111111973453,,,1.7833000129030552e-05,4.160001481068321e-07,0,1.625965707999967,4657
local__machine06_CU__h8__c32__lightgbm__seed0,pilot,False,development_benchmark,local,machine06_CU,lightgbm,8,32,0,0.0712762549996551,0.16450736942404,0.0270626745948175,9.282929878023962,9.109247405915443,0.0,,0.1719989196672761,0.0658517268231603,0.0313852574989186,2.3497923907086813,,,2.3952317909997873,0.0421605000001363,-800,4.086187249999966,4587
local__machine06_CU__h8__c32__lightgbm__seed1,pilot,False,development_benchmark,local,machine06_CU,lightgbm,8,32,1,0.0712762549996551,0.16450736942404,0.0270626745948175,9.282929878023962,9.109247405915443,0.0,,0.1719989196672761,0.0658517268231603,0.0313852574989186,2.3497923907086813,,,2.4274479590003466,0.0397910420006155,-800,4.13746162499956,4587
local__machine06_CU__h8__c32__xgboost__seed0,pilot,False,development_benchmark,local,machine06_CU,xgboost,8,32,0,0.0726063615303043,0.1685251343195577,0.0284007208974249,9.401962012381732,9.303907545140644,0.0,,0.1310604758260201,0.0674600241126108,0.031619533629122,2.350289859153605,,,3.2257070420000673,0.0234148330000607,4800,4.95897425000021,4587
local__machine06_CU__h8__c32__xgboost__seed1,pilot,False,development_benchmark,local,machine06_CU,xgboost,8,32,1,0.0726063615303043,0.1685251343195577,0.0284007208974249,9.401962012381732,9.303907545140644,0.0,,0.1310604758260201,0.0674600241126108,0.031619533629122,2.350289859153605,,,3.1890070830004333,0.0234278339994489,4800,4.862874875000671,4587
local__machine06_CU__h8__c32__lstm__seed0,pilot,False,development_benchmark,local,machine06_CU,lstm,8,32,0,0.0761431671954751,0.1705078672783011,0.0290729328037947,10.00110962089254,9.664535800900271,0.0,,0.1104936917582958,0.0682537052079902,0.0360310224867944,2.367370767104957,,,6.189773416999742,0.1076967500002865,17672,8.045288333999451,4587
local__machine06_CU__h8__c32__ewma__seed0,pilot,False,development_benchmark,local,machine06_CU,ewma,8,32,0,0.0838620075108256,0.1787676310952574,0.03195786592741,10.805480777717284,11.219320852778086,0.0,,0.0222271852579168,0.0715600598862174,0.0367892073665896,2.401715215461244,,,5.420006345957518e-07,0.0002437910006847,1,1.6447781670003678,4587
local__machine06_CU__h8__c32__ewma__seed1,pilot,False,development_benchmark,local,machine06_CU,ewma,8,32,1,0.0838620075108256,0.1787676310952574,0.03195786592741,10.805480777717284,11.219320852778086,0.0,,0.0222271852579168,0.0715600598862174,0.0367892073665896,2.401715215461244,,,5.4199972510105e-07,0.0002448750001349,1,1.6328940000003058,4587
local__machine06_CU__h8__c32__ridge__seed0,pilot,False,development_benchmark,local,machine06_CU,ridge,8,32,0,0.083983079985768,0.1786341009841388,0.0319101420344115,10.908343606773226,11.204964870362142,0.0,,0.0236873304783025,0.0715066082479666,0.0385633318514331,2.359427448253796,,,0.010041500000625,0.0006202089998623,264,1.6731232080001064,4587
local__machine06_CU__h8__c32__ridge__seed1,pilot,False,development_benchmark,local,machine06_CU,ridge,8,32,1,0.083983079985768,0.1786341009841388,0.0319101420344115,10.908343606773226,11.204964870362142,0.0,,0.0236873304783025,0.0715066082479666,0.0385633318514331,2.359427448253796,,,0.00962704199992,0.0006190829999468,264,1.6490356250005789,4587
local__machine06_CU__h8__c32__dlinear__seed0,pilot,False,development_benchmark,local,machine06_CU,dlinear,8,32,0,0.0846874397576257,0.1762775782361036,0.0310737845887856,11.072817103290404,11.359912368958543,0.0,,0.0492762598391555,0.0705633004022483,0.0395361356333722,2.3613005655783184,,,0.207862125000247,0.0009433750001335,528,1.8691323329994705,4587
local__machine06_CU__h8__c32__lstm__seed1,pilot,False,development_benchmark,local,machine06_CU,lstm,8,32,1,0.0847751953469393,0.1706244142823351,0.0291126907491899,11.26498225004817,11.431690111169434,0.0,,0.1092772701653873,0.0683003585676455,0.0470599941995548,2.369084579456184,,,5.9700868339996305,0.1070031670005846,17672,7.853968374999568,4587
local__machine06_CU__h8__c32__dlinear__seed1,pilot,False,development_benchmark,local,machine06_CU,dlinear,8,32,1,0.0849503091538422,0.1768498382243764,0.0312758652799881,11.136589071582875,11.341046021835895,0.0,,0.0430934625681832,0.0707923740817527,0.0404256049077955,2.3704335468786724,,,0.2045667909997064,0.0009214159999828,528,1.8228482079994135,4587
local__machine06_CU__h8__c32__persistence__seed0,pilot,False,development_benchmark,local,machine06_CU,persistence,8,32,0,0.0974001947393045,0.2176979828597459,0.0473924117412022,12.262084459089008,13.128581464380684,0.0,,-0.4500033240913743,0.0871437440609763,0.0444444444858368,2.472222222239467,,,4.0333000470127445e-05,3.308400027890457e-05,0,1.665216500000497,4587
local__machine06_CU__h8__c32__persistence__seed1,pilot,False,development_benchmark,local,machine06_CU,persistence,8,32,1,0.0974001947393045,0.2176979828597459,0.0473924117412022,12.262084459089008,13.128581464380684,0.0,,-0.4500033240913743,0.0871437440609763,0.0444444444858368,2.472222222239467,,,4.012499994132668e-05,3.0000000151630957e-05,0,1.5760697499999878,4587
local__rx_bond0_acamas__h1__c32__lstm__seed0,pilot,False,development_benchmark,local,rx_bond0_acamas,lstm,1,32,0,18.534292373052992,71.71755749441034,5143.408052964054,55.308286457730674,94.64448055115524,0.0,,0.0488371056528482,0.0716519561478927,4.768809034559461,971.2816583591036,,,16.497079499999927,0.148795500000233,17217,18.625491750000037,4854
local__rx_bond0_acamas__h1__c32__lstm__seed1,pilot,False,development_benchmark,local,rx_bond0_acamas,lstm,1,32,1,18.610555732157568,71.76205975279792,5149.793219964139,56.87123638638077,97.22654094488956,0.0,,0.0476563061008487,0.0716964176992599,4.2724432203504765,971.9296190219454,,,16.43536529100038,0.1160439590003079,17217,18.70243995799956,4854
local__rx_bond0_acamas__h1__c32__dlinear__seed0,pilot,False,development_benchmark,local,rx_bond0_acamas,dlinear,1,32,0,18.9718863525748,72.06425551031556,5193.256922256047,51.184780739883585,90.57895344875428,0.0,,0.0396186274945031,0.0719983370328543,4.221823571523031,953.7695161946614,,,0.2062151249992894,0.0014982499997131,66,1.894399292000344,4854
local__rx_bond0_acamas__h1__c32__dlinear__seed1,pilot,False,development_benchmark,local,rx_bond0_acamas,dlinear,1,32,1,19.717269379068696,72.01654405895674,5186.3826181956565,54.10480348871689,101.88090512797385,0.0,,0.0408898824444067,0.0719506692240227,3.86398235850864,951.0366899617512,,,0.2094376660006673,0.0009629999995013,66,1.956662791000781,4854
local__rx_bond0_acamas__h1__c32__lightgbm__seed0,pilot,False,development_benchmark,local,rx_bond0_acamas,lightgbm,1,32,0,19.851111171370544,71.01019548120398,5042.447862278801,49.522078503687815,105.35955081607251,0.0,,0.0675075253817836,0.0709452411715091,2.783630207085539,963.9669246725532,,,0.2851887910001096,0.0037777919997097,-100,2.096564083000885,4854
local__rx_bond0_acamas__h1__c32__lightgbm__seed1,pilot,False,development_benchmark,local,rx_bond0_acamas,lightgbm,1,32,1,19.851111171370544,71.01019548120398,5042.447862278801,49.522078503687815,105.35955081607251,0.0,,0.0675075253817836,0.0709452411715091,2.783630207085539,963.9669246725532,,,0.3450657920002413,0.0037064169991936,-100,1.980065249999825,4854
local__rx_bond0_acamas__h1__c32__xgboost__seed0,pilot,False,development_benchmark,local,rx_bond0_acamas,xgboost,1,32,0,19.92116494832078,72.58662107628004,5268.817559271461,48.34033751479582,103.35146459755606,0.0,,0.0256453099077569,0.0725202247815911,2.8740628602769633,971.2170398457844,,,0.4698407910000242,0.0030116249999991,600,2.144821625000077,4854
local__rx_bond0_acamas__h1__c32__xgboost__seed1,pilot,False,development_benchmark,local,rx_bond0_acamas,xgboost,1,32,1,19.92116494832078,72.58662107628004,5268.817559271461,48.34033751479582,103.35146459755606,0.0,,0.0256453099077569,0.0725202247815911,2.8740628602769633,971.2170398457844,,,0.4719765419995383,0.0029522499999075,600,2.1220534169997336,4854
local__rx_bond0_acamas__h1__c32__ridge__seed0,pilot,False,development_benchmark,local,rx_bond0_acamas,ridge,1,32,0,20.025741960742163,71.91739082542087,5172.11110313633,61.60104870047554,114.49003252920504,0.0,,0.0435290927560841,0.0718516066877423,5.028380938452678,951.9768289784608,,,0.0017717499995342,8.337500003108289e-05,33,1.8836462919998669,4854
local__rx_bond0_acamas__h1__c32__ridge__seed1,pilot,False,development_benchmark,local,rx_bond0_acamas,ridge,1,32,1,20.025741960742163,71.91739082542087,5172.11110313633,61.60104870047554,114.49003252920504,0.0,,0.0435290927560841,0.0718516066877423,5.028380938452678,951.9768289784608,,,0.0015012499998192,8.658299975650152e-05,33,1.693646541999442,4854
local__rx_bond0_acamas__h1__c32__ewma__seed0,pilot,False,development_benchmark,local,rx_bond0_acamas,ewma,1,32,0,21.699409479313623,76.78355744008506,5895.714693154842,53.52667689713182,113.79372188122504,0.0,,-0.0902858560005797,0.0767133221318221,3.9020894880855006,994.2077438082066,,,1.041999894368928e-06,0.0002325840005141,1,1.6919248750000406,4854
local__rx_bond0_acamas__h1__c32__ewma__seed1,pilot,False,development_benchmark,local,rx_bond0_acamas,ewma,1,32,1,21.699409479313623,76.78355744008506,5895.714693154842,53.52667689713182,113.79372188122504,0.0,,-0.0902858560005797,0.0767133221318221,3.9020894880855006,994.2077438082066,,,6.669997674180195e-07,0.0002209169997513,1,1.724941834000674,4854
local__rx_bond0_acamas__h1__c32__persistence__seed0,pilot,False,development_benchmark,local,rx_bond0_acamas,persistence,1,32,0,25.854918050620785,102.08141143626209,10420.614560819418,57.8316016799686,125.28960954285851,0.0,,-0.9270689403756592,0.1019880357235551,5.363333333333333,999.7844444444444,,,1.8708000425249335e-05,4.589992386172526e-07,0,1.7858384999999544,4854
local__rx_bond0_acamas__h1__c32__persistence__seed1,pilot,False,development_benchmark,local,rx_bond0_acamas,persistence,1,32,1,25.854918050620785,102.08141143626209,10420.614560819418,57.8316016799686,125.28960954285851,0.0,,-0.9270689403756592,0.1019880357235551,5.363333333333333,999.7844444444444,,,1.620800048840465e-05,4.169996827840805e-07,0,1.669138249999378,4854
local__rx_bond0_acamas__h8__c32__lstm__seed1,pilot,False,development_benchmark,local,rx_bond0_acamas,lstm,8,32,1,18.198440543288953,72.205082720618,5213.573970691286,56.906941812207045,93.00806099547052,0.0,,0.0398989750028875,0.0721390354259613,4.3516073184543185,975.7680379825168,,,25.53890912499992,0.2592358330002753,17672,27.909324500000366,4826
local__rx_bond0_acamas__h8__c32__lstm__seed0,pilot,False,development_benchmark,local,rx_bond0_acamas,lstm,8,32,0,18.29839983668629,72.20449178793753,5213.488634354338,57.271550443183536,94.34666727465422,0.0,,0.0399146900392588,0.0721384450338176,4.577441440158422,975.5341684299044,,,18.7987415409998,0.1193018750000192,17672,21.235644125000363,4826
local__rx_bond0_acamas__h8__c32__dlinear__seed0,pilot,False,development_benchmark,local,rx_bond0_acamas,dlinear,8,32,0,19.450062308937245,72.16897503235073,5208.360957220062,53.23247266493909,98.92349976289762,0.0,,0.0408589728096094,0.0721029607660493,3.931584927241007,952.5169527180988,,,0.217941625000094,0.0009405000000697,528,2.1914881249995233,4826
local__rx_bond0_acamas__h8__c32__dlinear__seed1,pilot,False,development_benchmark,local,rx_bond0_acamas,dlinear,8,32,1,19.561741461430717,72.16202670410601,5207.358098044109,53.474286349791825,100.40080680192678,0.0,,0.0410436534390918,0.0720960187935661,3.9130170112186,951.2151935492622,,,0.2518290000007255,0.0010527499998715,528,2.497730500000216,4826
local__rx_bond0_acamas__h8__c32__xgboost__seed0,pilot,False,development_benchmark,local,rx_bond0_acamas,xgboost,8,32,0,19.621455092771946,71.56891453153416,5122.109527222041,51.16922595371839,104.82288217809683,0.0,,0.0567425273183003,0.0715034491514222,3.4203725306193036,969.542434878879,,,4.884974833999877,0.0304461249997984,4800,6.702697292000266,4826
local__rx_bond0_acamas__h8__c32__xgboost__seed1,pilot,False,development_benchmark,local,rx_bond0_acamas,xgboost,8,32,1,19.621455092771946,71.56891453153416,5122.109527222041,51.16922595371839,104.82288217809683,0.0,,0.0567425273183003,0.0715034491514222,3.4203725306193036,969.542434878879,,,5.437798124999972,0.0303457919999345,4800,7.673783624999487,4826
local__rx_bond0_acamas__h8__c32__lightgbm__seed0,pilot,False,development_benchmark,local,rx_bond0_acamas,lightgbm,8,32,0,19.819048598178252,71.3569373178389,5091.81250338199,51.9871206228572,107.27620557207598,0.0,,0.062321848491591,0.0712916658371169,3.412353931535016,972.825760764543,,,2.7514368750007634,0.0427376669995283,-800,4.653029666999828,4826
local__rx_bond0_acamas__h8__c32__lightgbm__seed1,pilot,False,development_benchmark,local,rx_bond0_acamas,lightgbm,8,32,1,19.819048598178252,71.3569373178389,5091.81250338199,51.9871206228572,107.27620557207598,0.0,,0.062321848491591,0.0712916658371169,3.412353931535016,972.825760764543,,,2.653348124999866,0.0334279999997306,-800,4.484074666999732,4826
local__rx_bond0_acamas__h8__c32__ridge__seed0,pilot,False,development_benchmark,local,rx_bond0_acamas,ridge,8,32,0,20.035128550627384,72.04208757857914,5190.062382679667,62.89450810905289,117.41506114569955,0.0,,0.0442287303446482,0.0719761893785259,5.339924132243965,953.2344201249064,,,0.0103494579998368,0.0006286660000114,264,1.6909350419991824,4826
local__rx_bond0_acamas__h8__c32__ridge__seed1,pilot,False,development_benchmark,local,rx_bond0_acamas,ridge,8,32,1,20.035128550627384,72.04208757857914,5190.062382679667,62.89450810905289,117.41506114569955,0.0,,0.0442287303446482,0.0719761893785259,5.339924132243965,953.2344201249064,,,0.0135497080000277,0.0006274159995882,264,1.778152124999906,4826
local__rx_bond0_acamas__h8__c32__ewma__seed0,pilot,False,development_benchmark,local,rx_bond0_acamas,ewma,8,32,0,22.446267087562216,78.2515794925428,6123.309693077745,54.035542627752065,120.30180078137876,0.0,,-0.1276325886518841,0.0781800013579661,3.657317813980305,994.6771837945086,,,6.66000232740771e-07,0.000233792000472,1,1.670737999999801,4826
local__rx_bond0_acamas__h8__c32__ewma__seed1,pilot,False,development_benchmark,local,rx_bond0_acamas,ewma,8,32,1,22.446267087562216,78.2515794925428,6123.309693077745,54.035542627752065,120.30180078137876,0.0,,-0.1276325886518841,0.0781800013579661,3.657317813980305,994.6771837945086,,,7.080006980686449e-07,0.0002339999991818,1,1.6254583749996527,4826
local__rx_bond0_acamas__h8__c32__persistence__seed0,pilot,False,development_benchmark,local,rx_bond0_acamas,persistence,8,32,0,25.663014167228688,100.86208652380216,10173.160497934954,54.12210966369425,129.4139953705212,0.0,,-0.8734292208061658,0.1007698261496385,4.6161111111111115,999.7844444444444,,,4.537499989964999e-05,3.18749998768908e-05,0,1.6970378340001844,4826
local__rx_bond0_acamas__h8__c32__persistence__seed1,pilot,False,development_benchmark,local,rx_bond0_acamas,persistence,8,32,1,25.663014167228688,100.86208652380216,10173.160497934954,54.12210966369425,129.4139953705212,0.0,,-0.8734292208061658,0.1007698261496385,4.6161111111111115,999.7844444444444,,,4.429199998412514e-05,5.129200053488603e-05,0,1.7472991670001647,4826
local__tx_bond0_acamas__h1__c32__lstm__seed1,pilot,False,development_benchmark,local,tx_bond0_acamas,lstm,1,32,1,48.67048404910668,163.11860915034154,26607.68065114189,69.66814747206278,164.26268389021965,0.0,,0.0238392733440045,0.0661004032638533,5.078795789082845,2431.028215009901,,,18.15673416700065,0.1337217500004044,17473,20.129725959000098,4756
local__tx_bond0_acamas__h1__c32__lstm__seed0,pilot,False,development_benchmark,local,tx_bond0_acamas,lstm,1,32,0,48.97761932005216,163.0805767377476,26595.27450911638,69.54609015470929,169.31640238528396,0.0,,0.0242944196896557,0.06608499142444,4.4856779776679145,2430.891324598524,,,14.644898583000211,0.0977076670005772,17473,16.54622500000005,4756
local__tx_bond0_acamas__h1__c32__lightgbm__seed1,pilot,False,development_benchmark,local,tx_bond0_acamas,lightgbm,1,32,1,58.41423779197818,155.46463547054947,24169.252881990826,72.02047831214219,369.98885384938393,0.0,,0.1132983079077898,0.0629987905818884,5.579024936686521,2423.819047128783,,,0.3304107920002934,0.0033003749995259,-100,2.1279455419999067,4756
local__tx_bond0_acamas__h1__c32__dlinear__seed1,pilot,False,development_benchmark,local,tx_bond0_acamas,dlinear,1,32,1,58.570219001016625,155.34724906874246,24132.767793225907,69.52661647200796,369.9037287613186,0.0,,0.1146368428679703,0.0629512221987496,4.232182697719998,2453.421723921034,,,0.2337386250001145,0.0009309999995821,66,2.0217400420006015,4756
local__tx_bond0_acamas__h1__c32__xgboost__seed0,pilot,False,development_benchmark,local,tx_bond0_acamas,xgboost,1,32,0,58.848170758290806,155.70829962380807,24245.074571737587,72.06414550251725,382.1511953253601,0.0,,0.1105166240500385,0.0630975303815669,6.3469077322218155,2420.2105499098034,,,0.9205779159992744,0.0031135839999478,600,2.5880354589999115,4756
local__tx_bond0_acamas__h1__c32__xgboost__seed1,pilot,False,development_benchmark,local,tx_bond0_acamas,xgboost,1,32,1,58.848170758290806,155.70829962380807,24245.074571737587,72.06414550251725,382.1511953253601,0.0,,0.1105166240500385,0.0630975303815669,6.3469077322218155,2420.2105499098034,,,0.9149887080002372,0.0031078749998414,600,2.7559039159996246,4756
local__tx_bond0_acamas__h1__c32__dlinear__seed0,pilot,False,development_benchmark,local,tx_bond0_acamas,dlinear,1,32,0,59.34819438853361,159.6306779098864,25481.953329969892,67.39079553886123,370.7683308199554,0.0,,0.1099348630683786,0.0634081604084537,4.001669919755724,2454.323007185194,,,0.1491541670002334,0.0009746659998199,66,1.8698288750001664,4788
local__tx_bond0_acamas__h1__c32__ewma__seed1,pilot,False,development_benchmark,local,tx_bond0_acamas,ewma,1,32,1,59.480431267876114,163.03882768369465,26581.659332473475,60.12829269626302,380.19890644117675,0.0,,0.0247939221039978,0.0660680734938424,2.196961087548908,2447.321432422707,,,6.250002115848474e-07,0.0002301250005984,1,1.65089424999951,4756
local__tx_bond0_acamas__h1__c32__ridge__seed1,pilot,False,development_benchmark,local,tx_bond0_acamas,ridge,1,32,1,59.67227090096842,154.34457423624423,23822.247596167505,93.89580148634556,404.01007763390766,0.0,,0.1260289527318898,0.0625449092028512,6.770542339328761,2445.635223679856,,,0.0044269159998293,0.0004615000007106,65,1.731146125000123,4756
local__tx_bond0_acamas__h1__c32__lightgbm__seed0,pilot,False,development_benchmark,local,tx_bond0_acamas,lightgbm,1,32,0,59.91932390455355,160.12060923578892,25638.60950204021,72.33627656975622,382.5905610510632,0.0,,0.1044629828149539,0.0636027698939781,6.21246468272697,2401.3746864014433,,,0.1614001250000001,0.0018911249999291,-50,1.861834708999595,4788
local__tx_bond0_acamas__h1__c32__ridge__seed0,pilot,False,development_benchmark,local,tx_bond0_acamas,ridge,1,32,0,60.82396886347495,159.3706380650333,25399.00027725584,95.3681538782421,411.2954448725165,0.0,,0.1128323497432322,0.0633048679310244,7.425217346890752,2450.003931034316,,,0.0016581669997322,9.32909997573006e-05,33,1.7638174170006096,4788
local__tx_bond0_acamas__h1__c32__ewma__seed0,pilot,False,development_benchmark,local,tx_bond0_acamas,ewma,1,32,0,60.856558070637895,168.05554894338314,28242.66753066185,60.64978806389595,392.3211506390731,0.0,,0.013505227896809,0.0667546698695866,2.3402711088585373,2460.3763652065677,,,4.580006134347059e-07,0.0002240829999209,1,1.7481969579994256,4788
local__tx_bond0_acamas__h1__c32__persistence__seed1,pilot,False,development_benchmark,local,tx_bond0_acamas,persistence,1,32,1,61.59380022155521,200.5072167841763,40203.14398253667,49.54564834825431,340.87394565095724,0.0,,-0.4749399152219751,0.0812513541881139,1.0744444444444448,2460.8588888888885,,,1.6834000234666746e-05,5.000001692678779e-07,0,1.6336405420006486,4756
local__tx_bond0_acamas__h1__c32__moving_average__seed0,pilot,False,development_benchmark,local,tx_bond0_acamas,moving_average,1,32,0,62.13554272745991,166.30659047460432,27657.88203528775,61.23969402413956,398.6680565036356,0.0,,0.0339313379079126,0.0660599522840443,2.4601388888888893,2451.238194444444,,,8.749993867240846e-07,0.0001501249998909,1,1.6520332499994763,4788
local__tx_bond0_acamas__h1__c32__persistence__seed0,pilot,False,development_benchmark,local,tx_bond0_acamas,persistence,1,32,0,63.05109404723497,207.69479355757812,43137.12727092499,49.80661755608814,354.9187751504867,0.0,,-0.5067468570423757,0.0825000868149791,1.0805555555555553,2515.914444444444,,,1.6832999790494796e-05,3.750001269509085e-07,0,1.7110422089999702,4788
local__tx_bond0_acamas__h1__c32__historical_mean__seed0,pilot,False,development_benchmark,local,tx_bond0_acamas,historical_mean,1,32,0,63.77263165955446,169.90336303872593,28867.1527718691,134.69541384112236,486.9382769519582,0.0,,-0.0083075638672029,0.0674886546781247,30.363341432894103,2486.1055474559944,,,1.5374999748019036e-05,1.2919999790028669e-06,1,1.6668133330003911,4788
local__tx_bond0_acamas__h1__c32__drift__seed0,pilot,False,development_benchmark,local,tx_bond0_acamas,drift,1,32,0,64.52708213021421,210.7886845325932,44431.86952698109,56.584000026171985,369.8950724899502,0.0,,-0.5519712136097492,0.0837290356473631,1.1651433691756274,2596.327634408602,,,4.579997039400041e-07,2.5292000827903394e-05,0,1.7281229580003128,4788
local__tx_bond0_acamas__h4__c32__dlinear__seed0,pilot,False,development_benchmark,local,tx_bond0_acamas,dlinear,4,32,0,59.33275575764842,162.0701444566388,26266.731724195768,67.47700463520762,353.126494761676,0.0,,0.0844506488733367,0.0643771601529443,3.926626779768202,2459.5526424238415,,,0.2079027500003576,0.0010551250006756,264,2.102157124999394,4770
local__tx_bond0_acamas__h4__c32__lightgbm__seed0,pilot,False,development_benchmark,local,tx_bond0_acamas,lightgbm,4,32,0,61.77864744532451,162.60140803312729,26439.21789435555,79.06515573288533,401.55367412474936,0.0,,0.0784384962071319,0.064588187547667,9.47499069868503,2460.6239317443096,,,0.6293854169998667,0.007169624999733,-200,2.297096165999392,4770
local__tx_bond0_acamas__h4__c32__ridge__seed0,pilot,False,development_benchmark,local,tx_bond0_acamas,ridge,4,32,0,62.25187702909911,161.80496284366538,26180.846000839934,100.9401663116917,421.1303764946551,0.0,,0.0874442690585629,0.0642718252732523,8.454042845064844,2453.9355881490897,,,0.0057127500003844,0.0003177090002282,132,1.7664132919999247,4770
local__tx_bond0_acamas__h4__c32__historical_mean__seed0,pilot,False,development_benchmark,local,tx_bond0_acamas,historical_mean,4,32,0,63.64057866237363,170.10024035795965,28934.09176983565,134.52962066829818,483.8932814922897,0.0,,-0.008522461928919,0.0675668578706577,30.148353354097907,2486.322757757013,,,2.6124999749299604e-05,2.9169996196287684e-06,1,1.7403658330003964,4770
local__tx_bond0_acamas__h4__c32__ewma__seed0,pilot,False,development_benchmark,local,tx_bond0_acamas,ewma,4,32,0,63.96982526568347,173.42655289103,30076.769247665234,62.61353345354307,405.1468002617598,0.0,,-0.0483514606166481,0.0688881287029763,2.487764007557161,2460.3763652065677,,,8.749993867240846e-07,0.00024541699986,1,1.7192203330005214,4770
local__tx_bond0_acamas__h4__c32__moving_average__seed0,pilot,False,development_benchmark,local,tx_bond0_acamas,moving_average,4,32,0,64.06793960618313,169.41578012138373,28701.706554137043,62.725797016249274,409.8367869318178,0.0,,-0.0004224769106724,0.067294978022484,2.6652083333333336,2460.219583333333,,,9.57999873207882e-07,0.0001464580000174,1,1.7000068750003263,4770
local__tx_bond0_acamas__h4__c32__persistence__seed0,pilot,False,development_benchmark,local,tx_bond0_acamas,persistence,4,32,0,70.36971115639061,221.502916995082,49063.542237330184,53.612475120994205,410.9172612276413,0.0,,-0.7101516370986061,0.087984920415443,1.0811111111111114,2516.3599999999997,,,2.716700055316323e-05,2.658299945323961e-05,0,1.6562309589999131,4770
local__tx_bond0_acamas__h4__c32__drift__seed0,pilot,False,development_benchmark,local,tx_bond0_acamas,drift,4,32,0,74.70515114114006,230.3597823585402,53065.629328274015,63.49369437450492,455.95735887779216,0.0,,-0.8496477981642327,0.0915030257510556,1.2675448028673832,2840.546093189964,,,4.579997039400041e-07,6.020799992256798e-05,0,1.6872483750003084,4770
local__tx_bond0_acamas__h8__c32__lstm__seed1,pilot,False,development_benchmark,local,tx_bond0_acamas,lstm,8,32,1,50.24754154398653,164.39990178575115,27027.32770716463,76.77491629228793,191.9597342543567,0.0,,0.0124800742771628,0.0666196202945817,11.719385282728409,2449.0253234693737,,,15.465697916999488,0.1080783329998666,17928,17.76240070899985,4715
local__tx_bond0_acamas__h8__c32__lstm__seed0,pilot,False,development_benchmark,local,tx_bond0_acamas,lstm,8,32,0,50.43738798464101,164.37863878740234,27020.336889599293,78.02428003599995,195.64125037029248,0.0,,0.0127355035862555,0.0666110039094079,11.307870093451603,2440.162404615614,,,19.884909166999932,0.1158470000000306,17928,21.962483207999867,4715
local__tx_bond0_acamas__h8__c32__dlinear__seed1,pilot,False,development_benchmark,local,tx_bond0_acamas,dlinear,8,32,1,57.68999177247422,158.85446788345672,25234.74196653618,67.28366833265899,329.43186124245807,0.0,,0.0779772686952392,0.0643724492383544,3.7358676709069143,2460.106102544996,,,0.2100965830004497,0.0009410419997948,528,1.9641047909999545,4715
local__tx_bond0_acamas__h8__c32__dlinear__seed0,pilot,False,development_benchmark,local,tx_bond0_acamas,dlinear,8,32,0,58.709940494586526,158.930765374893,25258.988182649293,68.8682862034647,346.77423751437095,0.0,,0.0770913645542711,0.06440336720031,4.044121146731907,2459.7553840467663,,,0.2182760000005146,0.0010025410001617,528,2.2444528750002064,4715
local__tx_bond0_acamas__h8__c32__lightgbm__seed0,pilot,False,development_benchmark,local,tx_bond0_acamas,lightgbm,8,32,0,60.67944284354407,158.99021197558105,25277.88750404019,80.65534261282345,395.0953392028727,0.0,,0.0764008243477673,0.0644274566913779,9.685914696585057,2459.2401488237088,,,3.978459791999739,0.039585542000168,-800,6.409772791999785,4715
local__tx_bond0_acamas__h8__c32__lightgbm__seed1,pilot,False,development_benchmark,local,tx_bond0_acamas,lightgbm,8,32,1,60.67944284354407,158.99021197558105,25277.88750404019,80.65534261282345,395.0953392028727,0.0,,0.0764008243477673,0.0644274566913779,9.685914696585057,2459.2401488237088,,,3.5526737919999505,0.0470151250001436,-800,5.669168375000481,4715
local__tx_bond0_acamas__h8__c32__xgboost__seed0,pilot,False,development_benchmark,local,tx_bond0_acamas,xgboost,8,32,0,61.71029694041813,161.1301436159102,25962.923181683847,81.82905695081769,404.0748889105812,0.0,,0.0513711066918544,0.0652946192126845,10.82373112148709,2457.1205535719128,,,8.612292791000073,0.0290728339996348,4800,10.66091245899952,4715
local__tx_bond0_acamas__h8__c32__xgboost__seed1,pilot,False,development_benchmark,local,tx_bond0_acamas,xgboost,8,32,1,61.71029694041813,161.1301436159102,25962.923181683847,81.82905695081769,404.0748889105812,0.0,,0.0513711066918544,0.0652946192126845,10.82373112148709,2457.1205535719128,,,9.790852832999915,0.0275747920004505,4800,12.083005875000708,4715
local__tx_bond0_acamas__h8__c32__ridge__seed0,pilot,False,development_benchmark,local,tx_bond0_acamas,ridge,8,32,0,62.213498706941024,158.846758041131,25232.29254017762,103.47174483164598,423.3565764978722,0.0,,0.0780667654209931,0.0643693249860726,8.637077589423887,2453.687661252094,,,0.0172760000004927,0.0008748330001253,520,1.7956316249992597,4715
local__tx_bond0_acamas__h8__c32__ridge__seed1,pilot,False,development_benchmark,local,tx_bond0_acamas,ridge,8,32,1,62.213498706941024,158.846758041131,25232.29254017762,103.47174483164598,423.3565764978722,0.0,,0.0780667654209931,0.0643693249860726,8.637077589423887,2453.687661252094,,,0.0268682500000068,0.0009984589996747,520,2.7008477089993903,4715
local__tx_bond0_acamas__h8__c32__ewma__seed0,pilot,False,development_benchmark,local,tx_bond0_acamas,ewma,8,32,0,63.71899810881781,169.5451644089351,28745.562774452836,63.06382135026887,408.2800768846656,0.0,,-0.0503005078213412,0.0687046303131347,2.4564067060692656,2465.557370651377,,,7.910002750577405e-07,0.0002512920000299,1,2.0231340829996043,4715
local__tx_bond0_acamas__h8__c32__ewma__seed1,pilot,False,development_benchmark,local,tx_bond0_acamas,ewma,8,32,1,63.71899810881781,169.5451644089351,28745.562774452836,63.06382135026887,408.2800768846656,0.0,,-0.0503005078213412,0.0687046303131347,2.4564067060692656,2465.557370651377,,,6.250002115848474e-07,0.000233875000049,1,1.7746051669992084,4715
local__tx_bond0_acamas__h8__c32__persistence__seed0,pilot,False,development_benchmark,local,tx_bond0_acamas,persistence,8,32,0,69.30148721956833,214.65225950536865,46075.59251076012,54.218543815539945,402.6269723624808,0.0,,-0.6835022014329548,0.086983336779956,1.072222222222222,2467.182222222222,,,3.879199994116789e-05,3.270900015195366e-05,0,2.133480833000249,4715
local__tx_bond0_acamas__h8__c32__persistence__seed1,pilot,False,development_benchmark,local,tx_bond0_acamas,persistence,8,32,1,69.30148721956833,214.65225950536865,46075.59251076012,54.218543815539945,402.6269723624808,0.0,,-0.6835022014329548,0.086983336779956,1.072222222222222,2467.182222222222,,,4.091699975106167e-05,3.374999960215064e-05,0,2.077177166000183,4715
