hierarchy,fold,horizon,seed,reconciliation_method,base_model,source,top_mae_native,top_mae_report,top_rmse_report,top_r2,mase,mase_valid,coherence_error_before,coherence_error_after,is_coherent_after,bottom_mae_mean_native,bottom_mae_weighted_native,worst_machine_mae_native,neg_pred_rate,prediction_hash,model_config_hash,cpu_core_total,report_unit,rel_mae_vs_independent,pct_vs_independent,persistence_mae_native,ewma_mae_native,ridge_mae_native,strongest_det_mae_native,strongest_det_name,rel_mae_vs_persistence,rel_mae_vs_ewma,rel_mae_vs_ridge,rel_mae_vs_strongest_det
cpu_core_weighted,0,1,0,independent,lightgbm,experiment-freeze-v2:cpu_classical,261.83698941467105,1.1094787687062333,2.776661579957436,0.6387864277289619,1.0028381724007482,True,172.09132864608608,172.09132864608608,False,46.61391014236892,50.643938498151456,111.90665608296979,0.0,7e987c6733b4f691,9c347608ec61ce96,236.0,weighted_mean_pct,1.0,0.0,335.22221582881184,335.52793643057095,315.4751253809486,315.4751253809486,ridge,0.7810848358224072,0.780373140311825,0.8299766553654352,0.8299766553654352
cpu_core_weighted,0,1,0,bottom_up,lightgbm,experiment-freeze-v2:cpu_classical,237.4052437168076,1.0059544225288457,2.5086061254896443,0.7051622320192865,0.9092643528308827,True,172.09132864608608,0.0,True,46.61391014236892,50.643938498151456,111.90665608296979,0.0,7e987c6733b4f691,9c347608ec61ce96,236.0,weighted_mean_pct,0.9066910074375668,-9.330899256243319,335.22221582881184,335.52793643057095,315.4751253809486,315.4751253809486,ridge,0.7082025966860248,0.7075573087665463,0.7525323698029486,0.7525323698029486
cpu_core_weighted,0,1,0,wls,lightgbm,experiment-freeze-v2:cpu_classical,235.9759663566457,0.9998981625281598,2.5049671390277455,0.7060169955093667,0.9037902068787669,True,172.09132864608608,0.0,True,48.36474936530754,52.62498662115447,119.5668036282799,0.0,7e987c6733b4f691,9c347608ec61ce96,236.0,weighted_mean_pct,0.9012323540847421,-9.876764591525788,335.22221582881184,335.52793643057095,315.4751253809486,315.4751253809486,ridge,0.7039389253281224,0.7032975223077289,0.7480018149503719,0.7480018149503719
cpu_core_weighted,0,1,0,mint,lightgbm,experiment-freeze-v2:cpu_classical,235.46737748408017,0.9977431249325431,2.499442309079211,0.7073123537985095,0.9018423066351567,True,172.09132864608608,0.0,True,48.25110440351016,52.453396521708996,118.58520076844309,0.0,7e987c6733b4f691,9c347608ec61ce96,236.0,weighted_mean_pct,0.89928996667148,-10.071003332852001,335.22221582881184,335.52793643057095,315.4751253809486,315.4751253809486,ridge,0.702421755974331,0.7017817353423392,0.7463896787416886,0.7463896787416886
cpu_core_weighted,0,1,1,independent,lightgbm,robustness_extension,261.83698941467105,1.1094787687062333,2.776661579957436,0.6387864277289619,1.0028381724007482,True,172.09132864608608,172.09132864608608,False,46.61391014236892,50.643938498151456,111.90665608296979,0.0,7e987c6733b4f691,9c347608ec61ce96,236.0,weighted_mean_pct,1.0,0.0,335.22221582881184,335.52793643057095,315.4751253809486,315.4751253809486,ridge,0.7810848358224072,0.780373140311825,0.8299766553654352,0.8299766553654352
cpu_core_weighted,0,1,1,bottom_up,lightgbm,robustness_extension,237.4052437168076,1.0059544225288457,2.5086061254896443,0.7051622320192865,0.9092643528308827,True,172.09132864608608,0.0,True,46.61391014236892,50.643938498151456,111.90665608296979,0.0,7e987c6733b4f691,9c347608ec61ce96,236.0,weighted_mean_pct,0.9066910074375668,-9.330899256243319,335.22221582881184,335.52793643057095,315.4751253809486,315.4751253809486,ridge,0.7082025966860248,0.7075573087665463,0.7525323698029486,0.7525323698029486
cpu_core_weighted,0,1,1,wls,lightgbm,robustness_extension,235.9759663566457,0.9998981625281598,2.5049671390277455,0.7060169955093667,0.9037902068787669,True,172.09132864608608,0.0,True,48.36474936530754,52.62498662115447,119.5668036282799,0.0,7e987c6733b4f691,9c347608ec61ce96,236.0,weighted_mean_pct,0.9012323540847421,-9.876764591525788,335.22221582881184,335.52793643057095,315.4751253809486,315.4751253809486,ridge,0.7039389253281224,0.7032975223077289,0.7480018149503719,0.7480018149503719
cpu_core_weighted,0,1,1,mint,lightgbm,robustness_extension,235.46737748408017,0.9977431249325431,2.499442309079211,0.7073123537985095,0.9018423066351567,True,172.09132864608608,0.0,True,48.25110440351016,52.453396521708996,118.58520076844309,0.0,7e987c6733b4f691,9c347608ec61ce96,236.0,weighted_mean_pct,0.89928996667148,-10.071003332852001,335.22221582881184,335.52793643057095,315.4751253809486,315.4751253809486,ridge,0.702421755974331,0.7017817353423392,0.7463896787416886,0.7463896787416886
cpu_core_weighted,0,1,2,independent,lightgbm,robustness_extension,261.83698941467105,1.1094787687062333,2.776661579957436,0.6387864277289619,1.0028381724007482,True,172.09132864608608,172.09132864608608,False,46.61391014236892,50.643938498151456,111.90665608296979,0.0,7e987c6733b4f691,9c347608ec61ce96,236.0,weighted_mean_pct,1.0,0.0,335.22221582881184,335.52793643057095,315.4751253809486,315.4751253809486,ridge,0.7810848358224072,0.780373140311825,0.8299766553654352,0.8299766553654352
cpu_core_weighted,0,1,2,bottom_up,lightgbm,robustness_extension,237.4052437168076,1.0059544225288457,2.5086061254896443,0.7051622320192865,0.9092643528308827,True,172.09132864608608,0.0,True,46.61391014236892,50.643938498151456,111.90665608296979,0.0,7e987c6733b4f691,9c347608ec61ce96,236.0,weighted_mean_pct,0.9066910074375668,-9.330899256243319,335.22221582881184,335.52793643057095,315.4751253809486,315.4751253809486,ridge,0.7082025966860248,0.7075573087665463,0.7525323698029486,0.7525323698029486
cpu_core_weighted,0,1,2,wls,lightgbm,robustness_extension,235.9759663566457,0.9998981625281598,2.5049671390277455,0.7060169955093667,0.9037902068787669,True,172.09132864608608,0.0,True,48.36474936530754,52.62498662115447,119.5668036282799,0.0,7e987c6733b4f691,9c347608ec61ce96,236.0,weighted_mean_pct,0.9012323540847421,-9.876764591525788,335.22221582881184,335.52793643057095,315.4751253809486,315.4751253809486,ridge,0.7039389253281224,0.7032975223077289,0.7480018149503719,0.7480018149503719
cpu_core_weighted,0,1,2,mint,lightgbm,robustness_extension,235.46737748408017,0.9977431249325431,2.499442309079211,0.7073123537985095,0.9018423066351567,True,172.09132864608608,0.0,True,48.25110440351016,52.453396521708996,118.58520076844309,0.0,7e987c6733b4f691,9c347608ec61ce96,236.0,weighted_mean_pct,0.89928996667148,-10.071003332852001,335.22221582881184,335.52793643057095,315.4751253809486,315.4751253809486,ridge,0.702421755974331,0.7017817353423392,0.7463896787416886,0.7463896787416886
cpu_core_weighted,0,8,0,independent,lightgbm,experiment-freeze-v2:cpu_classical,257.1867695524892,1.08977444725631,2.711788710130992,0.6342276406112819,0.9843461809568078,True,171.44483583057644,171.44483583057644,False,46.43133409300681,50.45526641263839,110.53426005754847,0.0,8e9293812fb2c3e3,9c347608ec61ce96,236.0,weighted_mean_pct,1.0,0.0,328.197531965878,328.45678663782206,308.1622967950762,308.1622967950762,ridge,0.7836340755275037,0.7830155442520362,0.8345822062830578,0.8345822062830578
cpu_core_weighted,0,8,0,bottom_up,lightgbm,experiment-freeze-v2:cpu_classical,235.18592707315997,0.9965505384455932,2.4442549881671347,0.702838728898836,0.9001410513148643,True,171.44483583057644,0.0,True,46.43133409300681,50.45526641263839,110.53426005754847,0.0,8e9293812fb2c3e3,9c347608ec61ce96,236.0,weighted_mean_pct,0.9144557765642021,-8.554422343579793,328.197531965878,328.45678663782206,308.1622967950762,308.1622967950762,ridge,0.716598707078674,0.7160330875808371,0.7631885195532387,0.7631885195532387
cpu_core_weighted,0,8,0,wls,lightgbm,experiment-freeze-v2:cpu_classical,232.7808041374207,0.9863593395653419,2.448089373209233,0.7019056638379595,0.8909357816167144,True,171.44483583057644,0.0,True,48.13533315680387,52.39922025578085,118.48714401827553,0.0,8e9293812fb2c3e3,9c347608ec61ce96,236.0,weighted_mean_pct,0.9051041176902862,-9.48958823097138,328.197531965878,328.45678663782206,308.1622967950762,308.1622967950762,ridge,0.7092704285223644,0.7087105933180186,0.7553837914578395,0.7553837914578395
cpu_core_weighted,0,8,0,mint,lightgbm,experiment-freeze-v2:cpu_classical,231.3121134957916,0.9801360741347102,2.428490504828174,0.7066595144025968,0.8853145747925448,True,171.44483583057644,0.0,True,47.52517354815662,51.68908564892769,116.52034133100786,0.0,8e9293812fb2c3e3,9c347608ec61ce96,236.0,weighted_mean_pct,0.8993935181746711,-10.060648182532894,328.197531965878,328.45678663782206,308.1622967950762,308.1622967950762,ridge,0.7047954081502376,0.7042391051302936,0.7506178267148984,0.7506178267148984
cpu_core_weighted,0,8,1,independent,lightgbm,robustness_extension,257.1867695524892,1.08977444725631,2.711788710130992,0.6342276406112819,0.9843461809568078,True,171.44483583057644,171.44483583057644,False,46.43133409300681,50.45526641263839,110.53426005754847,0.0,8e9293812fb2c3e3,9c347608ec61ce96,236.0,weighted_mean_pct,1.0,0.0,328.197531965878,328.45678663782206,308.1622967950762,308.1622967950762,ridge,0.7836340755275037,0.7830155442520362,0.8345822062830578,0.8345822062830578
cpu_core_weighted,0,8,1,bottom_up,lightgbm,robustness_extension,235.18592707315997,0.9965505384455932,2.4442549881671347,0.702838728898836,0.9001410513148643,True,171.44483583057644,0.0,True,46.43133409300681,50.45526641263839,110.53426005754847,0.0,8e9293812fb2c3e3,9c347608ec61ce96,236.0,weighted_mean_pct,0.9144557765642021,-8.554422343579793,328.197531965878,328.45678663782206,308.1622967950762,308.1622967950762,ridge,0.716598707078674,0.7160330875808371,0.7631885195532387,0.7631885195532387
cpu_core_weighted,0,8,1,wls,lightgbm,robustness_extension,232.7808041374207,0.9863593395653419,2.448089373209233,0.7019056638379595,0.8909357816167144,True,171.44483583057644,0.0,True,48.13533315680387,52.39922025578085,118.48714401827553,0.0,8e9293812fb2c3e3,9c347608ec61ce96,236.0,weighted_mean_pct,0.9051041176902862,-9.48958823097138,328.197531965878,328.45678663782206,308.1622967950762,308.1622967950762,ridge,0.7092704285223644,0.7087105933180186,0.7553837914578395,0.7553837914578395
cpu_core_weighted,0,8,1,mint,lightgbm,robustness_extension,231.3121134957916,0.9801360741347102,2.428490504828174,0.7066595144025968,0.8853145747925448,True,171.44483583057644,0.0,True,47.52517354815662,51.68908564892769,116.52034133100786,0.0,8e9293812fb2c3e3,9c347608ec61ce96,236.0,weighted_mean_pct,0.8993935181746711,-10.060648182532894,328.197531965878,328.45678663782206,308.1622967950762,308.1622967950762,ridge,0.7047954081502376,0.7042391051302936,0.7506178267148984,0.7506178267148984
cpu_core_weighted,0,8,2,independent,lightgbm,robustness_extension,257.1867695524892,1.08977444725631,2.711788710130992,0.6342276406112819,0.9843461809568078,True,171.44483583057644,171.44483583057644,False,46.43133409300681,50.45526641263839,110.53426005754847,0.0,8e9293812fb2c3e3,9c347608ec61ce96,236.0,weighted_mean_pct,1.0,0.0,328.197531965878,328.45678663782206,308.1622967950762,308.1622967950762,ridge,0.7836340755275037,0.7830155442520362,0.8345822062830578,0.8345822062830578
cpu_core_weighted,0,8,2,bottom_up,lightgbm,robustness_extension,235.18592707315997,0.9965505384455932,2.4442549881671347,0.702838728898836,0.9001410513148643,True,171.44483583057644,0.0,True,46.43133409300681,50.45526641263839,110.53426005754847,0.0,8e9293812fb2c3e3,9c347608ec61ce96,236.0,weighted_mean_pct,0.9144557765642021,-8.554422343579793,328.197531965878,328.45678663782206,308.1622967950762,308.1622967950762,ridge,0.716598707078674,0.7160330875808371,0.7631885195532387,0.7631885195532387
cpu_core_weighted,0,8,2,wls,lightgbm,robustness_extension,232.7808041374207,0.9863593395653419,2.448089373209233,0.7019056638379595,0.8909357816167144,True,171.44483583057644,0.0,True,48.13533315680387,52.39922025578085,118.48714401827553,0.0,8e9293812fb2c3e3,9c347608ec61ce96,236.0,weighted_mean_pct,0.9051041176902862,-9.48958823097138,328.197531965878,328.45678663782206,308.1622967950762,308.1622967950762,ridge,0.7092704285223644,0.7087105933180186,0.7553837914578395,0.7553837914578395
cpu_core_weighted,0,8,2,mint,lightgbm,robustness_extension,231.3121134957916,0.9801360741347102,2.428490504828174,0.7066595144025968,0.8853145747925448,True,171.44483583057644,0.0,True,47.52517354815662,51.68908564892769,116.52034133100786,0.0,8e9293812fb2c3e3,9c347608ec61ce96,236.0,weighted_mean_pct,0.8993935181746711,-10.060648182532894,328.197531965878,328.45678663782206,308.1622967950762,308.1622967950762,ridge,0.7047954081502376,0.7042391051302936,0.7506178267148984,0.7506178267148984
cpu_core_weighted,0,16,0,independent,lightgbm,experiment-freeze-v2:cpu_classical,263.6458182680166,1.117143297745833,2.774985375943665,0.6285736646014868,1.0084751519359645,True,183.11774023810403,183.11774023810403,False,47.06120562341504,51.149635601654026,113.76937071030068,0.0,be53d0d6506d4454,9c347608ec61ce96,236.0,weighted_mean_pct,1.0,0.0,331.82240938623585,331.5725613145136,314.0604074649231,314.0604074649231,ridge,0.7945389184403674,0.7951376230373146,0.8394748653488351,0.8394748653488351
cpu_core_weighted,0,16,0,bottom_up,lightgbm,experiment-freeze-v2:cpu_classical,243.2463549015158,1.0307048936504906,2.527836488855849,0.691788206265971,0.9304448912889678,True,183.11774023810403,0.0,True,47.06120562341504,51.149635601654026,113.76937071030068,0.0,be53d0d6506d4454,9c347608ec61ce96,236.0,weighted_mean_pct,0.9226254999965022,-7.737450000349777,331.82240938623585,331.5725613145136,314.0604074649231,314.0604074649231,ridge,0.733061866892724,0.7336142470208327,0.7745209173769654,0.7745209173769654
cpu_core_weighted,0,16,0,wls,lightgbm,experiment-freeze-v2:cpu_classical,240.25256684947166,1.0180193510570834,2.503349649833839,0.6977305039910305,0.9189933124985921,True,183.11774023810403,0.0,True,49.19087278623136,53.5539691162383,125.06632390974114,0.0,be53d0d6506d4454,9c347608ec61ce96,236.0,weighted_mean_pct,0.9112701594426054,-8.872984055739463,331.82240938623585,331.5725613145136,314.0604074649231,314.0604074649231,ridge,0.7240396068905087,0.724585188524028,0.7649883943944926,0.7649883943944926
cpu_core_weighted,0,16,0,mint,lightgbm,experiment-freeze-v2:cpu_classical,239.06700345427706,1.0129957773486316,2.4860069520127843,0.7019041200824434,0.91445839807077,True,183.11774023810403,0.0,True,48.22835549140253,52.46999614562554,119.87375581581951,0.0,be53d0d6506d4454,9c347608ec61ce96,236.0,weighted_mean_pct,0.9067733561062847,-9.322664389371527,331.82240938623585,331.5725613145136,314.0604074649231,314.0604074649231,ridge,0.7204667216312295,0.7210096110079197,0.7612134410192346,0.7612134410192346
cpu_core_weighted,0,16,1,independent,lightgbm,robustness_extension,263.6458182680166,1.117143297745833,2.774985375943665,0.6285736646014868,1.0084751519359645,True,183.11774023810403,183.11774023810403,False,47.06120562341504,51.149635601654026,113.76937071030068,0.0,be53d0d6506d4454,9c347608ec61ce96,236.0,weighted_mean_pct,1.0,0.0,331.82240938623585,331.5725613145136,314.0604074649231,314.0604074649231,ridge,0.7945389184403674,0.7951376230373146,0.8394748653488351,0.8394748653488351
cpu_core_weighted,0,16,1,bottom_up,lightgbm,robustness_extension,243.2463549015158,1.0307048936504906,2.527836488855849,0.691788206265971,0.9304448912889678,True,183.11774023810403,0.0,True,47.06120562341504,51.149635601654026,113.76937071030068,0.0,be53d0d6506d4454,9c347608ec61ce96,236.0,weighted_mean_pct,0.9226254999965022,-7.737450000349777,331.82240938623585,331.5725613145136,314.0604074649231,314.0604074649231,ridge,0.733061866892724,0.7336142470208327,0.7745209173769654,0.7745209173769654
cpu_core_weighted,0,16,1,wls,lightgbm,robustness_extension,240.25256684947166,1.0180193510570834,2.503349649833839,0.6977305039910305,0.9189933124985921,True,183.11774023810403,0.0,True,49.19087278623136,53.5539691162383,125.06632390974114,0.0,be53d0d6506d4454,9c347608ec61ce96,236.0,weighted_mean_pct,0.9112701594426054,-8.872984055739463,331.82240938623585,331.5725613145136,314.0604074649231,314.0604074649231,ridge,0.7240396068905087,0.724585188524028,0.7649883943944926,0.7649883943944926
cpu_core_weighted,0,16,1,mint,lightgbm,robustness_extension,239.06700345427706,1.0129957773486316,2.4860069520127843,0.7019041200824434,0.91445839807077,True,183.11774023810403,0.0,True,48.22835549140253,52.46999614562554,119.87375581581951,0.0,be53d0d6506d4454,9c347608ec61ce96,236.0,weighted_mean_pct,0.9067733561062847,-9.322664389371527,331.82240938623585,331.5725613145136,314.0604074649231,314.0604074649231,ridge,0.7204667216312295,0.7210096110079197,0.7612134410192346,0.7612134410192346
cpu_core_weighted,0,16,2,independent,lightgbm,robustness_extension,263.6458182680166,1.117143297745833,2.774985375943665,0.6285736646014868,1.0084751519359645,True,183.11774023810403,183.11774023810403,False,47.06120562341504,51.149635601654026,113.76937071030068,0.0,be53d0d6506d4454,9c347608ec61ce96,236.0,weighted_mean_pct,1.0,0.0,331.82240938623585,331.5725613145136,314.0604074649231,314.0604074649231,ridge,0.7945389184403674,0.7951376230373146,0.8394748653488351,0.8394748653488351
cpu_core_weighted,0,16,2,bottom_up,lightgbm,robustness_extension,243.2463549015158,1.0307048936504906,2.527836488855849,0.691788206265971,0.9304448912889678,True,183.11774023810403,0.0,True,47.06120562341504,51.149635601654026,113.76937071030068,0.0,be53d0d6506d4454,9c347608ec61ce96,236.0,weighted_mean_pct,0.9226254999965022,-7.737450000349777,331.82240938623585,331.5725613145136,314.0604074649231,314.0604074649231,ridge,0.733061866892724,0.7336142470208327,0.7745209173769654,0.7745209173769654
cpu_core_weighted,0,16,2,wls,lightgbm,robustness_extension,240.25256684947166,1.0180193510570834,2.503349649833839,0.6977305039910305,0.9189933124985921,True,183.11774023810403,0.0,True,49.19087278623136,53.5539691162383,125.06632390974114,0.0,be53d0d6506d4454,9c347608ec61ce96,236.0,weighted_mean_pct,0.9112701594426054,-8.872984055739463,331.82240938623585,331.5725613145136,314.0604074649231,314.0604074649231,ridge,0.7240396068905087,0.724585188524028,0.7649883943944926,0.7649883943944926
cpu_core_weighted,0,16,2,mint,lightgbm,robustness_extension,239.06700345427706,1.0129957773486316,2.4860069520127843,0.7019041200824434,0.91445839807077,True,183.11774023810403,0.0,True,48.22835549140253,52.46999614562554,119.87375581581951,0.0,be53d0d6506d4454,9c347608ec61ce96,236.0,weighted_mean_pct,0.9067733561062847,-9.322664389371527,331.82240938623585,331.5725613145136,314.0604074649231,314.0604074649231,ridge,0.7204667216312295,0.7210096110079197,0.7612134410192346,0.7612134410192346
cpu_core_weighted,1,1,0,independent,lightgbm,experiment-freeze-v2:cpu_classical,199.61471970520114,0.845825083496615,2.2097799762464785,0.5763667588806213,0.7208950049455795,True,127.44703509795418,127.44703509795418,False,36.358867073253336,39.72936029891445,71.11039077317638,0.0,d071f40c016ca7bf,9c347608ec61ce96,236.0,weighted_mean_pct,1.0,0.0,258.5864403621402,256.62658002027604,245.11569310811487,245.11569310811487,ridge,0.7719458121069632,0.7778411717501343,0.8143693990949641,0.8143693990949641
cpu_core_weighted,1,1,0,bottom_up,lightgbm,experiment-freeze-v2:cpu_classical,184.2086048769985,0.7805449359194851,1.8930558797082382,0.6891013543734275,0.6652568674291109,True,127.44703509795418,0.0,True,36.358867073253336,39.72936029891445,71.11039077317638,0.0,d071f40c016ca7bf,9c347608ec61ce96,236.0,weighted_mean_pct,0.9228207476334661,-7.7179252366533895,258.5864403621402,256.62658002027604,245.11569310811487,245.11569310811487,ridge,0.712367611461071,0.7178079716545503,0.7515169777226313,0.7515169777226313
cpu_core_weighted,1,1,0,wls,lightgbm,experiment-freeze-v2:cpu_classical,182.51413291746803,0.7733649699892713,1.9103525960443182,0.6833940820476816,0.6591373970140539,True,127.44703509795418,0.0,True,37.64921956318953,41.10655059351855,75.283508048343,0.0,d071f40c016ca7bf,9c347608ec61ce96,236.0,weighted_mean_pct,0.9143320351676073,-8.56679648323927,258.5864403621402,256.62658002027604,245.11569310811487,245.11569310811487,ridge,0.7058147854228711,0.7112051016034567,0.7446040300527199,0.7446040300527199
cpu_core_weighted,1,1,0,mint,lightgbm,experiment-freeze-v2:cpu_classical,182.4483517490206,0.7730862362246635,1.907810600638097,0.6842360997287757,0.6588998327912187,True,127.44703509795418,0.0,True,37.609470211005124,41.06388278964179,75.8418802431684,0.0,d071f40c016ca7bf,9c347608ec61ce96,236.0,weighted_mean_pct,0.9140024944977378,-8.599750550226215,258.5864403621402,256.62658002027604,245.11569310811487,245.11569310811487,ridge,0.7055603978828465,0.7109487713026662,0.744335662215421,0.744335662215421
cpu_core_weighted,1,1,1,independent,lightgbm,robustness_extension,199.61471970520114,0.845825083496615,2.2097799762464785,0.5763667588806213,0.7208950049455795,True,127.44703509795418,127.44703509795418,False,36.358867073253336,39.72936029891445,71.11039077317638,0.0,d071f40c016ca7bf,9c347608ec61ce96,236.0,weighted_mean_pct,1.0,0.0,258.5864403621402,256.62658002027604,245.11569310811487,245.11569310811487,ridge,0.7719458121069632,0.7778411717501343,0.8143693990949641,0.8143693990949641
cpu_core_weighted,1,1,1,bottom_up,lightgbm,robustness_extension,184.2086048769985,0.7805449359194851,1.8930558797082382,0.6891013543734275,0.6652568674291109,True,127.44703509795418,0.0,True,36.358867073253336,39.72936029891445,71.11039077317638,0.0,d071f40c016ca7bf,9c347608ec61ce96,236.0,weighted_mean_pct,0.9228207476334661,-7.7179252366533895,258.5864403621402,256.62658002027604,245.11569310811487,245.11569310811487,ridge,0.712367611461071,0.7178079716545503,0.7515169777226313,0.7515169777226313
cpu_core_weighted,1,1,1,wls,lightgbm,robustness_extension,182.51413291746803,0.7733649699892713,1.9103525960443182,0.6833940820476816,0.6591373970140539,True,127.44703509795418,0.0,True,37.64921956318953,41.10655059351855,75.283508048343,0.0,d071f40c016ca7bf,9c347608ec61ce96,236.0,weighted_mean_pct,0.9143320351676073,-8.56679648323927,258.5864403621402,256.62658002027604,245.11569310811487,245.11569310811487,ridge,0.7058147854228711,0.7112051016034567,0.7446040300527199,0.7446040300527199
cpu_core_weighted,1,1,1,mint,lightgbm,robustness_extension,182.4483517490206,0.7730862362246635,1.907810600638097,0.6842360997287757,0.6588998327912187,True,127.44703509795418,0.0,True,37.609470211005124,41.06388278964179,75.8418802431684,0.0,d071f40c016ca7bf,9c347608ec61ce96,236.0,weighted_mean_pct,0.9140024944977378,-8.599750550226215,258.5864403621402,256.62658002027604,245.11569310811487,245.11569310811487,ridge,0.7055603978828465,0.7109487713026662,0.744335662215421,0.744335662215421
cpu_core_weighted,1,1,2,independent,lightgbm,robustness_extension,199.61471970520114,0.845825083496615,2.2097799762464785,0.5763667588806213,0.7208950049455795,True,127.44703509795418,127.44703509795418,False,36.358867073253336,39.72936029891445,71.11039077317638,0.0,d071f40c016ca7bf,9c347608ec61ce96,236.0,weighted_mean_pct,1.0,0.0,258.5864403621402,256.62658002027604,245.11569310811487,245.11569310811487,ridge,0.7719458121069632,0.7778411717501343,0.8143693990949641,0.8143693990949641
cpu_core_weighted,1,1,2,bottom_up,lightgbm,robustness_extension,184.2086048769985,0.7805449359194851,1.8930558797082382,0.6891013543734275,0.6652568674291109,True,127.44703509795418,0.0,True,36.358867073253336,39.72936029891445,71.11039077317638,0.0,d071f40c016ca7bf,9c347608ec61ce96,236.0,weighted_mean_pct,0.9228207476334661,-7.7179252366533895,258.5864403621402,256.62658002027604,245.11569310811487,245.11569310811487,ridge,0.712367611461071,0.7178079716545503,0.7515169777226313,0.7515169777226313
cpu_core_weighted,1,1,2,wls,lightgbm,robustness_extension,182.51413291746803,0.7733649699892713,1.9103525960443182,0.6833940820476816,0.6591373970140539,True,127.44703509795418,0.0,True,37.64921956318953,41.10655059351855,75.283508048343,0.0,d071f40c016ca7bf,9c347608ec61ce96,236.0,weighted_mean_pct,0.9143320351676073,-8.56679648323927,258.5864403621402,256.62658002027604,245.11569310811487,245.11569310811487,ridge,0.7058147854228711,0.7112051016034567,0.7446040300527199,0.7446040300527199
cpu_core_weighted,1,1,2,mint,lightgbm,robustness_extension,182.4483517490206,0.7730862362246635,1.907810600638097,0.6842360997287757,0.6588998327912187,True,127.44703509795418,0.0,True,37.609470211005124,41.06388278964179,75.8418802431684,0.0,d071f40c016ca7bf,9c347608ec61ce96,236.0,weighted_mean_pct,0.9140024944977378,-8.599750550226215,258.5864403621402,256.62658002027604,245.11569310811487,245.11569310811487,ridge,0.7055603978828465,0.7109487713026662,0.744335662215421,0.744335662215421
cpu_core_weighted,1,8,0,independent,lightgbm,experiment-freeze-v2:cpu_classical,203.41532062603233,0.8619293246865777,2.249970018893037,0.5791503092392865,0.734471753703455,True,132.7397281498307,132.7397281498307,False,37.06789243844397,40.52554304987271,74.94490068696513,0.0,6039048a21d593fb,9c347608ec61ce96,236.0,weighted_mean_pct,1.0,0.0,262.57198527389465,260.7017247413789,248.29780331202304,248.29780331202304,ridge,0.7747030606248618,0.780260739846751,0.8192393082528031,0.8192393082528031
cpu_core_weighted,1,8,0,bottom_up,lightgbm,experiment-freeze-v2:cpu_classical,187.40980051017198,0.794109324195644,1.9388705578793837,0.6874847736731224,0.6766806178526609,True,132.7397281498307,0.0,True,37.06789243844397,40.52554304987271,74.94490068696513,0.0,6039048a21d593fb,9c347608ec61ce96,236.0,weighted_mean_pct,0.9213160539402753,-7.8683946059724725,262.57198527389465,260.7017247413789,248.29780331202304,248.29780331202304,ridge,0.7137463667903514,0.7188667458801283,0.7547783267122333,0.7547783267122333
cpu_core_weighted,1,8,0,wls,lightgbm,experiment-freeze-v2:cpu_classical,185.82508342537633,0.7873944212939675,1.9529414288426397,0.6829323111228862,0.6709586794420653,True,132.7397281498307,0.0,True,38.482206354752705,42.03656857217919,79.7016803272947,0.0,6039048a21d593fb,9c347608ec61ce96,236.0,weighted_mean_pct,0.91352550463495,-8.647449536505004,262.57198527389465,260.7017247413789,248.29780331202304,248.29780331202304,ridge,0.7077110043995671,0.7127880861153427,0.7483960024884294,0.7483960024884294
cpu_core_weighted,1,8,0,mint,lightgbm,experiment-freeze-v2:cpu_classical,185.9183338845139,0.7877895503581098,1.9553754720650365,0.6821414656975948,0.6712953789003246,True,132.7397281498307,0.0,True,38.619719431439236,42.18222904698643,81.24147314697036,0.0,6039048a21d593fb,9c347608ec61ce96,236.0,weighted_mean_pct,0.9139839286064119,-8.601607139358814,262.57198527389465,260.7017247413789,248.29780331202304,248.29780331202304,ridge,0.7080661468533225,0.713145776342479,0.7487715614256963,0.7487715614256963
cpu_core_weighted,1,8,1,independent,lightgbm,robustness_extension,203.41532062603233,0.8619293246865777,2.249970018893037,0.5791503092392865,0.734471753703455,True,132.7397281498307,132.7397281498307,False,37.06789243844397,40.52554304987271,74.94490068696513,0.0,6039048a21d593fb,9c347608ec61ce96,236.0,weighted_mean_pct,1.0,0.0,262.57198527389465,260.7017247413789,248.29780331202304,248.29780331202304,ridge,0.7747030606248618,0.780260739846751,0.8192393082528031,0.8192393082528031
cpu_core_weighted,1,8,1,bottom_up,lightgbm,robustness_extension,187.40980051017198,0.794109324195644,1.9388705578793837,0.6874847736731224,0.6766806178526609,True,132.7397281498307,0.0,True,37.06789243844397,40.52554304987271,74.94490068696513,0.0,6039048a21d593fb,9c347608ec61ce96,236.0,weighted_mean_pct,0.9213160539402753,-7.8683946059724725,262.57198527389465,260.7017247413789,248.29780331202304,248.29780331202304,ridge,0.7137463667903514,0.7188667458801283,0.7547783267122333,0.7547783267122333
cpu_core_weighted,1,8,1,wls,lightgbm,robustness_extension,185.82508342537633,0.7873944212939675,1.9529414288426397,0.6829323111228862,0.6709586794420653,True,132.7397281498307,0.0,True,38.482206354752705,42.03656857217919,79.7016803272947,0.0,6039048a21d593fb,9c347608ec61ce96,236.0,weighted_mean_pct,0.91352550463495,-8.647449536505004,262.57198527389465,260.7017247413789,248.29780331202304,248.29780331202304,ridge,0.7077110043995671,0.7127880861153427,0.7483960024884294,0.7483960024884294
cpu_core_weighted,1,8,1,mint,lightgbm,robustness_extension,185.9183338845139,0.7877895503581098,1.9553754720650365,0.6821414656975948,0.6712953789003246,True,132.7397281498307,0.0,True,38.619719431439236,42.18222904698643,81.24147314697036,0.0,6039048a21d593fb,9c347608ec61ce96,236.0,weighted_mean_pct,0.9139839286064119,-8.601607139358814,262.57198527389465,260.7017247413789,248.29780331202304,248.29780331202304,ridge,0.7080661468533225,0.713145776342479,0.7487715614256963,0.7487715614256963
cpu_core_weighted,1,8,2,independent,lightgbm,robustness_extension,203.41532062603233,0.8619293246865777,2.249970018893037,0.5791503092392865,0.734471753703455,True,132.7397281498307,132.7397281498307,False,37.06789243844397,40.52554304987271,74.94490068696513,0.0,6039048a21d593fb,9c347608ec61ce96,236.0,weighted_mean_pct,1.0,0.0,262.57198527389465,260.7017247413789,248.29780331202304,248.29780331202304,ridge,0.7747030606248618,0.780260739846751,0.8192393082528031,0.8192393082528031
cpu_core_weighted,1,8,2,bottom_up,lightgbm,robustness_extension,187.40980051017198,0.794109324195644,1.9388705578793837,0.6874847736731224,0.6766806178526609,True,132.7397281498307,0.0,True,37.06789243844397,40.52554304987271,74.94490068696513,0.0,6039048a21d593fb,9c347608ec61ce96,236.0,weighted_mean_pct,0.9213160539402753,-7.8683946059724725,262.57198527389465,260.7017247413789,248.29780331202304,248.29780331202304,ridge,0.7137463667903514,0.7188667458801283,0.7547783267122333,0.7547783267122333
cpu_core_weighted,1,8,2,wls,lightgbm,robustness_extension,185.82508342537633,0.7873944212939675,1.9529414288426397,0.6829323111228862,0.6709586794420653,True,132.7397281498307,0.0,True,38.482206354752705,42.03656857217919,79.7016803272947,0.0,6039048a21d593fb,9c347608ec61ce96,236.0,weighted_mean_pct,0.91352550463495,-8.647449536505004,262.57198527389465,260.7017247413789,248.29780331202304,248.29780331202304,ridge,0.7077110043995671,0.7127880861153427,0.7483960024884294,0.7483960024884294
cpu_core_weighted,1,8,2,mint,lightgbm,robustness_extension,185.9183338845139,0.7877895503581098,1.9553754720650365,0.6821414656975948,0.6712953789003246,True,132.7397281498307,0.0,True,38.619719431439236,42.18222904698643,81.24147314697036,0.0,6039048a21d593fb,9c347608ec61ce96,236.0,weighted_mean_pct,0.9139839286064119,-8.601607139358814,262.57198527389465,260.7017247413789,248.29780331202304,248.29780331202304,ridge,0.7080661468533225,0.713145776342479,0.7487715614256963,0.7487715614256963
cpu_core_weighted,1,16,0,independent,lightgbm,experiment-freeze-v2:cpu_classical,204.10462604428758,0.8648501103571508,2.2412463840790693,0.5832662560647157,0.7391141000369573,True,131.29275142248974,131.29275142248974,False,37.279213009793736,40.75235088587013,78.79765919135743,0.0,5b5c6fb927b79727,9c347608ec61ce96,236.0,weighted_mean_pct,1.0,0.0,262.3406169270242,260.986621336821,247.1723245770978,247.1723245770978,ridge,0.7780138220116474,0.7820501487732457,0.8257584112359773,0.8257584112359773
cpu_core_weighted,1,16,0,bottom_up,lightgbm,experiment-freeze-v2:cpu_classical,188.65694801071996,0.7993938475030506,1.927379827117031,0.6918131653824777,0.683174179082086,True,131.29275142248974,0.0,True,37.279213009793736,40.75235088587013,78.79765919135743,0.0,5b5c6fb927b79727,9c347608ec61ce96,236.0,weighted_mean_pct,0.9243149048948273,-7.5685095105172735,262.3406169270242,260.986621336821,247.1723245770978,247.1723245770978,ridge,0.719129771899557,0.7228606088863281,0.763260807347686,0.763260807347686
cpu_core_weighted,1,16,0,wls,lightgbm,experiment-freeze-v2:cpu_classical,186.26845760643627,0.7892731254510011,1.9513353391452983,0.6841046133143234,0.6745248555962675,True,131.29275142248974,0.0,True,38.623700186827136,42.18933316541929,82.42674560724379,0.0,5b5c6fb927b79727,9c347608ec61ce96,236.0,weighted_mean_pct,0.9126126203823468,-8.73873796176532,262.3406169270242,260.986621336821,247.1723245770978,247.1723245770978,ridge,0.7100252327997343,0.7137088355423559,0.7535975474808287,0.7535975474808287
cpu_core_weighted,1,16,0,mint,lightgbm,experiment-freeze-v2:cpu_classical,186.48444704527293,0.7901883349375972,1.9579000720008366,0.6819755511325507,0.6753070075876124,True,131.29275142248974,0.0,True,38.85430956611954,42.434177774513365,84.42462165074811,0.0,5b5c6fb927b79727,9c347608ec61ce96,236.0,weighted_mean_pct,0.9136708494045042,-8.632915059549584,262.3406169270242,260.986621336821,247.1723245770978,247.1723245770978,ridge,0.7108485496058267,0.7145364237065703,0.7544713889968893,0.7544713889968893
cpu_core_weighted,1,16,1,independent,lightgbm,robustness_extension,204.10462604428758,0.8648501103571508,2.2412463840790693,0.5832662560647157,0.7391141000369573,True,131.29275142248974,131.29275142248974,False,37.279213009793736,40.75235088587013,78.79765919135743,0.0,5b5c6fb927b79727,9c347608ec61ce96,236.0,weighted_mean_pct,1.0,0.0,262.3406169270242,260.986621336821,247.1723245770978,247.1723245770978,ridge,0.7780138220116474,0.7820501487732457,0.8257584112359773,0.8257584112359773
cpu_core_weighted,1,16,1,bottom_up,lightgbm,robustness_extension,188.65694801071996,0.7993938475030506,1.927379827117031,0.6918131653824777,0.683174179082086,True,131.29275142248974,0.0,True,37.279213009793736,40.75235088587013,78.79765919135743,0.0,5b5c6fb927b79727,9c347608ec61ce96,236.0,weighted_mean_pct,0.9243149048948273,-7.5685095105172735,262.3406169270242,260.986621336821,247.1723245770978,247.1723245770978,ridge,0.719129771899557,0.7228606088863281,0.763260807347686,0.763260807347686
cpu_core_weighted,1,16,1,wls,lightgbm,robustness_extension,186.26845760643627,0.7892731254510011,1.9513353391452983,0.6841046133143234,0.6745248555962675,True,131.29275142248974,0.0,True,38.623700186827136,42.18933316541929,82.42674560724379,0.0,5b5c6fb927b79727,9c347608ec61ce96,236.0,weighted_mean_pct,0.9126126203823468,-8.73873796176532,262.3406169270242,260.986621336821,247.1723245770978,247.1723245770978,ridge,0.7100252327997343,0.7137088355423559,0.7535975474808287,0.7535975474808287
cpu_core_weighted,1,16,1,mint,lightgbm,robustness_extension,186.48444704527293,0.7901883349375972,1.9579000720008366,0.6819755511325507,0.6753070075876124,True,131.29275142248974,0.0,True,38.85430956611954,42.434177774513365,84.42462165074811,0.0,5b5c6fb927b79727,9c347608ec61ce96,236.0,weighted_mean_pct,0.9136708494045042,-8.632915059549584,262.3406169270242,260.986621336821,247.1723245770978,247.1723245770978,ridge,0.7108485496058267,0.7145364237065703,0.7544713889968893,0.7544713889968893
cpu_core_weighted,1,16,2,independent,lightgbm,robustness_extension,204.10462604428758,0.8648501103571508,2.2412463840790693,0.5832662560647157,0.7391141000369573,True,131.29275142248974,131.29275142248974,False,37.279213009793736,40.75235088587013,78.79765919135743,0.0,5b5c6fb927b79727,9c347608ec61ce96,236.0,weighted_mean_pct,1.0,0.0,262.3406169270242,260.986621336821,247.1723245770978,247.1723245770978,ridge,0.7780138220116474,0.7820501487732457,0.8257584112359773,0.8257584112359773
cpu_core_weighted,1,16,2,bottom_up,lightgbm,robustness_extension,188.65694801071996,0.7993938475030506,1.927379827117031,0.6918131653824777,0.683174179082086,True,131.29275142248974,0.0,True,37.279213009793736,40.75235088587013,78.79765919135743,0.0,5b5c6fb927b79727,9c347608ec61ce96,236.0,weighted_mean_pct,0.9243149048948273,-7.5685095105172735,262.3406169270242,260.986621336821,247.1723245770978,247.1723245770978,ridge,0.719129771899557,0.7228606088863281,0.763260807347686,0.763260807347686
cpu_core_weighted,1,16,2,wls,lightgbm,robustness_extension,186.26845760643627,0.7892731254510011,1.9513353391452983,0.6841046133143234,0.6745248555962675,True,131.29275142248974,0.0,True,38.623700186827136,42.18933316541929,82.42674560724379,0.0,5b5c6fb927b79727,9c347608ec61ce96,236.0,weighted_mean_pct,0.9126126203823468,-8.73873796176532,262.3406169270242,260.986621336821,247.1723245770978,247.1723245770978,ridge,0.7100252327997343,0.7137088355423559,0.7535975474808287,0.7535975474808287
cpu_core_weighted,1,16,2,mint,lightgbm,robustness_extension,186.48444704527293,0.7901883349375972,1.9579000720008366,0.6819755511325507,0.6753070075876124,True,131.29275142248974,0.0,True,38.85430956611954,42.434177774513365,84.42462165074811,0.0,5b5c6fb927b79727,9c347608ec61ce96,236.0,weighted_mean_pct,0.9136708494045042,-8.632915059549584,262.3406169270242,260.986621336821,247.1723245770978,247.1723245770978,ridge,0.7108485496058267,0.7145364237065703,0.7544713889968893,0.7544713889968893
cpu_core_weighted,2,1,0,independent,lightgbm,experiment-freeze-v2:cpu_classical,271.2151801330483,1.1492168649705437,2.6708442304410247,0.630757544083306,0.9088161838962237,True,171.5725267317513,171.5725267317513,False,49.01390804078175,53.10746064417921,105.84451488511195,0.0,ccf8016708743f12,9c347608ec61ce96,236.0,weighted_mean_pct,1.0,0.0,340.98623646102516,341.92643847281437,326.8086251064241,326.8086251064241,ridge,0.7953845379446812,0.7931974530674143,0.8298899089481743,0.8298899089481743
cpu_core_weighted,2,1,0,bottom_up,lightgbm,experiment-freeze-v2:cpu_classical,240.85099284413184,1.0205550544242874,2.323442234373631,0.7205666287462977,0.8070686902438183,True,171.5725267317513,0.0,True,49.01390804078175,53.10746064417921,105.84451488511195,0.0,ccf8016708743f12,9c347608ec61ce96,236.0,weighted_mean_pct,0.8880439241121353,-11.195607588786471,340.98623646102516,341.92643847281437,326.8086251064241,326.8086251064241,ridge,0.7063364062545122,0.7043941788177378,0.7369786913233993,0.7369786913233993
cpu_core_weighted,2,1,0,wls,lightgbm,experiment-freeze-v2:cpu_classical,239.89426509164159,1.0165011232696677,2.3041533779534786,0.7251869948851708,0.8038627868551539,True,171.5725267317513,0.0,True,50.314086475788535,54.58208070868794,108.46016765699017,0.0,ccf8016708743f12,9c347608ec61ce96,236.0,weighted_mean_pct,0.8845163643641119,-11.548363563588815,340.98623646102516,341.92643847281437,326.8086251064241,326.8086251064241,ridge,0.7035306397742584,0.7015961274100626,0.734051205085303,0.734051205085303
cpu_core_weighted,2,1,0,mint,lightgbm,experiment-freeze-v2:cpu_classical,238.64696078267616,1.0112159355198143,2.2976176403476436,0.7267437995491417,0.799683189158317,True,171.5725267317513,0.0,True,49.482016727441966,53.6271834164863,107.36962796076126,0.0,ccf8016708743f12,9c347608ec61ce96,236.0,weighted_mean_pct,0.8799174171062425,-12.00825828937575,340.98623646102516,341.92643847281437,326.8086251064241,326.8086251064241,ridge,0.6998727082345261,0.6979482541583292,0.7302345851642122,0.7302345851642122
cpu_core_weighted,2,1,1,independent,lightgbm,robustness_extension,271.2151801330483,1.1492168649705437,2.6708442304410247,0.630757544083306,0.9088161838962237,True,171.5725267317513,171.5725267317513,False,49.01390804078175,53.10746064417921,105.84451488511195,0.0,ccf8016708743f12,9c347608ec61ce96,236.0,weighted_mean_pct,1.0,0.0,340.98623646102516,341.92643847281437,326.8086251064241,326.8086251064241,ridge,0.7953845379446812,0.7931974530674143,0.8298899089481743,0.8298899089481743
cpu_core_weighted,2,1,1,bottom_up,lightgbm,robustness_extension,240.85099284413184,1.0205550544242874,2.323442234373631,0.7205666287462977,0.8070686902438183,True,171.5725267317513,0.0,True,49.01390804078175,53.10746064417921,105.84451488511195,0.0,ccf8016708743f12,9c347608ec61ce96,236.0,weighted_mean_pct,0.8880439241121353,-11.195607588786471,340.98623646102516,341.92643847281437,326.8086251064241,326.8086251064241,ridge,0.7063364062545122,0.7043941788177378,0.7369786913233993,0.7369786913233993
cpu_core_weighted,2,1,1,wls,lightgbm,robustness_extension,239.89426509164159,1.0165011232696677,2.3041533779534786,0.7251869948851708,0.8038627868551539,True,171.5725267317513,0.0,True,50.314086475788535,54.58208070868794,108.46016765699017,0.0,ccf8016708743f12,9c347608ec61ce96,236.0,weighted_mean_pct,0.8845163643641119,-11.548363563588815,340.98623646102516,341.92643847281437,326.8086251064241,326.8086251064241,ridge,0.7035306397742584,0.7015961274100626,0.734051205085303,0.734051205085303
cpu_core_weighted,2,1,1,mint,lightgbm,robustness_extension,238.64696078267616,1.0112159355198143,2.2976176403476436,0.7267437995491417,0.799683189158317,True,171.5725267317513,0.0,True,49.482016727441966,53.6271834164863,107.36962796076126,0.0,ccf8016708743f12,9c347608ec61ce96,236.0,weighted_mean_pct,0.8799174171062425,-12.00825828937575,340.98623646102516,341.92643847281437,326.8086251064241,326.8086251064241,ridge,0.6998727082345261,0.6979482541583292,0.7302345851642122,0.7302345851642122
cpu_core_weighted,2,1,2,independent,lightgbm,robustness_extension,271.2151801330483,1.1492168649705437,2.6708442304410247,0.630757544083306,0.9088161838962237,True,171.5725267317513,171.5725267317513,False,49.01390804078175,53.10746064417921,105.84451488511195,0.0,ccf8016708743f12,9c347608ec61ce96,236.0,weighted_mean_pct,1.0,0.0,340.98623646102516,341.92643847281437,326.8086251064241,326.8086251064241,ridge,0.7953845379446812,0.7931974530674143,0.8298899089481743,0.8298899089481743
cpu_core_weighted,2,1,2,bottom_up,lightgbm,robustness_extension,240.85099284413184,1.0205550544242874,2.323442234373631,0.7205666287462977,0.8070686902438183,True,171.5725267317513,0.0,True,49.01390804078175,53.10746064417921,105.84451488511195,0.0,ccf8016708743f12,9c347608ec61ce96,236.0,weighted_mean_pct,0.8880439241121353,-11.195607588786471,340.98623646102516,341.92643847281437,326.8086251064241,326.8086251064241,ridge,0.7063364062545122,0.7043941788177378,0.7369786913233993,0.7369786913233993
cpu_core_weighted,2,1,2,wls,lightgbm,robustness_extension,239.89426509164159,1.0165011232696677,2.3041533779534786,0.7251869948851708,0.8038627868551539,True,171.5725267317513,0.0,True,50.314086475788535,54.58208070868794,108.46016765699017,0.0,ccf8016708743f12,9c347608ec61ce96,236.0,weighted_mean_pct,0.8845163643641119,-11.548363563588815,340.98623646102516,341.92643847281437,326.8086251064241,326.8086251064241,ridge,0.7035306397742584,0.7015961274100626,0.734051205085303,0.734051205085303
cpu_core_weighted,2,1,2,mint,lightgbm,robustness_extension,238.64696078267616,1.0112159355198143,2.2976176403476436,0.7267437995491417,0.799683189158317,True,171.5725267317513,0.0,True,49.482016727441966,53.6271834164863,107.36962796076126,0.0,ccf8016708743f12,9c347608ec61ce96,236.0,weighted_mean_pct,0.8799174171062425,-12.00825828937575,340.98623646102516,341.92643847281437,326.8086251064241,326.8086251064241,ridge,0.6998727082345261,0.6979482541583292,0.7302345851642122,0.7302345851642122
cpu_core_weighted,2,8,0,independent,lightgbm,experiment-freeze-v2:cpu_classical,267.1790064982869,1.132114434314775,2.636898858806228,0.6443683147554037,0.8952710750855524,True,170.36132440790686,170.36132440790686,False,49.54246108440683,53.692435793168656,106.71746212291394,0.0,133a38ec93b5995a,9c347608ec61ce96,236.0,weighted_mean_pct,1.0,0.0,340.92440141125576,342.0799116689226,326.25101835678174,326.25101835678174,ridge,0.7836898895834385,0.7810426668867727,0.8189369272898489,0.8189369272898489
cpu_core_weighted,2,8,0,bottom_up,lightgbm,experiment-freeze-v2:cpu_classical,240.96916301780433,1.021055775499171,2.3106374041656124,0.7269280435161003,0.8074463801062103,True,170.36132440790686,0.0,True,49.54246108440683,53.692435793168656,106.71746212291394,0.0,133a38ec93b5995a,9c347608ec61ce96,236.0,weighted_mean_pct,0.9019015609647061,-9.80984390352939,340.92440141125576,342.0799116689226,326.25101835678174,326.25101835678174,ridge,0.7068111347275614,0.7044236004452172,0.7386004930543547,0.7386004930543547
cpu_core_weighted,2,8,0,wls,lightgbm,experiment-freeze-v2:cpu_classical,238.75708481374718,1.0116825627701151,2.286613507193405,0.7325768301064868,0.8000340850390368,True,170.36132440790686,0.0,True,50.49019044260374,54.78066938626573,109.30341677169056,0.0,133a38ec93b5995a,9c347608ec61ce96,236.0,weighted_mean_pct,0.8936221746721632,-10.63778253278368,340.92440141125576,342.0799116689226,326.25101835678174,326.25101835678174,ridge,0.7003226633981399,0.6979570464951037,0.7318201978840939,0.7318201978840939
cpu_core_weighted,2,8,0,mint,lightgbm,experiment-freeze-v2:cpu_classical,238.32767435017678,1.0098630269075288,2.2834012629983422,0.733327656723217,0.7985952041463641,True,170.36132440790686,0.0,True,50.056834672257374,54.254636282131386,108.75770834241025,0.0,133a38ec93b5995a,9c347608ec61ce96,236.0,weighted_mean_pct,0.8920149733085592,-10.798502669144083,340.92440141125576,342.0799116689226,326.25101835678174,326.25101835678174,ridge,0.6990631159389586,0.6967017536558504,0.7305040013378481,0.7305040013378481
cpu_core_weighted,2,8,1,independent,lightgbm,robustness_extension,267.1790064982869,1.132114434314775,2.636898858806228,0.6443683147554037,0.8952710750855524,True,170.36132440790686,170.36132440790686,False,49.54246108440683,53.692435793168656,106.71746212291394,0.0,133a38ec93b5995a,9c347608ec61ce96,236.0,weighted_mean_pct,1.0,0.0,340.92440141125576,342.0799116689226,326.25101835678174,326.25101835678174,ridge,0.7836898895834385,0.7810426668867727,0.8189369272898489,0.8189369272898489
cpu_core_weighted,2,8,1,bottom_up,lightgbm,robustness_extension,240.96916301780433,1.021055775499171,2.3106374041656124,0.7269280435161003,0.8074463801062103,True,170.36132440790686,0.0,True,49.54246108440683,53.692435793168656,106.71746212291394,0.0,133a38ec93b5995a,9c347608ec61ce96,236.0,weighted_mean_pct,0.9019015609647061,-9.80984390352939,340.92440141125576,342.0799116689226,326.25101835678174,326.25101835678174,ridge,0.7068111347275614,0.7044236004452172,0.7386004930543547,0.7386004930543547
cpu_core_weighted,2,8,1,wls,lightgbm,robustness_extension,238.75708481374718,1.0116825627701151,2.286613507193405,0.7325768301064868,0.8000340850390368,True,170.36132440790686,0.0,True,50.49019044260374,54.78066938626573,109.30341677169056,0.0,133a38ec93b5995a,9c347608ec61ce96,236.0,weighted_mean_pct,0.8936221746721632,-10.63778253278368,340.92440141125576,342.0799116689226,326.25101835678174,326.25101835678174,ridge,0.7003226633981399,0.6979570464951037,0.7318201978840939,0.7318201978840939
cpu_core_weighted,2,8,1,mint,lightgbm,robustness_extension,238.32767435017678,1.0098630269075288,2.2834012629983422,0.733327656723217,0.7985952041463641,True,170.36132440790686,0.0,True,50.056834672257374,54.254636282131386,108.75770834241025,0.0,133a38ec93b5995a,9c347608ec61ce96,236.0,weighted_mean_pct,0.8920149733085592,-10.798502669144083,340.92440141125576,342.0799116689226,326.25101835678174,326.25101835678174,ridge,0.6990631159389586,0.6967017536558504,0.7305040013378481,0.7305040013378481
cpu_core_weighted,2,8,2,independent,lightgbm,robustness_extension,267.1790064982869,1.132114434314775,2.636898858806228,0.6443683147554037,0.8952710750855524,True,170.36132440790686,170.36132440790686,False,49.54246108440683,53.692435793168656,106.71746212291394,0.0,133a38ec93b5995a,9c347608ec61ce96,236.0,weighted_mean_pct,1.0,0.0,340.92440141125576,342.0799116689226,326.25101835678174,326.25101835678174,ridge,0.7836898895834385,0.7810426668867727,0.8189369272898489,0.8189369272898489
cpu_core_weighted,2,8,2,bottom_up,lightgbm,robustness_extension,240.96916301780433,1.021055775499171,2.3106374041656124,0.7269280435161003,0.8074463801062103,True,170.36132440790686,0.0,True,49.54246108440683,53.692435793168656,106.71746212291394,0.0,133a38ec93b5995a,9c347608ec61ce96,236.0,weighted_mean_pct,0.9019015609647061,-9.80984390352939,340.92440141125576,342.0799116689226,326.25101835678174,326.25101835678174,ridge,0.7068111347275614,0.7044236004452172,0.7386004930543547,0.7386004930543547
cpu_core_weighted,2,8,2,wls,lightgbm,robustness_extension,238.75708481374718,1.0116825627701151,2.286613507193405,0.7325768301064868,0.8000340850390368,True,170.36132440790686,0.0,True,50.49019044260374,54.78066938626573,109.30341677169056,0.0,133a38ec93b5995a,9c347608ec61ce96,236.0,weighted_mean_pct,0.8936221746721632,-10.63778253278368,340.92440141125576,342.0799116689226,326.25101835678174,326.25101835678174,ridge,0.7003226633981399,0.6979570464951037,0.7318201978840939,0.7318201978840939
cpu_core_weighted,2,8,2,mint,lightgbm,robustness_extension,238.32767435017678,1.0098630269075288,2.2834012629983422,0.733327656723217,0.7985952041463641,True,170.36132440790686,0.0,True,50.056834672257374,54.254636282131386,108.75770834241025,0.0,133a38ec93b5995a,9c347608ec61ce96,236.0,weighted_mean_pct,0.8920149733085592,-10.798502669144083,340.92440141125576,342.0799116689226,326.25101835678174,326.25101835678174,ridge,0.6990631159389586,0.6967017536558504,0.7305040013378481,0.7305040013378481
cpu_core_weighted,2,16,0,independent,lightgbm,experiment-freeze-v2:cpu_classical,272.5729540826915,1.1549701444181844,2.701056882023807,0.6253577923369364,0.9132492769809025,True,172.7779307352326,172.7779307352326,False,50.22454208682982,54.448921564538985,107.77379112593843,0.0,304107b55212dea4,9c347608ec61ce96,236.0,weighted_mean_pct,1.0,0.0,345.9168828909167,346.84875658370987,329.55849653850856,329.55849653850856,ridge,0.7879723932660614,0.7858553588814947,0.8270851971520682,0.8270851971520682
cpu_core_weighted,2,16,0,bottom_up,lightgbm,experiment-freeze-v2:cpu_classical,242.27939275874482,1.0266075964353594,2.332884270225838,0.7205297179047045,0.8117514116869088,True,172.7779307352326,0.0,True,50.22454208682982,54.448921564538985,107.77379112593843,0.0,304107b55212dea4,9c347608ec61ce96,236.0,weighted_mean_pct,0.8888607219821361,-11.113927801786394,345.9168828909167,346.84875658370987,329.55849653850856,329.55849653850856,ridge,0.700397710380463,0.698515961668936,0.7351635454813247,0.7351635454813247
cpu_core_weighted,2,16,0,wls,lightgbm,experiment-freeze-v2:cpu_classical,240.94864579481523,1.020968838113624,2.3179914613537433,0.7240865273218853,0.8072927752578355,True,172.7779307352326,0.0,True,51.21705777740262,55.58440586594439,110.86470265122927,0.0,304107b55212dea4,9c347608ec61ce96,236.0,weighted_mean_pct,0.8839785539460298,-11.602144605397024,345.9168828909167,346.84875658370987,329.55849653850856,329.55849653850856,ridge,0.6965506967487253,0.694679283754802,0.7311255765686522,0.7311255765686522
cpu_core_weighted,2,16,0,mint,lightgbm,experiment-freeze-v2:cpu_classical,240.0707791264241,1.0172490640950174,2.310576288279841,0.7258489787653266,0.80435150361593,True,172.7779307352326,0.0,True,50.79742925240294,55.06735835149533,110.24848476290344,0.0,304107b55212dea4,9c347608ec61ce96,236.0,weighted_mean_pct,0.8807578871291569,-11.924211287084308,345.9168828909167,346.84875658370987,329.55849653850856,329.55849653850856,ridge,0.6940129002091213,0.6921483054775907,0.7284618107194577,0.7284618107194577
cpu_core_weighted,2,16,1,independent,lightgbm,robustness_extension,272.5729540826915,1.1549701444181844,2.701056882023807,0.6253577923369364,0.9132492769809025,True,172.7779307352326,172.7779307352326,False,50.22454208682982,54.448921564538985,107.77379112593843,0.0,304107b55212dea4,9c347608ec61ce96,236.0,weighted_mean_pct,1.0,0.0,345.9168828909167,346.84875658370987,329.55849653850856,329.55849653850856,ridge,0.7879723932660614,0.7858553588814947,0.8270851971520682,0.8270851971520682
cpu_core_weighted,2,16,1,bottom_up,lightgbm,robustness_extension,242.27939275874482,1.0266075964353594,2.332884270225838,0.7205297179047045,0.8117514116869088,True,172.7779307352326,0.0,True,50.22454208682982,54.448921564538985,107.77379112593843,0.0,304107b55212dea4,9c347608ec61ce96,236.0,weighted_mean_pct,0.8888607219821361,-11.113927801786394,345.9168828909167,346.84875658370987,329.55849653850856,329.55849653850856,ridge,0.700397710380463,0.698515961668936,0.7351635454813247,0.7351635454813247
cpu_core_weighted,2,16,1,wls,lightgbm,robustness_extension,240.94864579481523,1.020968838113624,2.3179914613537433,0.7240865273218853,0.8072927752578355,True,172.7779307352326,0.0,True,51.21705777740262,55.58440586594439,110.86470265122927,0.0,304107b55212dea4,9c347608ec61ce96,236.0,weighted_mean_pct,0.8839785539460298,-11.602144605397024,345.9168828909167,346.84875658370987,329.55849653850856,329.55849653850856,ridge,0.6965506967487253,0.694679283754802,0.7311255765686522,0.7311255765686522
cpu_core_weighted,2,16,1,mint,lightgbm,robustness_extension,240.0707791264241,1.0172490640950174,2.310576288279841,0.7258489787653266,0.80435150361593,True,172.7779307352326,0.0,True,50.79742925240294,55.06735835149533,110.24848476290344,0.0,304107b55212dea4,9c347608ec61ce96,236.0,weighted_mean_pct,0.8807578871291569,-11.924211287084308,345.9168828909167,346.84875658370987,329.55849653850856,329.55849653850856,ridge,0.6940129002091213,0.6921483054775907,0.7284618107194577,0.7284618107194577
cpu_core_weighted,2,16,2,independent,lightgbm,robustness_extension,272.5729540826915,1.1549701444181844,2.701056882023807,0.6253577923369364,0.9132492769809025,True,172.7779307352326,172.7779307352326,False,50.22454208682982,54.448921564538985,107.77379112593843,0.0,304107b55212dea4,9c347608ec61ce96,236.0,weighted_mean_pct,1.0,0.0,345.9168828909167,346.84875658370987,329.55849653850856,329.55849653850856,ridge,0.7879723932660614,0.7858553588814947,0.8270851971520682,0.8270851971520682
cpu_core_weighted,2,16,2,bottom_up,lightgbm,robustness_extension,242.27939275874482,1.0266075964353594,2.332884270225838,0.7205297179047045,0.8117514116869088,True,172.7779307352326,0.0,True,50.22454208682982,54.448921564538985,107.77379112593843,0.0,304107b55212dea4,9c347608ec61ce96,236.0,weighted_mean_pct,0.8888607219821361,-11.113927801786394,345.9168828909167,346.84875658370987,329.55849653850856,329.55849653850856,ridge,0.700397710380463,0.698515961668936,0.7351635454813247,0.7351635454813247
cpu_core_weighted,2,16,2,wls,lightgbm,robustness_extension,240.94864579481523,1.020968838113624,2.3179914613537433,0.7240865273218853,0.8072927752578355,True,172.7779307352326,0.0,True,51.21705777740262,55.58440586594439,110.86470265122927,0.0,304107b55212dea4,9c347608ec61ce96,236.0,weighted_mean_pct,0.8839785539460298,-11.602144605397024,345.9168828909167,346.84875658370987,329.55849653850856,329.55849653850856,ridge,0.6965506967487253,0.694679283754802,0.7311255765686522,0.7311255765686522
cpu_core_weighted,2,16,2,mint,lightgbm,robustness_extension,240.0707791264241,1.0172490640950174,2.310576288279841,0.7258489787653266,0.80435150361593,True,172.7779307352326,0.0,True,50.79742925240294,55.06735835149533,110.24848476290344,0.0,304107b55212dea4,9c347608ec61ce96,236.0,weighted_mean_pct,0.8807578871291569,-11.924211287084308,345.9168828909167,346.84875658370987,329.55849653850856,329.55849653850856,ridge,0.6940129002091213,0.6921483054775907,0.7284618107194577,0.7284618107194577
memory_um,0,1,0,independent,lightgbm,experiment-freeze-v2:memory_classical,1848635679.4026902,1848635679.4026902,4323715572.058664,0.4054405889542396,2.129385065477079,True,1491534985.8369813,1491534985.8369813,False,506790526.9619207,506790526.9619206,1186296378.234332,0.0,2e79f28c7a72daca,3c8a7e96cfa669dc,,native,1.0,0.0,1294154012.0869985,1286777035.528772,1358694507.6124406,1286777035.528772,ewma,1.42845106698044,1.4366402479688603,1.3605970062035477,1.4366402479688603
memory_um,0,1,0,bottom_up,lightgbm,experiment-freeze-v2:memory_classical,2075080793.3826785,2075080793.3826785,4039951599.535236,0.48092113289936866,2.3902200419041493,True,1491534985.8369813,0.0,True,506790526.9619207,506790526.9619206,1186296378.234332,0.0,2e79f28c7a72daca,3c8a7e96cfa669dc,,native,1.122493099372157,12.249309937215692,1294154012.0869985,1286777035.528772,1358694507.6124406,1286777035.528772,ewma,1.6034264654763384,1.61261876462535,1.527260750489898,1.61261876462535
memory_um,0,1,0,wls,lightgbm,experiment-freeze-v2:memory_classical,1868845404.0685003,1868845404.0685003,4018469300.736752,0.48642682251312297,2.152664009165261,True,1491534985.8369813,0.0,True,522887013.1767534,522887013.1767534,1185538040.141952,0.0,2e79f28c7a72daca,3c8a7e96cfa669dc,,native,1.0109322376988525,1.0932237698852543,1294154012.0869985,1286777035.528772,1358694507.6124406,1286777035.528772,ewma,1.4440672335858498,1.4523459406473944,1.3754713760877122,1.4523459406473944
memory_um,0,1,0,mint,lightgbm,experiment-freeze-v2:memory_classical,1832887965.9285433,1832887965.9285433,4046036843.300323,0.4793562129740292,2.111245771585437,True,1491534985.8369813,0.0,True,536030867.676578,536030867.6765779,1185513850.6278994,0.0,2e79f28c7a72daca,3c8a7e96cfa669dc,,native,0.9914814402591023,-0.8518559740897658,1294154012.0869985,1286777035.528772,1358694507.6124406,1286777035.528772,ewma,1.416282721229418,1.4244021421903594,1.3490066793229163,1.4244021421903594
memory_um,0,1,1,independent,lightgbm,robustness_extension,1848635679.4026902,1848635679.4026902,4323715572.058664,0.4054405889542396,2.129385065477079,True,1491534985.8369813,1491534985.8369813,False,506790526.9619207,506790526.9619206,1186296378.234332,0.0,2e79f28c7a72daca,3c8a7e96cfa669dc,,native,1.0,0.0,1294154012.0869985,1286777035.528772,1358694507.6124406,1286777035.528772,ewma,1.42845106698044,1.4366402479688603,1.3605970062035477,1.4366402479688603
memory_um,0,1,1,bottom_up,lightgbm,robustness_extension,2075080793.3826785,2075080793.3826785,4039951599.535236,0.48092113289936866,2.3902200419041493,True,1491534985.8369813,0.0,True,506790526.9619207,506790526.9619206,1186296378.234332,0.0,2e79f28c7a72daca,3c8a7e96cfa669dc,,native,1.122493099372157,12.249309937215692,1294154012.0869985,1286777035.528772,1358694507.6124406,1286777035.528772,ewma,1.6034264654763384,1.61261876462535,1.527260750489898,1.61261876462535
memory_um,0,1,1,wls,lightgbm,robustness_extension,1868845404.0685003,1868845404.0685003,4018469300.736752,0.48642682251312297,2.152664009165261,True,1491534985.8369813,0.0,True,522887013.1767534,522887013.1767534,1185538040.141952,0.0,2e79f28c7a72daca,3c8a7e96cfa669dc,,native,1.0109322376988525,1.0932237698852543,1294154012.0869985,1286777035.528772,1358694507.6124406,1286777035.528772,ewma,1.4440672335858498,1.4523459406473944,1.3754713760877122,1.4523459406473944
memory_um,0,1,1,mint,lightgbm,robustness_extension,1832887965.9285433,1832887965.9285433,4046036843.300323,0.4793562129740292,2.111245771585437,True,1491534985.8369813,0.0,True,536030867.676578,536030867.6765779,1185513850.6278994,0.0,2e79f28c7a72daca,3c8a7e96cfa669dc,,native,0.9914814402591023,-0.8518559740897658,1294154012.0869985,1286777035.528772,1358694507.6124406,1286777035.528772,ewma,1.416282721229418,1.4244021421903594,1.3490066793229163,1.4244021421903594
memory_um,0,1,2,independent,lightgbm,robustness_extension,1848635679.4026902,1848635679.4026902,4323715572.058664,0.4054405889542396,2.129385065477079,True,1491534985.8369813,1491534985.8369813,False,506790526.9619207,506790526.9619206,1186296378.234332,0.0,2e79f28c7a72daca,3c8a7e96cfa669dc,,native,1.0,0.0,1294154012.0869985,1286777035.528772,1358694507.6124406,1286777035.528772,ewma,1.42845106698044,1.4366402479688603,1.3605970062035477,1.4366402479688603
memory_um,0,1,2,bottom_up,lightgbm,robustness_extension,2075080793.3826785,2075080793.3826785,4039951599.535236,0.48092113289936866,2.3902200419041493,True,1491534985.8369813,0.0,True,506790526.9619207,506790526.9619206,1186296378.234332,0.0,2e79f28c7a72daca,3c8a7e96cfa669dc,,native,1.122493099372157,12.249309937215692,1294154012.0869985,1286777035.528772,1358694507.6124406,1286777035.528772,ewma,1.6034264654763384,1.61261876462535,1.527260750489898,1.61261876462535
memory_um,0,1,2,wls,lightgbm,robustness_extension,1868845404.0685003,1868845404.0685003,4018469300.736752,0.48642682251312297,2.152664009165261,True,1491534985.8369813,0.0,True,522887013.1767534,522887013.1767534,1185538040.141952,0.0,2e79f28c7a72daca,3c8a7e96cfa669dc,,native,1.0109322376988525,1.0932237698852543,1294154012.0869985,1286777035.528772,1358694507.6124406,1286777035.528772,ewma,1.4440672335858498,1.4523459406473944,1.3754713760877122,1.4523459406473944
memory_um,0,1,2,mint,lightgbm,robustness_extension,1832887965.9285433,1832887965.9285433,4046036843.300323,0.4793562129740292,2.111245771585437,True,1491534985.8369813,0.0,True,536030867.676578,536030867.6765779,1185513850.6278994,0.0,2e79f28c7a72daca,3c8a7e96cfa669dc,,native,0.9914814402591023,-0.8518559740897658,1294154012.0869985,1286777035.528772,1358694507.6124406,1286777035.528772,ewma,1.416282721229418,1.4244021421903594,1.3490066793229163,1.4244021421903594
memory_um,0,8,0,independent,lightgbm,experiment-freeze-v2:memory_classical,1526324191.3500135,1526324191.3500135,4156822097.374131,0.44900834492374464,1.7567630831554606,True,1792691829.1344185,1792691829.1344185,False,506382941.607602,506382941.607602,1174995716.2805135,0.0,7b05550d9de97f51,3c8a7e96cfa669dc,,native,1.0,0.0,1291570370.298706,1284254786.1130323,1357156730.239117,1284254786.1130323,ewma,1.1817584441775442,1.188490171774743,1.1246484339956013,1.188490171774743
memory_um,0,8,0,bottom_up,lightgbm,experiment-freeze-v2:memory_classical,2008866215.1720126,2008866215.1720126,4015877007.333356,0.48573975547747794,2.3121575519883373,True,1792691829.1344185,0.0,True,506382941.607602,506382941.607602,1174995716.2805135,0.0,7b05550d9de97f51,3c8a7e96cfa669dc,,native,1.316146482219611,31.614648221961094,1291570370.298706,1284254786.1130323,1357156730.239117,1284254786.1130323,ewma,1.5553672191375953,1.564227158733909,1.480202080137105,1.564227158733909
memory_um,0,8,0,wls,lightgbm,experiment-freeze-v2:memory_classical,1616183556.0337863,1616183556.0337863,3909966922.8952174,0.5125070807105921,1.860189088880122,True,1792691829.1344185,0.0,True,535715187.2514022,535715187.2514022,1158612420.2120178,0.0,7b05550d9de97f51,3c8a7e96cfa669dc,,native,1.0588730527846075,5.887305278460753,1291570370.298706,1284254786.1130323,1357156730.239117,1284254786.1130323,ewma,1.2513321714402645,1.2584602163916245,1.1908599206143504,1.2584602163916245
memory_um,0,8,0,mint,lightgbm,experiment-freeze-v2:memory_classical,1758572960.419478,1758572960.419478,3929155369.1425643,0.5077105260860358,2.024075929221706,True,1792691829.1344185,0.0,True,528429739.88751686,528429739.8875168,1165246761.1729977,0.0,7b05550d9de97f51,3c8a7e96cfa669dc,,native,1.1521621490281455,15.216214902814551,1291570370.298706,1284254786.1130323,1357156730.239117,1284254786.1130323,ewma,1.361577348675757,1.3693333904108176,1.2957773566135105,1.3693333904108176
memory_um,0,8,1,independent,lightgbm,robustness_extension,1526324191.3500135,1526324191.3500135,4156822097.374131,0.44900834492374464,1.7567630831554606,True,1792691829.1344185,1792691829.1344185,False,506382941.607602,506382941.607602,1174995716.2805135,0.0,7b05550d9de97f51,3c8a7e96cfa669dc,,native,1.0,0.0,1291570370.298706,1284254786.1130323,1357156730.239117,1284254786.1130323,ewma,1.1817584441775442,1.188490171774743,1.1246484339956013,1.188490171774743
memory_um,0,8,1,bottom_up,lightgbm,robustness_extension,2008866215.1720126,2008866215.1720126,4015877007.333356,0.48573975547747794,2.3121575519883373,True,1792691829.1344185,0.0,True,506382941.607602,506382941.607602,1174995716.2805135,0.0,7b05550d9de97f51,3c8a7e96cfa669dc,,native,1.316146482219611,31.614648221961094,1291570370.298706,1284254786.1130323,1357156730.239117,1284254786.1130323,ewma,1.5553672191375953,1.564227158733909,1.480202080137105,1.564227158733909
memory_um,0,8,1,wls,lightgbm,robustness_extension,1616183556.0337863,1616183556.0337863,3909966922.8952174,0.5125070807105921,1.860189088880122,True,1792691829.1344185,0.0,True,535715187.2514022,535715187.2514022,1158612420.2120178,0.0,7b05550d9de97f51,3c8a7e96cfa669dc,,native,1.0588730527846075,5.887305278460753,1291570370.298706,1284254786.1130323,1357156730.239117,1284254786.1130323,ewma,1.2513321714402645,1.2584602163916245,1.1908599206143504,1.2584602163916245
memory_um,0,8,1,mint,lightgbm,robustness_extension,1758572960.419478,1758572960.419478,3929155369.1425643,0.5077105260860358,2.024075929221706,True,1792691829.1344185,0.0,True,528429739.88751686,528429739.8875168,1165246761.1729977,0.0,7b05550d9de97f51,3c8a7e96cfa669dc,,native,1.1521621490281455,15.216214902814551,1291570370.298706,1284254786.1130323,1357156730.239117,1284254786.1130323,ewma,1.361577348675757,1.3693333904108176,1.2957773566135105,1.3693333904108176
memory_um,0,8,2,independent,lightgbm,robustness_extension,1526324191.3500135,1526324191.3500135,4156822097.374131,0.44900834492374464,1.7567630831554606,True,1792691829.1344185,1792691829.1344185,False,506382941.607602,506382941.607602,1174995716.2805135,0.0,7b05550d9de97f51,3c8a7e96cfa669dc,,native,1.0,0.0,1291570370.298706,1284254786.1130323,1357156730.239117,1284254786.1130323,ewma,1.1817584441775442,1.188490171774743,1.1246484339956013,1.188490171774743
memory_um,0,8,2,bottom_up,lightgbm,robustness_extension,2008866215.1720126,2008866215.1720126,4015877007.333356,0.48573975547747794,2.3121575519883373,True,1792691829.1344185,0.0,True,506382941.607602,506382941.607602,1174995716.2805135,0.0,7b05550d9de97f51,3c8a7e96cfa669dc,,native,1.316146482219611,31.614648221961094,1291570370.298706,1284254786.1130323,1357156730.239117,1284254786.1130323,ewma,1.5553672191375953,1.564227158733909,1.480202080137105,1.564227158733909
memory_um,0,8,2,wls,lightgbm,robustness_extension,1616183556.0337863,1616183556.0337863,3909966922.8952174,0.5125070807105921,1.860189088880122,True,1792691829.1344185,0.0,True,535715187.2514022,535715187.2514022,1158612420.2120178,0.0,7b05550d9de97f51,3c8a7e96cfa669dc,,native,1.0588730527846075,5.887305278460753,1291570370.298706,1284254786.1130323,1357156730.239117,1284254786.1130323,ewma,1.2513321714402645,1.2584602163916245,1.1908599206143504,1.2584602163916245
memory_um,0,8,2,mint,lightgbm,robustness_extension,1758572960.419478,1758572960.419478,3929155369.1425643,0.5077105260860358,2.024075929221706,True,1792691829.1344185,0.0,True,528429739.88751686,528429739.8875168,1165246761.1729977,0.0,7b05550d9de97f51,3c8a7e96cfa669dc,,native,1.1521621490281455,15.216214902814551,1291570370.298706,1284254786.1130323,1357156730.239117,1284254786.1130323,ewma,1.361577348675757,1.3693333904108176,1.2957773566135105,1.3693333904108176
memory_um,0,16,0,independent,lightgbm,experiment-freeze-v2:memory_classical,1735274052.5911322,1735274052.5911322,4301279139.397329,0.4060964618241222,1.9955548041542128,True,1522331834.1169596,1522331834.1169596,False,493552141.9963023,493552141.9963023,1183450473.6562254,0.0,3a519968a90eeed9,3c8a7e96cfa669dc,,native,1.0,0.0,1285438902.927975,1278392838.9775565,1353419666.8608923,1278392838.9775565,ewma,1.3499467369771694,1.3573871815325436,1.2821404144480248,1.3573871815325436
memory_um,0,16,0,bottom_up,lightgbm,experiment-freeze-v2:memory_classical,2111881147.9847877,2111881147.9847877,4078663998.0068183,0.4659812377214966,2.4286507162201856,True,1522331834.1169596,0.0,True,493552141.9963023,493552141.9963023,1183450473.6562254,0.0,3a519968a90eeed9,3c8a7e96cfa669dc,,native,1.2170303271873981,21.703032718739813,1285438902.927975,1278392838.9775565,1353419666.8608923,1278392838.9775565,ewma,1.6429261189888849,1.6519813656605316,1.5604037680958658,1.6519813656605316
memory_um,0,16,0,wls,lightgbm,experiment-freeze-v2:memory_classical,1841620625.6393313,1841620625.6393313,4042856867.8920226,0.47531652174560757,2.1178527284704214,True,1522331834.1169596,0.0,True,517959041.81285065,517959041.8128506,1174124004.24636,0.0,3a519968a90eeed9,3c8a7e96cfa669dc,,native,1.0612851744595624,6.128517445956239,1285438902.927975,1278392838.9775565,1353419666.8608923,1278392838.9775565,ewma,1.432678458263932,1.440574891761939,1.3607166134291275,1.440574891761939
memory_um,0,16,0,mint,lightgbm,experiment-freeze-v2:memory_classical,1896120912.491208,1896120912.491208,4034794595.916802,0.4774070845152656,2.180527733085771,True,1522331834.1169596,0.0,True,514972121.9736704,514972121.97367036,1178029089.1527336,0.0,3a519968a90eeed9,3c8a7e96cfa669dc,,native,1.0926924825850404,9.269248258504037,1285438902.927975,1278392838.9775565,1353419666.8608923,1278392838.9775565,ewma,1.4750766513851576,1.4832067692179058,1.4009851924858248,1.4832067692179058
memory_um,0,16,1,independent,lightgbm,robustness_extension,1735274052.5911322,1735274052.5911322,4301279139.397329,0.4060964618241222,1.9955548041542128,True,1522331834.1169596,1522331834.1169596,False,493552141.9963023,493552141.9963023,1183450473.6562254,0.0,3a519968a90eeed9,3c8a7e96cfa669dc,,native,1.0,0.0,1285438902.927975,1278392838.9775565,1353419666.8608923,1278392838.9775565,ewma,1.3499467369771694,1.3573871815325436,1.2821404144480248,1.3573871815325436
memory_um,0,16,1,bottom_up,lightgbm,robustness_extension,2111881147.9847877,2111881147.9847877,4078663998.0068183,0.4659812377214966,2.4286507162201856,True,1522331834.1169596,0.0,True,493552141.9963023,493552141.9963023,1183450473.6562254,0.0,3a519968a90eeed9,3c8a7e96cfa669dc,,native,1.2170303271873981,21.703032718739813,1285438902.927975,1278392838.9775565,1353419666.8608923,1278392838.9775565,ewma,1.6429261189888849,1.6519813656605316,1.5604037680958658,1.6519813656605316
memory_um,0,16,1,wls,lightgbm,robustness_extension,1841620625.6393313,1841620625.6393313,4042856867.8920226,0.47531652174560757,2.1178527284704214,True,1522331834.1169596,0.0,True,517959041.81285065,517959041.8128506,1174124004.24636,0.0,3a519968a90eeed9,3c8a7e96cfa669dc,,native,1.0612851744595624,6.128517445956239,1285438902.927975,1278392838.9775565,1353419666.8608923,1278392838.9775565,ewma,1.432678458263932,1.440574891761939,1.3607166134291275,1.440574891761939
memory_um,0,16,1,mint,lightgbm,robustness_extension,1896120912.491208,1896120912.491208,4034794595.916802,0.4774070845152656,2.180527733085771,True,1522331834.1169596,0.0,True,514972121.9736704,514972121.97367036,1178029089.1527336,0.0,3a519968a90eeed9,3c8a7e96cfa669dc,,native,1.0926924825850404,9.269248258504037,1285438902.927975,1278392838.9775565,1353419666.8608923,1278392838.9775565,ewma,1.4750766513851576,1.4832067692179058,1.4009851924858248,1.4832067692179058
memory_um,0,16,2,independent,lightgbm,robustness_extension,1735274052.5911322,1735274052.5911322,4301279139.397329,0.4060964618241222,1.9955548041542128,True,1522331834.1169596,1522331834.1169596,False,493552141.9963023,493552141.9963023,1183450473.6562254,0.0,3a519968a90eeed9,3c8a7e96cfa669dc,,native,1.0,0.0,1285438902.927975,1278392838.9775565,1353419666.8608923,1278392838.9775565,ewma,1.3499467369771694,1.3573871815325436,1.2821404144480248,1.3573871815325436
memory_um,0,16,2,bottom_up,lightgbm,robustness_extension,2111881147.9847877,2111881147.9847877,4078663998.0068183,0.4659812377214966,2.4286507162201856,True,1522331834.1169596,0.0,True,493552141.9963023,493552141.9963023,1183450473.6562254,0.0,3a519968a90eeed9,3c8a7e96cfa669dc,,native,1.2170303271873981,21.703032718739813,1285438902.927975,1278392838.9775565,1353419666.8608923,1278392838.9775565,ewma,1.6429261189888849,1.6519813656605316,1.5604037680958658,1.6519813656605316
memory_um,0,16,2,wls,lightgbm,robustness_extension,1841620625.6393313,1841620625.6393313,4042856867.8920226,0.47531652174560757,2.1178527284704214,True,1522331834.1169596,0.0,True,517959041.81285065,517959041.8128506,1174124004.24636,0.0,3a519968a90eeed9,3c8a7e96cfa669dc,,native,1.0612851744595624,6.128517445956239,1285438902.927975,1278392838.9775565,1353419666.8608923,1278392838.9775565,ewma,1.432678458263932,1.440574891761939,1.3607166134291275,1.440574891761939
memory_um,0,16,2,mint,lightgbm,robustness_extension,1896120912.491208,1896120912.491208,4034794595.916802,0.4774070845152656,2.180527733085771,True,1522331834.1169596,0.0,True,514972121.9736704,514972121.97367036,1178029089.1527336,0.0,3a519968a90eeed9,3c8a7e96cfa669dc,,native,1.0926924825850404,9.269248258504037,1285438902.927975,1278392838.9775565,1353419666.8608923,1278392838.9775565,ewma,1.4750766513851576,1.4832067692179058,1.4009851924858248,1.4832067692179058
memory_um,1,1,0,independent,lightgbm,experiment-freeze-v2:memory_classical,1352577183.8579013,1352577183.8579013,2924283422.8991084,0.5202164529748255,1.3861010834905192,True,732754784.1564883,732754784.1564883,False,238395087.0982274,238395087.09822738,792462122.9281087,0.0,0ff0f60f28b84986,3c8a7e96cfa669dc,,native,1.0,0.0,843922661.6452392,834534180.4979616,834422178.6472346,834422178.6472346,ridge,1.602726464556637,1.6207570827726032,1.6209746318712426,1.6209746318712426
memory_um,1,1,0,bottom_up,lightgbm,experiment-freeze-v2:memory_classical,1196299637.4371316,1196299637.4371316,2699479798.417308,0.5911475639876795,1.2259501664084917,True,732754784.1564883,0.0,True,238395087.0982274,238395087.09822738,792462122.9281087,0.0,0ff0f60f28b84986,3c8a7e96cfa669dc,,native,0.88445942435978,-11.554057564022003,843922661.6452392,834534180.4979616,834422178.6472346,834422178.6472346,ridge,1.4175465262479485,1.4334938764560927,1.4336862898066456,1.4336862898066456
memory_um,1,1,0,wls,lightgbm,experiment-freeze-v2:memory_classical,1221869948.1311007,1221869948.1311007,2716171174.750314,0.586075914364695,1.252154242435419,True,732754784.1564883,0.0,True,246352054.7894912,246352054.78949118,802856518.267588,0.0,0ff0f60f28b84986,3c8a7e96cfa669dc,,native,0.9033643053522538,-9.663569464774625,843922661.6452392,834534180.4979616,834422178.6472346,834422178.6472346,ridge,1.44784587932388,1.4641340962236178,1.4643306223139905,1.4643306223139905
memory_um,1,1,0,mint,lightgbm,experiment-freeze-v2:memory_classical,1220404550.4824648,1220404550.4824648,2714467567.797635,0.5865949853379399,1.2506525246090654,True,732754784.1564883,0.0,True,246949233.4340988,246949233.43409884,799701665.3748889,0.0,0ff0f60f28b84986,3c8a7e96cfa669dc,,native,0.9022808938722108,-9.771910612778923,843922661.6452392,834534180.4979616,834422178.6472346,834422178.6472346,ridge,1.4461094670728105,1.462378149393781,1.4625744397889626,1.4625744397889626
memory_um,1,1,1,independent,lightgbm,robustness_extension,1352577183.8579013,1352577183.8579013,2924283422.8991084,0.5202164529748255,1.3861010834905192,True,732754784.1564883,732754784.1564883,False,238395087.0982274,238395087.09822738,792462122.9281087,0.0,0ff0f60f28b84986,3c8a7e96cfa669dc,,native,1.0,0.0,843922661.6452392,834534180.4979616,834422178.6472346,834422178.6472346,ridge,1.602726464556637,1.6207570827726032,1.6209746318712426,1.6209746318712426
memory_um,1,1,1,bottom_up,lightgbm,robustness_extension,1196299637.4371316,1196299637.4371316,2699479798.417308,0.5911475639876795,1.2259501664084917,True,732754784.1564883,0.0,True,238395087.0982274,238395087.09822738,792462122.9281087,0.0,0ff0f60f28b84986,3c8a7e96cfa669dc,,native,0.88445942435978,-11.554057564022003,843922661.6452392,834534180.4979616,834422178.6472346,834422178.6472346,ridge,1.4175465262479485,1.4334938764560927,1.4336862898066456,1.4336862898066456
memory_um,1,1,1,wls,lightgbm,robustness_extension,1221869948.1311007,1221869948.1311007,2716171174.750314,0.586075914364695,1.252154242435419,True,732754784.1564883,0.0,True,246352054.7894912,246352054.78949118,802856518.267588,0.0,0ff0f60f28b84986,3c8a7e96cfa669dc,,native,0.9033643053522538,-9.663569464774625,843922661.6452392,834534180.4979616,834422178.6472346,834422178.6472346,ridge,1.44784587932388,1.4641340962236178,1.4643306223139905,1.4643306223139905
memory_um,1,1,1,mint,lightgbm,robustness_extension,1220404550.4824648,1220404550.4824648,2714467567.797635,0.5865949853379399,1.2506525246090654,True,732754784.1564883,0.0,True,246949233.4340988,246949233.43409884,799701665.3748889,0.0,0ff0f60f28b84986,3c8a7e96cfa669dc,,native,0.9022808938722108,-9.771910612778923,843922661.6452392,834534180.4979616,834422178.6472346,834422178.6472346,ridge,1.4461094670728105,1.462378149393781,1.4625744397889626,1.4625744397889626
memory_um,1,1,2,independent,lightgbm,robustness_extension,1352577183.8579013,1352577183.8579013,2924283422.8991084,0.5202164529748255,1.3861010834905192,True,732754784.1564883,732754784.1564883,False,238395087.0982274,238395087.09822738,792462122.9281087,0.0,0ff0f60f28b84986,3c8a7e96cfa669dc,,native,1.0,0.0,843922661.6452392,834534180.4979616,834422178.6472346,834422178.6472346,ridge,1.602726464556637,1.6207570827726032,1.6209746318712426,1.6209746318712426
memory_um,1,1,2,bottom_up,lightgbm,robustness_extension,1196299637.4371316,1196299637.4371316,2699479798.417308,0.5911475639876795,1.2259501664084917,True,732754784.1564883,0.0,True,238395087.0982274,238395087.09822738,792462122.9281087,0.0,0ff0f60f28b84986,3c8a7e96cfa669dc,,native,0.88445942435978,-11.554057564022003,843922661.6452392,834534180.4979616,834422178.6472346,834422178.6472346,ridge,1.4175465262479485,1.4334938764560927,1.4336862898066456,1.4336862898066456
memory_um,1,1,2,wls,lightgbm,robustness_extension,1221869948.1311007,1221869948.1311007,2716171174.750314,0.586075914364695,1.252154242435419,True,732754784.1564883,0.0,True,246352054.7894912,246352054.78949118,802856518.267588,0.0,0ff0f60f28b84986,3c8a7e96cfa669dc,,native,0.9033643053522538,-9.663569464774625,843922661.6452392,834534180.4979616,834422178.6472346,834422178.6472346,ridge,1.44784587932388,1.4641340962236178,1.4643306223139905,1.4643306223139905
memory_um,1,1,2,mint,lightgbm,robustness_extension,1220404550.4824648,1220404550.4824648,2714467567.797635,0.5865949853379399,1.2506525246090654,True,732754784.1564883,0.0,True,246949233.4340988,246949233.43409884,799701665.3748889,0.0,0ff0f60f28b84986,3c8a7e96cfa669dc,,native,0.9022808938722108,-9.771910612778923,843922661.6452392,834534180.4979616,834422178.6472346,834422178.6472346,ridge,1.4461094670728105,1.462378149393781,1.4625744397889626,1.4625744397889626
memory_um,1,8,0,independent,lightgbm,experiment-freeze-v2:memory_classical,1349230704.7903304,1349230704.7903304,2943535599.797134,0.5142099248661095,1.38234083061477,True,799168503.5116102,799168503.5116102,False,255925025.03682604,255925025.03682598,861639278.7633283,0.0,2109e96d41daa986,3c8a7e96cfa669dc,,native,1.0,0.0,844465442.1477809,835071934.4879591,835005834.3233938,835005834.3233938,ridge,1.5977334742778213,1.615705963843268,1.6158338652610895,1.6158338652610895
memory_um,1,8,0,bottom_up,lightgbm,experiment-freeze-v2:memory_classical,1340514100.6138046,1340514100.6138046,2774377876.626428,0.568439907181272,1.3734103209437858,True,799168503.5116102,0.0,True,255925025.03682604,255925025.03682598,861639278.7633283,0.0,2109e96d41daa986,3c8a7e96cfa669dc,,native,0.9935395747031414,-0.6460425296858641,844465442.1477809,835071934.4879591,835005834.3233938,835005834.3233938,ridge,1.587411436522959,1.6052678161621696,1.605394891282436,1.605394891282436
memory_um,1,8,0,wls,lightgbm,experiment-freeze-v2:memory_classical,1316136713.382926,1316136713.382926,2765302037.658872,0.5712588190993348,1.3484347125520488,True,799168503.5116102,0.0,True,260569657.43985084,260569657.43985087,854592106.592839,0.0,2109e96d41daa986,3c8a7e96cfa669dc,,native,0.9754719550259959,-2.452804497400407,844465442.1477809,835071934.4879591,835005834.3233938,835005834.3233938,ridge,1.558544195764263,1.5760758552973537,1.5762006195434468,1.5762006195434468
memory_um,1,8,0,mint,lightgbm,experiment-freeze-v2:memory_classical,1316686002.217671,1316686002.217671,2764486141.1412177,0.5715117801333117,1.3489974809365608,True,799168503.5116102,0.0,True,261977288.54998517,261977288.54998517,855531821.3243225,0.0,2109e96d41daa986,3c8a7e96cfa669dc,,native,0.975879067636756,-2.4120932363243974,844465442.1477809,835071934.4879591,835005834.3233938,835005834.3233938,ridge,1.5591946532102752,1.5767336295705148,1.5768584458868877,1.5768584458868877
memory_um,1,8,1,independent,lightgbm,robustness_extension,1349230704.7903304,1349230704.7903304,2943535599.797134,0.5142099248661095,1.38234083061477,True,799168503.5116102,799168503.5116102,False,255925025.03682604,255925025.03682598,861639278.7633283,0.0,2109e96d41daa986,3c8a7e96cfa669dc,,native,1.0,0.0,844465442.1477809,835071934.4879591,835005834.3233938,835005834.3233938,ridge,1.5977334742778213,1.615705963843268,1.6158338652610895,1.6158338652610895
memory_um,1,8,1,bottom_up,lightgbm,robustness_extension,1340514100.6138046,1340514100.6138046,2774377876.626428,0.568439907181272,1.3734103209437858,True,799168503.5116102,0.0,True,255925025.03682604,255925025.03682598,861639278.7633283,0.0,2109e96d41daa986,3c8a7e96cfa669dc,,native,0.9935395747031414,-0.6460425296858641,844465442.1477809,835071934.4879591,835005834.3233938,835005834.3233938,ridge,1.587411436522959,1.6052678161621696,1.605394891282436,1.605394891282436
memory_um,1,8,1,wls,lightgbm,robustness_extension,1316136713.382926,1316136713.382926,2765302037.658872,0.5712588190993348,1.3484347125520488,True,799168503.5116102,0.0,True,260569657.43985084,260569657.43985087,854592106.592839,0.0,2109e96d41daa986,3c8a7e96cfa669dc,,native,0.9754719550259959,-2.452804497400407,844465442.1477809,835071934.4879591,835005834.3233938,835005834.3233938,ridge,1.558544195764263,1.5760758552973537,1.5762006195434468,1.5762006195434468
memory_um,1,8,1,mint,lightgbm,robustness_extension,1316686002.217671,1316686002.217671,2764486141.1412177,0.5715117801333117,1.3489974809365608,True,799168503.5116102,0.0,True,261977288.54998517,261977288.54998517,855531821.3243225,0.0,2109e96d41daa986,3c8a7e96cfa669dc,,native,0.975879067636756,-2.4120932363243974,844465442.1477809,835071934.4879591,835005834.3233938,835005834.3233938,ridge,1.5591946532102752,1.5767336295705148,1.5768584458868877,1.5768584458868877
memory_um,1,8,2,independent,lightgbm,robustness_extension,1349230704.7903304,1349230704.7903304,2943535599.797134,0.5142099248661095,1.38234083061477,True,799168503.5116102,799168503.5116102,False,255925025.03682604,255925025.03682598,861639278.7633283,0.0,2109e96d41daa986,3c8a7e96cfa669dc,,native,1.0,0.0,844465442.1477809,835071934.4879591,835005834.3233938,835005834.3233938,ridge,1.5977334742778213,1.615705963843268,1.6158338652610895,1.6158338652610895
memory_um,1,8,2,bottom_up,lightgbm,robustness_extension,1340514100.6138046,1340514100.6138046,2774377876.626428,0.568439907181272,1.3734103209437858,True,799168503.5116102,0.0,True,255925025.03682604,255925025.03682598,861639278.7633283,0.0,2109e96d41daa986,3c8a7e96cfa669dc,,native,0.9935395747031414,-0.6460425296858641,844465442.1477809,835071934.4879591,835005834.3233938,835005834.3233938,ridge,1.587411436522959,1.6052678161621696,1.605394891282436,1.605394891282436
memory_um,1,8,2,wls,lightgbm,robustness_extension,1316136713.382926,1316136713.382926,2765302037.658872,0.5712588190993348,1.3484347125520488,True,799168503.5116102,0.0,True,260569657.43985084,260569657.43985087,854592106.592839,0.0,2109e96d41daa986,3c8a7e96cfa669dc,,native,0.9754719550259959,-2.452804497400407,844465442.1477809,835071934.4879591,835005834.3233938,835005834.3233938,ridge,1.558544195764263,1.5760758552973537,1.5762006195434468,1.5762006195434468
memory_um,1,8,2,mint,lightgbm,robustness_extension,1316686002.217671,1316686002.217671,2764486141.1412177,0.5715117801333117,1.3489974809365608,True,799168503.5116102,0.0,True,261977288.54998517,261977288.54998517,855531821.3243225,0.0,2109e96d41daa986,3c8a7e96cfa669dc,,native,0.975879067636756,-2.4120932363243974,844465442.1477809,835071934.4879591,835005834.3233938,835005834.3233938,ridge,1.5591946532102752,1.5767336295705148,1.5768584458868877,1.5768584458868877
memory_um,1,16,0,independent,lightgbm,experiment-freeze-v2:memory_classical,1348125215.317614,1348125215.317614,2904450434.3747735,0.5274162681450507,1.3840078526185642,True,787283428.9104376,787283428.9104376,False,265230185.9482822,265230185.94828218,923669854.1910511,0.0,0a2622a38f712104,3c8a7e96cfa669dc,,native,1.0,0.0,844976853.3901465,835569802.7322348,835539072.0094448,835539072.0094448,ridge,1.5954581594854074,1.6134202204404362,1.6134795612554849,1.6134795612554849
memory_um,1,16,0,bottom_up,lightgbm,experiment-freeze-v2:memory_classical,1398288473.5837512,1398288473.5837512,2793189344.04618,0.5629294126501306,1.4355062910161505,True,787283428.9104376,0.0,True,265230185.9482822,265230185.94828218,923669854.1910511,0.0,0a2622a38f712104,3c8a7e96cfa669dc,,native,1.0372096432113087,3.7209643211308707,844976853.3901465,835569802.7322348,835539072.0094448,835539072.0094448,ridge,1.6548245883584307,1.6734550111929358,1.6735165600585404,1.6735165600585404
memory_um,1,16,0,wls,lightgbm,experiment-freeze-v2:memory_classical,1354999717.5109816,1354999717.5109816,2768824798.0696893,0.5705211511493335,1.3910653313381671,True,787283428.9104376,0.0,True,269224669.04179174,269224669.0417917,912366007.1556779,0.0,0a2622a38f712104,3c8a7e96cfa669dc,,native,1.0050993054022417,0.5099305402241683,844976853.3901465,835569802.7322348,835539072.0094448,835539072.0094448,ridge,1.603593887897122,1.6216475428866142,1.6217071862986017,1.6217071862986017
memory_um,1,16,0,mint,lightgbm,experiment-freeze-v2:memory_classical,1355061135.6553676,1355061135.6553676,2768814113.741959,0.5705244656847451,1.3911283842305526,True,787283428.9104376,0.0,True,271808252.7808545,271808252.78085446,914951920.4303038,0.0,0a2622a38f712104,3c8a7e96cfa669dc,,native,1.0051448635920066,0.514486359200661,844976853.3901465,835569802.7322348,835539072.0094448,835539072.0094448,ridge,1.6036665740827136,1.6217210473911872,1.621780693506635,1.621780693506635
memory_um,1,16,1,independent,lightgbm,robustness_extension,1348125215.317614,1348125215.317614,2904450434.3747735,0.5274162681450507,1.3840078526185642,True,787283428.9104376,787283428.9104376,False,265230185.9482822,265230185.94828218,923669854.1910511,0.0,0a2622a38f712104,3c8a7e96cfa669dc,,native,1.0,0.0,844976853.3901465,835569802.7322348,835539072.0094448,835539072.0094448,ridge,1.5954581594854074,1.6134202204404362,1.6134795612554849,1.6134795612554849
memory_um,1,16,1,bottom_up,lightgbm,robustness_extension,1398288473.5837512,1398288473.5837512,2793189344.04618,0.5629294126501306,1.4355062910161505,True,787283428.9104376,0.0,True,265230185.9482822,265230185.94828218,923669854.1910511,0.0,0a2622a38f712104,3c8a7e96cfa669dc,,native,1.0372096432113087,3.7209643211308707,844976853.3901465,835569802.7322348,835539072.0094448,835539072.0094448,ridge,1.6548245883584307,1.6734550111929358,1.6735165600585404,1.6735165600585404
memory_um,1,16,1,wls,lightgbm,robustness_extension,1354999717.5109816,1354999717.5109816,2768824798.0696893,0.5705211511493335,1.3910653313381671,True,787283428.9104376,0.0,True,269224669.04179174,269224669.0417917,912366007.1556779,0.0,0a2622a38f712104,3c8a7e96cfa669dc,,native,1.0050993054022417,0.5099305402241683,844976853.3901465,835569802.7322348,835539072.0094448,835539072.0094448,ridge,1.603593887897122,1.6216475428866142,1.6217071862986017,1.6217071862986017
memory_um,1,16,1,mint,lightgbm,robustness_extension,1355061135.6553676,1355061135.6553676,2768814113.741959,0.5705244656847451,1.3911283842305526,True,787283428.9104376,0.0,True,271808252.7808545,271808252.78085446,914951920.4303038,0.0,0a2622a38f712104,3c8a7e96cfa669dc,,native,1.0051448635920066,0.514486359200661,844976853.3901465,835569802.7322348,835539072.0094448,835539072.0094448,ridge,1.6036665740827136,1.6217210473911872,1.621780693506635,1.621780693506635
memory_um,1,16,2,independent,lightgbm,robustness_extension,1348125215.317614,1348125215.317614,2904450434.3747735,0.5274162681450507,1.3840078526185642,True,787283428.9104376,787283428.9104376,False,265230185.9482822,265230185.94828218,923669854.1910511,0.0,0a2622a38f712104,3c8a7e96cfa669dc,,native,1.0,0.0,844976853.3901465,835569802.7322348,835539072.0094448,835539072.0094448,ridge,1.5954581594854074,1.6134202204404362,1.6134795612554849,1.6134795612554849
memory_um,1,16,2,bottom_up,lightgbm,robustness_extension,1398288473.5837512,1398288473.5837512,2793189344.04618,0.5629294126501306,1.4355062910161505,True,787283428.9104376,0.0,True,265230185.9482822,265230185.94828218,923669854.1910511,0.0,0a2622a38f712104,3c8a7e96cfa669dc,,native,1.0372096432113087,3.7209643211308707,844976853.3901465,835569802.7322348,835539072.0094448,835539072.0094448,ridge,1.6548245883584307,1.6734550111929358,1.6735165600585404,1.6735165600585404
memory_um,1,16,2,wls,lightgbm,robustness_extension,1354999717.5109816,1354999717.5109816,2768824798.0696893,0.5705211511493335,1.3910653313381671,True,787283428.9104376,0.0,True,269224669.04179174,269224669.0417917,912366007.1556779,0.0,0a2622a38f712104,3c8a7e96cfa669dc,,native,1.0050993054022417,0.5099305402241683,844976853.3901465,835569802.7322348,835539072.0094448,835539072.0094448,ridge,1.603593887897122,1.6216475428866142,1.6217071862986017,1.6217071862986017
memory_um,1,16,2,mint,lightgbm,robustness_extension,1355061135.6553676,1355061135.6553676,2768814113.741959,0.5705244656847451,1.3911283842305526,True,787283428.9104376,0.0,True,271808252.7808545,271808252.78085446,914951920.4303038,0.0,0a2622a38f712104,3c8a7e96cfa669dc,,native,1.0051448635920066,0.514486359200661,844976853.3901465,835569802.7322348,835539072.0094448,835539072.0094448,ridge,1.6036665740827136,1.6217210473911872,1.621780693506635,1.621780693506635
memory_um,2,1,0,independent,lightgbm,experiment-freeze-v2:memory_classical,1263368437.7287288,1263368437.7287288,3282177545.055389,0.43492365924061904,1.1974902167084471,True,763501987.9491076,763501987.9491076,False,232768082.75907645,232768082.75907642,543885368.384455,0.0,3e8b1840556b1462,3c8a7e96cfa669dc,,native,1.0,0.0,1042314122.8689456,1034898874.6414587,1062872941.5920458,1034898874.6414587,ewma,1.2120803220542924,1.2207651092155487,1.1886354316597492,1.2207651092155487
memory_um,2,1,0,bottom_up,lightgbm,experiment-freeze-v2:memory_classical,1173657905.0886176,1173657905.0886176,3094112572.5729246,0.4978248646362631,1.1124576308339977,True,763501987.9491076,0.0,True,232768082.75907645,232768082.75907642,543885368.384455,0.0,3e8b1840556b1462,3c8a7e96cfa669dc,,native,0.9289909974311279,-7.10090025688721,1042314122.8689456,1034898874.6414587,1062872941.5920458,1034898874.6414587,ewma,1.1260117073518598,1.1340797964392724,1.1042316152395697,1.1340797964392724
memory_um,2,1,0,wls,lightgbm,experiment-freeze-v2:memory_classical,1167809504.6159296,1167809504.6159296,3087077321.2332864,0.5001059140201001,1.1069141946199132,True,763501987.9491076,0.0,True,240270211.25762352,240270211.25762346,557938720.5242872,0.0,3e8b1840556b1462,3c8a7e96cfa669dc,,native,0.9243617853200495,-7.563821467995046,1042314122.8689456,1034898874.6414587,1062872941.5920458,1034898874.6414587,ewma,1.1204007304454062,1.1284286158109098,1.0987291697036736,1.1284286158109098
memory_um,2,1,0,mint,lightgbm,experiment-freeze-v2:memory_classical,1166472261.9314036,1166472261.9314036,3083176972.3320374,0.501368292275794,1.1056466823216293,True,763501987.9491076,0.0,True,234949607.09311682,234949607.09311682,549081040.4288753,0.0,3e8b1840556b1462,3c8a7e96cfa669dc,,native,0.9233033112877791,-7.669668871222091,1042314122.8689456,1034898874.6414587,1062872941.5920458,1034898874.6414587,ewma,1.1191177748994858,1.1271364676433033,1.0974710299654251,1.1271364676433033
memory_um,2,1,1,independent,lightgbm,robustness_extension,1263368437.7287288,1263368437.7287288,3282177545.055389,0.43492365924061904,1.1974902167084471,True,763501987.9491076,763501987.9491076,False,232768082.75907645,232768082.75907642,543885368.384455,0.0,3e8b1840556b1462,3c8a7e96cfa669dc,,native,1.0,0.0,1042314122.8689456,1034898874.6414587,1062872941.5920458,1034898874.6414587,ewma,1.2120803220542924,1.2207651092155487,1.1886354316597492,1.2207651092155487
memory_um,2,1,1,bottom_up,lightgbm,robustness_extension,1173657905.0886176,1173657905.0886176,3094112572.5729246,0.4978248646362631,1.1124576308339977,True,763501987.9491076,0.0,True,232768082.75907645,232768082.75907642,543885368.384455,0.0,3e8b1840556b1462,3c8a7e96cfa669dc,,native,0.9289909974311279,-7.10090025688721,1042314122.8689456,1034898874.6414587,1062872941.5920458,1034898874.6414587,ewma,1.1260117073518598,1.1340797964392724,1.1042316152395697,1.1340797964392724
memory_um,2,1,1,wls,lightgbm,robustness_extension,1167809504.6159296,1167809504.6159296,3087077321.2332864,0.5001059140201001,1.1069141946199132,True,763501987.9491076,0.0,True,240270211.25762352,240270211.25762346,557938720.5242872,0.0,3e8b1840556b1462,3c8a7e96cfa669dc,,native,0.9243617853200495,-7.563821467995046,1042314122.8689456,1034898874.6414587,1062872941.5920458,1034898874.6414587,ewma,1.1204007304454062,1.1284286158109098,1.0987291697036736,1.1284286158109098
memory_um,2,1,1,mint,lightgbm,robustness_extension,1166472261.9314036,1166472261.9314036,3083176972.3320374,0.501368292275794,1.1056466823216293,True,763501987.9491076,0.0,True,234949607.09311682,234949607.09311682,549081040.4288753,0.0,3e8b1840556b1462,3c8a7e96cfa669dc,,native,0.9233033112877791,-7.669668871222091,1042314122.8689456,1034898874.6414587,1062872941.5920458,1034898874.6414587,ewma,1.1191177748994858,1.1271364676433033,1.0974710299654251,1.1271364676433033
memory_um,2,1,2,independent,lightgbm,robustness_extension,1263368437.7287288,1263368437.7287288,3282177545.055389,0.43492365924061904,1.1974902167084471,True,763501987.9491076,763501987.9491076,False,232768082.75907645,232768082.75907642,543885368.384455,0.0,3e8b1840556b1462,3c8a7e96cfa669dc,,native,1.0,0.0,1042314122.8689456,1034898874.6414587,1062872941.5920458,1034898874.6414587,ewma,1.2120803220542924,1.2207651092155487,1.1886354316597492,1.2207651092155487
memory_um,2,1,2,bottom_up,lightgbm,robustness_extension,1173657905.0886176,1173657905.0886176,3094112572.5729246,0.4978248646362631,1.1124576308339977,True,763501987.9491076,0.0,True,232768082.75907645,232768082.75907642,543885368.384455,0.0,3e8b1840556b1462,3c8a7e96cfa669dc,,native,0.9289909974311279,-7.10090025688721,1042314122.8689456,1034898874.6414587,1062872941.5920458,1034898874.6414587,ewma,1.1260117073518598,1.1340797964392724,1.1042316152395697,1.1340797964392724
memory_um,2,1,2,wls,lightgbm,robustness_extension,1167809504.6159296,1167809504.6159296,3087077321.2332864,0.5001059140201001,1.1069141946199132,True,763501987.9491076,0.0,True,240270211.25762352,240270211.25762346,557938720.5242872,0.0,3e8b1840556b1462,3c8a7e96cfa669dc,,native,0.9243617853200495,-7.563821467995046,1042314122.8689456,1034898874.6414587,1062872941.5920458,1034898874.6414587,ewma,1.1204007304454062,1.1284286158109098,1.0987291697036736,1.1284286158109098
memory_um,2,1,2,mint,lightgbm,robustness_extension,1166472261.9314036,1166472261.9314036,3083176972.3320374,0.501368292275794,1.1056466823216293,True,763501987.9491076,0.0,True,234949607.09311682,234949607.09311682,549081040.4288753,0.0,3e8b1840556b1462,3c8a7e96cfa669dc,,native,0.9233033112877791,-7.669668871222091,1042314122.8689456,1034898874.6414587,1062872941.5920458,1034898874.6414587,ewma,1.1191177748994858,1.1271364676433033,1.0974710299654251,1.1271364676433033
memory_um,2,8,0,independent,lightgbm,experiment-freeze-v2:memory_classical,1262294522.4928114,1262294522.4928114,3247329407.6498175,0.44720097836284556,1.1961298207955464,True,767941323.936843,767941323.936843,False,232323552.07860938,232323552.07860935,551178955.4349654,0.0,29d6e921533d2cab,3c8a7e96cfa669dc,,native,1.0,0.0,1043003720.7891682,1035591176.3913442,1063739741.8137752,1035591176.3913442,ewma,1.2102492995305147,1.2189120101345836,1.1866572930146257,1.2189120101345836
memory_um,2,8,0,bottom_up,lightgbm,experiment-freeze-v2:memory_classical,1167561614.072031,1167561614.072031,3109046012.83971,0.49327903424621944,1.1063624529161264,True,767941323.936843,0.0,True,232323552.07860938,232323552.07860935,551178955.4349654,0.0,29d6e921533d2cab,3c8a7e96cfa669dc,,native,0.924951818507697,-7.504818149230297,1043003720.7891682,1035591176.3913442,1063739741.8137752,1035591176.3913442,ewma,1.1194222904484161,1.1274348803748555,1.0976008211192994,1.1274348803748555
memory_um,2,8,0,wls,lightgbm,experiment-freeze-v2:memory_classical,1162557010.7609544,1162557010.7609544,3089983431.9876113,0.4994737298768416,1.1016201719706231,True,767941323.936843,0.0,True,240670947.22559813,240670947.22559813,567682546.3159047,0.0,29d6e921533d2cab,3c8a7e96cfa669dc,,native,0.9209871310105245,-7.901286898947546,1043003720.7891682,1035591176.3913442,1063739741.8137752,1035591176.3913442,ewma,1.1146240301821058,1.1226022751681215,1.0928960957862555,1.1226022751681215
memory_um,2,8,0,mint,lightgbm,experiment-freeze-v2:memory_classical,1160263172.3851845,1160263172.3851845,3090519092.38121,0.4993001785657172,1.0994465679214467,True,767941323.936843,0.0,True,235799166.0215833,235799166.02158326,559273749.4987204,0.0,29d6e921533d2cab,3c8a7e96cfa669dc,,native,0.9191699335697562,-8.083006643024381,1043003720.7891682,1035591176.3913442,1063739741.8137752,1035591176.3913442,ewma,1.1124247682523072,1.1203872713827832,1.0907397051903203,1.1203872713827832
memory_um,2,8,1,independent,lightgbm,robustness_extension,1262294522.4928114,1262294522.4928114,3247329407.6498175,0.44720097836284556,1.1961298207955464,True,767941323.936843,767941323.936843,False,232323552.07860938,232323552.07860935,551178955.4349654,0.0,29d6e921533d2cab,3c8a7e96cfa669dc,,native,1.0,0.0,1043003720.7891682,1035591176.3913442,1063739741.8137752,1035591176.3913442,ewma,1.2102492995305147,1.2189120101345836,1.1866572930146257,1.2189120101345836
memory_um,2,8,1,bottom_up,lightgbm,robustness_extension,1167561614.072031,1167561614.072031,3109046012.83971,0.49327903424621944,1.1063624529161264,True,767941323.936843,0.0,True,232323552.07860938,232323552.07860935,551178955.4349654,0.0,29d6e921533d2cab,3c8a7e96cfa669dc,,native,0.924951818507697,-7.504818149230297,1043003720.7891682,1035591176.3913442,1063739741.8137752,1035591176.3913442,ewma,1.1194222904484161,1.1274348803748555,1.0976008211192994,1.1274348803748555
memory_um,2,8,1,wls,lightgbm,robustness_extension,1162557010.7609544,1162557010.7609544,3089983431.9876113,0.4994737298768416,1.1016201719706231,True,767941323.936843,0.0,True,240670947.22559813,240670947.22559813,567682546.3159047,0.0,29d6e921533d2cab,3c8a7e96cfa669dc,,native,0.9209871310105245,-7.901286898947546,1043003720.7891682,1035591176.3913442,1063739741.8137752,1035591176.3913442,ewma,1.1146240301821058,1.1226022751681215,1.0928960957862555,1.1226022751681215
memory_um,2,8,1,mint,lightgbm,robustness_extension,1160263172.3851845,1160263172.3851845,3090519092.38121,0.4993001785657172,1.0994465679214467,True,767941323.936843,0.0,True,235799166.0215833,235799166.02158326,559273749.4987204,0.0,29d6e921533d2cab,3c8a7e96cfa669dc,,native,0.9191699335697562,-8.083006643024381,1043003720.7891682,1035591176.3913442,1063739741.8137752,1035591176.3913442,ewma,1.1124247682523072,1.1203872713827832,1.0907397051903203,1.1203872713827832
memory_um,2,8,2,independent,lightgbm,robustness_extension,1262294522.4928114,1262294522.4928114,3247329407.6498175,0.44720097836284556,1.1961298207955464,True,767941323.936843,767941323.936843,False,232323552.07860938,232323552.07860935,551178955.4349654,0.0,29d6e921533d2cab,3c8a7e96cfa669dc,,native,1.0,0.0,1043003720.7891682,1035591176.3913442,1063739741.8137752,1035591176.3913442,ewma,1.2102492995305147,1.2189120101345836,1.1866572930146257,1.2189120101345836
memory_um,2,8,2,bottom_up,lightgbm,robustness_extension,1167561614.072031,1167561614.072031,3109046012.83971,0.49327903424621944,1.1063624529161264,True,767941323.936843,0.0,True,232323552.07860938,232323552.07860935,551178955.4349654,0.0,29d6e921533d2cab,3c8a7e96cfa669dc,,native,0.924951818507697,-7.504818149230297,1043003720.7891682,1035591176.3913442,1063739741.8137752,1035591176.3913442,ewma,1.1194222904484161,1.1274348803748555,1.0976008211192994,1.1274348803748555
memory_um,2,8,2,wls,lightgbm,robustness_extension,1162557010.7609544,1162557010.7609544,3089983431.9876113,0.4994737298768416,1.1016201719706231,True,767941323.936843,0.0,True,240670947.22559813,240670947.22559813,567682546.3159047,0.0,29d6e921533d2cab,3c8a7e96cfa669dc,,native,0.9209871310105245,-7.901286898947546,1043003720.7891682,1035591176.3913442,1063739741.8137752,1035591176.3913442,ewma,1.1146240301821058,1.1226022751681215,1.0928960957862555,1.1226022751681215
memory_um,2,8,2,mint,lightgbm,robustness_extension,1160263172.3851845,1160263172.3851845,3090519092.38121,0.4993001785657172,1.0994465679214467,True,767941323.936843,0.0,True,235799166.0215833,235799166.02158326,559273749.4987204,0.0,29d6e921533d2cab,3c8a7e96cfa669dc,,native,0.9191699335697562,-8.083006643024381,1043003720.7891682,1035591176.3913442,1063739741.8137752,1035591176.3913442,ewma,1.1124247682523072,1.1203872713827832,1.0907397051903203,1.1203872713827832
memory_um,2,16,0,independent,lightgbm,experiment-freeze-v2:memory_classical,1266339742.2184117,1266339742.2184117,3278701320.2463913,0.4368619794320324,1.1996771638406099,True,780548531.5914713,780548531.5914713,False,228151917.36735824,228151917.3673582,550804983.1242969,0.0,0ec05af03021a1b4,3c8a7e96cfa669dc,,native,1.0,0.0,1043733133.2584704,1036338955.8872705,1065098498.0995754,1036338955.8872705,ewma,1.2132792395552081,1.2219358685925534,1.1889414401371379,1.2219358685925534
memory_um,2,16,0,bottom_up,lightgbm,experiment-freeze-v2:memory_classical,1130609376.3134103,1130609376.3134103,3097583856.346088,0.4973597261897049,1.0710919074616974,True,780548531.5914713,0.0,True,228151917.36735824,228151917.3673582,550804983.1242969,0.0,0ec05af03021a1b4,3c8a7e96cfa669dc,,native,0.8928167841694482,-10.718321583055179,1043733133.2584704,1036338955.8872705,1065098498.0995754,1036338955.8872705,ewma,1.0832360689592344,1.0909648526581048,1.0615068731490318,1.0909648526581048
memory_um,2,16,0,wls,lightgbm,experiment-freeze-v2:memory_classical,1135057345.1545937,1135057345.1545937,3089110527.186455,0.5001058738103098,1.0753057266022814,True,780548531.5914713,0.0,True,237802041.6769665,237802041.6769665,570643348.9154766,0.0,0ec05af03021a1b4,3c8a7e96cfa669dc,,native,0.8963292450777597,-10.367075492224032,1043733133.2584704,1036338955.8872705,1065098498.0995754,1036338955.8872705,ewma,1.087497664859038,1.0952568546289998,1.0656829834797852,1.0952568546289998
memory_um,2,16,0,mint,lightgbm,experiment-freeze-v2:memory_classical,1128115358.949221,1128115358.949221,3085926842.4801164,0.501135739951684,1.0687291800053211,True,780548531.5914713,0.0,True,231715380.6134359,231715380.61343586,559339434.2160808,0.0,0ec05af03021a1b4,3c8a7e96cfa669dc,,native,0.8908473147758553,-10.915268522414468,1043733133.2584704,1036338955.8872705,1065098498.0995754,1036338955.8872705,ewma,1.080846552631049,1.0885582873639785,1.0591652893719075,1.0885582873639785
memory_um,2,16,1,independent,lightgbm,robustness_extension,1266339742.2184117,1266339742.2184117,3278701320.2463913,0.4368619794320324,1.1996771638406099,True,780548531.5914713,780548531.5914713,False,228151917.36735824,228151917.3673582,550804983.1242969,0.0,0ec05af03021a1b4,3c8a7e96cfa669dc,,native,1.0,0.0,1043733133.2584704,1036338955.8872705,1065098498.0995754,1036338955.8872705,ewma,1.2132792395552081,1.2219358685925534,1.1889414401371379,1.2219358685925534
memory_um,2,16,1,bottom_up,lightgbm,robustness_extension,1130609376.3134103,1130609376.3134103,3097583856.346088,0.4973597261897049,1.0710919074616974,True,780548531.5914713,0.0,True,228151917.36735824,228151917.3673582,550804983.1242969,0.0,0ec05af03021a1b4,3c8a7e96cfa669dc,,native,0.8928167841694482,-10.718321583055179,1043733133.2584704,1036338955.8872705,1065098498.0995754,1036338955.8872705,ewma,1.0832360689592344,1.0909648526581048,1.0615068731490318,1.0909648526581048
memory_um,2,16,1,wls,lightgbm,robustness_extension,1135057345.1545937,1135057345.1545937,3089110527.186455,0.5001058738103098,1.0753057266022814,True,780548531.5914713,0.0,True,237802041.6769665,237802041.6769665,570643348.9154766,0.0,0ec05af03021a1b4,3c8a7e96cfa669dc,,native,0.8963292450777597,-10.367075492224032,1043733133.2584704,1036338955.8872705,1065098498.0995754,1036338955.8872705,ewma,1.087497664859038,1.0952568546289998,1.0656829834797852,1.0952568546289998
memory_um,2,16,1,mint,lightgbm,robustness_extension,1128115358.949221,1128115358.949221,3085926842.4801164,0.501135739951684,1.0687291800053211,True,780548531.5914713,0.0,True,231715380.6134359,231715380.61343586,559339434.2160808,0.0,0ec05af03021a1b4,3c8a7e96cfa669dc,,native,0.8908473147758553,-10.915268522414468,1043733133.2584704,1036338955.8872705,1065098498.0995754,1036338955.8872705,ewma,1.080846552631049,1.0885582873639785,1.0591652893719075,1.0885582873639785
memory_um,2,16,2,independent,lightgbm,robustness_extension,1266339742.2184117,1266339742.2184117,3278701320.2463913,0.4368619794320324,1.1996771638406099,True,780548531.5914713,780548531.5914713,False,228151917.36735824,228151917.3673582,550804983.1242969,0.0,0ec05af03021a1b4,3c8a7e96cfa669dc,,native,1.0,0.0,1043733133.2584704,1036338955.8872705,1065098498.0995754,1036338955.8872705,ewma,1.2132792395552081,1.2219358685925534,1.1889414401371379,1.2219358685925534
memory_um,2,16,2,bottom_up,lightgbm,robustness_extension,1130609376.3134103,1130609376.3134103,3097583856.346088,0.4973597261897049,1.0710919074616974,True,780548531.5914713,0.0,True,228151917.36735824,228151917.3673582,550804983.1242969,0.0,0ec05af03021a1b4,3c8a7e96cfa669dc,,native,0.8928167841694482,-10.718321583055179,1043733133.2584704,1036338955.8872705,1065098498.0995754,1036338955.8872705,ewma,1.0832360689592344,1.0909648526581048,1.0615068731490318,1.0909648526581048
memory_um,2,16,2,wls,lightgbm,robustness_extension,1135057345.1545937,1135057345.1545937,3089110527.186455,0.5001058738103098,1.0753057266022814,True,780548531.5914713,0.0,True,237802041.6769665,237802041.6769665,570643348.9154766,0.0,0ec05af03021a1b4,3c8a7e96cfa669dc,,native,0.8963292450777597,-10.367075492224032,1043733133.2584704,1036338955.8872705,1065098498.0995754,1036338955.8872705,ewma,1.087497664859038,1.0952568546289998,1.0656829834797852,1.0952568546289998
memory_um,2,16,2,mint,lightgbm,robustness_extension,1128115358.949221,1128115358.949221,3085926842.4801164,0.501135739951684,1.0687291800053211,True,780548531.5914713,0.0,True,231715380.6134359,231715380.61343586,559339434.2160808,0.0,0ec05af03021a1b4,3c8a7e96cfa669dc,,native,0.8908473147758553,-10.915268522414468,1043733133.2584704,1036338955.8872705,1065098498.0995754,1036338955.8872705,ewma,1.080846552631049,1.0885582873639785,1.0591652893719075,1.0885582873639785
