hierarchy,unit,base_model,horizon,fold,method_a,method_b,npz_path,correction_family,in_holm_family,effect_class,tradeoff_class,coherence_before,coherence_after,n_paired,block_length,n_boot,seed,mean_paired_diff,median_paired_diff,mae_independent,mae_reconciled,relative_mae_diff,rel_ci_low,rel_ci_high,prob_improvement,p_value_raw,abs_ci_crosses_zero,rel_ci_crosses_zero,macro_independent,macro_reconciled,macro_rel,weighted_independent,weighted_reconciled,weighted_rel,worst_independent,worst_reconciled,worst_rel,machines_improved,machines_degraded,ci_low,ci_high,p_value_holm,holm_rank,family_size,alpha,reject_holm_0.05
memory_um,memory_level,persistence,1,0,independent,bottom_up,/Users/fgtek002/TimeTrack/results/final/packs/01_memory_classical/metrics/predictions/base__memory_um__f0__h1__persistence__s0.npz,memory_persistence_descriptive,False,accuracy_neutral,coherence_only,0.0,0.0,8276,32,5000,0,0.0,0.0,1294154012.0869985,1294154012.0869985,0.0,0.0,0.0,0.0,1.0,True,True,228518221.43809983,228518221.43809983,0.0,1599627550.066699,1599627550.066699,0.0,428567797.97776705,428567797.97776705,0.0,0,0,0.0,0.0,,,0,0.05,False
memory_um,memory_level,persistence,1,0,independent,wls,/Users/fgtek002/TimeTrack/results/final/packs/01_memory_classical/metrics/predictions/base__memory_um__f0__h1__persistence__s0.npz,memory_persistence_descriptive,False,accuracy_neutral,coherence_only,0.0,0.0,8276,32,5000,0,-0.00043999739693466046,-0.040283203125,1294154012.0869985,1294154012.0865586,-3.399884347807299e-13,-8.114569230218823e-13,2.190612993971076e-13,0.8866,0.2268,True,True,228518221.43809983,228518221.43881765,3.1411881840874095e-12,1599627550.066699,1599627550.071724,3.1412999688177474e-12,428567797.97776705,428567797.97780013,7.71886688790788e-14,3,4,-0.0010771095954375085,0.0002636557330596608,,,0,0.05,False
memory_um,memory_level,persistence,1,0,independent,mint,/Users/fgtek002/TimeTrack/results/final/packs/01_memory_classical/metrics/predictions/base__memory_um__f0__h1__persistence__s0.npz,memory_persistence_descriptive,False,accuracy_neutral,coherence_only,0.0,0.0,8276,32,5000,0,0.002084655540469996,0.18927001953125,1294154012.0869985,1294154012.0890834,1.6108249257815974e-12,-1.0117595738550753e-12,3.8218453579718005e-12,0.108,0.216,True,True,228518221.43809983,228518221.43409228,-1.7537105218899692e-11,1599627550.066699,1599627550.0386462,-1.75370865881113e-11,428567797.97776705,428567797.97819114,9.895448271615237e-13,5,2,-0.0012212443086708036,0.005075513020179419,,,0,0.05,False
memory_um,memory_level,persistence,1,1,independent,bottom_up,/Users/fgtek002/TimeTrack/results/final/packs/01_memory_classical/metrics/predictions/base__memory_um__f1__h1__persistence__s0.npz,memory_persistence_descriptive,False,accuracy_neutral,coherence_only,0.0,0.0,8276,32,5000,0,0.0,0.0,843922661.6452392,843922661.6452392,0.0,0.0,0.0,0.0,1.0,True,True,157294732.34661326,157294732.34661326,0.0,1101063126.426293,1101063126.426293,0.0,271525107.0082165,271525107.0082165,0.0,0,0,0.0,0.0,,,0,0.05,False
memory_um,memory_level,persistence,1,1,independent,wls,/Users/fgtek002/TimeTrack/results/final/packs/01_memory_classical/metrics/predictions/base__memory_um__f1__h1__persistence__s0.npz,memory_persistence_descriptive,False,accuracy_neutral,coherence_only,0.0,0.0,8276,32,5000,0,0.0001932128493252326,0.05033111572265625,843922661.6452392,843922661.6454324,2.2894615597661686e-13,-7.780049950083756e-13,1.235627023413467e-12,0.338,0.676,True,True,157294732.34661326,157294732.34648898,-7.900816670887406e-13,1101063126.426293,1101063126.4254231,-7.899192659238713e-13,271525107.0082165,271525107.0050012,-1.1841678263904983e-11,5,2,-0.0006673962209119839,0.000990840557867228,,,0,0.05,False
memory_um,memory_level,persistence,1,1,independent,mint,/Users/fgtek002/TimeTrack/results/final/packs/01_memory_classical/metrics/predictions/base__memory_um__f1__h1__persistence__s0.npz,memory_persistence_descriptive,False,accuracy_neutral,coherence_only,0.0,0.0,8276,32,5000,0,-0.0004821840030896946,-0.20101165771484375,843922661.6452392,843922661.6447572,-5.71360416071385e-13,-4.4158563845249186e-12,3.3061127525730716e-12,0.5958,0.8084,True,True,157294732.34661326,157294732.34227878,-2.7556419123034418e-11,1101063126.426293,1101063126.3959515,-2.7556446189895226e-11,271525107.0082165,271525107.0005931,-2.8076130955716732e-11,2,5,-0.0035483386563816876,0.002825461129971666,,,0,0.05,False
memory_um,memory_level,persistence,1,2,independent,bottom_up,/Users/fgtek002/TimeTrack/results/final/packs/01_memory_classical/metrics/predictions/base__memory_um__f2__h1__persistence__s0.npz,memory_persistence_descriptive,False,accuracy_neutral,coherence_only,0.0,0.0,8279,32,5000,0,0.0,0.0,1042314122.8689455,1042314122.8689455,0.0,0.0,0.0,0.0,1.0,True,True,190911648.209273,190911648.209273,0.0,1336381537.464911,1336381537.464911,0.0,451439811.7956275,451439811.7956275,0.0,0,0,0.0,0.0,,,0,0.05,False
memory_um,memory_level,persistence,1,2,independent,wls,/Users/fgtek002/TimeTrack/results/final/packs/01_memory_classical/metrics/predictions/base__memory_um__f2__h1__persistence__s0.npz,memory_persistence_descriptive,False,accuracy_neutral,coherence_only,0.0,0.0,8279,32,5000,0,-0.0011784285936886625,-0.055877685546875,1042314122.8689455,1042314122.8677671,-1.1305887235270928e-12,-2.0104980152452897e-12,-2.991190021754182e-13,0.9956,0.0088,False,False,190911648.209273,190911648.210556,6.720333676989152e-12,1336381537.464911,1336381537.473892,6.720378278506836e-12,451439811.7956275,451439811.7964282,1.7737221596111637e-12,1,6,-0.0021108379195833396,-0.0002939323538641875,,,0,0.05,False
memory_um,memory_level,persistence,1,2,independent,mint,/Users/fgtek002/TimeTrack/results/final/packs/01_memory_classical/metrics/predictions/base__memory_um__f2__h1__persistence__s0.npz,memory_persistence_descriptive,False,accuracy_neutral,coherence_only,0.0,0.0,8279,32,5000,0,0.003799646743643556,0.188385009765625,1042314122.8689455,1042314122.8727453,3.645395049608573e-12,8.532394301986171e-13,6.577036947477192e-12,0.0056,0.0112,False,False,190911648.209273,190911648.20569912,-1.8720149002196032e-11,1336381537.464911,1336381537.4398937,-1.8720149002196032e-11,451439811.7956275,451439811.7829074,-2.817662088105848e-11,3,4,0.0008509267195798248,0.006920103111594233,,,0,0.05,False
memory_um,memory_level,persistence,8,0,independent,bottom_up,/Users/fgtek002/TimeTrack/results/final/packs/01_memory_classical/metrics/predictions/base__memory_um__f0__h8__persistence__s0.npz,memory_persistence_descriptive,False,accuracy_neutral,coherence_only,0.0,0.0,8269,32,5000,0,0.0,0.0,1291570370.298706,1291570370.298706,0.0,0.0,0.0,0.0,1.0,True,True,228173977.45051223,228173977.45051223,0.0,1597217842.1535857,1597217842.1535857,0.0,427958992.2302576,427958992.2302576,0.0,0,0,0.0,0.0,,,0,0.05,False
memory_um,memory_level,persistence,8,0,independent,wls,/Users/fgtek002/TimeTrack/results/final/packs/01_memory_classical/metrics/predictions/base__memory_um__f0__h8__persistence__s0.npz,memory_persistence_descriptive,False,accuracy_neutral,coherence_only,0.0,0.0,8269,32,5000,0,-0.0003909527253522191,-0.03228759765625,1291570370.298706,1291570370.298315,-3.0269564426582665e-13,-6.973596425717547e-13,1.2073677218242874e-13,0.9214,0.1572,True,True,228173977.45051223,228173977.45110226,2.5858618288738046e-12,1597217842.1535857,1597217842.1577153,2.5855259687369962e-12,427958992.2302576,427958992.23022974,-6.504214098889871e-14,2,5,-0.0009211902016378945,0.00014411002696677712,,,0,0.05,False
memory_um,memory_level,persistence,8,0,independent,mint,/Users/fgtek002/TimeTrack/results/final/packs/01_memory_classical/metrics/predictions/base__memory_um__f0__h8__persistence__s0.npz,memory_persistence_descriptive,False,accuracy_neutral,coherence_only,0.0,0.0,8269,32,5000,0,-0.00030440075507921153,-0.0261993408203125,1291570370.298706,1291570370.2984016,-2.3568267132731736e-13,-5.540114011060167e-13,1.0591679590905293e-13,0.9124,0.1752,True,True,228173977.45051223,228173977.45095828,1.954873926293274e-12,1597217842.1535857,1597217842.1567082,1.955004538568699e-12,427958992.2302576,427958992.2301782,-1.8551634217818648e-13,4,3,-0.0007317661936330109,0.00012842469671528253,,,0,0.05,False
memory_um,memory_level,persistence,8,1,independent,bottom_up,/Users/fgtek002/TimeTrack/results/final/packs/01_memory_classical/metrics/predictions/base__memory_um__f1__h8__persistence__s0.npz,memory_persistence_descriptive,False,accuracy_neutral,coherence_only,0.0,0.0,8269,32,5000,0,0.0,0.0,844465442.1477809,844465442.1477809,0.0,0.0,0.0,0.0,1.0,True,True,157380669.84724358,157380669.84724358,0.0,1101664688.930705,1101664688.930705,0.0,271687768.66658604,271687768.66658604,0.0,0,0,0.0,0.0,,,0,0.05,False
memory_um,memory_level,persistence,8,1,independent,wls,/Users/fgtek002/TimeTrack/results/final/packs/01_memory_classical/metrics/predictions/base__memory_um__f1__h8__persistence__s0.npz,memory_persistence_descriptive,False,accuracy_neutral,coherence_only,0.0,0.0,8269,32,5000,0,0.00027750365635203773,0.0902557373046875,844465442.1477809,844465442.1480584,3.2861457971121426e-13,-1.3761256668318356e-12,2.1226186404726417e-12,0.37,0.74,True,True,157380669.84724358,157380669.8492861,1.2978289958643606e-11,1101664688.930705,1101664688.9450028,1.2978289958643606e-11,271687768.66658604,271687768.6785438,4.401289275640461e-11,3,4,-0.0011931277399758558,0.0016843645615046594,,,0,0.05,False
memory_um,memory_level,persistence,8,1,independent,mint,/Users/fgtek002/TimeTrack/results/final/packs/01_memory_classical/metrics/predictions/base__memory_um__f1__h8__persistence__s0.npz,memory_persistence_descriptive,False,accuracy_neutral,coherence_only,0.0,0.0,8269,32,5000,0,0.00012859714003828304,0.1047210693359375,844465442.1477809,844465442.1479094,1.522823002812454e-13,-1.8440108575752817e-12,2.233129960325909e-12,0.458,0.916,True,True,157380669.84724358,157380669.8487323,9.45932821151109e-12,1101664688.930705,1101664688.941126,9.459355263592078e-12,271687768.66658604,271687768.6933195,9.839772387748507e-11,3,4,-0.001579204904858673,0.0017768285052204577,,,0,0.05,False
memory_um,memory_level,persistence,8,2,independent,bottom_up,/Users/fgtek002/TimeTrack/results/final/packs/01_memory_classical/metrics/predictions/base__memory_um__f2__h8__persistence__s0.npz,memory_persistence_descriptive,False,accuracy_neutral,coherence_only,0.0,0.0,8272,32,5000,0,0.0,0.0,1043003720.7891682,1043003720.7891682,0.0,0.0,0.0,0.0,1.0,True,True,191036776.90411717,191036776.90411717,0.0,1337257438.3288202,1337257438.3288202,0.0,451769564.84332687,451769564.84332687,0.0,0,0,0.0,0.0,,,0,0.05,False
memory_um,memory_level,persistence,8,2,independent,wls,/Users/fgtek002/TimeTrack/results/final/packs/01_memory_classical/metrics/predictions/base__memory_um__f2__h8__persistence__s0.npz,memory_persistence_descriptive,False,accuracy_neutral,coherence_only,0.0,0.0,8272,32,5000,0,-0.00021766832303724159,-0.01010894775390625,1043003720.7891682,1043003720.7889507,-2.0869371671325115e-13,-3.66116277463649e-13,-5.789918005262431e-14,0.997,0.006,False,False,191036776.90411717,191036776.9045978,2.5158614008002776e-12,1337257438.3288202,1337257438.3321843,2.51566082543326e-12,451769564.84332687,451769564.8418743,-3.2152789966717155e-12,3,4,-0.00038653508376337343,-5.733215140189609e-05,,,0,0.05,False
memory_um,memory_level,persistence,8,2,independent,mint,/Users/fgtek002/TimeTrack/results/final/packs/01_memory_classical/metrics/predictions/base__memory_um__f2__h8__persistence__s0.npz,memory_persistence_descriptive,False,accuracy_neutral,coherence_only,0.0,0.0,8272,32,5000,0,0.0004988712775638071,0.022247314453125,1043003720.7891682,1043003720.7896671,4.783024907968171e-13,1.4176880624322469e-13,8.281029192007945e-13,0.0022,0.0044,False,False,191036776.90411717,191036776.90357944,-2.814763269959658e-12,1337257438.3288202,1337257438.325056,-2.8148301284153303e-12,451769564.84332687,451769564.842899,-9.47036218223618e-13,5,2,0.00014233021948277603,0.0008751566682147786,,,0,0.05,False
memory_um,memory_level,persistence,16,0,independent,bottom_up,/Users/fgtek002/TimeTrack/results/final/packs/01_memory_classical/metrics/predictions/base__memory_um__f0__h16__persistence__s0.npz,memory_persistence_descriptive,False,accuracy_neutral,coherence_only,0.0,0.0,8261,32,5000,0,0.0,0.0,1285438902.927975,1285438902.927975,0.0,0.0,0.0,0.0,1.0,True,True,227277894.74342436,227277894.74342436,0.0,1590945263.2039704,1590945263.2039704,0.0,426683283.0427309,426683283.0427309,0.0,0,0,0.0,0.0,,,0,0.05,False
memory_um,memory_level,persistence,16,0,independent,wls,/Users/fgtek002/TimeTrack/results/final/packs/01_memory_classical/metrics/predictions/base__memory_um__f0__h16__persistence__s0.npz,memory_persistence_descriptive,False,accuracy_neutral,coherence_only,0.0,0.0,8261,32,5000,0,-1.3385842432627709e-05,-0.0001373291015625,1285438902.927975,1285438902.9279616,-1.0413441200618259e-14,-1.4498108024021488e-14,-6.287340501422321e-15,1.0,0.0,False,False,227277894.74342436,227277894.7426956,-3.206454328385132e-12,1590945263.2039704,1590945263.1988692,-3.206398130997811e-12,426683283.0427309,426683283.0425786,-3.5705516972559984e-13,6,1,-1.8587240568446616e-05,-7.86235843035518e-06,,,0,0.05,False
memory_um,memory_level,persistence,16,0,independent,mint,/Users/fgtek002/TimeTrack/results/final/packs/01_memory_classical/metrics/predictions/base__memory_um__f0__h16__persistence__s0.npz,memory_persistence_descriptive,False,accuracy_neutral,coherence_only,0.0,0.0,8261,32,5000,0,1.773573327419501e-05,0.003387451171875,1285438902.927975,1285438902.9279926,1.3797414434709053e-14,-3.817921382921359e-14,6.048620608664808e-14,0.2788,0.5576,True,True,227277894.74342436,227277894.74294963,-2.088725759491546e-12,1590945263.2039704,1590945263.2006474,-2.0887444919539863e-12,426683283.0427309,426683283.0425949,-3.187793025484424e-13,6,1,-4.6057770953832387e-05,7.913065597373475e-05,,,0,0.05,False
memory_um,memory_level,persistence,16,1,independent,bottom_up,/Users/fgtek002/TimeTrack/results/final/packs/01_memory_classical/metrics/predictions/base__memory_um__f1__h16__persistence__s0.npz,memory_persistence_descriptive,False,accuracy_neutral,coherence_only,0.0,0.0,8261,32,5000,0,0.0,0.0,844976853.3901465,844976853.3901465,0.0,0.0,0.0,0.0,1.0,True,True,157471415.92404935,157471415.92404935,0.0,1102299911.4683452,1102299911.4683452,0.0,271934026.06367266,271934026.06367266,0.0,0,0,0.0,0.0,,,0,0.05,False
memory_um,memory_level,persistence,16,1,independent,wls,/Users/fgtek002/TimeTrack/results/final/packs/01_memory_classical/metrics/predictions/base__memory_um__f1__h16__persistence__s0.npz,memory_persistence_descriptive,False,accuracy_neutral,coherence_only,0.0,0.0,8261,32,5000,0,0.00020047732580517644,0.1517791748046875,844976853.3901465,844976853.390347,2.3725777221096394e-13,-2.6566018842106376e-12,3.105665821354889e-12,0.4362,0.8724,True,True,157471415.92404935,157471415.92866796,2.932986208913434e-11,1102299911.4683452,1102299911.5006757,2.933005134457613e-11,271934026.06367266,271934026.09566814,1.1765896219516917e-10,5,2,-0.0022518222607043593,0.0025166588536100765,,,0,0.05,False
memory_um,memory_level,persistence,16,1,independent,mint,/Users/fgtek002/TimeTrack/results/final/packs/01_memory_classical/metrics/predictions/base__memory_um__f1__h16__persistence__s0.npz,memory_persistence_descriptive,False,accuracy_neutral,coherence_only,0.0,0.0,8261,32,5000,0,0.0001726361773317395,0.0750732421875,844976853.3901465,844976853.3903192,2.043087649550433e-13,-1.2130656232854237e-12,1.6205425729807919e-12,0.3864,0.7728,True,True,157471415.92404935,157471415.92744452,2.1560547693372814e-11,1102299911.4683452,1102299911.4921117,2.1560845094781322e-11,271934026.06367266,271934026.0800938,6.038648225808978e-11,3,4,-0.0010221024861766933,0.0013072565326014164,,,0,0.05,False
memory_um,memory_level,persistence,16,2,independent,bottom_up,/Users/fgtek002/TimeTrack/results/final/packs/01_memory_classical/metrics/predictions/base__memory_um__f2__h16__persistence__s0.npz,memory_persistence_descriptive,False,accuracy_neutral,coherence_only,0.0,0.0,8264,32,5000,0,0.0,0.0,1043733133.2584704,1043733133.2584704,0.0,0.0,0.0,0.0,1.0,True,True,191170063.50656894,191170063.50656894,0.0,1338190444.5459826,1338190444.5459826,0.0,452192737.76573086,452192737.76573086,0.0,0,0,0.0,0.0,,,0,0.05,False
memory_um,memory_level,persistence,16,2,independent,wls,/Users/fgtek002/TimeTrack/results/final/packs/01_memory_classical/metrics/predictions/base__memory_um__f2__h16__persistence__s0.npz,memory_persistence_descriptive,False,accuracy_neutral,coherence_only,0.0,0.0,8264,32,5000,0,-0.0002895809443160848,-0.0132598876953125,1043733133.2584704,1043733133.258181,-2.7744730438137093e-13,-4.822005566822702e-13,-7.926286721261432e-14,0.9972,0.0056,False,False,191170063.50656894,191170063.5071428,3.0019005558249532e-12,1338190444.5459826,1338190444.55,3.0020787207341958e-12,452192737.76573086,452192737.767811,4.600123629349449e-12,1,6,-0.0005157361764529322,-8.014173960062576e-05,,,0,0.05,False
memory_um,memory_level,persistence,16,2,independent,mint,/Users/fgtek002/TimeTrack/results/final/packs/01_memory_classical/metrics/predictions/base__memory_um__f2__h16__persistence__s0.npz,memory_persistence_descriptive,False,accuracy_neutral,coherence_only,0.0,0.0,8264,32,5000,0,-0.0008356864316188816,-0.04150390625,1043733133.2584704,1043733133.2576348,-8.006705976746375e-13,-1.4268111037197372e-12,-1.8966639279305647e-13,0.9962,0.0076,False,False,191170063.50656894,191170063.50865775,1.0926475283403363e-11,1338190444.5459826,1338190444.5606046,1.092667571892626e-11,452192737.76573086,452192737.7744467,1.9274674863821633e-11,1,6,-0.001533598913689435,-0.0001893118297949881,,,0,0.05,False
memory_um,memory_level,ridge,1,0,independent,bottom_up,/Users/fgtek002/TimeTrack/results/final/packs/01_memory_classical/metrics/predictions/base__memory_um__f0__h1__ridge__s0.npz,memory_ridge,True,substantial_improvement,pareto_improvement,465104157.5826315,0.0,8276,32,5000,0,-95293358.03805548,-114708280.18115234,1358694507.6124406,1263401149.574385,-0.07013597059835715,-0.09063244521566931,-0.05229922488134277,1.0,0.0,False,False,261733944.41832018,261733944.41832018,0.0,1832137610.928241,1832137610.928241,0.0,559235518.7529912,559235518.7529912,0.0,0,0,-116743464.64935353,-74331113.77435558,0.0,1.0,27,0.05,True
memory_um,memory_level,ridge,1,0,independent,wls,/Users/fgtek002/TimeTrack/results/final/packs/01_memory_classical/metrics/predictions/base__memory_um__f0__h1__ridge__s0.npz,memory_ridge,True,substantial_improvement,pareto_improvement,465104157.5826315,0.0,8276,32,5000,0,-86210717.44397233,-90491829.18976593,1358694507.6124406,1272483790.1684682,-0.06345114148983035,-0.07779920294958971,-0.0512902020780322,1.0,0.0,False,False,261733944.41832018,262021246.00642988,0.0010976856240339917,1832137610.928241,1834148722.0450087,0.0010976856240338454,559235518.7529912,545227534.6865388,-0.025048452032674935,3,4,-100411744.3516566,-72430106.38855357,0.0,18.0,27,0.05,True
memory_um,memory_level,ridge,1,0,independent,mint,/Users/fgtek002/TimeTrack/results/final/packs/01_memory_classical/metrics/predictions/base__memory_um__f0__h1__ridge__s0.npz,memory_ridge,True,substantial_improvement,pareto_improvement,465104157.5826315,0.0,8276,32,5000,0,-89277176.44040298,-94759401.04060364,1358694507.6124406,1269417331.1720374,-0.06570805721242289,-0.08115852751106595,-0.05256035857556106,1.0,0.0,False,False,261733944.41832018,261697154.5817311,-0.0001405619613872791,1832137610.928241,1831880082.0721178,-0.00014056196138713273,559235518.7529912,545639721.5498854,-0.024311397876555365,3,4,-104781445.33232363,-74461853.80764301,0.0,17.0,27,0.05,True
memory_um,memory_level,ridge,1,1,independent,bottom_up,/Users/fgtek002/TimeTrack/results/final/packs/01_memory_classical/metrics/predictions/base__memory_um__f1__h1__ridge__s0.npz,memory_ridge,True,substantial_improvement,pareto_improvement,301581705.2888302,0.0,8276,32,5000,0,-42353317.92880735,-24010812.059944153,834422178.6472346,792068860.7184273,-0.05075766082520788,-0.06799505067126847,-0.0346693492824937,1.0,0.0,False,False,178183129.56075743,178183129.56075743,0.0,1247281906.925302,1247281906.925302,0.0,323324236.2392898,323324236.2392898,0.0,0,0,-54719629.68405352,-29507642.41579168,0.0,16.0,27,0.05,True
memory_um,memory_level,ridge,1,1,independent,wls,/Users/fgtek002/TimeTrack/results/final/packs/01_memory_classical/metrics/predictions/base__memory_um__f1__h1__ridge__s0.npz,memory_ridge,True,substantial_improvement,pareto_improvement,301581705.2888302,0.0,8276,32,5000,0,-47401350.98729179,-28780802.856407166,834422178.6472346,787020827.6599429,-0.056807395824663806,-0.06971376785954513,-0.04509533222982934,1.0,0.0,False,False,178183129.56075743,177628446.42540503,-0.0031129946854102446,1247281906.925302,1243399124.9778352,-0.0031129946854102685,323324236.2392898,333659702.0682708,0.031966257615565145,3,4,-56539039.76685872,-38419100.72763793,0.0,15.0,27,0.05,True
memory_um,memory_level,ridge,1,1,independent,mint,/Users/fgtek002/TimeTrack/results/final/packs/01_memory_classical/metrics/predictions/base__memory_um__f1__h1__ridge__s0.npz,memory_ridge,True,substantial_improvement,pareto_improvement,301581705.2888302,0.0,8276,32,5000,0,-47174094.16847809,-28950418.164222717,834422178.6472346,787248084.4787565,-0.05653504350154827,-0.06925375734652692,-0.04499112642735704,1.0,0.0,False,False,178183129.56075743,177520776.71471253,-0.003717259022656502,1247281906.925302,1242645437.002988,-0.003717259022656215,323324236.2392898,332717766.907755,0.02905297412196813,4,3,-56171245.010516845,-38301109.757500336,0.0,14.0,27,0.05,True
memory_um,memory_level,ridge,1,2,independent,bottom_up,/Users/fgtek002/TimeTrack/results/final/packs/01_memory_classical/metrics/predictions/base__memory_um__f2__h1__ridge__s0.npz,memory_ridge,True,modest_degradation,accuracy_costly_coherence,427789448.31166357,0.0,8279,32,5000,0,41509894.84440204,33942748.47314453,1062872941.5920458,1104382836.436448,0.03905442806947893,0.018461483154386952,0.05982231136923853,0.0,0.0,False,False,224063327.55073223,224063327.55073223,0.0,1568443292.8551257,1568443292.8551257,0.0,624311043.091988,624311043.091988,0.0,0,0,19247439.25287456,64021466.54903416,0.0,13.0,27,0.05,True
memory_um,memory_level,ridge,1,2,independent,wls,/Users/fgtek002/TimeTrack/results/final/packs/01_memory_classical/metrics/predictions/base__memory_um__f2__h1__ridge__s0.npz,memory_ridge,True,accuracy_neutral,coherence_only,427789448.31166357,0.0,8279,32,5000,0,736093.168010057,10883609.504394531,1062872941.5920458,1063609034.760056,0.0006925504820053889,-0.013132892151374908,0.014061743955587508,0.482,0.964,True,True,224063327.55073223,222852884.58402556,-0.005402235965778898,1568443292.8551257,1559970192.0881786,-0.005402235965779144,624311043.091988,597631222.4171896,-0.04273482099990226,3,4,-13657458.923187284,15012171.247483559,1.0,24.0,27,0.05,False
memory_um,memory_level,ridge,1,2,independent,mint,/Users/fgtek002/TimeTrack/results/final/packs/01_memory_classical/metrics/predictions/base__memory_um__f2__h1__ridge__s0.npz,memory_ridge,True,accuracy_neutral,coherence_only,427789448.31166357,0.0,8279,32,5000,0,155157.00321908476,10054617.54624939,1062872941.5920458,1063028098.595265,0.00014597888152715572,-0.013494459158671484,0.013352413119402683,0.5122,0.9756,True,True,224063327.55073223,221996840.72351244,-0.009222780228290112,1568443292.8551257,1553977885.064587,-0.009222780228290149,624311043.091988,594671676.1871946,-0.047475320567773815,3,4,-14057626.562836075,14294008.058854874,1.0,25.0,27,0.05,False
memory_um,memory_level,ridge,8,0,independent,bottom_up,/Users/fgtek002/TimeTrack/results/final/packs/01_memory_classical/metrics/predictions/base__memory_um__f0__h8__ridge__s0.npz,memory_ridge,True,substantial_improvement,pareto_improvement,464923296.3696819,0.0,8269,32,5000,0,-95690047.09325941,-115166473.11401367,1357156730.2391167,1261466683.1458573,-0.07050773500301608,-0.09088073950382199,-0.05244123596996663,1.0,0.0,False,False,261400373.59635028,261400373.59635028,0.0,1829802615.1744518,1829802615.1744518,0.0,557653013.2877678,557653013.2877678,0.0,0,0,-117129622.43052043,-74051141.4374306,0.0,12.0,27,0.05,True
memory_um,memory_level,ridge,8,0,independent,wls,/Users/fgtek002/TimeTrack/results/final/packs/01_memory_classical/metrics/predictions/base__memory_um__f0__h8__ridge__s0.npz,memory_ridge,True,substantial_improvement,aggregate_focused_improvement,464923296.3696819,0.0,8269,32,5000,0,-79762487.00902544,-81505423.28456116,1357156730.2391167,1277394243.2300913,-0.05877175806730305,-0.07090180767952813,-0.04799665068758144,1.0,0.0,False,False,261400373.59635028,267470159.40056887,0.0232202644575843,1829802615.1744518,1872291115.8039823,0.023220264457584464,557653013.2877678,556351577.2994941,-0.0023337737934934024,2,5,-91528940.06291622,-67878765.52201608,0.0,19.0,27,0.05,True
memory_um,memory_level,ridge,8,0,independent,mint,/Users/fgtek002/TimeTrack/results/final/packs/01_memory_classical/metrics/predictions/base__memory_um__f0__h8__ridge__s0.npz,memory_ridge,True,substantial_improvement,pareto_improvement,464923296.3696819,0.0,8269,32,5000,0,-84070165.16092171,-87012856.2021637,1357156730.2391167,1273086565.0781949,-0.06194580425954888,-0.07528138745855534,-0.050155425751278584,1.0,0.0,False,False,261400373.59635028,265875886.39355162,0.01712129457057449,1829802615.1744518,1861131204.7548618,0.01712129457057485,557653013.2877678,555259558.2555056,-0.004292014882428516,2,5,-97100875.84928975,-70835420.55212879,0.0,10.0,27,0.05,True
memory_um,memory_level,ridge,8,1,independent,bottom_up,/Users/fgtek002/TimeTrack/results/final/packs/01_memory_classical/metrics/predictions/base__memory_um__f1__h8__ridge__s0.npz,memory_ridge,True,substantial_improvement,pareto_improvement,301967643.2167778,0.0,8269,32,5000,0,-42212487.7237821,-23861293.380996704,835005834.3233938,792793346.5996116,-0.050553524285236795,-0.06756325257454338,-0.03428352272660255,1.0,0.0,False,False,178261117.22330347,178261117.22330347,0.0,1247827820.5631242,1247827820.5631242,0.0,323284304.3208601,323284304.3208601,0.0,0,0,-54598992.12132394,-29393600.4860698,0.0,9.0,27,0.05,True
memory_um,memory_level,ridge,8,1,independent,wls,/Users/fgtek002/TimeTrack/results/final/packs/01_memory_classical/metrics/predictions/base__memory_um__f1__h8__ridge__s0.npz,memory_ridge,True,substantial_improvement,pareto_improvement,301967643.2167778,0.0,8269,32,5000,0,-47352220.104366705,-28929834.408828735,835005834.3233938,787653614.2190269,-0.05670884939712578,-0.06943150023972333,-0.04499596273836362,1.0,0.0,False,False,178261117.22330347,177698230.1947988,-0.003157654553457973,1247827820.5631242,1243887611.3635921,-0.0031576545534574476,323284304.3208601,333630435.6611398,0.03200319719206395,3,4,-56419693.25245832,-38211669.13199612,0.0,11.0,27,0.05,True
memory_um,memory_level,ridge,8,1,independent,mint,/Users/fgtek002/TimeTrack/results/final/packs/01_memory_classical/metrics/predictions/base__memory_um__f1__h8__ridge__s0.npz,memory_ridge,True,substantial_improvement,pareto_improvement,301967643.2167778,0.0,8269,32,5000,0,-47141653.106079265,-28842626.798065186,835005834.3233938,787864181.2173144,-0.056456675113268164,-0.06900599768777399,-0.044913403180233916,1.0,0.0,False,False,178261117.22330347,177587842.28029126,-0.0037769029696409465,1247827820.5631242,1243114895.962039,-0.003776902969640732,323284304.3208601,332668107.3792174,0.0290264727762467,4,3,-56062065.97294433,-38109479.7978049,0.0,8.0,27,0.05,True
memory_um,memory_level,ridge,8,2,independent,bottom_up,/Users/fgtek002/TimeTrack/results/final/packs/01_memory_classical/metrics/predictions/base__memory_um__f2__h8__ridge__s0.npz,memory_ridge,True,modest_degradation,accuracy_costly_coherence,428265056.35127103,0.0,8272,32,5000,0,41637765.317201436,33850399.984680176,1063739741.8137753,1105377507.1309767,0.039142812551315576,0.01862398386128173,0.06023932849285496,0.0002,0.0004,False,False,224244437.9939652,224244437.9939652,0.0,1569711065.9577563,1569711065.9577563,0.0,624820134.8466777,624820134.8466777,0.0,0,0,19819510.50623796,64529541.82528206,0.0032,20.0,27,0.05,True
memory_um,memory_level,ridge,8,2,independent,wls,/Users/fgtek002/TimeTrack/results/final/packs/01_memory_classical/metrics/predictions/base__memory_um__f2__h8__ridge__s0.npz,memory_ridge,True,accuracy_neutral,coherence_only,428265056.35127103,0.0,8272,32,5000,0,788121.1944554973,10686343.703559875,1063739741.8137753,1064527863.0082309,0.0007408966342760469,-0.012724704147882897,0.014287696700088677,0.4736,0.9472,True,True,224244437.9939652,223031947.13097015,-0.005407005292268112,1569711065.9577563,1561223629.9167912,-0.005407005292267904,624820134.8466777,598099219.7586807,-0.04276577145605896,3,4,-13372103.264700571,15377995.784179913,1.0,23.0,27,0.05,False
memory_um,memory_level,ridge,8,2,independent,mint,/Users/fgtek002/TimeTrack/results/final/packs/01_memory_classical/metrics/predictions/base__memory_um__f2__h8__ridge__s0.npz,memory_ridge,True,accuracy_neutral,coherence_only,428265056.35127103,0.0,8272,32,5000,0,200484.08803988702,10147903.34841156,1063739741.8137753,1063940225.901815,0.0001884709954504877,-0.01313478271427994,0.013599455195806189,0.5062,0.9876,True,True,224244437.9939652,222174121.57506782,-0.009232409229044539,1569711065.9577563,1555218851.025475,-0.009232409229044237,624820134.8466777,595128490.4955484,-0.04752030655736665,3,4,-13817175.954197431,14641629.421819622,1.0,26.0,27,0.05,False
memory_um,memory_level,ridge,16,0,independent,bottom_up,/Users/fgtek002/TimeTrack/results/final/packs/01_memory_classical/metrics/predictions/base__memory_um__f0__h16__ridge__s0.npz,memory_ridge,True,substantial_improvement,pareto_improvement,464949215.46992654,0.0,8261,32,5000,0,-96136426.4847737,-115332915.41197205,1353419666.8608923,1257283240.3761187,-0.07103223696146779,-0.09046234296769946,-0.05230693494610964,1.0,0.0,False,False,260710830.9345253,260710830.9345253,0.0,1824975816.5416775,1824975816.5416775,0.0,556011047.6539087,556011047.6539087,0.0,0,0,-116898757.17482471,-74130811.80081083,0.0,7.0,27,0.05,True
memory_um,memory_level,ridge,16,0,independent,wls,/Users/fgtek002/TimeTrack/results/final/packs/01_memory_classical/metrics/predictions/base__memory_um__f0__h16__ridge__s0.npz,memory_ridge,True,substantial_improvement,aggregate_focused_improvement,464949215.46992654,0.0,8261,32,5000,0,-79931965.22641352,-81482124.7598114,1353419666.8608923,1273487701.6344788,-0.05905926091040697,-0.07054215776332795,-0.048035885530187804,1.0,0.0,False,False,260710830.9345253,266823319.92463598,0.023445473930639078,1824975816.5416775,1867763239.4724522,0.02344547393063909,556011047.6539087,554703099.8890148,-0.002352377296121689,2,5,-91262969.76800086,-67402582.71257569,0.0,6.0,27,0.05,True
memory_um,memory_level,ridge,16,0,independent,mint,/Users/fgtek002/TimeTrack/results/final/packs/01_memory_classical/metrics/predictions/base__memory_um__f0__h16__ridge__s0.npz,memory_ridge,True,substantial_improvement,pareto_improvement,464949215.46992654,0.0,8261,32,5000,0,-83894752.65052839,-86396719.45524597,1353419666.8608923,1269524914.2103639,-0.061987242172350736,-0.07447291422907508,-0.049958780719513124,1.0,0.0,False,False,260710830.9345253,265376802.99344388,0.017897116288545657,1824975816.5416775,1857637620.9541068,0.01789711628854531,556011047.6539087,553536332.6715099,-0.004450837789718279,2,5,-96348599.33972135,-70163229.78860547,0.0,5.0,27,0.05,True
memory_um,memory_level,ridge,16,1,independent,bottom_up,/Users/fgtek002/TimeTrack/results/final/packs/01_memory_classical/metrics/predictions/base__memory_um__f1__h16__ridge__s0.npz,memory_ridge,True,substantial_improvement,pareto_improvement,301682596.29424995,0.0,8261,32,5000,0,-42652711.705829024,-23684094.60762024,835539072.0094448,792886360.3036158,-0.05104813543099859,-0.06803315069665847,-0.034872640721963985,1.0,0.0,False,False,178285454.2207062,178285454.2207062,0.0,1247998179.5449433,1247998179.5449433,0.0,323099011.53891915,323099011.53891915,0.0,0,0,-55608098.02693498,-29613598.04020744,0.0,4.0,27,0.05,True
memory_um,memory_level,ridge,16,1,independent,wls,/Users/fgtek002/TimeTrack/results/final/packs/01_memory_classical/metrics/predictions/base__memory_um__f1__h16__ridge__s0.npz,memory_ridge,True,substantial_improvement,pareto_improvement,301682596.29424995,0.0,8261,32,5000,0,-47566860.96953527,-28790678.16442871,835539072.0094448,787972211.0399096,-0.05692954711877026,-0.06990256474869416,-0.04525302586731098,1.0,0.0,False,False,178285454.2207062,177692845.9960083,-0.003323929185856498,1247998179.5449433,1243849921.9720578,-0.003323929185856737,323099011.53891915,333151279.2355268,0.031112034817837243,3,4,-56934671.07215214,-38284409.180883184,0.0,3.0,27,0.05,True
memory_um,memory_level,ridge,16,1,independent,mint,/Users/fgtek002/TimeTrack/results/final/packs/01_memory_classical/metrics/predictions/base__memory_um__f1__h16__ridge__s0.npz,memory_ridge,True,substantial_improvement,pareto_improvement,301682596.29424995,0.0,8261,32,5000,0,-47338892.900148705,-28869999.55340576,835539072.0094448,788200179.1092962,-0.05665670761069279,-0.06945306493523189,-0.045109003174170145,1.0,0.0,False,False,178285454.2207062,177595965.74184984,-0.003867328839978227,1247998179.5449433,1243171760.1929488,-0.0038673288399782508,323099011.53891915,332226909.948497,0.028251087386809717,4,3,-56606299.32530088,-38158275.18392784,0.0,2.0,27,0.05,True
memory_um,memory_level,ridge,16,2,independent,bottom_up,/Users/fgtek002/TimeTrack/results/final/packs/01_memory_classical/metrics/predictions/base__memory_um__f2__h16__ridge__s0.npz,memory_ridge,True,modest_degradation,accuracy_costly_coherence,428885072.4161675,0.0,8264,32,5000,0,41702464.74280591,34363893.168144226,1065098498.0995754,1106800962.842381,0.0391536227092747,0.018432323204306086,0.05919688617216602,0.0002,0.0004,False,False,224455614.59220594,224455614.59220594,0.0,1571189302.1454415,1571189302.1454415,0.0,625552604.2462146,625552604.2462146,0.0,0,0,19692197.267874204,63942956.598228075,0.0032,21.0,27,0.05,True
memory_um,memory_level,ridge,16,2,independent,wls,/Users/fgtek002/TimeTrack/results/final/packs/01_memory_classical/metrics/predictions/base__memory_um__f2__h16__ridge__s0.npz,memory_ridge,True,accuracy_neutral,coherence_only,428885072.4161675,0.0,8264,32,5000,0,821308.7758039695,10739839.891021729,1065098498.0995754,1065919806.8753793,0.0007711106318048585,-0.012882308581941474,0.01382796321973831,0.465,0.93,True,True,224455614.59220594,223245201.76516423,-0.005392660055489412,1571189302.1454415,1562716412.3561497,-0.005392660055489318,625552604.2462146,598803485.1918497,-0.042760782822728986,3,4,-13682621.418174986,14790101.572907617,1.0,22.0,27,0.05,False
memory_um,memory_level,ridge,16,2,independent,mint,/Users/fgtek002/TimeTrack/results/final/packs/01_memory_classical/metrics/predictions/base__memory_um__f2__h16__ridge__s0.npz,memory_ridge,True,accuracy_neutral,coherence_only,428885072.4161675,0.0,8264,32,5000,0,242009.1462704436,10156266.91407013,1065098498.0995754,1065340507.2458456,0.00022721762043815999,-0.013310158855201848,0.013094928455363959,0.4976,0.9952,True,True,224455614.59220594,222383878.84618917,-0.00923004643827123,1571189302.1454415,1556687151.923324,-0.00923004643827125,625552604.2462146,595829702.12211,-0.04751463253825065,3,4,-14078234.913205046,14052356.405078847,1.0,27.0,27,0.05,False
memory_um,memory_level,lightgbm,1,0,independent,bottom_up,/Users/fgtek002/TimeTrack/results/final/packs/01_memory_classical/metrics/predictions/base__memory_um__f0__h1__lightgbm__s0.npz,memory_lightgbm,True,substantial_degradation,accuracy_costly_coherence,1491534985.8369813,0.0,8276,32,5000,0,226445113.9799882,509124778.1463547,1848635679.4026902,2075080793.3826785,0.12249309937215673,0.057098007368322455,0.2080385221744598,0.0004,0.0008,False,False,506790526.9619002,506790526.9619002,0.0,3547533688.7333016,3547533688.7333016,0.0,1186296378.2341874,1186296378.2341874,0.0,0,0,113403082.64470142,352388393.56593573,0.009600000000000001,16.0,27,0.05,True
memory_um,memory_level,lightgbm,1,0,independent,wls,/Users/fgtek002/TimeTrack/results/final/packs/01_memory_classical/metrics/predictions/base__memory_um__f0__h1__lightgbm__s0.npz,memory_lightgbm,True,accuracy_neutral,coherence_only,1491534985.8369813,0.0,8276,32,5000,0,20209724.66580991,238483535.86486816,1848635679.4026902,1868845404.0685003,0.01093223769885251,-0.03354339056135766,0.06920685372491596,0.3062,0.6124,True,True,506790526.9619002,522887013.17675346,0.03176161620728834,3547533688.7333016,3660209092.237274,0.0317616162072882,1186296378.2341874,1185538040.1419497,-0.0006392484257319439,4,3,-66732203.88433147,117564886.0824907,1.0,23.0,27,0.05,False
memory_um,memory_level,lightgbm,1,0,independent,mint,/Users/fgtek002/TimeTrack/results/final/packs/01_memory_classical/metrics/predictions/base__memory_um__f0__h1__lightgbm__s0.npz,memory_lightgbm,True,accuracy_neutral,accuracy_costly_coherence,1491534985.8369813,0.0,8276,32,5000,0,-15747713.474146979,168354206.88220978,1848635679.4026902,1832887965.9285433,-0.008518559740897784,-0.044948454689218854,0.03910417831744281,0.623,0.754,True,True,506790526.9619002,536030867.6765774,0.05769709408336171,3547533688.7333016,3752216073.7360415,0.05769709408336154,1186296378.2341874,1185513850.6278963,-0.0006596392104440671,4,3,-89209566.47100414,65444181.174178764,1.0,27.0,27,0.05,False
memory_um,memory_level,lightgbm,1,1,independent,bottom_up,/Users/fgtek002/TimeTrack/results/final/packs/01_memory_classical/metrics/predictions/base__memory_um__f1__h1__lightgbm__s0.npz,memory_lightgbm,True,substantial_improvement,pareto_improvement,732754784.1564883,0.0,8276,32,5000,0,-156277546.42076963,-34846278.145858765,1352577183.8579013,1196299637.4371316,-0.11554057564022002,-0.14390313408169578,-0.08765855371113852,1.0,0.0,False,False,238395087.09822717,238395087.09822717,0.0,1668765609.6875901,1668765609.6875901,0.0,792462122.928106,792462122.928106,0.0,0,0,-198692654.95187083,-115521834.03366163,0.0,4.0,27,0.05,True
memory_um,memory_level,lightgbm,1,1,independent,wls,/Users/fgtek002/TimeTrack/results/final/packs/01_memory_classical/metrics/predictions/base__memory_um__f1__h1__lightgbm__s0.npz,memory_lightgbm,True,substantial_improvement,aggregate_focused_improvement,732754784.1564883,0.0,8276,32,5000,0,-130707235.72680077,-43601426.60296631,1352577183.8579013,1221869948.1311007,-0.09663569464774631,-0.11546050537853089,-0.07789305758547256,1.0,0.0,False,False,238395087.09822717,246352054.7894911,0.03337723016072627,1668765609.6875901,1724464383.5264378,0.03337723016072641,792462122.928106,802856518.267589,0.013116583163718006,4,3,-159857688.16844055,-102214508.1948255,0.0,5.0,27,0.05,True
memory_um,memory_level,lightgbm,1,1,independent,mint,/Users/fgtek002/TimeTrack/results/final/packs/01_memory_classical/metrics/predictions/base__memory_um__f1__h1__lightgbm__s0.npz,memory_lightgbm,True,substantial_improvement,aggregate_focused_improvement,732754784.1564883,0.0,8276,32,5000,0,-132172633.37543651,-42851723.92221832,1352577183.8579013,1220404550.4824648,-0.09771910612778921,-0.116903720641607,-0.07863416762518403,1.0,0.0,False,False,238395087.09822717,246949233.4340984,0.03588222576225579,1668765609.6875901,1728644634.0386887,0.03588222576225579,792462122.928106,799701665.3748881,0.009135505959619095,2,5,-161996082.8343094,-103118166.20459564,0.0,6.0,27,0.05,True
memory_um,memory_level,lightgbm,1,2,independent,bottom_up,/Users/fgtek002/TimeTrack/results/final/packs/01_memory_classical/metrics/predictions/base__memory_um__f2__h1__lightgbm__s0.npz,memory_lightgbm,True,substantial_improvement,pareto_improvement,763501987.9491076,0.0,8279,32,5000,0,-89710532.64011082,-64563854.4067688,1263368437.7287288,1173657905.0886176,-0.07100900256887177,-0.10001286552556753,-0.04147358393076704,1.0,0.0,False,False,232768082.75908306,232768082.75908306,0.0,1629376579.3135812,1629376579.3135812,0.0,543885368.3844925,543885368.3844925,0.0,0,0,-126703873.42109495,-52136341.10080119,0.0,7.0,27,0.05,True
memory_um,memory_level,lightgbm,1,2,independent,wls,/Users/fgtek002/TimeTrack/results/final/packs/01_memory_classical/metrics/predictions/base__memory_um__f2__h1__lightgbm__s0.npz,memory_lightgbm,True,substantial_improvement,aggregate_focused_improvement,763501987.9491076,0.0,8279,32,5000,0,-95558933.11279877,-67974183.86335754,1263368437.7287288,1167809504.6159296,-0.0756382146799501,-0.09573096523749726,-0.05504571288780916,1.0,0.0,False,False,232768082.75908306,240270211.2576235,0.032230056671065155,1629376579.3135812,1681891478.8033643,0.032230056671065176,543885368.3844925,557938720.5242864,0.025838812655572384,3,4,-122324631.26097141,-68907040.07665604,0.0,8.0,27,0.05,True
memory_um,memory_level,lightgbm,1,2,independent,mint,/Users/fgtek002/TimeTrack/results/final/packs/01_memory_classical/metrics/predictions/base__memory_um__f2__h1__lightgbm__s0.npz,memory_lightgbm,True,substantial_improvement,pareto_improvement,763501987.9491076,0.0,8279,32,5000,0,-96896175.7973249,-68872310.45028687,1263368437.7287288,1166472261.9314036,-0.0766966887122207,-0.10084771748548724,-0.051745041152208154,1.0,0.0,False,False,232768082.75908306,234949607.0931166,0.00937209392359624,1629376579.3135812,1644647249.6518164,0.009372093923596423,543885368.3844925,549081040.4288744,0.009552880710533927,4,3,-128559731.86866422,-65107316.40883017,0.0,9.0,27,0.05,True
memory_um,memory_level,lightgbm,8,0,independent,bottom_up,/Users/fgtek002/TimeTrack/results/final/packs/01_memory_classical/metrics/predictions/base__memory_um__f0__h8__lightgbm__s0.npz,memory_lightgbm,True,substantial_degradation,accuracy_costly_coherence,1792691829.1344185,0.0,8269,32,5000,0,482542023.82199913,600942159.2368011,1526324191.3500135,2008866215.1720126,0.31614648221961095,0.2171210264061993,0.44686643416123645,0.0,0.0,False,False,506382941.60759974,506382941.60759974,0.0,3544680591.2531977,3544680591.2531977,0.0,1174995716.280489,1174995716.280489,0.0,0,0,363017916.1392525,611801840.9451164,0.0,10.0,27,0.05,True
memory_um,memory_level,lightgbm,8,0,independent,wls,/Users/fgtek002/TimeTrack/results/final/packs/01_memory_classical/metrics/predictions/base__memory_um__f0__h8__lightgbm__s0.npz,memory_lightgbm,True,substantial_degradation,accuracy_costly_coherence,1792691829.1344185,0.0,8269,32,5000,0,89859364.68377295,138378776.9590454,1526324191.3500135,1616183556.0337863,0.058873052784607666,0.006546138493094192,0.12495641365460929,0.0126,0.0252,False,False,506382941.60759974,535715187.25140136,0.05792502715569638,3544680591.2531977,3750006310.7598095,0.05792502715569651,1174995716.280489,1158612420.212014,-0.013943281529857144,5,2,10719696.200560203,172596219.0790501,0.2016,20.0,27,0.05,False
memory_um,memory_level,lightgbm,8,0,independent,mint,/Users/fgtek002/TimeTrack/results/final/packs/01_memory_classical/metrics/predictions/base__memory_um__f0__h8__lightgbm__s0.npz,memory_lightgbm,True,substantial_degradation,accuracy_costly_coherence,1792691829.1344185,0.0,8269,32,5000,0,232248769.0694646,293231121.36291504,1526324191.3500135,1758572960.419478,0.15216214902814562,0.08085755864996522,0.24449239587900445,0.0,0.0,False,False,506382941.60759974,528429739.88751686,0.04353779811366822,3544680591.2531977,3699008179.212618,0.04353779811366833,1174995716.280489,1165246761.1729972,-0.008297013318782612,4,3,133564483.03693041,335780015.86092645,0.0,12.0,27,0.05,True
memory_um,memory_level,lightgbm,8,1,independent,bottom_up,/Users/fgtek002/TimeTrack/results/final/packs/01_memory_classical/metrics/predictions/base__memory_um__f1__h8__lightgbm__s0.npz,memory_lightgbm,True,accuracy_neutral,coherence_only,799168503.5116102,0.0,8269,32,5000,0,-8716604.176525947,86723792.38044739,1349230704.7903304,1340514100.6138046,-0.006460425296858702,-0.03897731938850296,0.026570189407562977,0.6434,0.7132,True,True,255925025.03682473,255925025.03682473,0.0,1791475175.2577734,1791475175.2577734,0.0,861639278.76333,861639278.76333,0.0,0,0,-53529911.4559443,35114470.257797085,1.0,26.0,27,0.05,False
memory_um,memory_level,lightgbm,8,1,independent,wls,/Users/fgtek002/TimeTrack/results/final/packs/01_memory_classical/metrics/predictions/base__memory_um__f1__h8__lightgbm__s0.npz,memory_lightgbm,True,modest_improvement,pareto_improvement,799168503.5116102,0.0,8269,32,5000,0,-33093991.40740466,43587127.56039429,1349230704.7903304,1316136713.382926,-0.02452804497400424,-0.0463320264927278,-0.0021338644175493272,0.9832,0.0336,False,False,255925025.03682473,260569657.43985078,0.018148410466533055,1791475175.2577734,1823987602.0789552,0.018148410466532754,861639278.76333,854592106.5928376,-0.008178796329488232,3,4,-64006650.99163358,-2802154.49291458,0.2352,21.0,27,0.05,False
memory_um,memory_level,lightgbm,8,1,independent,mint,/Users/fgtek002/TimeTrack/results/final/packs/01_memory_classical/metrics/predictions/base__memory_um__f1__h8__lightgbm__s0.npz,memory_lightgbm,True,modest_improvement,aggregate_focused_improvement,799168503.5116102,0.0,8269,32,5000,0,-32544702.57265974,45517971.81057739,1349230704.7903304,1316686002.217671,-0.02412093236324411,-0.04636454837648464,-0.001291750162613459,0.981,0.038,False,False,255925025.03682473,261977288.54998523,0.023648580330468443,1791475175.2577734,1833841019.8498967,0.023648580330468322,861639278.76333,855531821.3243234,-0.007088183639645944,5,2,-63945137.76661442,-1689622.0677507063,0.2352,22.0,27,0.05,False
memory_um,memory_level,lightgbm,8,2,independent,bottom_up,/Users/fgtek002/TimeTrack/results/final/packs/01_memory_classical/metrics/predictions/base__memory_um__f2__h8__lightgbm__s0.npz,memory_lightgbm,True,substantial_improvement,pareto_improvement,767941323.936843,0.0,8272,32,5000,0,-94732908.42078078,-86299620.32493591,1262294522.4928114,1167561614.072031,-0.07504818149230325,-0.10538206460244101,-0.04390224210831381,1.0,0.0,False,False,232323552.07861236,232323552.07861236,0.0,1626264864.5502863,1626264864.5502863,0.0,551178955.4350102,551178955.4350102,0.0,0,0,-132271571.14719322,-56257703.369340315,0.0,15.0,27,0.05,True
memory_um,memory_level,lightgbm,8,2,independent,wls,/Users/fgtek002/TimeTrack/results/final/packs/01_memory_classical/metrics/predictions/base__memory_um__f2__h8__lightgbm__s0.npz,memory_lightgbm,True,substantial_improvement,aggregate_focused_improvement,767941323.936843,0.0,8272,32,5000,0,-99737511.73185709,-86992319.73634338,1262294522.4928114,1162557010.7609544,-0.07901286898947554,-0.1002824583108626,-0.05785639463200465,1.0,0.0,False,False,232323552.07861236,240670947.22559834,0.03593004270252132,1626264864.5502863,1684696630.5791883,0.03593004270252145,551178955.4350102,567682546.315906,0.029942345799234348,4,3,-126363915.21159686,-73367233.96281926,0.0,13.0,27,0.05,True
memory_um,memory_level,lightgbm,8,2,independent,mint,/Users/fgtek002/TimeTrack/results/final/packs/01_memory_classical/metrics/predictions/base__memory_um__f2__h8__lightgbm__s0.npz,memory_lightgbm,True,substantial_improvement,pareto_improvement,767941323.936843,0.0,8272,32,5000,0,-102031350.1076269,-90177391.10508728,1262294522.4928114,1160263172.3851845,-0.08083006643024386,-0.10574706157485385,-0.056062949513104865,1.0,0.0,False,False,232323552.07861236,235799166.02158305,0.014960230729403768,1626264864.5502863,1650594162.1510816,0.014960230729404026,551178955.4350102,559273749.4987191,0.014686326435159701,3,4,-132790265.75418997,-71223247.27359353,0.0,11.0,27,0.05,True
memory_um,memory_level,lightgbm,16,0,independent,bottom_up,/Users/fgtek002/TimeTrack/results/final/packs/01_memory_classical/metrics/predictions/base__memory_um__f0__h16__lightgbm__s0.npz,memory_lightgbm,True,substantial_degradation,accuracy_costly_coherence,1522331834.1169596,0.0,8261,32,5000,0,376607095.3936553,571239278.4701691,1735274052.5911322,2111881147.9847877,0.2170303271873979,0.13682381181290942,0.3213913601490045,0.0,0.0,False,False,493552141.99632317,493552141.99632317,0.0,3454864993.974262,3454864993.974262,0.0,1183450473.6563418,1183450473.6563418,0.0,0,0,256041707.9699265,506716327.3489141,0.0,3.0,27,0.05,True
memory_um,memory_level,lightgbm,16,0,independent,wls,/Users/fgtek002/TimeTrack/results/final/packs/01_memory_classical/metrics/predictions/base__memory_um__f0__h16__lightgbm__s0.npz,memory_lightgbm,True,substantial_degradation,accuracy_costly_coherence,1522331834.1169596,0.0,8261,32,5000,0,106346573.04819909,239053898.62568665,1735274052.5911322,1841620625.6393313,0.061285174459562226,0.012069609358316528,0.12476579837771978,0.0072,0.0144,False,False,493552141.99632317,517959041.8128505,0.04945151229170257,3454864993.974262,3625713292.689954,0.049451512291702686,1183450473.6563418,1174124004.2463593,-0.007880743315913975,5,2,22981544.278926972,197094552.14469656,0.144,18.0,27,0.05,False
memory_um,memory_level,lightgbm,16,0,independent,mint,/Users/fgtek002/TimeTrack/results/final/packs/01_memory_classical/metrics/predictions/base__memory_um__f0__h16__lightgbm__s0.npz,memory_lightgbm,True,substantial_degradation,accuracy_costly_coherence,1522331834.1169596,0.0,8261,32,5000,0,160846859.90007547,316997548.8530426,1735274052.5911322,1896120912.491208,0.09269248258504009,0.03526833150463655,0.16651206855002806,0.0016,0.0032,False,False,493552141.99632317,514972121.9736711,0.04339962924830642,3454864993.974262,3604804853.815698,0.04339962924830657,1183450473.6563418,1178029089.1527364,-0.004580998211826871,4,3,65788551.152803324,262408413.08942696,0.0352,17.0,27,0.05,True
memory_um,memory_level,lightgbm,16,1,independent,bottom_up,/Users/fgtek002/TimeTrack/results/final/packs/01_memory_classical/metrics/predictions/base__memory_um__f1__h16__lightgbm__s0.npz,memory_lightgbm,True,modest_degradation,accuracy_costly_coherence,787283428.9104376,0.0,8261,32,5000,0,50163258.26613721,117738796.6214447,1348125215.317614,1398288473.5837512,0.037209643211308756,0.004899209301626979,0.0704077421375394,0.011,0.022,False,False,265230185.9482802,265230185.9482802,0.0,1856611301.6379614,1856611301.6379614,0.0,923669854.1910539,923669854.1910539,0.0,0,0,6743272.890027523,91673030.74116543,0.19799999999999998,19.0,27,0.05,False
memory_um,memory_level,lightgbm,16,1,independent,wls,/Users/fgtek002/TimeTrack/results/final/packs/01_memory_classical/metrics/predictions/base__memory_um__f1__h16__lightgbm__s0.npz,memory_lightgbm,True,accuracy_neutral,coherence_only,787283428.9104376,0.0,8261,32,5000,0,6874502.193367428,61955319.560180664,1348125215.317614,1354999717.5109816,0.005099305402241747,-0.017004173591659243,0.027569075189130078,0.339,0.678,True,True,265230185.9482802,269224669.04179114,0.015060439215202597,1856611301.6379614,1884572683.2925382,0.015060439215202644,923669854.1910539,912366007.1556742,-0.012237973323574049,3,4,-23436633.27649024,35788567.26231463,1.0,25.0,27,0.05,False
memory_um,memory_level,lightgbm,16,1,independent,mint,/Users/fgtek002/TimeTrack/results/final/packs/01_memory_classical/metrics/predictions/base__memory_um__f1__h16__lightgbm__s0.npz,memory_lightgbm,True,accuracy_neutral,coherence_only,787283428.9104376,0.0,8261,32,5000,0,6935920.337753763,62029384.61062622,1348125215.317614,1355061135.6553676,0.005144863592006684,-0.01697944381152809,0.02763502556886761,0.3376,0.6752,True,True,265230185.9482802,271808252.78085476,0.024801350604404044,1856611301.6379614,1902657769.4659832,0.024801350604403898,923669854.1910539,914951920.4303069,-0.00943836558180421,4,3,-23399704.123822723,35870504.69986419,1.0,24.0,27,0.05,False
memory_um,memory_level,lightgbm,16,2,independent,bottom_up,/Users/fgtek002/TimeTrack/results/final/packs/01_memory_classical/metrics/predictions/base__memory_um__f2__h16__lightgbm__s0.npz,memory_lightgbm,True,substantial_improvement,pareto_improvement,780548531.5914713,0.0,8264,32,5000,0,-135730365.9050015,-118923101.48039246,1266339742.2184117,1130609376.3134103,-0.10718321583055192,-0.1363158972913839,-0.07563395046749563,1.0,0.0,False,False,228151917.36734942,228151917.36734942,0.0,1597063421.571446,1597063421.571446,0.0,550804983.1242582,550804983.1242582,0.0,0,0,-171465383.57418194,-97483516.57312874,0.0,2.0,27,0.05,True
memory_um,memory_level,lightgbm,16,2,independent,wls,/Users/fgtek002/TimeTrack/results/final/packs/01_memory_classical/metrics/predictions/base__memory_um__f2__h16__lightgbm__s0.npz,memory_lightgbm,True,substantial_improvement,aggregate_focused_improvement,780548531.5914713,0.0,8264,32,5000,0,-131282397.06381798,-109736668.12836456,1266339742.2184117,1135057345.1545937,-0.10367075492224034,-0.12508749741344194,-0.08182556919709891,1.0,0.0,False,False,228151917.36734942,237802041.67696673,0.04229692400121083,1597063421.571446,1664614291.7387671,0.042296924001210844,550804983.1242582,570643348.9154772,0.03601704123788507,2,5,-156889293.92406732,-104598143.8448863,0.0,14.0,27,0.05,True
memory_um,memory_level,lightgbm,16,2,independent,mint,/Users/fgtek002/TimeTrack/results/final/packs/01_memory_classical/metrics/predictions/base__memory_um__f2__h16__lightgbm__s0.npz,memory_lightgbm,True,substantial_improvement,pareto_improvement,780548531.5914713,0.0,8264,32,5000,0,-138224383.26919088,-117587498.75045776,1266339742.2184117,1128115358.949221,-0.10915268522414473,-0.13453239949717485,-0.0828440398403133,1.0,0.0,False,False,228151917.36734942,231715380.61343613,0.015618817878918603,1597063421.571446,1622007664.2940528,0.015618817878918527,550804983.1242582,559339434.2160821,0.015494505956382418,2,5,-168680898.8642119,-106322713.39774162,0.0,1.0,27,0.05,True
memory_um,memory_level,dlinear,1,0,independent,bottom_up,/Users/fgtek002/TimeTrack/results/final/packs/02_memory_dlinear/metrics/predictions/base__memory_um__f0__h1__dlinear__s0.npz,memory_dlinear,True,accuracy_neutral,coherence_only,405896187.47104925,0.0,8276,32,5000,0,5618216.805273066,5173099.684234619,1288970217.5265772,1294588434.3318505,0.004358686282181089,-0.010020967648613214,0.017860355653773037,0.2804,0.5608,True,True,269954482.4285869,269954482.4285869,0.0,1889681377.0001082,1889681377.0001082,0.0,548074446.1739749,548074446.1739749,0.0,0,0,-12574363.032415455,23284331.994573288,1.0,26.0,27,0.05,False
memory_um,memory_level,dlinear,1,0,independent,wls,/Users/fgtek002/TimeTrack/results/final/packs/02_memory_dlinear/metrics/predictions/base__memory_um__f0__h1__dlinear__s0.npz,memory_dlinear,True,accuracy_neutral,coherence_only,405896187.47104925,0.0,8276,32,5000,0,-16348740.152555935,-3743953.434364319,1288970217.5265772,1272621477.3740215,-0.012683567029134124,-0.022723948303110347,-0.003355782640816403,0.996,0.008,False,False,269954482.4285869,270074328.95174885,0.0004439508545432345,1889681377.0001082,1890520302.662242,0.00044395085454326604,548074446.1739749,542870484.0337878,-0.009494991376655307,6,1,-29161792.462819554,-4319190.714430463,0.07200000000000001,19.0,27,0.05,False
memory_um,memory_level,dlinear,1,0,independent,mint,/Users/fgtek002/TimeTrack/results/final/packs/02_memory_dlinear/metrics/predictions/base__memory_um__f0__h1__dlinear__s0.npz,memory_dlinear,True,accuracy_neutral,coherence_only,405896187.47104925,0.0,8276,32,5000,0,-14319060.488599483,-2833012.066421509,1288970217.5265772,1274651157.037978,-0.011108914925960452,-0.021835360748585653,-0.001130758425204871,0.9854,0.0292,False,False,269954482.4285869,269953063.9497293,-5.254511222839532e-06,1889681377.0001082,1889671447.6481047,-5.254511223123412e-06,548074446.1739749,542670741.6845518,-0.009859435204734472,5,2,-27995992.687007777,-1456829.758277405,0.2336,20.0,27,0.05,False
memory_um,memory_level,dlinear,1,1,independent,bottom_up,/Users/fgtek002/TimeTrack/results/final/packs/02_memory_dlinear/metrics/predictions/base__memory_um__f1__h1__dlinear__s0.npz,memory_dlinear,True,modest_improvement,pareto_improvement,303539149.51929253,0.0,8276,32,5000,0,-37101931.038987346,-11900938.176773071,836589801.3086051,799487870.2696177,-0.04434901188246857,-0.06064031356110699,-0.02859073731443474,1.0,0.0,False,False,178494246.02162883,178494246.02162883,0.0,1249459722.151402,1249459722.151402,0.0,328854318.0901246,328854318.0901246,0.0,0,0,-50743957.11649018,-23878646.530726854,0.0,15.0,27,0.05,True
memory_um,memory_level,dlinear,1,1,independent,wls,/Users/fgtek002/TimeTrack/results/final/packs/02_memory_dlinear/metrics/predictions/base__memory_um__f1__h1__dlinear__s0.npz,memory_dlinear,True,substantial_improvement,pareto_improvement,303539149.51929253,0.0,8276,32,5000,0,-43802890.246695355,-20618514.680740356,836589801.3086051,792786911.0619098,-0.05235886234589315,-0.06432744168944385,-0.04110319914226692,1.0,0.0,False,False,178494246.02162883,177809120.05404922,-0.003838364445073394,1249459722.151402,1244663840.3783445,-0.0038383644450735842,328854318.0901246,322746810.7617208,-0.018572075817262126,3,4,-54052905.848248444,-33987070.27012726,0.0,14.0,27,0.05,True
memory_um,memory_level,dlinear,1,1,independent,mint,/Users/fgtek002/TimeTrack/results/final/packs/02_memory_dlinear/metrics/predictions/base__memory_um__f1__h1__dlinear__s0.npz,memory_dlinear,True,substantial_improvement,pareto_improvement,303539149.51929253,0.0,8276,32,5000,0,-43699458.79789012,-20642958.541641235,836589801.3086051,792890342.5107149,-0.05223522774188119,-0.06409142096805585,-0.04110825288710149,1.0,0.0,False,False,178494246.02162883,177528654.64329857,-0.005409649889852786,1249459722.151402,1242700582.5030897,-0.005409649889853191,328854318.0901246,321138315.9713083,-0.023463283570756388,4,3,-53828730.618096046,-33961591.32330639,0.0,13.0,27,0.05,True
memory_um,memory_level,dlinear,1,2,independent,bottom_up,/Users/fgtek002/TimeTrack/results/final/packs/02_memory_dlinear/metrics/predictions/base__memory_um__f2__h1__dlinear__s0.npz,memory_dlinear,True,modest_degradation,accuracy_costly_coherence,446698754.89137936,0.0,8279,32,5000,0,39088012.658895634,38860678.49847412,1048733686.1079497,1087821698.7668452,0.037271628800213986,0.015899965591340305,0.05868101212144073,0.0002,0.0004,False,False,222412737.13792387,222412737.13792387,0.0,1556889159.965467,1556889159.965467,0.0,616887912.2037311,616887912.2037311,0.0,0,0,16350999.116038324,61478950.40194551,0.004,18.0,27,0.05,True
memory_um,memory_level,dlinear,1,2,independent,wls,/Users/fgtek002/TimeTrack/results/final/packs/02_memory_dlinear/metrics/predictions/base__memory_um__f2__h1__dlinear__s0.npz,memory_dlinear,True,accuracy_neutral,coherence_only,446698754.89137936,0.0,8279,32,5000,0,-3707593.2297771927,9725156.523895264,1048733686.1079497,1045026092.8781725,-0.0035353047955737713,-0.018053909540516784,0.01044177900695451,0.7128,0.5744,True,True,222412737.13792387,220735988.84268847,-0.007538904097005922,1556889159.965467,1545151921.8988194,-0.00753890409700577,616887912.2037311,587208850.1702105,-0.04811094762336482,4,3,-18640725.033477105,11204593.54894582,1.0,27.0,27,0.05,False
memory_um,memory_level,dlinear,1,2,independent,mint,/Users/fgtek002/TimeTrack/results/final/packs/02_memory_dlinear/metrics/predictions/base__memory_um__f2__h1__dlinear__s0.npz,memory_dlinear,True,accuracy_neutral,coherence_only,446698754.89137936,0.0,8279,32,5000,0,-4589643.904346078,9194563.932067871,1048733686.1079497,1044144042.2036036,-0.004376367389684143,-0.018658493930938637,0.009403339060399928,0.7544,0.4912,True,True,222412737.13792387,219747163.0049414,-0.011984808816634775,1556889159.965467,1538230141.0345898,-0.011984808816634756,616887912.2037311,583648941.247345,-0.05388170249218421,4,3,-19314809.25236964,10040362.972717814,1.0,25.0,27,0.05,False
memory_um,memory_level,dlinear,8,0,independent,bottom_up,/Users/fgtek002/TimeTrack/results/final/packs/02_memory_dlinear/metrics/predictions/base__memory_um__f0__h8__dlinear__s0.npz,memory_dlinear,True,substantial_improvement,pareto_improvement,411277892.719184,0.0,8269,32,5000,0,-100924848.2096304,-109108667.85430908,1351523873.7521622,1250599025.5425317,-0.07467485419213368,-0.09249615491421445,-0.05962223086118869,1.0,0.0,False,False,262265333.2811841,262265333.2811841,0.0,1835857332.9682884,1835857332.9682884,0.0,549070948.1062284,549070948.1062284,0.0,0,0,-117567167.97228906,-84822572.00224662,0.0,16.0,27,0.05,True
memory_um,memory_level,dlinear,8,0,independent,wls,/Users/fgtek002/TimeTrack/results/final/packs/02_memory_dlinear/metrics/predictions/base__memory_um__f0__h8__dlinear__s0.npz,memory_dlinear,True,substantial_improvement,pareto_improvement,411277892.719184,0.0,8269,32,5000,0,-78355439.79107442,-78122382.56640625,1351523873.7521622,1273168433.9610877,-0.05797562389596603,-0.06915528534086737,-0.04856250701246773,1.0,0.0,False,False,262265333.2811841,267428650.15255377,0.01968737845285058,1835857332.9682884,1872000551.0678763,0.019687378452850745,549070948.1062284,548077883.7986714,-0.001808626573637,2,5,-88235601.67020836,-68734894.67774318,0.0,9.0,27,0.05,True
memory_um,memory_level,dlinear,8,0,independent,mint,/Users/fgtek002/TimeTrack/results/final/packs/02_memory_dlinear/metrics/predictions/base__memory_um__f0__h8__dlinear__s0.npz,memory_dlinear,True,substantial_improvement,pareto_improvement,411277892.719184,0.0,8269,32,5000,0,-85101544.87572846,-85378087.41850281,1351523873.7521622,1266422328.8764336,-0.06296710441338019,-0.07559977172303975,-0.05236844285348976,1.0,0.0,False,False,262265333.2811841,265909607.69162032,0.01389537215934313,1835857332.9682884,1861367253.8413422,0.013895372159343295,549070948.1062284,547584167.8624023,-0.0027078108010522265,2,5,-96256839.17370652,-74142393.25133215,0.0,10.0,27,0.05,True
memory_um,memory_level,dlinear,8,1,independent,bottom_up,/Users/fgtek002/TimeTrack/results/final/packs/02_memory_dlinear/metrics/predictions/base__memory_um__f1__h8__dlinear__s0.npz,memory_dlinear,True,modest_improvement,pareto_improvement,287605532.3304146,0.0,8269,32,5000,0,-37569046.84032168,-16565873.367782593,836114125.5450646,798545078.7047428,-0.04493291728067666,-0.0607328717786086,-0.029129552099202177,1.0,0.0,False,False,177605775.06773308,177605775.06773308,0.0,1243240425.4741316,1243240425.4741316,0.0,316219021.57834566,316219021.57834566,0.0,0,0,-50906719.04108427,-24389458.49100973,0.0,7.0,27,0.05,True
memory_um,memory_level,dlinear,8,1,independent,wls,/Users/fgtek002/TimeTrack/results/final/packs/02_memory_dlinear/metrics/predictions/base__memory_um__f1__h8__dlinear__s0.npz,memory_dlinear,True,substantial_improvement,pareto_improvement,287605532.3304146,0.0,8269,32,5000,0,-41857817.941062436,-20097481.875808716,836114125.5450646,794256307.6040021,-0.050062326017725436,-0.0615215945596341,-0.039106581683521456,1.0,0.0,False,False,177605775.06773308,177383673.7989381,-0.0012505295433680656,1243240425.4741316,1241685716.5925667,-0.0012505295433680415,316219021.57834566,325102628.84437525,0.028093209642129687,4,3,-51683827.694002956,-32350297.83258324,0.0,1.0,27,0.05,True
memory_um,memory_level,dlinear,8,1,independent,mint,/Users/fgtek002/TimeTrack/results/final/packs/02_memory_dlinear/metrics/predictions/base__memory_um__f1__h8__dlinear__s0.npz,memory_dlinear,True,modest_improvement,pareto_improvement,287605532.3304146,0.0,8269,32,5000,0,-41699013.62582569,-20120005.15864563,836114125.5450646,794415111.9192388,-0.04987239463110615,-0.061170877316234946,-0.0390553745316488,1.0,0.0,False,False,177605775.06773308,177276521.1587917,-0.0018538468628952036,1243240425.4741316,1240935648.1115417,-0.0018538468628952994,316219021.57834566,324245774.5982366,0.025383523672380587,5,2,-51382276.0023649,-32323627.866125762,0.0,6.0,27,0.05,True
memory_um,memory_level,dlinear,8,2,independent,bottom_up,/Users/fgtek002/TimeTrack/results/final/packs/02_memory_dlinear/metrics/predictions/base__memory_um__f2__h8__dlinear__s0.npz,memory_dlinear,True,substantial_degradation,accuracy_costly_coherence,422773609.62416166,0.0,8272,32,5000,0,55921437.1406579,39036925.942741394,1047041227.013701,1102962664.1543586,0.053409011696849015,0.03382745028578118,0.07278726971507388,0.0,0.0,False,False,226639661.50603232,226639661.50603232,0.0,1586477630.5422263,1586477630.5422263,0.0,604648543.9959629,604648543.9959629,0.0,0,0,35304477.181518026,77081816.23179087,0.0,5.0,27,0.05,True
memory_um,memory_level,dlinear,8,2,independent,wls,/Users/fgtek002/TimeTrack/results/final/packs/02_memory_dlinear/metrics/predictions/base__memory_um__f2__h8__dlinear__s0.npz,memory_dlinear,True,accuracy_neutral,coherence_only,422773609.62416166,0.0,8272,32,5000,0,10483268.824582689,12902156.851287842,1047041227.013701,1057524495.8382838,0.010012278938129636,-0.003414820601832415,0.022926465415236415,0.0682,0.1364,True,True,226639661.50603232,224774257.35124698,-0.008230704821872869,1586477630.5422263,1573419801.4587288,-0.008230704821872981,604648543.9959629,578887060.3866626,-0.04260571511352595,4,3,-3584095.5217361394,24254078.520565573,0.9548,21.0,27,0.05,False
memory_um,memory_level,dlinear,8,2,independent,mint,/Users/fgtek002/TimeTrack/results/final/packs/02_memory_dlinear/metrics/predictions/base__memory_um__f2__h8__dlinear__s0.npz,memory_dlinear,True,accuracy_neutral,coherence_only,422773609.62416166,0.0,8272,32,5000,0,8862225.244349942,11433647.198760986,1047041227.013701,1055903452.2580509,0.008464065230388465,-0.004625655271194149,0.02104449164618948,0.0964,0.1928,True,True,226639661.50603232,224103729.42082813,-0.011189268764137679,1586477630.5422263,1568726105.945797,-0.011189268764137715,604648543.9959629,576032849.1238126,-0.047326161877504436,4,3,-4853094.214353905,22265111.824941,1.0,22.0,27,0.05,False
memory_um,memory_level,dlinear,16,0,independent,bottom_up,/Users/fgtek002/TimeTrack/results/final/packs/02_memory_dlinear/metrics/predictions/base__memory_um__f0__h16__dlinear__s0.npz,memory_dlinear,True,substantial_improvement,pareto_improvement,414229236.4238867,0.0,8261,32,5000,0,-104849245.61173221,-115017915.20491028,1349931371.2096462,1245082125.597914,-0.07767005630647647,-0.09583237225202033,-0.060943306769578084,1.0,0.0,False,False,261870716.2195335,261870716.2195335,0.0,1833095013.5367348,1833095013.5367348,0.0,545422081.7846916,545422081.7846916,0.0,0,0,-121847971.98445398,-86943693.49989624,0.0,4.0,27,0.05,True
memory_um,memory_level,dlinear,16,0,independent,wls,/Users/fgtek002/TimeTrack/results/final/packs/02_memory_dlinear/metrics/predictions/base__memory_um__f0__h16__dlinear__s0.npz,memory_dlinear,True,substantial_improvement,pareto_improvement,414229236.4238867,0.0,8261,32,5000,0,-81216680.70324388,-81042474.7522583,1349931371.2096462,1268714690.5064023,-0.06016356270798215,-0.07145238653512102,-0.04980474639672836,1.0,0.0,False,False,261870716.2195335,267048263.3108819,0.01977138630120035,1833095013.5367348,1869337843.1761734,0.01977138630120022,545422081.7846916,544432314.8144464,-0.0018146807826453916,2,5,-91061982.7500233,-70634717.1899488,0.0,3.0,27,0.05,True
memory_um,memory_level,dlinear,16,0,independent,mint,/Users/fgtek002/TimeTrack/results/final/packs/02_memory_dlinear/metrics/predictions/base__memory_um__f0__h16__dlinear__s0.npz,memory_dlinear,True,substantial_improvement,pareto_improvement,414229236.4238867,0.0,8261,32,5000,0,-87318675.39899747,-88396188.27670288,1349931371.2096462,1262612695.8106487,-0.06468378856975,-0.07726086234794557,-0.05311897192553187,1.0,0.0,False,False,261870716.2195335,265480675.0801789,0.01378527126957966,1833095013.5367348,1858364725.561252,0.013785271269579447,545422081.7846916,543836456.1874841,-0.002907153285798505,3,4,-98442004.23165306,-75366815.19197531,0.0,2.0,27,0.05,True
memory_um,memory_level,dlinear,16,1,independent,bottom_up,/Users/fgtek002/TimeTrack/results/final/packs/02_memory_dlinear/metrics/predictions/base__memory_um__f1__h16__dlinear__s0.npz,memory_dlinear,True,modest_improvement,pareto_improvement,298993412.82859784,0.0,8261,32,5000,0,-40818421.06281064,-29257916.57623291,846438532.3283072,805620111.2654964,-0.04822372742239296,-0.06630739231481272,-0.03189203162230347,1.0,0.0,False,False,178379845.7930321,178379845.7930321,0.0,1248658920.551225,1248658920.551225,0.0,323826852.0686288,323826852.0686288,0.0,0,0,-53585792.10225793,-27939357.30374915,0.0,8.0,27,0.05,True
memory_um,memory_level,dlinear,16,1,independent,wls,/Users/fgtek002/TimeTrack/results/final/packs/02_memory_dlinear/metrics/predictions/base__memory_um__f1__h16__dlinear__s0.npz,memory_dlinear,True,substantial_improvement,pareto_improvement,298993412.82859784,0.0,8261,32,5000,0,-45732727.68615079,-31748376.92567444,846438532.3283072,800705804.6421564,-0.05402959097378673,-0.06763284801771452,-0.04237686478749781,1.0,0.0,False,False,178379845.7930321,177859003.69106433,-0.0029198483699335444,1248658920.551225,1245013025.83745,-0.0029198483699339017,323826852.0686288,332536005.2298423,0.02689447495035953,3,4,-54996522.258145235,-36806294.53932353,0.0,17.0,27,0.05,True
memory_um,memory_level,dlinear,16,1,independent,mint,/Users/fgtek002/TimeTrack/results/final/packs/02_memory_dlinear/metrics/predictions/base__memory_um__f1__h16__dlinear__s0.npz,memory_dlinear,True,substantial_improvement,pareto_improvement,298993412.82859784,0.0,8261,32,5000,0,-45494829.72673706,-31724758.04663086,846438532.3283072,800943702.60157,-0.05374853340099483,-0.067206996354761,-0.04228843355298437,1.0,0.0,False,False,178379845.7930321,177837218.94399485,-0.0030419739776367492,1248658920.551225,1244860532.607964,-0.0030419739776368204,323826852.0686288,331710457.69678533,0.024345126346983006,4,3,-54651433.56430066,-36726430.61410936,0.0,11.0,27,0.05,True
memory_um,memory_level,dlinear,16,2,independent,bottom_up,/Users/fgtek002/TimeTrack/results/final/packs/02_memory_dlinear/metrics/predictions/base__memory_um__f2__h16__dlinear__s0.npz,memory_dlinear,True,substantial_degradation,accuracy_costly_coherence,442752201.4274765,0.0,8264,32,5000,0,58015294.53876856,46727899.8031311,1056253575.3982915,1114268869.9370599,0.05492553671772631,0.034097973874537224,0.07471315847526137,0.0,0.0,False,False,228959976.16284576,228959976.16284576,0.0,1602719833.1399202,1602719833.1399202,0.0,629540423.6563799,629540423.6563799,0.0,0,0,35752774.11623618,80085831.82523401,0.0,12.0,27,0.05,True
memory_um,memory_level,dlinear,16,2,independent,wls,/Users/fgtek002/TimeTrack/results/final/packs/02_memory_dlinear/metrics/predictions/base__memory_um__f2__h16__dlinear__s0.npz,memory_dlinear,True,accuracy_neutral,coherence_only,442752201.4274765,0.0,8264,32,5000,0,9074359.704870036,17035112.45465851,1056253575.3982915,1065327935.1031616,0.008591080699015178,-0.005271701824582712,0.02156915335351254,0.1086,0.2172,True,True,228959976.16284576,226909603.97329602,-0.008955155498843322,1602719833.1399202,1588367227.8130722,-0.008955155498843211,629540423.6563799,600080413.7275335,-0.046796057603008735,4,3,-5574673.536471818,22910771.81295573,1.0,23.0,27,0.05,False
memory_um,memory_level,dlinear,16,2,independent,mint,/Users/fgtek002/TimeTrack/results/final/packs/02_memory_dlinear/metrics/predictions/base__memory_um__f2__h16__dlinear__s0.npz,memory_dlinear,True,accuracy_neutral,coherence_only,442752201.4274765,0.0,8264,32,5000,0,7586643.541257321,16075214.72505951,1056253575.3982915,1063840218.9395489,0.007182596791112924,-0.00633591869973144,0.019837987352665194,0.149,0.298,True,True,228959976.16284576,226014500.40097934,-0.012864588000181643,1602719833.1399202,1582101502.8068552,-0.0128645880001817,629540423.6563799,596211151.2072167,-0.0529422276898222,5,2,-6709071.110526811,21092214.359912474,1.0,24.0,27,0.05,False
cpu_core_weighted,cpu_weighted_mean_pct,persistence,1,0,independent,bottom_up,/Users/fgtek002/TimeTrack/results/final/packs/03_cpu_classical/metrics/predictions/base__cpu_core_weighted__f0__h1__persistence__s0.npz,cpu_persistence_descriptive,False,accuracy_neutral,coherence_only,0.0,0.0,4847,32,5000,0,0.0,0.0,1.4204331179186942,1.4204331179186942,0.0,0.0,0.0,0.0,1.0,True,True,61.877598731082195,61.877598731082195,0.0,68.10773726203394,68.10773726203394,0.0,129.615914080379,129.615914080379,0.0,0,0,0.0,0.0,,,0,0.05,False
cpu_core_weighted,cpu_weighted_mean_pct,persistence,1,0,independent,wls,/Users/fgtek002/TimeTrack/results/final/packs/03_cpu_classical/metrics/predictions/base__cpu_core_weighted__f0__h1__persistence__s0.npz,cpu_persistence_descriptive,False,accuracy_neutral,coherence_only,0.0,0.0,4847,32,5000,0,4.2907336899957225e-14,2.0694557179012918e-13,1.4204331179186942,1.4204331179187373,3.0207220853050574e-14,2.5392792771379115e-14,3.570025092750556e-14,0.0,0.0,False,False,61.877598731082195,61.87759873108231,1.837285868439965e-15,68.10773726203394,68.10773726203401,1.0432628719207004e-15,129.615914080379,129.61591408037935,2.631316652624503e-15,2,4,3.783616475396943e-14,4.797428071563048e-14,,,0,0.05,False
cpu_core_weighted,cpu_weighted_mean_pct,persistence,1,0,independent,mint,/Users/fgtek002/TimeTrack/results/final/packs/03_cpu_classical/metrics/predictions/base__cpu_core_weighted__f0__h1__persistence__s0.npz,cpu_persistence_descriptive,False,accuracy_neutral,coherence_only,0.0,0.0,4847,32,5000,0,-9.643350923057515e-14,-1.9539925233402755e-13,1.4204331179186942,1.420433117918598,-6.789021462121036e-14,-8.018477083874709e-14,-5.751658430270586e-14,1.0,0.0,False,False,61.877598731082195,61.87759873108194,-4.133893203989921e-15,68.10773726203394,68.10773726203365,-4.1730514876828015e-15,129.615914080379,129.61591408037697,-1.5787899915747018e-14,3,2,-1.0336583158536407e-13,-8.947069983543601e-14,,,0,0.05,False
cpu_core_weighted,cpu_weighted_mean_pct,persistence,1,1,independent,bottom_up,/Users/fgtek002/TimeTrack/results/final/packs/03_cpu_classical/metrics/predictions/base__cpu_core_weighted__f1__h1__persistence__s0.npz,cpu_persistence_descriptive,False,accuracy_neutral,coherence_only,0.0,0.0,5261,32,5000,0,0.0,0.0,1.0957052557717806,1.0957052557717806,0.0,0.0,0.0,0.0,1.0,True,True,48.96000833581532,48.96000833581532,0.0,54.13821820012196,54.13821820012196,0.0,95.33521927263313,95.33521927263313,0.0,0,0,0.0,0.0,,,0,0.05,False
cpu_core_weighted,cpu_weighted_mean_pct,persistence,1,1,independent,wls,/Users/fgtek002/TimeTrack/results/final/packs/03_cpu_classical/metrics/predictions/base__cpu_core_weighted__f1__h1__persistence__s0.npz,cpu_persistence_descriptive,False,accuracy_neutral,coherence_only,0.0,0.0,5261,32,5000,0,-7.039459724546863e-15,-5.684341886080802e-14,1.0957052557717806,1.0957052557717735,-6.4245924599389525e-15,-8.297086754601769e-15,-4.876656624461715e-15,1.0,0.0,False,False,48.96000833581532,48.96000833581532,0.0,54.13821820012196,54.138218200121955,-1.3124605119687878e-16,95.33521927263313,95.33521927263301,-1.1924956861587763e-15,2,3,-9.019507985741248e-15,-5.291906219233495e-15,,,0,0.05,False
cpu_core_weighted,cpu_weighted_mean_pct,persistence,1,1,independent,mint,/Users/fgtek002/TimeTrack/results/final/packs/03_cpu_classical/metrics/predictions/base__cpu_core_weighted__f1__h1__persistence__s0.npz,cpu_persistence_descriptive,False,accuracy_neutral,coherence_only,0.0,0.0,5261,32,5000,0,8.234461498062517e-14,3.703704010149522e-13,1.0957052557717806,1.0957052557718627,7.515215843573206e-14,6.395999941201734e-14,8.958442181689027e-14,0.0,0.0,False,False,48.96000833581532,48.96000833581587,1.1319919108090748e-14,54.13821820012196,54.13821820012254,1.0630930146947182e-14,95.33521927263313,95.33521927263313,0.0,1,3,7.318750771319289e-14,9.262800668199724e-14,,,0,0.05,False
cpu_core_weighted,cpu_weighted_mean_pct,persistence,1,2,independent,bottom_up,/Users/fgtek002/TimeTrack/results/final/packs/03_cpu_classical/metrics/predictions/base__cpu_core_weighted__f2__h1__persistence__s0.npz,cpu_persistence_descriptive,False,accuracy_neutral,coherence_only,0.0,0.0,4852,32,5000,0,0.0,0.0,1.4448569341568862,1.4448569341568862,0.0,0.0,0.0,0.0,1.0,True,True,64.69834076220499,64.69834076220499,0.0,70.32121694324591,70.32121694324591,0.0,136.92294048242215,136.92294048242215,0.0,0,0,0.0,0.0,,,0,0.05,False
cpu_core_weighted,cpu_weighted_mean_pct,persistence,1,2,independent,wls,/Users/fgtek002/TimeTrack/results/final/packs/03_cpu_classical/metrics/predictions/base__cpu_core_weighted__f2__h1__persistence__s0.npz,cpu_persistence_descriptive,False,accuracy_neutral,coherence_only,0.0,0.0,4852,32,5000,0,-2.740777285441081e-16,-1.7763568394002505e-15,1.4448569341568862,1.4448569341568858,-1.8969194946905939e-16,-4.086864946248478e-16,9.94531704583991e-18,0.9664,0.0672,True,True,64.69834076220499,64.69834076220499,0.0,70.32121694324591,70.3212169432459,-2.0208488039493323e-16,136.92294048242215,136.92294048242212,-2.0757448920002357e-16,3,1,-5.363896557843774e-16,1.5125987848896184e-17,,,0,0.05,False
cpu_core_weighted,cpu_weighted_mean_pct,persistence,1,2,independent,mint,/Users/fgtek002/TimeTrack/results/final/packs/03_cpu_classical/metrics/predictions/base__cpu_core_weighted__f2__h1__persistence__s0.npz,cpu_persistence_descriptive,False,accuracy_neutral,coherence_only,0.0,0.0,4852,32,5000,0,-5.848578011009687e-16,4.440892098500626e-16,1.4448569341568862,1.4448569341568858,-4.047859599623608e-16,-6.736482620777099e-16,-1.6439423871643286e-16,1.0,0.0,False,False,64.69834076220499,64.69834076220499,0.0,70.32121694324591,70.32121694324591,0.0,136.92294048242215,136.92294048242215,0.0,1,2,-8.708454860407362e-16,-2.699086717616122e-16,,,0,0.05,False
cpu_core_weighted,cpu_weighted_mean_pct,persistence,8,0,independent,bottom_up,/Users/fgtek002/TimeTrack/results/final/packs/03_cpu_classical/metrics/predictions/base__cpu_core_weighted__f0__h8__persistence__s0.npz,cpu_persistence_descriptive,False,accuracy_neutral,coherence_only,0.0,0.0,4295,32,5000,0,0.0,0.0,1.3906675083299915,1.3906675083299915,0.0,0.0,0.0,0.0,1.0,True,True,60.6182791731182,60.6182791731182,0.0,66.78899238561992,66.78899238561992,0.0,124.14606182714499,124.14606182714499,0.0,0,0,0.0,0.0,,,0,0.05,False
cpu_core_weighted,cpu_weighted_mean_pct,persistence,8,0,independent,wls,/Users/fgtek002/TimeTrack/results/final/packs/03_cpu_classical/metrics/predictions/base__cpu_core_weighted__f0__h8__persistence__s0.npz,cpu_persistence_descriptive,False,accuracy_neutral,coherence_only,0.0,0.0,4295,32,5000,0,1.2245860773485e-13,2.9309887850104133e-13,1.3906675083299915,1.390667508330114,8.805743069521101e-14,7.546514890785763e-14,1.047529101286313e-13,0.0,0.0,False,False,60.6182791731182,60.618279173118516,5.274716396664704e-15,66.78899238561992,66.78899238562025,4.893765376224164e-15,124.14606182714499,124.14606182714807,2.4839736579743527e-14,3,1,1.133741632459893e-13,1.322887459904379e-13,,,0,0.05,False
cpu_core_weighted,cpu_weighted_mean_pct,persistence,8,0,independent,mint,/Users/fgtek002/TimeTrack/results/final/packs/03_cpu_classical/metrics/predictions/base__cpu_core_weighted__f0__h8__persistence__s0.npz,cpu_persistence_descriptive,False,accuracy_neutral,coherence_only,0.0,0.0,4295,32,5000,0,4.256271961446428e-14,2.3092638912203256e-14,1.3906675083299915,1.390667508330034,3.0605963941428746e-14,2.5959028072010734e-14,3.657351634933701e-14,0.0,0.0,False,False,60.6182791731182,60.618279173118275,1.2893751191847055e-15,66.78899238561992,66.78899238562,1.276634445971521e-15,124.14606182714499,124.14606182714586,6.982598762047719e-15,3,1,3.998545383041483e-14,4.5500996580657306e-14,,,0,0.05,False
cpu_core_weighted,cpu_weighted_mean_pct,persistence,8,1,independent,bottom_up,/Users/fgtek002/TimeTrack/results/final/packs/03_cpu_classical/metrics/predictions/base__cpu_core_weighted__f1__h8__persistence__s0.npz,cpu_persistence_descriptive,False,accuracy_neutral,coherence_only,0.0,0.0,4778,32,5000,0,0.0,0.0,1.1125931579402315,1.1125931579402315,0.0,0.0,0.0,0.0,1.0,True,True,49.55550488120019,49.55550488120019,0.0,54.74523156935095,54.74523156935095,0.0,94.98217804582418,94.98217804582418,0.0,0,0,0.0,0.0,,,0,0.05,False
cpu_core_weighted,cpu_weighted_mean_pct,persistence,8,1,independent,wls,/Users/fgtek002/TimeTrack/results/final/packs/03_cpu_classical/metrics/predictions/base__cpu_core_weighted__f1__h8__persistence__s0.npz,cpu_persistence_descriptive,False,accuracy_neutral,coherence_only,0.0,0.0,4778,32,5000,0,-2.51619570721241e-14,-6.794564910705958e-14,1.1125931579402315,1.1125931579402064,-2.2615595730165186e-14,-2.7101379918834452e-14,-1.9170152749732738e-14,1.0,0.0,False,False,49.55550488120019,49.55550488120009,-2.007364938464225e-15,54.74523156935095,54.745231569350835,-2.076652787149109e-15,94.98217804582418,94.9821780458242,1.4961601226227907e-16,2,3,-2.7572170396799512e-14,-2.279659415519527e-14,,,0,0.05,False
cpu_core_weighted,cpu_weighted_mean_pct,persistence,8,1,independent,mint,/Users/fgtek002/TimeTrack/results/final/packs/03_cpu_classical/metrics/predictions/base__cpu_core_weighted__f1__h8__persistence__s0.npz,cpu_persistence_descriptive,False,accuracy_neutral,coherence_only,0.0,0.0,4778,32,5000,0,-1.1045812885351819e-14,9.992007221626409e-15,1.1125931579402315,1.1125931579402206,-9.927989226359417e-15,-1.3296767342753873e-14,-7.590583036882079e-15,1.0,0.0,False,False,49.55550488120019,49.5555048812002,1.4338320989030178e-16,54.74523156935095,54.74523156935095,0.0,94.98217804582418,94.98217804582418,0.0,2,2,-1.3009731889983846e-14,-9.307335610094389e-15,,,0,0.05,False
cpu_core_weighted,cpu_weighted_mean_pct,persistence,8,2,independent,bottom_up,/Users/fgtek002/TimeTrack/results/final/packs/03_cpu_classical/metrics/predictions/base__cpu_core_weighted__f2__h8__persistence__s0.npz,cpu_persistence_descriptive,False,accuracy_neutral,coherence_only,0.0,0.0,4341,32,5000,0,0.0,0.0,1.4445949212341347,1.4445949212341347,0.0,0.0,0.0,0.0,1.0,True,True,64.7189669108429,64.7189669108429,0.0,70.34702261386421,70.34702261386421,0.0,133.20219023237675,133.20219023237675,0.0,0,0,0.0,0.0,,,0,0.05,False
cpu_core_weighted,cpu_weighted_mean_pct,persistence,8,2,independent,wls,/Users/fgtek002/TimeTrack/results/final/packs/03_cpu_classical/metrics/predictions/base__cpu_core_weighted__f2__h8__persistence__s0.npz,cpu_persistence_descriptive,False,accuracy_neutral,coherence_only,0.0,0.0,4341,32,5000,0,-6.306353223037805e-16,0.0,1.4445949212341347,1.444594921234134,-4.3654820672152247e-16,-6.14339867061575e-16,-2.6207303524509083e-16,1.0,0.0,False,False,64.7189669108429,64.71896691084288,-2.1957789800289818e-16,70.34702261386421,70.34702261386421,0.0,133.20219023237675,133.20219023237678,2.1337268839814988e-16,3,2,-9.106961774064422e-16,-3.637610829923361e-16,,,0,0.05,False
cpu_core_weighted,cpu_weighted_mean_pct,persistence,8,2,independent,mint,/Users/fgtek002/TimeTrack/results/final/packs/03_cpu_classical/metrics/predictions/base__cpu_core_weighted__f2__h8__persistence__s0.npz,cpu_persistence_descriptive,False,accuracy_neutral,coherence_only,0.0,0.0,4341,32,5000,0,1.0146226176671092e-15,1.0658141036401503e-14,1.4445949212341347,1.4445949212341358,7.023578739985497e-16,4.147307230069736e-16,9.832603032075056e-16,0.0,0.0,False,False,64.7189669108429,64.71896691084291,2.1957789800289818e-16,70.34702261386421,70.34702261386423,2.0201074881598875e-16,133.20219023237675,133.20219023237678,2.1337268839814988e-16,0,4,5.725653640323534e-16,1.4956476508796146e-15,,,0,0.05,False
cpu_core_weighted,cpu_weighted_mean_pct,persistence,16,0,independent,bottom_up,/Users/fgtek002/TimeTrack/results/final/packs/03_cpu_classical/metrics/predictions/base__cpu_core_weighted__f0__h16__persistence__s0.npz,cpu_persistence_descriptive,False,accuracy_neutral,coherence_only,0.0,0.0,3707,32,5000,0,0.0,0.0,1.4060271584162536,1.4060271584162536,0.0,0.0,0.0,0.0,1.0,True,True,60.84073744925884,60.84073744925884,0.0,67.0514751613015,67.0514751613015,0.0,125.59450584817876,125.59450584817876,0.0,0,0,0.0,0.0,,,0,0.05,False
cpu_core_weighted,cpu_weighted_mean_pct,persistence,16,0,independent,wls,/Users/fgtek002/TimeTrack/results/final/packs/03_cpu_classical/metrics/predictions/base__cpu_core_weighted__f0__h16__persistence__s0.npz,cpu_persistence_descriptive,False,accuracy_neutral,coherence_only,0.0,0.0,3707,32,5000,0,1.3816271808554137e-13,5.027089855502709e-13,1.4060271584162536,1.4060271584163917,9.826461548663654e-14,8.3337998836269e-14,1.1822426595532341e-13,0.0,0.0,False,False,60.84073744925884,60.840737449259656,1.3430543093031977e-14,67.0514751613015,67.05147516130236,1.2928308222033396e-14,125.59450584817876,125.59450584818418,4.322280233953311e-14,1,5,1.2438102132340695e-13,1.5378316670024984e-13,,,0,0.05,False
cpu_core_weighted,cpu_weighted_mean_pct,persistence,16,0,independent,mint,/Users/fgtek002/TimeTrack/results/final/packs/03_cpu_classical/metrics/predictions/base__cpu_core_weighted__f0__h16__persistence__s0.npz,cpu_persistence_descriptive,False,accuracy_neutral,coherence_only,0.0,0.0,3707,32,5000,0,5.085162875563922e-14,3.1796787425264483e-13,1.4060271584162536,1.4060271584163047,3.6166889416928757e-14,2.930493661856882e-14,4.474606574209135e-14,0.0,0.0,False,False,60.84073744925884,60.840737449259265,7.007239874625379e-15,67.0514751613015,67.05147516130194,6.570123850541562e-15,125.59450584817876,125.5945058481817,2.3421780325349093e-14,1,3,4.238541448402082e-14,6.027421166259348e-14,,,0,0.05,False
cpu_core_weighted,cpu_weighted_mean_pct,persistence,16,1,independent,bottom_up,/Users/fgtek002/TimeTrack/results/final/packs/03_cpu_classical/metrics/predictions/base__cpu_core_weighted__f1__h16__persistence__s0.npz,cpu_persistence_descriptive,False,accuracy_neutral,coherence_only,0.0,0.0,4317,32,5000,0,0.0,0.0,1.1116127835890854,1.1116127835890854,0.0,0.0,0.0,0.0,1.0,True,True,49.53587592580993,49.53587592580993,0.0,54.72172761121465,54.72172761121465,0.0,95.16272812312036,95.16272812312036,0.0,0,0,0.0,0.0,,,0,0.05,False
cpu_core_weighted,cpu_weighted_mean_pct,persistence,16,1,independent,wls,/Users/fgtek002/TimeTrack/results/final/packs/03_cpu_classical/metrics/predictions/base__cpu_core_weighted__f1__h16__persistence__s0.npz,cpu_persistence_descriptive,False,accuracy_neutral,coherence_only,0.0,0.0,4317,32,5000,0,-1.1057378984844424e-14,-4.263256414560601e-14,1.1116127835890854,1.1116127835890743,-9.947149896156513e-15,-1.2611004691775964e-14,-7.80746483141356e-15,1.0,0.0,False,False,49.53587592580993,49.535875925809854,-1.5778402919667978e-15,54.72172761121465,54.72172761121455,-1.8178516532439935e-15,95.16272812312036,95.16272812312027,-8.959928952530349e-16,3,1,-1.342801503788929e-14,-8.958954598437267e-15,,,0,0.05,False
cpu_core_weighted,cpu_weighted_mean_pct,persistence,16,1,independent,mint,/Users/fgtek002/TimeTrack/results/final/packs/03_cpu_classical/metrics/predictions/base__cpu_core_weighted__f1__h16__persistence__s0.npz,cpu_persistence_descriptive,False,accuracy_neutral,coherence_only,0.0,0.0,4317,32,5000,0,-8.888635330051059e-14,-3.0375701953744283e-13,1.1116127835890854,1.1116127835889964,-7.996161488312641e-14,-9.550588848755268e-14,-6.784023500559812e-14,1.0,0.0,False,False,49.53587592580993,49.53587592580943,-1.0184241884512968e-14,54.72172761121465,54.72172761121409,-1.0128030639502249e-14,95.16272812312036,95.16272812312036,0.0,3,0,-9.884829037454508e-14,-7.980320262744579e-14,,,0,0.05,False
cpu_core_weighted,cpu_weighted_mean_pct,persistence,16,2,independent,bottom_up,/Users/fgtek002/TimeTrack/results/final/packs/03_cpu_classical/metrics/predictions/base__cpu_core_weighted__f2__h16__persistence__s0.npz,cpu_persistence_descriptive,False,accuracy_neutral,coherence_only,0.0,0.0,3798,32,5000,0,0.0,0.0,1.465749503775071,1.465749503775071,0.0,0.0,0.0,0.0,1.0,True,True,65.66774335093578,65.66774335093578,0.0,71.40596456663468,71.40596456663468,0.0,136.9958702856809,136.9958702856809,0.0,0,0,0.0,0.0,,,0,0.05,False
cpu_core_weighted,cpu_weighted_mean_pct,persistence,16,2,independent,wls,/Users/fgtek002/TimeTrack/results/final/packs/03_cpu_classical/metrics/predictions/base__cpu_core_weighted__f2__h16__persistence__s0.npz,cpu_persistence_descriptive,False,accuracy_neutral,coherence_only,0.0,0.0,3798,32,5000,0,5.285690555890489e-16,-3.552713678800501e-15,1.465749503775071,1.4657495037750714,3.6061349789149334e-16,-1.707233474391104e-17,7.470861760662342e-16,0.0306,0.0612,True,True,65.66774335093578,65.66774335093578,0.0,71.40596456663468,71.40596456663468,0.0,136.9958702856809,136.9958702856809,0.0,2,1,-2.724840422338967e-17,1.023252631184799e-15,,,0,0.05,False
cpu_core_weighted,cpu_weighted_mean_pct,persistence,16,2,independent,mint,/Users/fgtek002/TimeTrack/results/final/packs/03_cpu_classical/metrics/predictions/base__cpu_core_weighted__f2__h16__persistence__s0.npz,cpu_persistence_descriptive,False,accuracy_neutral,coherence_only,0.0,0.0,3798,32,5000,0,-6.971779657006314e-16,0.0,1.465749503775071,1.46574950377507,-4.756460526884258e-16,-6.144413437810314e-16,-3.3804830432904747e-16,1.0,0.0,False,False,65.66774335093578,65.66774335093578,0.0,71.40596456663468,71.40596456663468,0.0,136.9958702856809,136.9958702856808,-6.223919605270329e-16,2,2,-9.849970000018887e-16,-4.4332187561108403e-16,,,0,0.05,False
cpu_core_weighted,cpu_weighted_mean_pct,ridge,1,0,independent,bottom_up,/Users/fgtek002/TimeTrack/results/final/packs/03_cpu_classical/metrics/predictions/base__cpu_core_weighted__f0__h1__ridge__s0.npz,cpu_ridge,True,substantial_improvement,pareto_improvement,123.47735953230479,0.0,4847,32,5000,0,-0.1358575649981358,-0.07164035117350065,1.336759005851477,1.2009014408533412,-0.1016320551448976,-0.12398347980560713,-0.08082610943334716,1.0,0.0,False,False,55.52292184941579,55.52292184941579,0.0,60.327186329430205,60.327186329430205,0.0,138.47920487780897,138.47920487780897,0.0,0,0,-0.15675462100285179,-0.11311148382815676,0.0,1.0,27,0.05,True
cpu_core_weighted,cpu_weighted_mean_pct,ridge,1,0,independent,wls,/Users/fgtek002/TimeTrack/results/final/packs/03_cpu_classical/metrics/predictions/base__cpu_core_weighted__f0__h1__ridge__s0.npz,cpu_ridge,True,substantial_improvement,aggregate_focused_improvement,123.47735953230479,0.0,4847,32,5000,0,-0.11510545752123702,-0.08095667842230903,1.336759005851477,1.2216535483302398,-0.08610786014336082,-0.10219683612232162,-0.07210951520312037,1.0,0.0,False,False,55.52292184941579,56.70127097636608,0.02122275067126521,60.327186329430205,61.59530385293703,0.021020664159305924,138.47920487780897,145.33273923378735,0.04949143347570339,1,6,-0.12800837937591147,-0.10174209551836644,0.0,25.0,27,0.05,True
cpu_core_weighted,cpu_weighted_mean_pct,ridge,1,0,independent,mint,/Users/fgtek002/TimeTrack/results/final/packs/03_cpu_classical/metrics/predictions/base__cpu_core_weighted__f0__h1__ridge__s0.npz,cpu_ridge,True,substantial_improvement,pareto_improvement,123.47735953230479,0.0,4847,32,5000,0,-0.12952295386897064,-0.08465335154573284,1.336759005851477,1.207236051982506,-0.09689327193757581,-0.1161657290892993,-0.07977238096695403,1.0,0.0,False,False,55.52292184941579,55.82074415092763,0.005363952248758983,60.327186329430205,60.65583374382064,0.005447749752421373,138.47920487780897,139.62649879146704,0.008284954514798248,2,5,-0.14586922999105575,-0.1121087217101149,0.0,24.0,27,0.05,True
cpu_core_weighted,cpu_weighted_mean_pct,ridge,1,1,independent,bottom_up,/Users/fgtek002/TimeTrack/results/final/packs/03_cpu_classical/metrics/predictions/base__cpu_core_weighted__f1__h1__ridge__s0.npz,cpu_ridge,True,substantial_improvement,pareto_improvement,111.69797010308775,0.0,5261,32,5000,0,-0.1226473157855697,-0.062435654013459185,1.0386258182547239,0.9159785024691542,-0.11808614192901792,-0.14369645512409654,-0.09721159206529999,1.0,0.0,False,False,43.81671215547034,43.81671215547034,0.0,47.893980552446976,47.893980552446976,0.0,91.70414939592087,91.70414939592087,0.0,0,0,-0.14426504373560733,-0.10360405468042039,0.0,23.0,27,0.05,True
cpu_core_weighted,cpu_weighted_mean_pct,ridge,1,1,independent,wls,/Users/fgtek002/TimeTrack/results/final/packs/03_cpu_classical/metrics/predictions/base__cpu_core_weighted__f1__h1__ridge__s0.npz,cpu_ridge,True,substantial_improvement,aggregate_focused_improvement,111.69797010308775,0.0,5261,32,5000,0,-0.10368876830937744,-0.07793469285732035,1.0386258182547239,0.9349370499453465,-0.09983265049545272,-0.11808369088264416,-0.08559359814077404,1.0,0.0,False,False,43.81671215547034,44.97835534366677,0.026511418384717905,47.893980552446976,49.13509024748778,0.025913688541333718,91.70414939592087,96.63717526199578,0.0537928316065308,0,7,-0.11741240290200244,-0.0913384377453873,0.0,22.0,27,0.05,True
cpu_core_weighted,cpu_weighted_mean_pct,ridge,1,1,independent,mint,/Users/fgtek002/TimeTrack/results/final/packs/03_cpu_classical/metrics/predictions/base__cpu_core_weighted__f1__h1__ridge__s0.npz,cpu_ridge,True,substantial_improvement,aggregate_focused_improvement,111.69797010308775,0.0,5261,32,5000,0,-0.1065387108382001,-0.08016505462861989,1.0386258182547239,0.9320871074165237,-0.10257660551633946,-0.12155591801631105,-0.08773568674887791,1.0,0.0,False,False,43.81671215547034,44.8088214871185,0.022642258691796847,47.893980552446976,48.953780667300336,0.02212804412222139,91.70414939592087,95.10459141812312,0.037080568813972474,0,7,-0.12091517280617693,-0.09364031956413875,0.0,21.0,27,0.05,True
cpu_core_weighted,cpu_weighted_mean_pct,ridge,1,2,independent,bottom_up,/Users/fgtek002/TimeTrack/results/final/packs/03_cpu_classical/metrics/predictions/base__cpu_core_weighted__f2__h1__ridge__s0.npz,cpu_ridge,True,substantial_improvement,pareto_improvement,130.53487334987042,0.0,4852,32,5000,0,-0.07881452561302776,-0.02191691350504299,1.3847823097729834,1.3059677841599553,-0.056914740357961645,-0.0744573759620417,-0.03859932521284691,1.0,0.0,False,False,62.7471731683794,62.7471731683794,0.0,67.91930246395505,67.91930246395505,0.0,151.69034787803403,151.69034787803403,0.0,0,0,-0.10137315441106488,-0.055058829193044466,0.0,20.0,27,0.05,True
cpu_core_weighted,cpu_weighted_mean_pct,ridge,1,2,independent,wls,/Users/fgtek002/TimeTrack/results/final/packs/03_cpu_classical/metrics/predictions/base__cpu_core_weighted__f2__h1__ridge__s0.npz,cpu_ridge,True,substantial_improvement,pareto_improvement,130.53487334987042,0.0,4852,32,5000,0,-0.08192845294341111,-0.04649649574782311,1.3847823097729834,1.3028538568295722,-0.05916341678053512,-0.07131030692319579,-0.0471904260325691,1.0,0.0,False,False,62.7471731683794,63.54112567346629,0.012653199578510958,67.91930246395505,68.78711944636098,0.012777177487452548,151.69034787803403,154.33264429225923,0.01741901479683946,0,7,-0.09630503709952652,-0.06702636037650661,0.0,19.0,27,0.05,True
cpu_core_weighted,cpu_weighted_mean_pct,ridge,1,2,independent,mint,/Users/fgtek002/TimeTrack/results/final/packs/03_cpu_classical/metrics/predictions/base__cpu_core_weighted__f2__h1__ridge__s0.npz,cpu_ridge,True,substantial_improvement,pareto_improvement,130.53487334987042,0.0,4852,32,5000,0,-0.08548533901756014,-0.04314154085128319,1.3847823097729834,1.2992969707554234,-0.061731969288064,-0.0757499952047544,-0.04780953271216601,1.0,0.0,False,False,62.7471731683794,63.094754115908664,0.005539388150547397,67.91930246395505,68.29835646034788,0.005580946544526009,151.69034787803403,153.17886435230898,0.009812862157002769,2,5,-0.10276015188976548,-0.06729083475537319,0.0,18.0,27,0.05,True
cpu_core_weighted,cpu_weighted_mean_pct,ridge,8,0,independent,bottom_up,/Users/fgtek002/TimeTrack/results/final/packs/03_cpu_classical/metrics/predictions/base__cpu_core_weighted__f0__h8__ridge__s0.npz,cpu_ridge,True,substantial_improvement,pareto_improvement,122.70854168303961,0.0,4295,32,5000,0,-0.13534386158515185,-0.07491345046451103,1.305772444046933,1.170428582461781,-0.1036504194909226,-0.12910848914546155,-0.08145184092445211,1.0,0.0,False,False,54.53495777035165,54.53495777035165,0.0,59.26989455765498,59.26989455765498,0.0,134.478269250314,134.478269250314,0.0,0,0,-0.1594819588671859,-0.11156450595511909,0.0,17.0,27,0.05,True
cpu_core_weighted,cpu_weighted_mean_pct,ridge,8,0,independent,wls,/Users/fgtek002/TimeTrack/results/final/packs/03_cpu_classical/metrics/predictions/base__cpu_core_weighted__f0__h8__ridge__s0.npz,cpu_ridge,True,substantial_improvement,aggregate_focused_improvement,122.70854168303961,0.0,4295,32,5000,0,-0.11025870734162,-0.07903499589742058,1.305772444046933,1.195513736705313,-0.08443945026125624,-0.10155175732477013,-0.07017732823337425,1.0,0.0,False,False,54.53495777035165,55.98129137233576,0.02652121980317033,59.26989455765498,60.82662321402282,0.026265082264547056,134.478269250314,143.13597420627417,0.06437995524648633,1,6,-0.12441587446298988,-0.09680793671618697,0.0,16.0,27,0.05,True
cpu_core_weighted,cpu_weighted_mean_pct,ridge,8,0,independent,mint,/Users/fgtek002/TimeTrack/results/final/packs/03_cpu_classical/metrics/predictions/base__cpu_core_weighted__f0__h8__ridge__s0.npz,cpu_ridge,True,substantial_improvement,pareto_improvement,122.70854168303961,0.0,4295,32,5000,0,-0.12838154978221872,-0.08485483977775488,1.305772444046933,1.1773908942647142,-0.09831847070101316,-0.1200166506022386,-0.0796783453760919,1.0,0.0,False,False,54.53495777035165,54.84857757629694,0.0057508031319277635,59.26989455765498,59.61626114258756,0.005843887314421538,134.478269250314,135.60440730610645,0.008374126630796215,1,6,-0.1477210962042222,-0.10979626880911514,0.0,15.0,27,0.05,True
cpu_core_weighted,cpu_weighted_mean_pct,ridge,8,1,independent,bottom_up,/Users/fgtek002/TimeTrack/results/final/packs/03_cpu_classical/metrics/predictions/base__cpu_core_weighted__f1__h8__ridge__s0.npz,cpu_ridge,True,substantial_improvement,pareto_improvement,111.16586994739626,0.0,4778,32,5000,0,-0.12292960487464537,-0.06609359721276076,1.052109336067894,0.9291797311932488,-0.11684109308836374,-0.14496019291097356,-0.09466600877403769,1.0,0.0,False,False,44.190742165373635,44.190742165373635,0.0,48.285660607683816,48.285660607683816,0.0,90.94168437326388,90.94168437326388,0.0,0,0,-0.14677371455465088,-0.10210576500684182,0.0,26.0,27,0.05,True
cpu_core_weighted,cpu_weighted_mean_pct,ridge,8,1,independent,wls,/Users/fgtek002/TimeTrack/results/final/packs/03_cpu_classical/metrics/predictions/base__cpu_core_weighted__f1__h8__ridge__s0.npz,cpu_ridge,True,substantial_improvement,aggregate_focused_improvement,111.16586994739626,0.0,4778,32,5000,0,-0.10319376068790043,-0.0778290668453212,1.052109336067894,0.9489155753799935,-0.09808273451271912,-0.1178091018659316,-0.08274693248873294,1.0,0.0,False,False,44.190742165373635,45.418547223785914,0.027784214481338713,48.285660607683816,49.59785315033662,0.02717561541332604,90.94168437326388,95.85680694733857,0.05404697095669467,0,7,-0.11849563428376404,-0.08981167528914116,0.0,14.0,27,0.05,True
cpu_core_weighted,cpu_weighted_mean_pct,ridge,8,1,independent,mint,/Users/fgtek002/TimeTrack/results/final/packs/03_cpu_classical/metrics/predictions/base__cpu_core_weighted__f1__h8__ridge__s0.npz,cpu_ridge,True,substantial_improvement,aggregate_focused_improvement,111.16586994739626,0.0,4778,32,5000,0,-0.10638309694263036,-0.08011975283973105,1.052109336067894,0.9457262391252638,-0.10111410791222684,-0.12173175041154642,-0.0850350712183817,1.0,0.0,False,False,44.190742165373635,45.227868699469546,0.023469316949118097,48.285660607683816,49.393872273519364,0.022951154688338155,90.94168437326388,94.54166395462855,0.03958558285097069,0,7,-0.12251312557218222,-0.09231361527810915,0.0,12.0,27,0.05,True
cpu_core_weighted,cpu_weighted_mean_pct,ridge,8,2,independent,bottom_up,/Users/fgtek002/TimeTrack/results/final/packs/03_cpu_classical/metrics/predictions/base__cpu_core_weighted__f2__h8__ridge__s0.npz,cpu_ridge,True,substantial_improvement,pareto_improvement,129.19730536784897,0.0,4341,32,5000,0,-0.09124207613536679,-0.027025985760678495,1.382419569308397,1.2911774931730304,-0.06600172491844411,-0.08411479254698596,-0.046320649006365316,1.0,0.0,False,False,62.39203373147926,62.39203373147926,0.0,67.5531090920765,67.5531090920765,0.0,147.2486993035572,147.2486993035572,0.0,0,0,-0.11455406600400753,-0.06545030831559587,0.0,11.0,27,0.05,True
cpu_core_weighted,cpu_weighted_mean_pct,ridge,8,2,independent,wls,/Users/fgtek002/TimeTrack/results/final/packs/03_cpu_classical/metrics/predictions/base__cpu_core_weighted__f2__h8__ridge__s0.npz,cpu_ridge,True,substantial_improvement,pareto_improvement,129.19730536784897,0.0,4341,32,5000,0,-0.0891192545942491,-0.047482689451317395,1.382419569308397,1.2933003147141477,-0.06446614079604941,-0.07703813937263324,-0.05098753565539748,1.0,0.0,False,False,62.39203373147926,63.23390848849218,0.013493305261311988,67.5531090920765,68.47080830122107,0.013584855256531964,147.2486993035572,150.76337644182533,0.023868985973332937,0,7,-0.10463451689485212,-0.07183553044771628,0.0,10.0,27,0.05,True
cpu_core_weighted,cpu_weighted_mean_pct,ridge,8,2,independent,mint,/Users/fgtek002/TimeTrack/results/final/packs/03_cpu_classical/metrics/predictions/base__cpu_core_weighted__f2__h8__ridge__s0.npz,cpu_ridge,True,substantial_improvement,pareto_improvement,129.19730536784897,0.0,4341,32,5000,0,-0.09420290355296297,-0.04520104368472522,1.382419569308397,1.288216665755434,-0.06814349684017511,-0.08272423214007892,-0.05259149425406612,1.0,0.0,False,False,62.39203373147926,62.800928843316115,0.006553642947377619,67.5531090920765,67.99704189948098,0.006571611778806339,147.2486993035572,149.36835290682154,0.014395058246963634,2,5,-0.11218679283883855,-0.07385713587886468,0.0,9.0,27,0.05,True
cpu_core_weighted,cpu_weighted_mean_pct,ridge,16,0,independent,bottom_up,/Users/fgtek002/TimeTrack/results/final/packs/03_cpu_classical/metrics/predictions/base__cpu_core_weighted__f0__h16__ridge__s0.npz,cpu_ridge,True,substantial_improvement,pareto_improvement,122.31013155674466,0.0,3707,32,5000,0,-0.1427455685399099,-0.07876220797985223,1.3307644384106914,1.1880188698707812,-0.10726584241339394,-0.13441757948083358,-0.08470863711925611,1.0,0.0,False,False,54.87527013709594,54.87527013709594,0.0,59.62355947139355,59.62355947139355,0.0,137.58737002191546,137.58737002191546,0.0,0,0,-0.16703607271991688,-0.11791649859084907,0.0,8.0,27,0.05,True
cpu_core_weighted,cpu_weighted_mean_pct,ridge,16,0,independent,wls,/Users/fgtek002/TimeTrack/results/final/packs/03_cpu_classical/metrics/predictions/base__cpu_core_weighted__f0__h16__ridge__s0.npz,cpu_ridge,True,substantial_improvement,aggregate_focused_improvement,122.31013155674466,0.0,3707,32,5000,0,-0.11467470457026466,-0.08051831242904317,1.3307644384106914,1.2160897338404266,-0.0861720536410025,-0.10477423373111454,-0.07122665698510212,1.0,0.0,False,False,54.87527013709594,56.38138869823477,0.027446216799955046,59.62355947139355,61.242675574039154,0.02715564312161592,137.58737002191546,146.3876916859265,0.06396169693925613,1,6,-0.12963245572964383,-0.10026678326414527,0.0,7.0,27,0.05,True
cpu_core_weighted,cpu_weighted_mean_pct,ridge,16,0,independent,mint,/Users/fgtek002/TimeTrack/results/final/packs/03_cpu_classical/metrics/predictions/base__cpu_core_weighted__f0__h16__ridge__s0.npz,cpu_ridge,True,substantial_improvement,pareto_improvement,122.31013155674466,0.0,3707,32,5000,0,-0.13498705752649862,-0.0862458314807224,1.3307644384106914,1.1957773808841927,-0.10143572643683753,-0.12537312961771677,-0.08211605236643467,1.0,0.0,False,False,54.87527013709594,55.195640049642634,0.005838147342989094,59.62355947139355,59.97457994789963,0.005887278109829946,137.58737002191546,138.5276691120324,0.006834196263560944,1,6,-0.15489811063218073,-0.11496259153556794,0.0,6.0,27,0.05,True
cpu_core_weighted,cpu_weighted_mean_pct,ridge,16,1,independent,bottom_up,/Users/fgtek002/TimeTrack/results/final/packs/03_cpu_classical/metrics/predictions/base__cpu_core_weighted__f1__h16__ridge__s0.npz,cpu_ridge,True,substantial_improvement,pareto_improvement,110.65440863300111,0.0,4317,32,5000,0,-0.1232713499644527,-0.06441105341089814,1.047340358377533,0.9240690084130804,-0.11769941736554115,-0.1471578947835123,-0.09480276065670429,1.0,0.0,False,False,44.17928847933639,44.17928847933639,0.0,48.2880528949783,48.2880528949783,0.0,92.45382481628651,92.45382481628651,0.0,0,0,-0.14780705425206755,-0.10091408264381325,0.0,5.0,27,0.05,True
cpu_core_weighted,cpu_weighted_mean_pct,ridge,16,1,independent,wls,/Users/fgtek002/TimeTrack/results/final/packs/03_cpu_classical/metrics/predictions/base__cpu_core_weighted__f1__h16__ridge__s0.npz,cpu_ridge,True,substantial_improvement,aggregate_focused_improvement,110.65440863300111,0.0,4317,32,5000,0,-0.10366418503689855,-0.07694966370779177,1.047340358377533,0.9436761733406344,-0.09897850704186356,-0.12005584612842721,-0.08328963015602847,1.0,0.0,False,False,44.17928847933639,45.410643837855716,0.02787177885617725,48.2880528949783,49.60379586384741,0.02724779505462188,92.45382481628651,95.55362223727744,0.033528060382039156,0,7,-0.11928935277620874,-0.08959284309237037,0.0,4.0,27,0.05,True
cpu_core_weighted,cpu_weighted_mean_pct,ridge,16,1,independent,mint,/Users/fgtek002/TimeTrack/results/final/packs/03_cpu_classical/metrics/predictions/base__cpu_core_weighted__f1__h16__ridge__s0.npz,cpu_ridge,True,substantial_improvement,aggregate_focused_improvement,110.65440863300111,0.0,4317,32,5000,0,-0.10696328353780885,-0.07890030193808961,1.047340358377533,0.9403770748397242,-0.10212848448188223,-0.12413778727779763,-0.08564183859596056,1.0,0.0,False,False,44.17928847933639,45.19247293577621,0.022933471572628535,48.2880528949783,49.370617795386565,0.022418897336008468,92.45382481628651,95.6636468771744,0.03471811001076562,0,7,-0.12353972741797765,-0.09191151600782914,0.0,3.0,27,0.05,True
cpu_core_weighted,cpu_weighted_mean_pct,ridge,16,2,independent,bottom_up,/Users/fgtek002/TimeTrack/results/final/packs/03_cpu_classical/metrics/predictions/base__cpu_core_weighted__f2__h16__ridge__s0.npz,cpu_ridge,True,substantial_improvement,pareto_improvement,129.7838402201766,0.0,3798,32,5000,0,-0.08629976495132986,-0.02514237334676306,1.3964343073665617,1.310134542415232,-0.06180008933902274,-0.08264705548702404,-0.04097094533036775,1.0,0.0,False,False,63.33732687610473,63.33732687610473,0.0,68.59357478251239,68.59357478251239,0.0,150.58917131035605,150.58917131035605,0.0,0,0,-0.1138809393640436,-0.057939958227244015,0.0,2.0,27,0.05,True
cpu_core_weighted,cpu_weighted_mean_pct,ridge,16,2,independent,wls,/Users/fgtek002/TimeTrack/results/final/packs/03_cpu_classical/metrics/predictions/base__cpu_core_weighted__f2__h16__ridge__s0.npz,cpu_ridge,True,substantial_improvement,pareto_improvement,129.7838402201766,0.0,3798,32,5000,0,-0.08582987039323942,-0.04532181187278628,1.3964343073665617,1.3106044369733223,-0.061463593339453254,-0.07592743829038213,-0.047627578736830045,1.0,0.0,False,False,63.33732687610473,64.2167329010329,0.013884482789246654,68.59357478251239,69.55188014267955,0.013970774423196775,150.58917131035605,154.55834386283556,0.026357622649368716,1,6,-0.10329770821605067,-0.06764351952697871,0.0,13.0,27,0.05,True
cpu_core_weighted,cpu_weighted_mean_pct,ridge,16,2,independent,mint,/Users/fgtek002/TimeTrack/results/final/packs/03_cpu_classical/metrics/predictions/base__cpu_core_weighted__f2__h16__ridge__s0.npz,cpu_ridge,True,substantial_improvement,pareto_improvement,129.7838402201766,0.0,3798,32,5000,0,-0.09008010042210013,-0.04348546841966128,1.3964343073665617,1.3063542069444616,-0.06450722382492587,-0.08091972221652066,-0.048573237048610364,1.0,0.0,False,False,63.33732687610473,63.80141043291593,0.007327173085769767,68.59357478251239,69.0966845656452,0.0073346488315853085,150.58917131035605,153.04048031647466,0.016278122688294715,2,5,-0.11082449941713347,-0.06886572019597066,0.0,27.0,27,0.05,True
cpu_core_weighted,cpu_weighted_mean_pct,lightgbm,1,0,independent,bottom_up,/Users/fgtek002/TimeTrack/results/final/packs/03_cpu_classical/metrics/predictions/base__cpu_core_weighted__f0__h1__lightgbm__s0.npz,cpu_lightgbm,True,substantial_improvement,pareto_improvement,172.09132864608608,0.0,4847,32,5000,0,-0.10352434617738772,-0.02563379378335684,1.1094787687062335,1.0059544225288457,-0.09330899256243341,-0.1310077321095921,-0.055331543094769085,1.0,0.0,False,False,46.61391014236898,46.61391014236898,0.0,50.64393849815153,50.64393849815153,0.0,111.9066560829698,111.9066560829698,0.0,0,0,-0.14724938392046247,-0.06135193682889318,0.0,1.0,27,0.05,True
cpu_core_weighted,cpu_weighted_mean_pct,lightgbm,1,0,independent,wls,/Users/fgtek002/TimeTrack/results/final/packs/03_cpu_classical/metrics/predictions/base__cpu_core_weighted__f0__h1__lightgbm__s0.npz,cpu_lightgbm,True,substantial_improvement,aggregate_focused_improvement,172.09132864608608,0.0,4847,32,5000,0,-0.10958060617807355,-0.02850997933825683,1.1094787687062335,0.9998981625281598,-0.09876764591525787,-0.11951816789295366,-0.07832253672809089,1.0,0.0,False,False,46.61391014236898,48.364749365307496,0.03756044531752591,50.64393849815153,52.624986621154406,0.039117181280740744,111.9066560829698,119.56680362827979,0.06845122366654043,1,6,-0.1383671791749797,-0.0833653134973768,0.0,21.0,27,0.05,True
cpu_core_weighted,cpu_weighted_mean_pct,lightgbm,1,0,independent,mint,/Users/fgtek002/TimeTrack/results/final/packs/03_cpu_classical/metrics/predictions/base__cpu_core_weighted__f0__h1__lightgbm__s0.npz,cpu_lightgbm,True,substantial_improvement,aggregate_focused_improvement,172.09132864608608,0.0,4847,32,5000,0,-0.11173564377369019,-0.027913668444997874,1.1094787687062335,0.9977431249325432,-0.10071003332852008,-0.12269060745535496,-0.07903395448390742,1.0,0.0,False,False,46.61391014236898,48.25110440351013,0.03512243997855593,50.64393849815153,52.45339652170897,0.035729014709696874,111.9066560829698,118.58520076844316,0.05967960190430273,1,6,-0.14160522165052875,-0.0843866848473154,0.0,20.0,27,0.05,True
cpu_core_weighted,cpu_weighted_mean_pct,lightgbm,1,1,independent,bottom_up,/Users/fgtek002/TimeTrack/results/final/packs/03_cpu_classical/metrics/predictions/base__cpu_core_weighted__f1__h1__lightgbm__s0.npz,cpu_lightgbm,True,substantial_improvement,pareto_improvement,127.44703509795418,0.0,5261,32,5000,0,-0.06528014757712979,-0.010447350041210335,0.8458250834966149,0.7805449359194851,-0.07717925236653382,-0.12234173838922459,-0.03330019822253519,0.9988,0.0024,False,False,36.35886707325332,36.35886707325332,0.0,39.72936029891442,39.72936029891442,0.0,71.11039077317626,71.11039077317626,0.0,0,0,-0.1069236841263902,-0.026550256606038422,0.0048,26.0,27,0.05,True
cpu_core_weighted,cpu_weighted_mean_pct,lightgbm,1,1,independent,wls,/Users/fgtek002/TimeTrack/results/final/packs/03_cpu_classical/metrics/predictions/base__cpu_core_weighted__f1__h1__lightgbm__s0.npz,cpu_lightgbm,True,substantial_improvement,aggregate_focused_improvement,127.44703509795418,0.0,5261,32,5000,0,-0.07246011350734359,-0.014068535669762294,0.8458250834966149,0.7733649699892712,-0.08566796483239265,-0.11327959032944716,-0.05733575632177113,1.0,0.0,False,False,36.35886707325332,37.64921956318949,0.035489348095925424,39.72936029891442,41.10655059351849,0.034664295730976076,71.11039077317626,75.28350804834298,0.058685056147109095,2,5,-0.09991148267419983,-0.045596321228685274,0.0,19.0,27,0.05,True
cpu_core_weighted,cpu_weighted_mean_pct,lightgbm,1,1,independent,mint,/Users/fgtek002/TimeTrack/results/final/packs/03_cpu_classical/metrics/predictions/base__cpu_core_weighted__f1__h1__lightgbm__s0.npz,cpu_lightgbm,True,substantial_improvement,aggregate_focused_improvement,127.44703509795418,0.0,5261,32,5000,0,-0.0727388472719513,-0.014324514342474615,0.8458250834966149,0.7730862362246635,-0.08599750550226194,-0.11423435532520912,-0.05712996753551647,1.0,0.0,False,False,36.35886707325332,37.60947021100513,0.03439609752504613,39.72936029891442,41.063882789641795,0.03359033421849075,71.11039077317626,75.84188024316872,0.06653724467757012,3,4,-0.10072817454323585,-0.04541291903580142,0.0,18.0,27,0.05,True
cpu_core_weighted,cpu_weighted_mean_pct,lightgbm,1,2,independent,bottom_up,/Users/fgtek002/TimeTrack/results/final/packs/03_cpu_classical/metrics/predictions/base__cpu_core_weighted__f2__h1__lightgbm__s0.npz,cpu_lightgbm,True,substantial_improvement,pareto_improvement,171.5725267317513,0.0,4852,32,5000,0,-0.1286618105462562,-0.014187384250934132,1.1492168649705437,1.0205550544242874,-0.11195607588786474,-0.14529773315047104,-0.07491041212115082,1.0,0.0,False,False,49.013908040781835,49.013908040781835,0.0,53.10746064417931,53.10746064417931,0.0,105.8445148851121,105.8445148851121,0.0,0,0,-0.17983568201523603,-0.0804367914151986,0.0,17.0,27,0.05,True
cpu_core_weighted,cpu_weighted_mean_pct,lightgbm,1,2,independent,wls,/Users/fgtek002/TimeTrack/results/final/packs/03_cpu_classical/metrics/predictions/base__cpu_core_weighted__f2__h1__lightgbm__s0.npz,cpu_lightgbm,True,substantial_improvement,aggregate_focused_improvement,171.5725267317513,0.0,4852,32,5000,0,-0.132715741700876,-0.01909098949418464,1.1492168649705437,1.0165011232696677,-0.1154836356358882,-0.13844268371209645,-0.09131780544191749,1.0,0.0,False,False,49.013908040781835,50.31408647578854,0.026526724494706652,53.10746064417931,54.58208070868794,0.027766721410172508,105.8445148851121,108.46016765699007,0.024712218433965105,1,6,-0.17332343073814166,-0.09658160617293798,0.0,16.0,27,0.05,True
cpu_core_weighted,cpu_weighted_mean_pct,lightgbm,1,2,independent,mint,/Users/fgtek002/TimeTrack/results/final/packs/03_cpu_classical/metrics/predictions/base__cpu_core_weighted__f2__h1__lightgbm__s0.npz,cpu_lightgbm,True,substantial_improvement,pareto_improvement,171.5725267317513,0.0,4852,32,5000,0,-0.1380009294507292,-0.017854655922428853,1.1492168649705437,1.0112159355198145,-0.1200825828937573,-0.14761516207941217,-0.08981749290632834,1.0,0.0,False,False,49.013908040781835,49.482016727441945,0.009550527704720488,53.10746064417931,53.62718341648629,0.009786247845460484,105.8445148851121,107.36962796076119,0.014408994904502204,3,4,-0.1842925429936826,-0.09580363024406802,0.0,15.0,27,0.05,True
cpu_core_weighted,cpu_weighted_mean_pct,lightgbm,8,0,independent,bottom_up,/Users/fgtek002/TimeTrack/results/final/packs/03_cpu_classical/metrics/predictions/base__cpu_core_weighted__f0__h8__lightgbm__s0.npz,cpu_lightgbm,True,substantial_improvement,pareto_improvement,171.44483583057644,0.0,4295,32,5000,0,-0.09322390881071695,-0.029569970694706793,1.08977444725631,0.9965505384455932,-0.08554422343579791,-0.1261671124365099,-0.047082693036416975,1.0,0.0,False,False,46.43133409300676,46.43133409300676,0.0,50.45526641263834,50.45526641263834,0.0,110.53426005754812,110.53426005754812,0.0,0,0,-0.14048063385558685,-0.05124196823809132,0.0,14.0,27,0.05,True
cpu_core_weighted,cpu_weighted_mean_pct,lightgbm,8,0,independent,wls,/Users/fgtek002/TimeTrack/results/final/packs/03_cpu_classical/metrics/predictions/base__cpu_core_weighted__f0__h8__lightgbm__s0.npz,cpu_lightgbm,True,substantial_improvement,aggregate_focused_improvement,171.44483583057644,0.0,4295,32,5000,0,-0.10341510769096823,-0.027856864463207565,1.08977444725631,0.9863593395653419,-0.09489588230971382,-0.11598208849306406,-0.07567532718434893,1.0,0.0,False,False,46.43133409300676,48.13533315680388,0.03669933455678516,50.45526641263834,52.39922025578087,0.03852826436876364,110.53426005754812,118.48714401827557,0.07194949291366215,1,6,-0.13249689670490705,-0.07877473905431912,0.0,13.0,27,0.05,True
cpu_core_weighted,cpu_weighted_mean_pct,lightgbm,8,0,independent,mint,/Users/fgtek002/TimeTrack/results/final/packs/03_cpu_classical/metrics/predictions/base__cpu_core_weighted__f0__h8__lightgbm__s0.npz,cpu_lightgbm,True,substantial_improvement,aggregate_focused_improvement,171.44483583057644,0.0,4295,32,5000,0,-0.10963837312159978,-0.029983588761265167,1.08977444725631,0.9801360741347103,-0.10060648182532889,-0.12641036158796573,-0.07733002541946907,1.0,0.0,False,False,46.43133409300676,47.52517354815664,0.023558217236635988,50.45526641263834,51.689085648927716,0.02445372552785339,110.53426005754812,116.52034133100771,0.054155890403057114,2,5,-0.1434465722239076,-0.08102944813493856,0.0,22.0,27,0.05,True
cpu_core_weighted,cpu_weighted_mean_pct,lightgbm,8,1,independent,bottom_up,/Users/fgtek002/TimeTrack/results/final/packs/03_cpu_classical/metrics/predictions/base__cpu_core_weighted__f1__h8__lightgbm__s0.npz,cpu_lightgbm,True,substantial_improvement,pareto_improvement,132.7397281498307,0.0,4778,32,5000,0,-0.06782000049093362,-0.009681133929051011,0.8619293246865776,0.7941093241956438,-0.07868394605972472,-0.12774326065375077,-0.03164985638767597,0.9996,0.0008,False,False,37.067892438444005,37.067892438444005,0.0,40.525543049872766,40.525543049872766,0.0,74.94490068696548,74.94490068696548,0.0,0,0,-0.1138551670536344,-0.026147801171338074,0.0032,24.0,27,0.05,True
cpu_core_weighted,cpu_weighted_mean_pct,lightgbm,8,1,independent,wls,/Users/fgtek002/TimeTrack/results/final/packs/03_cpu_classical/metrics/predictions/base__cpu_core_weighted__f1__h8__lightgbm__s0.npz,cpu_lightgbm,True,substantial_improvement,aggregate_focused_improvement,132.7397281498307,0.0,4778,32,5000,0,-0.07453490339261008,-0.014981878625422551,0.8619293246865776,0.7873944212939674,-0.08647449536504995,-0.11543640237347216,-0.05735988778616186,1.0,0.0,False,False,37.067892438444005,38.482206354752634,0.038154689227537786,40.525543049872766,42.036568572179114,0.037285756305518315,74.94490068696548,79.70168032729445,0.0634703575123461,0,7,-0.10532539051690014,-0.046209618794169086,0.0,12.0,27,0.05,True
cpu_core_weighted,cpu_weighted_mean_pct,lightgbm,8,1,independent,mint,/Users/fgtek002/TimeTrack/results/final/packs/03_cpu_classical/metrics/predictions/base__cpu_core_weighted__f1__h8__lightgbm__s0.npz,cpu_lightgbm,True,substantial_improvement,aggregate_focused_improvement,132.7397281498307,0.0,4778,32,5000,0,-0.0741397743284676,-0.01507133980875075,0.8619293246865776,0.7877895503581098,-0.08601607139358783,-0.11439071802043962,-0.05749061256799231,1.0,0.0,False,False,37.067892438444005,38.619719431439286,0.041864451710393,40.525543049872766,42.18222904698649,0.040880044348200965,74.94490068696548,81.24147314697059,0.08401602246836011,2,5,-0.10440575283220326,-0.046197266276180406,0.0,10.0,27,0.05,True
cpu_core_weighted,cpu_weighted_mean_pct,lightgbm,8,2,independent,bottom_up,/Users/fgtek002/TimeTrack/results/final/packs/03_cpu_classical/metrics/predictions/base__cpu_core_weighted__f2__h8__lightgbm__s0.npz,cpu_lightgbm,True,substantial_improvement,pareto_improvement,170.36132440790686,0.0,4341,32,5000,0,-0.11105865881560435,-0.009320533948989684,1.132114434314775,1.0210557754991707,-0.09809843903529403,-0.13427687975237543,-0.058183538223792554,1.0,0.0,False,False,49.542461084406845,49.542461084406845,0.0,53.69243579316868,53.69243579316868,0.0,106.71746212291372,106.71746212291372,0.0,0,0,-0.16200268645901508,-0.0624451721186704,0.0,9.0,27,0.05,True
cpu_core_weighted,cpu_weighted_mean_pct,lightgbm,8,2,independent,wls,/Users/fgtek002/TimeTrack/results/final/packs/03_cpu_classical/metrics/predictions/base__cpu_core_weighted__f2__h8__lightgbm__s0.npz,cpu_lightgbm,True,substantial_improvement,pareto_improvement,170.36132440790686,0.0,4341,32,5000,0,-0.12043187154465992,-0.017729595352319105,1.132114434314775,1.0116825627701151,-0.10637782532783681,-0.13129342945569036,-0.0800199306217958,1.0,0.0,False,False,49.542461084406845,50.49019044260375,0.019129638242682975,53.69243579316868,54.78066938626573,0.020267912547106085,106.71746212291372,109.30341677169017,0.0242317854766639,1,6,-0.16005055230535095,-0.08383821033963251,0.0,8.0,27,0.05,True
cpu_core_weighted,cpu_weighted_mean_pct,lightgbm,8,2,independent,mint,/Users/fgtek002/TimeTrack/results/final/packs/03_cpu_classical/metrics/predictions/base__cpu_core_weighted__f2__h8__lightgbm__s0.npz,cpu_lightgbm,True,substantial_improvement,pareto_improvement,170.36132440790686,0.0,4341,32,5000,0,-0.12225140740724641,-0.014404515052269584,1.132114434314775,1.0098630269075288,-0.10798502669144082,-0.1380641933115599,-0.07561581536414326,1.0,0.0,False,False,49.542461084406845,50.05683467225736,0.010382479525475363,53.69243579316868,54.25463628213135,0.010470757764247359,106.71746212291372,108.75770834241028,0.019118204077479627,3,4,-0.1681563042284186,-0.08014106639105648,0.0,7.0,27,0.05,True
cpu_core_weighted,cpu_weighted_mean_pct,lightgbm,16,0,independent,bottom_up,/Users/fgtek002/TimeTrack/results/final/packs/03_cpu_classical/metrics/predictions/base__cpu_core_weighted__f0__h16__lightgbm__s0.npz,cpu_lightgbm,True,substantial_improvement,pareto_improvement,183.11774023810403,0.0,3707,32,5000,0,-0.08643840409534254,-0.022495892982568044,1.117143297745833,1.0307048936504906,-0.07737450000349783,-0.12528405725151265,-0.028923053472727056,0.9996,0.0008,False,False,47.06120562341507,47.06120562341507,0.0,51.149635601654055,51.149635601654055,0.0,113.76937071030085,113.76937071030085,0.0,0,0,-0.1391274579368431,-0.03203929875170735,0.0032,25.0,27,0.05,True
cpu_core_weighted,cpu_weighted_mean_pct,lightgbm,16,0,independent,wls,/Users/fgtek002/TimeTrack/results/final/packs/03_cpu_classical/metrics/predictions/base__cpu_core_weighted__f0__h16__lightgbm__s0.npz,cpu_lightgbm,True,substantial_improvement,aggregate_focused_improvement,183.11774023810403,0.0,3707,32,5000,0,-0.09912394668874977,-0.026755944009244637,1.117143297745833,1.0180193510570834,-0.0887298405573946,-0.11337028493085947,-0.06458218177504231,1.0,0.0,False,False,47.06120562341507,49.1908727862314,0.045253136518813006,51.149635601654055,53.553969116238335,0.04700587768227483,113.76937071030085,125.06632390974123,0.09929696480616587,1,6,-0.12955403583148928,-0.0695111489560033,0.0,6.0,27,0.05,True
cpu_core_weighted,cpu_weighted_mean_pct,lightgbm,16,0,independent,mint,/Users/fgtek002/TimeTrack/results/final/packs/03_cpu_classical/metrics/predictions/base__cpu_core_weighted__f0__h16__lightgbm__s0.npz,cpu_lightgbm,True,substantial_improvement,aggregate_focused_improvement,183.11774023810403,0.0,3707,32,5000,0,-0.10414752039720146,-0.028012603052056217,1.117143297745833,1.0129957773486316,-0.09322664389371522,-0.12415167392870685,-0.06318192675399276,1.0,0.0,False,False,47.06120562341507,48.22835549140259,0.024800679296809364,51.149635601654055,52.4699961456256,0.025813684270486744,113.76937071030085,119.87375581581962,0.053655786855522025,2,5,-0.1405743760164677,-0.0691525654279232,0.0,5.0,27,0.05,True
cpu_core_weighted,cpu_weighted_mean_pct,lightgbm,16,1,independent,bottom_up,/Users/fgtek002/TimeTrack/results/final/packs/03_cpu_classical/metrics/predictions/base__cpu_core_weighted__f1__h16__lightgbm__s0.npz,cpu_lightgbm,True,substantial_improvement,pareto_improvement,131.29275142248974,0.0,4317,32,5000,0,-0.06545626285410015,-0.010311339433609845,0.8648501103571508,0.7993938475030506,-0.07568509510517281,-0.1259852105611831,-0.029345091467438703,0.9982,0.0036,False,False,37.27921300979375,37.27921300979375,0.0,40.752350885870136,40.752350885870136,0.0,78.79765919135761,78.79765919135761,0.0,0,0,-0.11208524351635585,-0.024295180689554198,0.0048,27.0,27,0.05,True
cpu_core_weighted,cpu_weighted_mean_pct,lightgbm,16,1,independent,wls,/Users/fgtek002/TimeTrack/results/final/packs/03_cpu_classical/metrics/predictions/base__cpu_core_weighted__f1__h16__lightgbm__s0.npz,cpu_lightgbm,True,substantial_improvement,aggregate_focused_improvement,131.29275142248974,0.0,4317,32,5000,0,-0.0755769849061497,-0.014399128567159636,0.8648501103571508,0.7892731254510011,-0.08738737961765332,-0.11793930476318558,-0.0570130200043684,1.0,0.0,False,False,37.27921300979375,38.62370018682712,0.036065331547641764,40.752350885870136,42.18933316541928,0.035261334581004,78.79765919135761,82.4267456072435,0.046055764259097756,1,6,-0.10701819965958571,-0.04679515778328078,0.0,4.0,27,0.05,True
cpu_core_weighted,cpu_weighted_mean_pct,lightgbm,16,1,independent,mint,/Users/fgtek002/TimeTrack/results/final/packs/03_cpu_classical/metrics/predictions/base__cpu_core_weighted__f1__h16__lightgbm__s0.npz,cpu_lightgbm,True,substantial_improvement,aggregate_focused_improvement,131.29275142248974,0.0,4317,32,5000,0,-0.07466177541955366,-0.014849853987208839,0.8648501103571508,0.7901883349375971,-0.08632915059549583,-0.11547304133141514,-0.05723135088179041,1.0,0.0,False,False,37.27921300979375,38.85430956611952,0.04225133604381533,40.752350885870136,42.43417777451332,0.04126944463531105,78.79765919135761,84.42462165074785,0.07141027432966432,2,5,-0.10515045164852764,-0.046880592923219805,0.0,3.0,27,0.05,True
cpu_core_weighted,cpu_weighted_mean_pct,lightgbm,16,2,independent,bottom_up,/Users/fgtek002/TimeTrack/results/final/packs/03_cpu_classical/metrics/predictions/base__cpu_core_weighted__f2__h16__lightgbm__s0.npz,cpu_lightgbm,True,substantial_improvement,pareto_improvement,172.7779307352326,0.0,3798,32,5000,0,-0.12836254798282495,-0.00906677560485769,1.1549701444181844,1.0266075964353596,-0.11113927801786386,-0.14527075274188253,-0.07514902934416454,1.0,0.0,False,False,50.22454208682983,50.22454208682983,0.0,54.44892156453899,54.44892156453899,0.0,107.7737911259384,107.7737911259384,0.0,0,0,-0.17965983389278872,-0.08061740416792651,0.0,2.0,27,0.05,True
cpu_core_weighted,cpu_weighted_mean_pct,lightgbm,16,2,independent,wls,/Users/fgtek002/TimeTrack/results/final/packs/03_cpu_classical/metrics/predictions/base__cpu_core_weighted__f2__h16__lightgbm__s0.npz,cpu_lightgbm,True,substantial_improvement,pareto_improvement,172.7779307352326,0.0,3798,32,5000,0,-0.13400130630456045,-0.016365249290744233,1.1549701444181844,1.020968838113624,-0.1160214460539701,-0.1392365366589506,-0.09128070274623873,1.0,0.0,False,False,50.22454208682983,51.21705777740267,0.01976156773827725,54.44892156453899,55.58440586594445,0.02085411921445591,107.7737911259384,110.86470265122934,0.028679621390316212,1,6,-0.17474380144216886,-0.0964059348474036,0.0,11.0,27,0.05,True
cpu_core_weighted,cpu_weighted_mean_pct,lightgbm,16,2,independent,mint,/Users/fgtek002/TimeTrack/results/final/packs/03_cpu_classical/metrics/predictions/base__cpu_core_weighted__f2__h16__lightgbm__s0.npz,cpu_lightgbm,True,substantial_improvement,pareto_improvement,172.7779307352326,0.0,3798,32,5000,0,-0.13772108032316702,-0.01312662621048366,1.1549701444181844,1.0172490640950174,-0.11924211287084303,-0.14757140361503743,-0.0896639937970474,1.0,0.0,False,False,50.22454208682983,50.79742925240294,0.011406518442372018,54.44892156453899,55.06735835149533,0.011358109016416358,107.7737911259384,110.24848476290336,0.02296192433346962,3,4,-0.1836825132260006,-0.0951492344770902,0.0,23.0,27,0.05,True
cpu_core_weighted,cpu_weighted_mean_pct,dlinear,1,0,independent,bottom_up,/Users/fgtek002/TimeTrack/results/final/packs/04_cpu_dlinear/metrics/predictions/base__cpu_core_weighted__f0__h1__dlinear__s0.npz,cpu_dlinear,True,substantial_improvement,pareto_improvement,111.46417771966371,0.0,4847,32,5000,0,-0.09406481912895116,-0.04667655799790893,1.3150739218475105,1.2210091027185592,-0.07152816093927415,-0.09260377808928948,-0.051213532540086884,1.0,0.0,False,False,55.81443603589973,55.81443603589973,0.0,60.64272935444045,60.64272935444045,0.0,136.94271995473724,136.94271995473724,0.0,0,0,-0.11429256332313988,-0.07189305323955265,0.0,1.0,27,0.05,True
cpu_core_weighted,cpu_weighted_mean_pct,dlinear,1,0,independent,wls,/Users/fgtek002/TimeTrack/results/final/packs/04_cpu_dlinear/metrics/predictions/base__cpu_core_weighted__f0__h1__dlinear__s0.npz,cpu_dlinear,True,substantial_improvement,pareto_improvement,111.46417771966371,0.0,4847,32,5000,0,-0.08301294520429456,-0.056202177222302474,1.3150739218475105,1.2320609766432158,-0.06312416650135683,-0.07784689788284888,-0.04937554967849836,1.0,0.0,False,False,55.81443603589973,56.66278506363334,0.015199455337826136,60.64272935444045,61.5600498815495,0.015126636562605277,136.94271995473724,141.91261643309642,0.0362917903193528,1,6,-0.09586788346356509,-0.06931686863983667,0.0,25.0,27,0.05,True
cpu_core_weighted,cpu_weighted_mean_pct,dlinear,1,0,independent,mint,/Users/fgtek002/TimeTrack/results/final/packs/04_cpu_dlinear/metrics/predictions/base__cpu_core_weighted__f0__h1__dlinear__s0.npz,cpu_dlinear,True,substantial_improvement,pareto_improvement,111.46417771966371,0.0,4847,32,5000,0,-0.09083267238997637,-0.0555062846217238,1.3150739218475105,1.224241249457534,-0.06907039283568797,-0.08640479337600454,-0.05288779708716835,1.0,0.0,False,False,55.81443603589973,56.14478926430313,0.005918777503922351,60.64272935444045,61.00661054457989,0.006000409183641076,136.94271995473724,138.6956896356093,0.012800751156771732,1,6,-0.10623824741473564,-0.07443241005548018,0.0,24.0,27,0.05,True
cpu_core_weighted,cpu_weighted_mean_pct,dlinear,1,1,independent,bottom_up,/Users/fgtek002/TimeTrack/results/final/packs/04_cpu_dlinear/metrics/predictions/base__cpu_core_weighted__f1__h1__dlinear__s0.npz,cpu_dlinear,True,substantial_improvement,pareto_improvement,110.22891972876208,0.0,5261,32,5000,0,-0.12262263732791241,-0.05804067756196529,1.0373307869955866,0.9147081496676741,-0.11820977345429363,-0.1417521841265584,-0.09905231341233085,1.0,0.0,False,False,43.6484014118106,43.6484014118106,0.0,47.69683711876819,47.69683711876819,0.0,90.77107186402475,90.77107186402475,0.0,0,0,-0.14530507786882732,-0.10227870368289989,0.0,23.0,27,0.05,True
cpu_core_weighted,cpu_weighted_mean_pct,dlinear,1,1,independent,wls,/Users/fgtek002/TimeTrack/results/final/packs/04_cpu_dlinear/metrics/predictions/base__cpu_core_weighted__f1__h1__dlinear__s0.npz,cpu_dlinear,True,substantial_improvement,aggregate_focused_improvement,110.22891972876208,0.0,5261,32,5000,0,-0.10144278782598587,-0.07162890712615688,1.0373307869955866,0.9358879991696007,-0.0977921306276794,-0.11440784318249217,-0.08476495459639584,1.0,0.0,False,False,43.6484014118106,44.85351793337132,0.027609637067593316,47.69683711876819,48.98478166339312,0.02700272434035553,90.77107186402475,95.87413060819068,0.056218998403041086,0,7,-0.11584365156703866,-0.08858951042166319,0.0,22.0,27,0.05,True
cpu_core_weighted,cpu_weighted_mean_pct,dlinear,1,1,independent,mint,/Users/fgtek002/TimeTrack/results/final/packs/04_cpu_dlinear/metrics/predictions/base__cpu_core_weighted__f1__h1__dlinear__s0.npz,cpu_dlinear,True,substantial_improvement,aggregate_focused_improvement,110.22891972876208,0.0,5261,32,5000,0,-0.1031646033681778,-0.07238008175113952,1.0373307869955866,0.9341661836274087,-0.09945198258982814,-0.11645794816850143,-0.0861665613225491,1.0,0.0,False,False,43.6484014118106,44.7614559935766,0.02550046612852167,47.69683711876819,48.886114486766786,0.02493409290509604,90.77107186402475,94.8378407296409,0.0448024770678943,0,7,-0.11797480492574793,-0.08999573869649505,0.0,21.0,27,0.05,True
cpu_core_weighted,cpu_weighted_mean_pct,dlinear,1,2,independent,bottom_up,/Users/fgtek002/TimeTrack/results/final/packs/04_cpu_dlinear/metrics/predictions/base__cpu_core_weighted__f2__h1__dlinear__s0.npz,cpu_dlinear,True,substantial_improvement,pareto_improvement,124.60568283901921,0.0,4852,32,5000,0,-0.07146168570109235,-0.013654346831262654,1.3941457895497487,1.3226841038486563,-0.051258402268080955,-0.06630281309689892,-0.03515283190027,1.0,0.0,False,False,63.22569521497917,63.22569521497917,0.0,68.4061622943292,68.4061622943292,0.0,150.75856822016922,150.75856822016922,0.0,0,0,-0.09383371448084343,-0.04899637933769377,0.0,20.0,27,0.05,True
cpu_core_weighted,cpu_weighted_mean_pct,dlinear,1,2,independent,wls,/Users/fgtek002/TimeTrack/results/final/packs/04_cpu_dlinear/metrics/predictions/base__cpu_core_weighted__f2__h1__dlinear__s0.npz,cpu_dlinear,True,substantial_improvement,pareto_improvement,124.60568283901921,0.0,4852,32,5000,0,-0.07282748779821085,-0.03533233187486351,1.3941457895497487,1.321318301751538,-0.05223807175986316,-0.06169233023368487,-0.042625797429149896,1.0,0.0,False,False,63.22569521497917,64.20429717889297,0.015477915435905827,68.4061622943292,69.4655541181135,0.015486789322080096,150.75856822016922,155.440179988618,0.031053702776028754,2,5,-0.08621208719624428,-0.05946005622618491,0.0,19.0,27,0.05,True
cpu_core_weighted,cpu_weighted_mean_pct,dlinear,1,2,independent,mint,/Users/fgtek002/TimeTrack/results/final/packs/04_cpu_dlinear/metrics/predictions/base__cpu_core_weighted__f2__h1__dlinear__s0.npz,cpu_dlinear,True,substantial_improvement,pareto_improvement,124.60568283901921,0.0,4852,32,5000,0,-0.07587246888184453,-0.0339383816948724,1.3941457895497487,1.318273320667904,-0.054422191316410455,-0.06522670310878555,-0.04290632349703557,1.0,0.0,False,False,63.22569521497917,63.84487173325203,0.009793115222656596,68.4061622943292,69.07099171209876,0.009718852738865996,150.75856822016922,154.66001223951892,0.025878754789260078,1,6,-0.09180552213443308,-0.059919976830474314,0.0,18.0,27,0.05,True
cpu_core_weighted,cpu_weighted_mean_pct,dlinear,8,0,independent,bottom_up,/Users/fgtek002/TimeTrack/results/final/packs/04_cpu_dlinear/metrics/predictions/base__cpu_core_weighted__f0__h8__dlinear__s0.npz,cpu_dlinear,True,substantial_improvement,pareto_improvement,96.52036216500535,0.0,4295,32,5000,0,-0.09280810737766478,-0.0608441986909769,1.2969408053016054,1.2041326979239406,-0.07155924695890968,-0.09318093130090307,-0.052967608318832474,1.0,0.0,False,False,55.172625905422635,55.172625905422635,0.0,59.95176709609382,59.95176709609382,0.0,133.75795077274256,133.75795077274256,0.0,0,0,-0.11345642773294541,-0.07243258487975612,0.0,17.0,27,0.05,True
cpu_core_weighted,cpu_weighted_mean_pct,dlinear,8,0,independent,wls,/Users/fgtek002/TimeTrack/results/final/packs/04_cpu_dlinear/metrics/predictions/base__cpu_core_weighted__f0__h8__dlinear__s0.npz,cpu_dlinear,True,substantial_improvement,pareto_improvement,96.52036216500535,0.0,4295,32,5000,0,-0.07535973345815773,-0.05165816118052158,1.2969408053016054,1.2215810718434479,-0.05810576176653855,-0.07267442254408972,-0.0457793323424481,1.0,0.0,False,False,55.172625905422635,56.07955320961579,0.016437994192044003,59.95176709609382,60.927435418314715,0.01627422125284557,133.75795077274256,138.78413438587947,0.03757670915336087,2,5,-0.0884065669323514,-0.06270828218005185,0.0,16.0,27,0.05,True
cpu_core_weighted,cpu_weighted_mean_pct,dlinear,8,0,independent,mint,/Users/fgtek002/TimeTrack/results/final/packs/04_cpu_dlinear/metrics/predictions/base__cpu_core_weighted__f0__h8__dlinear__s0.npz,cpu_dlinear,True,substantial_improvement,pareto_improvement,96.52036216500535,0.0,4295,32,5000,0,-0.08741584360017858,-0.05663861802882675,1.2969408053016054,1.209524961701427,-0.06740156778385109,-0.08573040738069078,-0.05185602732017062,1.0,0.0,False,False,55.172625905422635,55.4333883494753,0.004726301128020759,59.95176709609382,60.23851523356477,0.0047829805752236864,133.75795077274256,135.0236332339142,0.009462483941026206,3,4,-0.10421001381942813,-0.07078986284420583,0.0,15.0,27,0.05,True
cpu_core_weighted,cpu_weighted_mean_pct,dlinear,8,1,independent,bottom_up,/Users/fgtek002/TimeTrack/results/final/packs/04_cpu_dlinear/metrics/predictions/base__cpu_core_weighted__f1__h8__dlinear__s0.npz,cpu_dlinear,True,substantial_improvement,pareto_improvement,97.31203887243763,0.0,4778,32,5000,0,-0.0975036787432677,-0.05213219267900793,1.033701682753594,0.9361980040103265,-0.09432477509713978,-0.12503710047297217,-0.07135178906972192,1.0,0.0,False,False,44.047412719064155,44.047412719064155,0.0,48.1257430369662,48.1257430369662,0.0,90.49144411744182,90.49144411744182,0.0,0,0,-0.12031474072250198,-0.07846304235965457,0.0,26.0,27,0.05,True
cpu_core_weighted,cpu_weighted_mean_pct,dlinear,8,1,independent,wls,/Users/fgtek002/TimeTrack/results/final/packs/04_cpu_dlinear/metrics/predictions/base__cpu_core_weighted__f1__h8__dlinear__s0.npz,cpu_dlinear,True,substantial_improvement,aggregate_focused_improvement,97.31203887243763,0.0,4778,32,5000,0,-0.07855839061646627,-0.05004754951997947,1.033701682753594,0.9551432921371278,-0.07599715849083359,-0.0969265897763357,-0.060633278083209015,1.0,0.0,False,False,44.047412719064155,45.27789738434895,0.027935458391911982,48.1257430369662,49.44069851060631,0.027323328236824766,90.49144411744182,94.88368154204451,0.04853759896794612,0,7,-0.0930537485425874,-0.0663701011201701,0.0,14.0,27,0.05,True
cpu_core_weighted,cpu_weighted_mean_pct,dlinear,8,1,independent,mint,/Users/fgtek002/TimeTrack/results/final/packs/04_cpu_dlinear/metrics/predictions/base__cpu_core_weighted__f1__h8__dlinear__s0.npz,cpu_dlinear,True,substantial_improvement,aggregate_focused_improvement,97.31203887243763,0.0,4778,32,5000,0,-0.07999728580814545,-0.050091490548471285,1.033701682753594,0.9537043969454486,-0.07738914151232411,-0.098796255067812,-0.06161699161957304,1.0,0.0,False,False,44.047412719064155,45.23324055718996,0.02692162297225156,48.1257430369662,49.39273724486544,0.02632674589410574,90.49144411744182,95.41837549758893,0.05444637808799723,1,6,-0.09486214143679046,-0.06745358357585092,0.0,12.0,27,0.05,True
cpu_core_weighted,cpu_weighted_mean_pct,dlinear,8,2,independent,bottom_up,/Users/fgtek002/TimeTrack/results/final/packs/04_cpu_dlinear/metrics/predictions/base__cpu_core_weighted__f2__h8__dlinear__s0.npz,cpu_dlinear,True,modest_improvement,pareto_improvement,116.15117033739223,0.0,4341,32,5000,0,-0.05119262167759083,-0.005915502498095471,1.3866029396631767,1.335410317985586,-0.03691945272381015,-0.054022589654544616,-0.019184487719425925,1.0,0.0,False,False,63.77222898025815,63.77222898025815,0.0,69.01708714316435,69.01708714316435,0.0,156.44491276040526,156.44491276040526,0.0,0,0,-0.07169467475480258,-0.027346269089056043,0.0,11.0,27,0.05,True
cpu_core_weighted,cpu_weighted_mean_pct,dlinear,8,2,independent,wls,/Users/fgtek002/TimeTrack/results/final/packs/04_cpu_dlinear/metrics/predictions/base__cpu_core_weighted__f2__h8__dlinear__s0.npz,cpu_dlinear,True,modest_improvement,pareto_improvement,116.15117033739223,0.0,4341,32,5000,0,-0.057025029960238685,-0.031468437811462024,1.3866029396631767,1.329577909702938,-0.041125709696022125,-0.052204677697568654,-0.029460448919763606,1.0,0.0,False,False,63.77222898025815,64.2805604595462,0.007971047702369146,69.01708714316435,69.57829468818949,0.008131429016426182,156.44491276040526,158.057797588636,0.01030960227323505,0,7,-0.0699050344812386,-0.04230961425097937,0.0,10.0,27,0.05,True
cpu_core_weighted,cpu_weighted_mean_pct,dlinear,8,2,independent,mint,/Users/fgtek002/TimeTrack/results/final/packs/04_cpu_dlinear/metrics/predictions/base__cpu_core_weighted__f2__h8__dlinear__s0.npz,cpu_dlinear,True,modest_improvement,pareto_improvement,116.15117033739223,0.0,4341,32,5000,0,-0.058446645697107544,-0.028423617169087034,1.3866029396631767,1.3281562939660692,-0.04215096046984075,-0.05466342912925753,-0.029054715300800574,1.0,0.0,False,False,63.77222898025815,64.04506340227731,0.0042782638521796,69.01708714316435,69.31541972249238,0.004322590124807675,156.44491276040526,157.44406128557947,0.006386583670537105,2,5,-0.07321283445782585,-0.0418503639719811,0.0,9.0,27,0.05,True
cpu_core_weighted,cpu_weighted_mean_pct,dlinear,16,0,independent,bottom_up,/Users/fgtek002/TimeTrack/results/final/packs/04_cpu_dlinear/metrics/predictions/base__cpu_core_weighted__f0__h16__dlinear__s0.npz,cpu_dlinear,True,substantial_improvement,pareto_improvement,116.57592199027869,0.0,3707,32,5000,0,-0.09071625978617483,-0.04161654397744563,1.3105642612208253,1.2198480014346502,-0.0692192382094032,-0.09590152867955595,-0.04825816182287725,1.0,0.0,False,False,55.52731415288332,55.52731415288332,0.0,60.3141454277517,60.3141454277517,0.0,136.62927804048707,136.62927804048707,0.0,0,0,-0.11644081058392217,-0.0660339768327981,0.0,8.0,27,0.05,True
cpu_core_weighted,cpu_weighted_mean_pct,dlinear,16,0,independent,wls,/Users/fgtek002/TimeTrack/results/final/packs/04_cpu_dlinear/metrics/predictions/base__cpu_core_weighted__f0__h16__dlinear__s0.npz,cpu_dlinear,True,substantial_improvement,pareto_improvement,116.57592199027869,0.0,3707,32,5000,0,-0.0794298596506946,-0.05292635189081629,1.3105642612208253,1.2311344015701307,-0.060607375007085566,-0.07848255618109297,-0.04668481695058525,1.0,0.0,False,False,55.52731415288332,56.44538251815269,0.016533635369822736,60.3141454277517,61.30441718994284,0.01641856574719036,136.62927804048707,142.97641839926837,0.04645519942585416,3,4,-0.09513959987560738,-0.06518911886155221,0.0,7.0,27,0.05,True
cpu_core_weighted,cpu_weighted_mean_pct,dlinear,16,0,independent,mint,/Users/fgtek002/TimeTrack/results/final/packs/04_cpu_dlinear/metrics/predictions/base__cpu_core_weighted__f0__h16__dlinear__s0.npz,cpu_dlinear,True,substantial_improvement,pareto_improvement,116.57592199027869,0.0,3707,32,5000,0,-0.08838344277232962,-0.054379213436206886,1.3105642612208253,1.2221808184484957,-0.06743922857319344,-0.08864531715699478,-0.05083043419157805,1.0,0.0,False,False,55.52731415288332,55.821542878393025,0.005298810684406677,60.3141454277517,60.63789570978126,0.00536773388288116,136.62927804048707,138.86013243360927,0.016327791708458973,3,4,-0.1078556974136193,-0.07047520853294945,0.0,6.0,27,0.05,True
cpu_core_weighted,cpu_weighted_mean_pct,dlinear,16,1,independent,bottom_up,/Users/fgtek002/TimeTrack/results/final/packs/04_cpu_dlinear/metrics/predictions/base__cpu_core_weighted__f1__h16__dlinear__s0.npz,cpu_dlinear,True,substantial_improvement,pareto_improvement,104.45388158119103,0.0,4317,32,5000,0,-0.10770712270144256,-0.04471564063455613,1.0368843629622824,0.9291772402608398,-0.10387573248161763,-0.1308228949972756,-0.08213527867216217,1.0,0.0,False,False,44.26654340396201,44.26654340396201,0.0,48.37372348807707,48.37372348807707,0.0,92.90378698824622,92.90378698824622,0.0,0,0,-0.13088026816594298,-0.08635399727610484,0.0,5.0,27,0.05,True
cpu_core_weighted,cpu_weighted_mean_pct,dlinear,16,1,independent,wls,/Users/fgtek002/TimeTrack/results/final/packs/04_cpu_dlinear/metrics/predictions/base__cpu_core_weighted__f1__h16__dlinear__s0.npz,cpu_dlinear,True,substantial_improvement,aggregate_focused_improvement,104.45388158119103,0.0,4317,32,5000,0,-0.08997684939652531,-0.05919203588774735,1.0368843629622824,0.946907513565757,-0.08677616580065863,-0.10535794619971277,-0.07231904538589949,1.0,0.0,False,False,44.26654340396201,45.28738586108749,0.02306126430088764,48.37372348807707,49.46434702509106,0.022545784330263545,92.90378698824622,95.50988149002882,0.028051542205833918,0,7,-0.10511725616748652,-0.07625190299137898,0.0,4.0,27,0.05,True
cpu_core_weighted,cpu_weighted_mean_pct,dlinear,16,1,independent,mint,/Users/fgtek002/TimeTrack/results/final/packs/04_cpu_dlinear/metrics/predictions/base__cpu_core_weighted__f1__h16__dlinear__s0.npz,cpu_dlinear,True,substantial_improvement,pareto_improvement,104.45388158119103,0.0,4317,32,5000,0,-0.09234251606813515,-0.06055870472241853,1.0368843629622824,0.9445418468941472,-0.08905768026467402,-0.10828967231106634,-0.07406743964381753,1.0,0.0,False,False,44.26654340396201,45.135866917682236,0.019638387072310182,48.37372348807707,49.30245689907363,0.01919913010677117,92.90378698824622,95.78830442284968,0.031048437616094045,0,7,-0.10809455364522902,-0.07803447761087917,0.0,3.0,27,0.05,True
cpu_core_weighted,cpu_weighted_mean_pct,dlinear,16,2,independent,bottom_up,/Users/fgtek002/TimeTrack/results/final/packs/04_cpu_dlinear/metrics/predictions/base__cpu_core_weighted__f2__h16__dlinear__s0.npz,cpu_dlinear,True,modest_improvement,pareto_improvement,122.93967073314612,0.0,3798,32,5000,0,-0.060650707310167765,-0.02005819832961997,1.3862077577261862,1.3255570504160183,-0.04375297062949198,-0.06544714803953725,-0.022937789541190884,1.0,0.0,False,False,63.518151275615004,63.518151275615004,0.0,68.7641127927588,68.7641127927588,0.0,153.45861696885234,153.45861696885234,0.0,0,0,-0.0868903038337504,-0.03327151200020443,0.0,2.0,27,0.05,True
cpu_core_weighted,cpu_weighted_mean_pct,dlinear,16,2,independent,wls,/Users/fgtek002/TimeTrack/results/final/packs/04_cpu_dlinear/metrics/predictions/base__cpu_core_weighted__f2__h16__dlinear__s0.npz,cpu_dlinear,True,modest_improvement,pareto_improvement,122.93967073314612,0.0,3798,32,5000,0,-0.06600540217922782,-0.04664518457164313,1.3862077577261862,1.3202023555469582,-0.04761580781188045,-0.06264717338491355,-0.03416168934740075,1.0,0.0,False,False,63.518151275615004,64.33363593577829,0.01283860823695533,68.7641127927588,69.65087739591783,0.01289574702769113,153.45861696885234,156.86755307050436,0.02221404160278554,2,5,-0.0817493527597624,-0.04955765938475059,0.0,13.0,27,0.05,True
cpu_core_weighted,cpu_weighted_mean_pct,dlinear,16,2,independent,mint,/Users/fgtek002/TimeTrack/results/final/packs/04_cpu_dlinear/metrics/predictions/base__cpu_core_weighted__f2__h16__dlinear__s0.npz,cpu_dlinear,True,modest_improvement,pareto_improvement,122.93967073314612,0.0,3798,32,5000,0,-0.067755365971614,-0.041110195345694045,1.3862077577261862,1.3184523917545723,-0.04887821871863851,-0.06563066519917289,-0.033654356737889024,1.0,0.0,False,False,63.518151275615004,64.04428454893129,0.008283195633848191,68.7641127927588,69.33111193983056,0.008245567695762911,153.45861696885234,155.95752971009406,0.016283951925286356,1,6,-0.08596339768000454,-0.0487448004691395,0.0,27.0,27,0.05,True
disk_ud,disk_level,persistence,1,0,independent,bottom_up,/Users/fgtek002/TimeTrack/results/final/packs/05_disk_boundary/metrics/predictions/base__disk_ud__f0__h1__persistence__s0.npz,disk_persistence_descriptive,False,accuracy_neutral,coherence_only,0.0,0.0,8276,32,5000,0,0.0,0.0,1848015504.270662,1848015504.270662,0.0,0.0,0.0,0.0,1.0,True,True,292520190.6743079,292520190.6743079,0.0,2047641334.7201548,2047641334.7201548,0.0,908892486.6505558,908892486.6505558,0.0,0,0,0.0,0.0,,,0,0.05,False
disk_ud,disk_level,persistence,1,0,independent,top_down,/Users/fgtek002/TimeTrack/results/final/packs/05_disk_boundary/metrics/predictions/base__disk_ud__f0__h1__persistence__s0.npz,disk_persistence_descriptive,False,accuracy_neutral,accuracy_costly_coherence,0.0,7.374958464233929e-08,8276,32,5000,0,0.0,0.0,1848015504.270662,1848015504.270662,0.0,0.0,0.0,0.0,1.0,True,True,292520190.6743079,292520190.6743079,0.0,2047641334.7201548,2047641334.720155,1.1643571315879227e-16,908892486.6505558,908892486.6505558,0.0,0,2,0.0,0.0,,,0,0.05,False
disk_ud,disk_level,persistence,1,0,independent,wls,/Users/fgtek002/TimeTrack/results/final/packs/05_disk_boundary/metrics/predictions/base__disk_ud__f0__h1__persistence__s0.npz,disk_persistence_descriptive,False,accuracy_neutral,coherence_only,0.0,0.0,8276,32,5000,0,0.041171900369857115,0.190185546875,1848015504.270662,1848015504.311834,2.2278979951581098e-11,1.8463961817987187e-11,2.7583798909872994e-11,0.0,0.0,False,False,292520190.6743079,292520190.6866701,4.226115714097576e-11,2047641334.7201548,2047641334.806691,4.2261390012402086e-11,908892486.6505558,908892486.7366108,9.468107880101034e-11,0,7,0.03810599886201441,0.044354889668261385,,,0,0.05,False
disk_ud,disk_level,persistence,1,0,independent,mint,/Users/fgtek002/TimeTrack/results/final/packs/05_disk_boundary/metrics/predictions/base__disk_ud__f0__h1__persistence__s0.npz,disk_persistence_descriptive,False,accuracy_neutral,coherence_only,0.0,0.0,8276,32,5000,0,0.06989901557874426,0.320068359375,1848015504.270662,1848015504.3405612,3.7823825296493174e-11,3.1367165985790966e-11,4.6813736130755873e-11,0.0,0.0,False,False,292520190.6743079,292520190.69073945,5.617243040633562e-11,2047641334.7201548,2047641334.8351765,5.617277971347511e-11,908892486.6505558,908892486.7527364,1.1242319819682527e-10,1,6,0.0646649371258241,0.07526966941247187,,,0,0.05,False
disk_ud,disk_level,persistence,1,1,independent,bottom_up,/Users/fgtek002/TimeTrack/results/final/packs/05_disk_boundary/metrics/predictions/base__disk_ud__f1__h1__persistence__s0.npz,disk_persistence_descriptive,False,accuracy_neutral,coherence_only,0.0,0.0,8276,32,5000,0,0.0,0.0,1145989203.1474142,1145989203.1474142,0.0,0.0,0.0,0.0,1.0,True,True,181207052.8680522,181207052.8680522,0.0,1268449370.0763655,1268449370.0763655,0.0,735652275.5340744,735652275.5340744,0.0,0,0,0.0,0.0,,,0,0.05,False
disk_ud,disk_level,persistence,1,1,independent,top_down,/Users/fgtek002/TimeTrack/results/final/packs/05_disk_boundary/metrics/predictions/base__disk_ud__f1__h1__persistence__s0.npz,disk_persistence_descriptive,False,accuracy_neutral,coherence_only,0.0,0.0,8276,32,5000,0,0.0,0.0,1145989203.1474142,1145989203.1474142,0.0,0.0,0.0,0.0,1.0,True,True,181207052.8680522,181207052.86805224,1.644655763448467e-16,1268449370.0763655,1268449370.0763655,0.0,735652275.5340744,735652275.5340744,0.0,1,1,0.0,0.0,,,0,0.05,False
disk_ud,disk_level,persistence,1,1,independent,wls,/Users/fgtek002/TimeTrack/results/final/packs/05_disk_boundary/metrics/predictions/base__disk_ud__f1__h1__persistence__s0.npz,disk_persistence_descriptive,False,accuracy_neutral,coherence_only,0.0,0.0,8276,32,5000,0,-0.052185486341340924,-0.104248046875,1145989203.1474142,1145989203.0952287,-4.5537502620457105e-11,-6.048147497281449e-11,-3.61861950319915e-11,1.0,0.0,False,False,181207052.8680522,181207052.88706985,1.0494976037063164e-10,1268449370.0763655,1268449370.2094884,1.0494933745914961e-10,735652275.5340744,735652275.5614519,3.721525391743967e-11,1,6,-0.058298466988033926,-0.04614081993490213,,,0,0.05,False
disk_ud,disk_level,persistence,1,1,independent,mint,/Users/fgtek002/TimeTrack/results/final/packs/05_disk_boundary/metrics/predictions/base__disk_ud__f1__h1__persistence__s0.npz,disk_persistence_descriptive,False,accuracy_neutral,coherence_only,0.0,0.0,8276,32,5000,0,0.18456245079427713,0.8267822265625,1145989203.1474142,1145989203.3319764,1.6105077629648134e-10,1.2747815239424426e-10,2.1454524268067328e-10,0.0,0.0,False,False,181207052.8680522,181207052.91176894,2.412529092844922e-10,1268449370.0763655,1268449370.3823826,2.4125295627465684e-10,735652275.5340744,735652275.6705037,1.8545352795371253e-10,2,5,0.16919957451799633,0.1994139245882767,,,0,0.05,False
disk_ud,disk_level,persistence,1,2,independent,bottom_up,/Users/fgtek002/TimeTrack/results/final/packs/05_disk_boundary/metrics/predictions/base__disk_ud__f2__h1__persistence__s0.npz,disk_persistence_descriptive,False,accuracy_neutral,coherence_only,0.0,0.0,8279,32,5000,0,0.0,0.0,1654563840.6184323,1654563840.6184323,0.0,0.0,0.0,0.0,1.0,True,True,264898218.51942092,264898218.51942092,0.0,1854287529.6359465,1854287529.6359465,0.0,978161272.6561179,978161272.6561179,0.0,0,0,0.0,0.0,,,0,0.05,False
disk_ud,disk_level,persistence,1,2,independent,top_down,/Users/fgtek002/TimeTrack/results/final/packs/05_disk_boundary/metrics/predictions/base__disk_ud__f2__h1__persistence__s0.npz,disk_persistence_descriptive,False,accuracy_neutral,coherence_only,0.0,0.0,8279,32,5000,0,0.0,0.0,1654563840.6184323,1654563840.6184323,0.0,0.0,0.0,0.0,1.0,True,True,264898218.51942092,264898218.51942092,0.0,1854287529.6359465,1854287529.6359465,0.0,978161272.6561179,978161272.6561179,0.0,0,1,0.0,0.0,,,0,0.05,False
disk_ud,disk_level,persistence,1,2,independent,wls,/Users/fgtek002/TimeTrack/results/final/packs/05_disk_boundary/metrics/predictions/base__disk_ud__f2__h1__persistence__s0.npz,disk_persistence_descriptive,False,accuracy_neutral,coherence_only,0.0,0.0,8279,32,5000,0,0.0491118990348321,0.1610107421875,1654563840.6184323,1654563840.6675441,2.968268605246164e-11,2.4501640899724342e-11,3.6714060615991676e-11,0.0,0.0,False,False,264898218.51942092,264898218.5391733,7.456593457863727e-11,1854287529.6359465,1854287529.7742133,7.456599886709719e-11,978161272.6561179,978161272.7943699,1.4133867670592802e-10,2,5,0.04621273722247177,0.052224070888481966,,,0,0.05,False
disk_ud,disk_level,persistence,1,2,independent,mint,/Users/fgtek002/TimeTrack/results/final/packs/05_disk_boundary/metrics/predictions/base__disk_ud__f2__h1__persistence__s0.npz,disk_persistence_descriptive,False,accuracy_neutral,coherence_only,0.0,0.0,8279,32,5000,0,0.06122146866318396,0.1943359375,1654563840.6184323,1654563840.6796536,3.7001575376082796e-11,3.052523752315428e-11,4.577454938452726e-11,0.0,0.0,False,False,264898218.51942092,264898218.5413211,8.267393085675855e-11,1854287529.6359465,1854287529.7892475,8.26738022798387e-11,978161272.6561179,978161272.8257104,1.7337887368251297e-10,3,4,0.05753816580884712,0.06516344660447838,,,0,0.05,False
disk_ud,disk_level,persistence,8,0,independent,bottom_up,/Users/fgtek002/TimeTrack/results/final/packs/05_disk_boundary/metrics/predictions/base__disk_ud__f0__h8__persistence__s0.npz,disk_persistence_descriptive,False,accuracy_neutral,coherence_only,0.0,0.0,8269,32,5000,0,0.0,0.0,1849506840.3956947,1849506840.3956947,0.0,0.0,0.0,0.0,1.0,True,True,292749791.3515194,292749791.3515194,0.0,2049248539.4606361,2049248539.4606361,0.0,909633993.9455799,909633993.9455799,0.0,0,0,0.0,0.0,,,0,0.05,False
disk_ud,disk_level,persistence,8,0,independent,top_down,/Users/fgtek002/TimeTrack/results/final/packs/05_disk_boundary/metrics/predictions/base__disk_ud__f0__h8__persistence__s0.npz,disk_persistence_descriptive,False,accuracy_neutral,accuracy_costly_coherence,0.0,7.38120162655702e-08,8269,32,5000,0,0.0,0.0,1849506840.3956947,1849506840.3956947,0.0,0.0,0.0,0.0,1.0,True,True,292749791.3515194,292749791.3515194,0.0,2049248539.4606361,2049248539.4606361,0.0,909633993.9455799,909633993.9455799,0.0,0,2,0.0,0.0,,,0,0.05,False
disk_ud,disk_level,persistence,8,0,independent,wls,/Users/fgtek002/TimeTrack/results/final/packs/05_disk_boundary/metrics/predictions/base__disk_ud__f0__h8__persistence__s0.npz,disk_persistence_descriptive,False,accuracy_neutral,coherence_only,0.0,0.0,8269,32,5000,0,-0.022941512775501875,-0.09765625,1849506840.3956947,1849506840.3727534,-1.2404124318131004e-11,-1.5298073318858068e-11,-1.0282194166088195e-11,1.0,0.0,False,False,292749791.3515194,292749791.3498947,-5.549802101606742e-12,2049248539.4606361,2049248539.449263,-5.549860273803649e-12,909633993.9455799,909633993.9342957,-1.2405244543073329e-11,2,5,-0.024671810001138474,-0.021218024708365774,,,0,0.05,False
disk_ud,disk_level,persistence,8,0,independent,mint,/Users/fgtek002/TimeTrack/results/final/packs/05_disk_boundary/metrics/predictions/base__disk_ud__f0__h8__persistence__s0.npz,disk_persistence_descriptive,False,accuracy_neutral,coherence_only,0.0,0.0,8269,32,5000,0,0.008399645064586105,0.038330078125,1849506840.3956947,1849506840.4040942,4.541559339563747e-12,3.764035020558777e-12,5.608900681982238e-12,0.0,0.0,False,False,292749791.3515194,292749791.35339624,6.411041476828567e-12,2049248539.4606361,2049248539.4737732,6.410692443647119e-12,909633993.9455799,909633993.9528104,7.948823698914733e-12,1,6,0.0077704053761838265,0.009043666347365725,,,0,0.05,False
disk_ud,disk_level,persistence,8,1,independent,bottom_up,/Users/fgtek002/TimeTrack/results/final/packs/05_disk_boundary/metrics/predictions/base__disk_ud__f1__h8__persistence__s0.npz,disk_persistence_descriptive,False,accuracy_neutral,coherence_only,0.0,0.0,8269,32,5000,0,0.0,0.0,1146936385.5092514,1146936385.5092514,0.0,0.0,0.0,0.0,1.0,True,True,181352825.06297186,181352825.06297186,0.0,1269469775.440803,1269469775.440803,0.0,736274221.7264482,736274221.7264482,0.0,0,0,0.0,0.0,,,0,0.05,False
disk_ud,disk_level,persistence,8,1,independent,top_down,/Users/fgtek002/TimeTrack/results/final/packs/05_disk_boundary/metrics/predictions/base__disk_ud__f1__h8__persistence__s0.npz,disk_persistence_descriptive,False,accuracy_neutral,coherence_only,0.0,0.0,8269,32,5000,0,0.0,0.0,1146936385.5092514,1146936385.5092514,0.0,0.0,0.0,0.0,1.0,True,True,181352825.06297186,181352825.0629719,1.6433337819439502e-16,1269469775.440803,1269469775.440803,0.0,736274221.7264482,736274221.7264482,0.0,1,1,0.0,0.0,,,0,0.05,False
disk_ud,disk_level,persistence,8,1,independent,wls,/Users/fgtek002/TimeTrack/results/final/packs/05_disk_boundary/metrics/predictions/base__disk_ud__f1__h8__persistence__s0.npz,disk_persistence_descriptive,False,accuracy_neutral,coherence_only,0.0,0.0,8269,32,5000,0,-0.002239958495208006,-0.0382080078125,1146936385.5092514,1146936385.5070114,-1.952992793243229e-12,-3.2954936205016975e-12,-7.398908286322715e-13,0.9992,0.0016,False,False,181352825.06297186,181352825.07389554,6.023442777661715e-11,1269469775.440803,1269469775.517269,6.023447472901093e-11,736274221.7264482,736274221.7355452,1.2355423871256377e-11,1,6,-0.003667676646326831,-0.0008073170826042685,,,0,0.05,False
disk_ud,disk_level,persistence,8,1,independent,mint,/Users/fgtek002/TimeTrack/results/final/packs/05_disk_boundary/metrics/predictions/base__disk_ud__f1__h8__persistence__s0.npz,disk_persistence_descriptive,False,accuracy_neutral,coherence_only,0.0,0.0,8269,32,5000,0,0.13366716933633904,0.6444091796875,1146936385.5092514,1146936385.6429186,1.1654279263011564e-10,9.194362427090865e-11,1.559394731639645e-10,0.0,0.0,False,False,181352825.06297186,181352825.11127514,2.663497317103153e-10,1269469775.440803,1269469775.778926,2.6634966128172463e-10,736274221.7264482,736274221.7386186,1.652975703749364e-11,2,5,0.12281661214123818,0.14456392694866083,,,0,0.05,False
disk_ud,disk_level,persistence,8,2,independent,bottom_up,/Users/fgtek002/TimeTrack/results/final/packs/05_disk_boundary/metrics/predictions/base__disk_ud__f2__h8__persistence__s0.npz,disk_persistence_descriptive,False,accuracy_neutral,coherence_only,0.0,0.0,8272,32,5000,0,0.0,0.0,1655905782.5918763,1655905782.5918763,0.0,0.0,0.0,0.0,1.0,True,True,265110500.3415308,265110500.3415308,0.0,1855773502.3907158,1855773502.3907158,0.0,978974672.9593811,978974672.9593811,0.0,0,0,0.0,0.0,,,0,0.05,False
disk_ud,disk_level,persistence,8,2,independent,top_down,/Users/fgtek002/TimeTrack/results/final/packs/05_disk_boundary/metrics/predictions/base__disk_ud__f2__h8__persistence__s0.npz,disk_persistence_descriptive,False,accuracy_neutral,coherence_only,0.0,0.0,8272,32,5000,0,0.0,0.0,1655905782.5918763,1655905782.5918763,0.0,0.0,0.0,0.0,1.0,True,True,265110500.3415308,265110500.3415308,0.0,1855773502.3907158,1855773502.3907158,0.0,978974672.9593811,978974672.9593811,0.0,0,1,0.0,0.0,,,0,0.05,False
disk_ud,disk_level,persistence,8,2,independent,wls,/Users/fgtek002/TimeTrack/results/final/packs/05_disk_boundary/metrics/predictions/base__disk_ud__f2__h8__persistence__s0.npz,disk_persistence_descriptive,False,accuracy_neutral,coherence_only,0.0,0.0,8272,32,5000,0,0.0011055243545620768,0.0029296875,1655905782.5918763,1655905782.5929816,6.676251548754634e-13,5.463172653559698e-13,8.296020205302098e-13,0.0,0.0,False,False,265110500.3415308,265110500.34469417,1.193226034339147e-11,1855773502.3907158,1855773502.4128594,1.1932276402637034e-11,978974672.9593811,978974672.9823208,2.3432354932626264e-11,3,4,0.001026084944173492,0.0011881498119125514,,,0,0.05,False
disk_ud,disk_level,persistence,8,2,independent,mint,/Users/fgtek002/TimeTrack/results/final/packs/05_disk_boundary/metrics/predictions/base__disk_ud__f2__h8__persistence__s0.npz,disk_persistence_descriptive,False,accuracy_neutral,coherence_only,0.0,0.0,8272,32,5000,0,-0.04277357326485433,-0.1351318359375,1655905782.5918763,1655905782.5491028,-2.583092209383059e-11,-3.2066613063511323e-11,-2.120647178572292e-11,1.0,0.0,False,False,265110500.3415308,265110500.3295612,-4.514946081772431e-11,1855773502.3907158,1855773502.3069286,-4.514947687696987e-11,978974672.9593811,978974672.8540075,-1.0763671818842913e-10,2,5,-0.04549408291017986,-0.04016341572803962,,,0,0.05,False
disk_ud,disk_level,ridge,1,0,independent,bottom_up,/Users/fgtek002/TimeTrack/results/final/packs/05_disk_boundary/metrics/predictions/base__disk_ud__f0__h1__ridge__s0.npz,disk_ridge,True,substantial_degradation,accuracy_costly_coherence,1371630337.5730522,0.0,8276,32,5000,0,373591465.8232932,394578466.5966797,2194093318.965312,2567684784.788605,0.17027145682184158,0.12248819348970802,0.23153702586928962,0.0,0.0,False,False,481012423.7164381,481012423.7164381,0.0,3367086966.015066,3367086966.015066,0.0,1612370733.8411784,1612370733.8411784,0.0,0,0,290238637.5776522,479508509.72883344,0.0,1.0,24,0.05,True
disk_ud,disk_level,ridge,1,0,independent,top_down,/Users/fgtek002/TimeTrack/results/final/packs/05_disk_boundary/metrics/predictions/base__disk_ud__f0__h1__ridge__s0.npz,disk_ridge,True,accuracy_neutral,accuracy_costly_coherence,1371630337.5730522,7.824830930552199e-05,8276,32,5000,0,0.0,0.0,2194093318.965312,2194093318.965312,0.0,0.0,0.0,0.0,1.0,True,True,481012423.7164381,584216966.6416051,0.21455691752778341,3367086966.015066,4089518766.491236,0.21455691752778372,1612370733.8411784,1550729603.6497183,-0.038230122203106114,1,6,0.0,0.0,1.0,23.0,24,0.05,False
disk_ud,disk_level,ridge,1,0,independent,wls,/Users/fgtek002/TimeTrack/results/final/packs/05_disk_boundary/metrics/predictions/base__disk_ud__f0__h1__ridge__s0.npz,disk_ridge,True,modest_degradation,accuracy_costly_coherence,1371630337.5730522,0.0,8276,32,5000,0,87397193.47514169,192574213.75256348,2194093318.965312,2281490512.4404535,0.03983294271018352,0.01729649234080455,0.06810415364901186,0.0,0.0,False,False,481012423.7164381,502534564.28379506,0.04474341930936169,3367086966.015066,3517741949.9865656,0.044743419309361945,1612370733.8411784,1544804384.8275244,-0.0419049711059252,1,6,41706697.47789758,132560789.24384785,0.0,10.0,24,0.05,True
disk_ud,disk_level,ridge,1,0,independent,mint,/Users/fgtek002/TimeTrack/results/final/packs/05_disk_boundary/metrics/predictions/base__disk_ud__f0__h1__ridge__s0.npz,disk_ridge,True,modest_degradation,accuracy_costly_coherence,1371630337.5730522,0.0,8276,32,5000,0,50196618.316791736,149059492.64611816,2194093318.965312,2244289937.2821035,0.022878068987723547,0.005492480290658723,0.04471184843760239,0.004,0.008,False,False,481012423.7164381,527527929.0614476,0.09670333457422481,3367086966.015066,3692695503.430133,0.09670333457422489,1612370733.8411784,1585167852.0458326,-0.01687135670748618,1,6,13572682.970175385,86385892.8066968,0.07200000000000001,16.0,24,0.05,False
disk_ud,disk_level,ridge,1,1,independent,bottom_up,/Users/fgtek002/TimeTrack/results/final/packs/05_disk_boundary/metrics/predictions/base__disk_ud__f1__h1__ridge__s0.npz,disk_ridge,True,substantial_degradation,accuracy_costly_coherence,804451259.9295046,0.0,8276,32,5000,0,377386759.43620497,300772801.42633057,1279428400.7528424,1656815160.1890473,0.2949651260001284,0.22110267252621627,0.4066951669746431,0.0,0.0,False,False,310460923.9504729,310460923.9504729,0.0,2173226467.6533103,2173226467.6533103,0.0,1248709160.488531,1248709160.488531,0.0,0,0,296041305.73845667,510544276.1995375,0.0,9.0,24,0.05,True
disk_ud,disk_level,ridge,1,1,independent,top_down,/Users/fgtek002/TimeTrack/results/final/packs/05_disk_boundary/metrics/predictions/base__disk_ud__f1__h1__ridge__s0.npz,disk_ridge,True,accuracy_neutral,accuracy_costly_coherence,804451259.9295046,8.58592664406114e-05,8276,32,5000,0,0.0,0.0,1279428400.7528424,1279428400.7528424,0.0,0.0,0.0,0.0,1.0,True,True,310460923.9504729,385857721.266688,0.2428543868156592,2173226467.6533103,2701004048.866816,0.2428543868156592,1248709160.488531,1221622379.3939173,-0.021691825407940995,1,6,0.0,0.0,1.0,20.0,24,0.05,False
disk_ud,disk_level,ridge,1,1,independent,wls,/Users/fgtek002/TimeTrack/results/final/packs/05_disk_boundary/metrics/predictions/base__disk_ud__f1__h1__ridge__s0.npz,disk_ridge,True,substantial_degradation,accuracy_costly_coherence,804451259.9295046,0.0,8276,32,5000,0,118282003.32423228,138531640.4981079,1279428400.7528424,1397710404.0770745,0.09244909934360741,0.059597833338376933,0.14240658856035246,0.0,0.0,False,False,310460923.9504729,297517140.5980893,-0.04169214981286503,2173226467.6533103,2082619984.1866245,-0.04169214981286525,1248709160.488531,1118122971.051303,-0.10457694519205667,3,4,78302154.92551206,181483088.4383201,0.0,11.0,24,0.05,True
disk_ud,disk_level,ridge,1,1,independent,mint,/Users/fgtek002/TimeTrack/results/final/packs/05_disk_boundary/metrics/predictions/base__disk_ud__f1__h1__ridge__s0.npz,disk_ridge,True,modest_degradation,accuracy_costly_coherence,804451259.9295046,0.0,8276,32,5000,0,58803992.75956174,92733949.63232422,1279428400.7528424,1338232393.5124042,0.04596114383967109,0.024053948670889974,0.07856627046137042,0.0,0.0,False,False,310460923.9504729,294491282.47866976,-0.05143849109445647,2173226467.6533103,2061438977.350688,-0.05143849109445667,1248709160.488531,1090556477.9686382,-0.12665293690807797,4,3,31433433.60604202,100827143.34351063,0.0,7.0,24,0.05,True
disk_ud,disk_level,ridge,1,2,independent,bottom_up,/Users/fgtek002/TimeTrack/results/final/packs/05_disk_boundary/metrics/predictions/base__disk_ud__f2__h1__ridge__s0.npz,disk_ridge,True,accuracy_neutral,coherence_only,660729091.0202527,0.0,8279,32,5000,0,26202942.842849076,-31290748.656982422,1786927458.8985488,1813130401.741398,0.01466368582135976,-0.0010248314602404759,0.02917510328384162,0.0324,0.0648,True,True,351548493.66384494,351548493.66384494,0.0,2460839455.6469145,2460839455.6469145,0.0,1165432595.2566392,1165432595.2566392,0.0,0,0,-1704128.792805854,55711332.45297277,0.5184,17.0,24,0.05,False
disk_ud,disk_level,ridge,1,2,independent,top_down,/Users/fgtek002/TimeTrack/results/final/packs/05_disk_boundary/metrics/predictions/base__disk_ud__f2__h1__ridge__s0.npz,disk_ridge,True,accuracy_neutral,accuracy_costly_coherence,660729091.0202527,7.97828796880662e-05,8279,32,5000,0,0.0,0.0,1786927458.8985488,1786927458.8985488,0.0,0.0,0.0,0.0,1.0,True,True,351548493.66384494,406138309.207541,0.1552838840945099,2460839455.6469145,2842968164.4527864,0.15528388409450977,1165432595.2566392,1154922093.7094526,-0.00901854091773716,1,6,0.0,0.0,1.0,19.0,24,0.05,False
disk_ud,disk_level,ridge,1,2,independent,wls,/Users/fgtek002/TimeTrack/results/final/packs/05_disk_boundary/metrics/predictions/base__disk_ud__f2__h1__ridge__s0.npz,disk_ridge,True,accuracy_neutral,coherence_only,660729091.0202527,0.0,8279,32,5000,0,-32886955.731239818,-31694161.54638672,1786927458.8985488,1754040503.167309,-0.01840419182517411,-0.026968988449611615,-0.010909220862500346,1.0,0.0,False,False,351548493.66384494,350293635.1991062,-0.003569517399038091,2460839455.6469145,2452055446.3937435,-0.0035695173990380425,1165432595.2566392,1152890261.465931,-0.010761955553462415,3,4,-45038900.713052526,-20627651.95735225,0.0,6.0,24,0.05,True
disk_ud,disk_level,ridge,1,2,independent,mint,/Users/fgtek002/TimeTrack/results/final/packs/05_disk_boundary/metrics/predictions/base__disk_ud__f2__h1__ridge__s0.npz,disk_ridge,True,accuracy_neutral,coherence_only,660729091.0202527,0.0,8279,32,5000,0,-31524857.799073916,-26152254.86743164,1786927458.8985488,1755402601.0994751,-0.01764193484301016,-0.02446865082265291,-0.011674012307463373,1.0,0.0,False,False,351548493.66384494,351097416.6420583,-0.001283114648239556,2460839455.6469145,2457681916.494408,-0.0012831146482395318,1165432595.2566392,1160228968.8916438,-0.004464974110192612,2,5,-41017700.02760743,-22133170.032693155,0.0,8.0,24,0.05,True
disk_ud,disk_level,ridge,8,0,independent,bottom_up,/Users/fgtek002/TimeTrack/results/final/packs/05_disk_boundary/metrics/predictions/base__disk_ud__f0__h8__ridge__s0.npz,disk_ridge,True,substantial_degradation,accuracy_costly_coherence,1370320529.2032237,0.0,8269,32,5000,0,374598579.01224905,395352762.33239746,2193351964.750705,2567950543.7629538,0.17078817491784803,0.12327178146052471,0.23163162438614618,0.0,0.0,False,False,480831209.0941325,480831209.0941325,0.0,3365818463.658928,3365818463.658928,0.0,1611397409.5933754,1611397409.5933754,0.0,0,0,291776484.4546982,480404950.06841993,0.0,4.0,24,0.05,True
disk_ud,disk_level,ridge,8,0,independent,top_down,/Users/fgtek002/TimeTrack/results/final/packs/05_disk_boundary/metrics/predictions/base__disk_ud__f0__h8__ridge__s0.npz,disk_ridge,True,accuracy_neutral,accuracy_costly_coherence,1370320529.2032237,7.601161435028419e-05,8269,32,5000,0,0.0,0.0,2193351964.750705,2193351964.750705,0.0,0.0,0.0,0.0,1.0,True,True,480831209.0941325,583865648.2243971,0.21428400898597558,3365818463.658928,4087059537.5707793,0.21428400898597533,1611397409.5933754,1549747806.3746986,-0.03825847233689773,1,6,0.0,0.0,1.0,21.0,24,0.05,False
disk_ud,disk_level,ridge,8,0,independent,wls,/Users/fgtek002/TimeTrack/results/final/packs/05_disk_boundary/metrics/predictions/base__disk_ud__f0__h8__ridge__s0.npz,disk_ridge,True,modest_degradation,accuracy_costly_coherence,1370320529.2032237,0.0,8269,32,5000,0,96906436.371629,201544232.5435791,2193351964.750705,2290258401.122334,0.04418189051689355,0.020729712601968115,0.07364305338292451,0.0002,0.0004,False,False,480831209.0941325,494037268.84870416,0.0274650636331435,3365818463.658928,3458260881.9409285,0.02746506363314314,1611397409.5933754,1525547243.9371536,-0.05327684228925597,1,6,49600136.48376804,144925788.71219888,0.0048000000000000004,13.0,24,0.05,True
disk_ud,disk_level,ridge,8,0,independent,mint,/Users/fgtek002/TimeTrack/results/final/packs/05_disk_boundary/metrics/predictions/base__disk_ud__f0__h8__ridge__s0.npz,disk_ridge,True,modest_degradation,accuracy_costly_coherence,1370320529.2032237,0.0,8269,32,5000,0,69090863.68993987,171834067.52978516,2193351964.750705,2262442828.4406447,0.031500126199669326,0.011709657043806044,0.056290186276885985,0.0008,0.0016,False,False,480831209.0941325,519504954.0135531,0.0804310206741373,3365818463.658928,3636534678.0948715,0.0804310206741371,1611397409.5933754,1580818383.1927845,-0.018976713142605395,1,6,27520894.37280465,110798876.53894055,0.0176,14.0,24,0.05,True
disk_ud,disk_level,ridge,8,1,independent,bottom_up,/Users/fgtek002/TimeTrack/results/final/packs/05_disk_boundary/metrics/predictions/base__disk_ud__f1__h8__ridge__s0.npz,disk_ridge,True,substantial_degradation,accuracy_costly_coherence,710948694.4437817,0.0,8269,32,5000,0,287148754.28481865,187888996.57543945,1279285563.5138888,1566434317.7987077,0.22446024755887206,0.159545387408595,0.3252884250476784,0.0,0.0,False,False,296421060.2380804,296421060.2380804,0.0,2074947421.6665626,2074947421.6665626,0.0,1149942873.2286463,1149942873.2286463,0.0,0,0,204851128.9960725,422625782.8087171,0.0,3.0,24,0.05,True
disk_ud,disk_level,ridge,8,1,independent,top_down,/Users/fgtek002/TimeTrack/results/final/packs/05_disk_boundary/metrics/predictions/base__disk_ud__f1__h8__ridge__s0.npz,disk_ridge,True,accuracy_neutral,accuracy_costly_coherence,710948694.4437817,7.630686241534648e-05,8269,32,5000,0,0.0,0.0,1279285563.5138888,1279285563.5138888,0.0,0.0,0.0,0.0,1.0,True,True,296421060.2380804,362139866.58503,0.22170761515448803,2074947421.6665626,2534979066.09521,0.22170761515448806,1149942873.2286463,1129736011.4176393,-0.017572057083386296,1,6,0.0,0.0,1.0,22.0,24,0.05,False
disk_ud,disk_level,ridge,8,1,independent,wls,/Users/fgtek002/TimeTrack/results/final/packs/05_disk_boundary/metrics/predictions/base__disk_ud__f1__h8__ridge__s0.npz,disk_ridge,True,substantial_degradation,accuracy_costly_coherence,710948694.4437817,0.0,8269,32,5000,0,75944842.42026106,83160137.47167969,1279285563.5138888,1355230405.93415,0.05936504294761124,0.0283095880041272,0.10601483451425116,0.0,0.0,False,False,296421060.2380804,287850610.9447831,-0.028913091689280277,2074947421.6665626,2014954276.613481,-0.02891309168928051,1149942873.2286463,1059968503.1831712,-0.07824246937837692,3,4,36402235.87382116,140009571.51328328,0.0,2.0,24,0.05,True
disk_ud,disk_level,ridge,8,1,independent,mint,/Users/fgtek002/TimeTrack/results/final/packs/05_disk_boundary/metrics/predictions/base__disk_ud__f1__h8__ridge__s0.npz,disk_ridge,True,modest_degradation,accuracy_costly_coherence,710948694.4437817,0.0,8269,32,5000,0,33655497.291084684,54491947.19152832,1279285563.5138888,1312941060.8049736,0.026308041184050536,0.005712793433842129,0.05657329109329727,0.0028,0.0056,False,False,296421060.2380804,286655025.6218238,-0.03294649377615977,2074947421.6665626,2006585179.3527665,-0.03294649377615971,1149942873.2286463,1046722167.757406,-0.08976159414026529,4,3,7342461.97936482,74748561.00866629,0.056,15.0,24,0.05,False
disk_ud,disk_level,ridge,8,2,independent,bottom_up,/Users/fgtek002/TimeTrack/results/final/packs/05_disk_boundary/metrics/predictions/base__disk_ud__f2__h8__ridge__s0.npz,disk_ridge,True,accuracy_neutral,coherence_only,661735607.2129916,0.0,8272,32,5000,0,26487941.17291146,-32189544.375793457,1788411406.9318063,1814899348.1047177,0.014810876887859993,-0.0012438959483522117,0.029374683668158492,0.0338,0.0676,True,True,352014014.0528795,352014014.0528795,0.0,2464098098.370157,2464098098.370157,0.0,1167697633.7927349,1167697633.7927349,0.0,0,0,-2072521.0601738074,56309316.695000365,0.5184,18.0,24,0.05,False
disk_ud,disk_level,ridge,8,2,independent,top_down,/Users/fgtek002/TimeTrack/results/final/packs/05_disk_boundary/metrics/predictions/base__disk_ud__f2__h8__ridge__s0.npz,disk_ridge,True,accuracy_neutral,accuracy_costly_coherence,661735607.2129916,6.996317112699468e-05,8272,32,5000,0,0.0,0.0,1788411406.9318063,1788411406.9318063,0.0,0.0,0.0,0.0,1.0,True,True,352014014.0528795,406697443.6237342,0.15534446751497832,2464098098.370157,2846882105.3661394,0.15534446751497832,1167697633.7927349,1156963400.1455278,-0.009192648282022927,2,5,0.0,0.0,1.0,24.0,24,0.05,False
disk_ud,disk_level,ridge,8,2,independent,wls,/Users/fgtek002/TimeTrack/results/final/packs/05_disk_boundary/metrics/predictions/base__disk_ud__f2__h8__ridge__s0.npz,disk_ridge,True,accuracy_neutral,coherence_only,661735607.2129916,0.0,8272,32,5000,0,-32738233.62274105,-31458082.243408203,1788411406.9318063,1755673173.309065,-0.018305762027601175,-0.027279492289151244,-0.010674439532791255,1.0,0.0,False,False,352014014.0528795,350665474.75760144,-0.0038309250241255876,2464098098.370157,2454658323.3032107,-0.0038309250241253937,1167697633.7927349,1154538401.0802243,-0.011269383727162999,3,4,-45605677.98698299,-20169466.18691309,0.0,5.0,24,0.05,True
disk_ud,disk_level,ridge,8,2,independent,mint,/Users/fgtek002/TimeTrack/results/final/packs/05_disk_boundary/metrics/predictions/base__disk_ud__f2__h8__ridge__s0.npz,disk_ridge,True,accuracy_neutral,coherence_only,661735607.2129916,0.0,8272,32,5000,0,-31430905.6678303,-25873329.382019043,1788411406.9318063,1756980501.263976,-0.01757476246573101,-0.0246456619406215,-0.011581458097579331,1.0,0.0,False,False,352014014.0528795,351446304.77742815,-0.0016127462339214737,2464098098.370157,2460124133.441997,-0.0016127462339215462,1167697633.7927349,1161729730.248547,-0.00511082952596535,2,5,-41438668.565366305,-21731084.13050697,0.0,12.0,24,0.05,True
disk_ud,disk_level,lightgbm,1,0,independent,bottom_up,/Users/fgtek002/TimeTrack/results/final/packs/05_disk_boundary/metrics/predictions/base__disk_ud__f0__h1__lightgbm__s0.npz,disk_lightgbm,True,substantial_degradation,accuracy_costly_coherence,41640542302.28822,0.0,8276,32,5000,0,38170432277.77515,35676392490.295166,4734846231.63901,42905278509.414154,8.0615991334025,6.888688268319738,9.482505493028892,0.0,0.0,False,False,14792371972.801214,14792371972.801214,0.0,103546603809.60852,103546603809.60852,0.0,47516320542.459404,47516320542.459404,0.0,0,0,34807150755.38539,41776885802.90891,0.0,1.0,24,0.05,True
disk_ud,disk_level,lightgbm,1,0,independent,top_down,/Users/fgtek002/TimeTrack/results/final/packs/05_disk_boundary/metrics/predictions/base__disk_ud__f0__h1__lightgbm__s0.npz,disk_lightgbm,True,accuracy_neutral,accuracy_costly_coherence,41640542302.28822,8.084429468493234e-05,8276,32,5000,0,0.0,0.0,4734846231.63901,4734846231.63901,0.0,0.0,0.0,0.0,1.0,True,True,14792371972.801214,15066209408.657858,0.018512070705100542,103546603809.60852,105463465860.60501,0.01851207070510039,47516320542.459404,41973654323.82244,-0.11664763086367712,2,5,0.0,0.0,1.0,22.0,24,0.05,False
disk_ud,disk_level,lightgbm,1,0,independent,wls,/Users/fgtek002/TimeTrack/results/final/packs/05_disk_boundary/metrics/predictions/base__disk_ud__f0__h1__lightgbm__s0.npz,disk_lightgbm,True,substantial_degradation,accuracy_costly_coherence,41640542302.28822,0.0,8276,32,5000,0,19667096608.83217,19569204270.845947,4734846231.63901,24401942840.471176,4.153692780435707,3.5143381566162066,4.934113417747041,0.0,0.0,False,False,14792371972.801214,15192222944.97752,0.0270308894957153,103546603809.60852,106345560614.84264,0.027030889495715055,47516320542.459404,46369293948.62376,-0.024139634145507818,1,6,17781292404.58605,21699554144.35188,0.0,17.0,24,0.05,True
disk_ud,disk_level,lightgbm,1,0,independent,mint,/Users/fgtek002/TimeTrack/results/final/packs/05_disk_boundary/metrics/predictions/base__disk_ud__f0__h1__lightgbm__s0.npz,disk_lightgbm,True,substantial_degradation,accuracy_costly_coherence,41640542302.28822,0.0,8276,32,5000,0,23527456453.095665,22970843694.191772,4734846231.63901,28262302684.734676,4.969001167531352,4.2113333845875305,5.88865442506585,0.0,0.0,False,False,14792371972.801214,15071292325.218012,0.01885568811612157,103546603809.60852,105499046276.5261,0.018855688116121455,47516320542.459404,47761844387.201645,0.005167147665039571,1,6,21337857200.1304,25903299599.910156,0.0,16.0,24,0.05,True
disk_ud,disk_level,lightgbm,1,1,independent,bottom_up,/Users/fgtek002/TimeTrack/results/final/packs/05_disk_boundary/metrics/predictions/base__disk_ud__f1__h1__lightgbm__s0.npz,disk_lightgbm,True,substantial_degradation,accuracy_costly_coherence,77052298911.05917,0.0,8276,32,5000,0,76038541866.95282,58737818297.61914,18083890978.96224,94122432845.91504,4.204766659753241,3.9668276312798136,4.492903133105125,0.0,0.0,False,False,21391835833.150433,21391835833.150433,0.0,149742850832.053,149742850832.053,0.0,48861172452.55867,48861172452.55867,0.0,0,0,71176415294.03032,81036731387.57219,0.0,15.0,24,0.05,True
disk_ud,disk_level,lightgbm,1,1,independent,top_down,/Users/fgtek002/TimeTrack/results/final/packs/05_disk_boundary/metrics/predictions/base__disk_ud__f1__h1__lightgbm__s0.npz,disk_lightgbm,True,accuracy_neutral,accuracy_costly_coherence,77052298911.05917,5.706742859624214e-05,8276,32,5000,0,0.0,0.0,18083890978.96224,18083890978.96224,0.0,0.0,0.0,0.0,1.0,True,True,21391835833.150433,22362728567.604023,0.04538613431901064,149742850832.053,156539099973.22815,0.045386134319010694,48861172452.55867,41892775178.927345,-0.14261625179783047,3,4,0.0,0.0,1.0,20.0,24,0.05,False
disk_ud,disk_level,lightgbm,1,1,independent,wls,/Users/fgtek002/TimeTrack/results/final/packs/05_disk_boundary/metrics/predictions/base__disk_ud__f1__h1__lightgbm__s0.npz,disk_lightgbm,True,substantial_degradation,accuracy_costly_coherence,77052298911.05917,0.0,8276,32,5000,0,5011388711.358159,3982172541.0859375,18083890978.96224,23095279690.320396,0.2771189406742233,0.2629106063019999,0.29398173175729125,0.0,0.0,False,False,21391835833.150433,13826021170.772058,-0.35367767036870235,149742850832.053,96782148195.4044,-0.3536776703687023,48861172452.55867,44265690298.46732,-0.09405181913211948,4,3,4603649143.198057,5423396188.692843,0.0,14.0,24,0.05,True
disk_ud,disk_level,lightgbm,1,1,independent,mint,/Users/fgtek002/TimeTrack/results/final/packs/05_disk_boundary/metrics/predictions/base__disk_ud__f1__h1__lightgbm__s0.npz,disk_lightgbm,True,modest_improvement,pareto_improvement,77052298911.05917,0.0,8276,32,5000,0,-528708389.0027001,-475761225.90667725,18083890978.96224,17555182589.959538,-0.02923642868770715,-0.030874736821555504,-0.027736116020436092,1.0,0.0,False,False,21391835833.150433,16135712117.673609,-0.245706995718971,149742850832.053,112949984823.71526,-0.24570699571897095,48861172452.55867,45203892460.2344,-0.07485043458331411,6,1,-587441337.5043476,-471913091.4376833,0.0,13.0,24,0.05,True
disk_ud,disk_level,lightgbm,1,2,independent,bottom_up,/Users/fgtek002/TimeTrack/results/final/packs/05_disk_boundary/metrics/predictions/base__disk_ud__f2__h1__lightgbm__s0.npz,disk_lightgbm,True,substantial_degradation,accuracy_costly_coherence,36041391842.76695,0.0,8279,256,5000,0,29495644973.420277,31069599623.519775,4597961917.660613,34093606891.08089,6.414938945041829,4.727244691130371,9.450720942547704,0.0,0.0,False,False,11662441173.39893,11662441173.39893,0.0,81637088213.79251,81637088213.79251,0.0,22164990595.255184,22164990595.255184,0.0,0,0,27020201269.72761,31979759996.09801,0.0,12.0,24,0.05,True
disk_ud,disk_level,lightgbm,1,2,independent,top_down,/Users/fgtek002/TimeTrack/results/final/packs/05_disk_boundary/metrics/predictions/base__disk_ud__f2__h1__lightgbm__s0.npz,disk_lightgbm,True,accuracy_neutral,accuracy_costly_coherence,36041391842.76695,7.45927903052905e-05,8279,256,5000,0,0.0,0.0,4597961917.660613,4597961917.660613,0.0,0.0,0.0,0.0,1.0,True,True,11662441173.39893,12536448223.410587,0.07494203289146667,81637088213.79251,87755137563.87411,0.07494203289146667,22164990595.255184,22474357740.233444,0.0139574679108813,3,4,0.0,0.0,1.0,24.0,24,0.05,False
disk_ud,disk_level,lightgbm,1,2,independent,wls,/Users/fgtek002/TimeTrack/results/final/packs/05_disk_boundary/metrics/predictions/base__disk_ud__f2__h1__lightgbm__s0.npz,disk_lightgbm,True,substantial_degradation,accuracy_costly_coherence,36041391842.76695,0.0,8279,256,5000,0,10085614678.296692,11936362240.22229,4597961917.660613,14683576595.957306,2.193496783772435,1.3330922926931614,3.740897665344069,0.0,0.0,False,False,11662441173.39893,9559534920.981747,-0.1803144145510238,81637088213.79251,66916744446.872215,-0.18031441455102398,22164990595.255184,21907011200.342693,-0.01163904824609833,3,4,8042163311.2618,12076316912.90109,0.0,10.0,24,0.05,True
disk_ud,disk_level,lightgbm,1,2,independent,mint,/Users/fgtek002/TimeTrack/results/final/packs/05_disk_boundary/metrics/predictions/base__disk_ud__f2__h1__lightgbm__s0.npz,disk_lightgbm,True,substantial_degradation,accuracy_costly_coherence,36041391842.76695,0.0,8279,256,5000,0,14354425967.314236,15819360785.405884,4597961917.660613,18952387884.97485,3.121910582203689,2.078959321608476,4.990653944349546,0.0,0.0,False,False,11662441173.39893,11370569951.573818,-0.025026597560967395,81637088213.79251,79593989661.01671,-0.025026597560967676,22164990595.255184,25063263126.83741,0.13075902374633325,4,3,12437413008.46503,16319362774.468517,0.0,11.0,24,0.05,True
disk_ud,disk_level,lightgbm,8,0,independent,bottom_up,/Users/fgtek002/TimeTrack/results/final/packs/05_disk_boundary/metrics/predictions/base__disk_ud__f0__h8__lightgbm__s0.npz,disk_lightgbm,True,substantial_degradation,accuracy_costly_coherence,42188268954.98278,0.0,8269,32,5000,0,38555442657.936424,39168250985.8396,4449179814.664111,43004622472.60053,8.665741611714822,7.413020618098886,10.213608759689118,0.0,0.0,False,False,14650815263.099447,14650815263.099447,0.0,102555706841.69614,102555706841.69614,0.0,47559010789.91339,47559010789.91339,0.0,0,0,35277785752.733376,41998481646.6898,0.0,8.0,24,0.05,True
disk_ud,disk_level,lightgbm,8,0,independent,top_down,/Users/fgtek002/TimeTrack/results/final/packs/05_disk_boundary/metrics/predictions/base__disk_ud__f0__h8__lightgbm__s0.npz,disk_lightgbm,True,accuracy_neutral,accuracy_costly_coherence,42188268954.98278,7.326580734520498e-05,8269,32,5000,0,0.0,0.0,4449179814.664111,4449179814.664111,0.0,0.0,0.0,0.0,1.0,True,True,14650815263.099447,14913335123.953913,0.017918447276832852,102555706841.69614,104393345867.67738,0.01791844727683274,47559010789.91339,42234712430.949394,-0.11195141090052291,2,5,0.0,0.0,1.0,19.0,24,0.05,False
disk_ud,disk_level,lightgbm,8,0,independent,wls,/Users/fgtek002/TimeTrack/results/final/packs/05_disk_boundary/metrics/predictions/base__disk_ud__f0__h8__lightgbm__s0.npz,disk_lightgbm,True,substantial_degradation,accuracy_costly_coherence,42188268954.98278,0.0,8269,32,5000,0,24430331949.414494,25903322553.166748,4449179814.664111,28879511764.0786,5.490974284494917,4.650897193837996,6.515649824270985,0.0,0.0,False,False,14650815263.099447,14442521311.45433,-0.014217225997637162,102555706841.69614,101097649180.1803,-0.014217225997637367,47559010789.91339,45987921974.541,-0.03303451415994542,1,6,22202644679.624466,26753275964.194576,0.0,7.0,24,0.05,True
disk_ud,disk_level,lightgbm,8,0,independent,mint,/Users/fgtek002/TimeTrack/results/final/packs/05_disk_boundary/metrics/predictions/base__disk_ud__f0__h8__lightgbm__s0.npz,disk_lightgbm,True,substantial_degradation,accuracy_costly_coherence,42188268954.98278,0.0,8269,32,5000,0,30077674792.841354,31224514534.23181,4449179814.664111,34526854607.50546,6.760274038308801,5.7523963164953145,7.994427151573363,0.0,0.0,False,False,14650815263.099447,14577597595.301676,-0.004997514915240418,102555706841.69614,102043183167.11171,-0.004997514915240678,47559010789.91339,48343022437.34058,0.01648502848157369,3,4,27442020472.507664,32828774754.418667,0.0,6.0,24,0.05,True
disk_ud,disk_level,lightgbm,8,1,independent,bottom_up,/Users/fgtek002/TimeTrack/results/final/packs/05_disk_boundary/metrics/predictions/base__disk_ud__f1__h8__lightgbm__s0.npz,disk_lightgbm,True,substantial_degradation,accuracy_costly_coherence,27536612470.426746,0.0,8269,32,5000,0,25903645852.805355,28789120681.70569,18077746876.05507,43981392728.86042,1.4329023428863308,1.2788804371668785,1.6229887707645902,0.0,0.0,False,False,17807917789.97738,17807917789.97738,0.0,124655424529.84164,124655424529.84164,0.0,45876980225.38614,45876980225.38614,0.0,0,0,24903932567.983246,26946096004.72223,0.0,5.0,24,0.05,True
disk_ud,disk_level,lightgbm,8,1,independent,top_down,/Users/fgtek002/TimeTrack/results/final/packs/05_disk_boundary/metrics/predictions/base__disk_ud__f1__h8__lightgbm__s0.npz,disk_lightgbm,True,accuracy_neutral,accuracy_costly_coherence,27536612470.426746,9.26340804132906e-05,8269,32,5000,0,0.0,0.0,18077746876.05507,18077746876.05507,0.0,0.0,0.0,0.0,1.0,True,True,17807917789.97738,18506315801.899517,0.03921839825177143,124655424529.84164,129544210613.2966,0.03921839825177134,45876980225.38614,43223665505.66584,-0.05783542654039118,2,5,0.0,0.0,1.0,21.0,24,0.05,False
disk_ud,disk_level,lightgbm,8,1,independent,wls,/Users/fgtek002/TimeTrack/results/final/packs/05_disk_boundary/metrics/predictions/base__disk_ud__f1__h8__lightgbm__s0.npz,disk_lightgbm,True,substantial_degradation,accuracy_costly_coherence,27536612470.426746,0.0,8269,32,5000,0,2222271597.539588,3005090917.0706787,18077746876.05507,20300018473.594658,0.12292857139642242,0.11008684008570231,0.1382075159347094,0.0,0.0,False,False,17807917789.97738,17296713058.62631,-0.028706597670772365,124655424529.84164,121076991410.38416,-0.028706597670772337,45876980225.38614,44853042331.44593,-0.022319208651261878,3,4,1987675986.9485452,2456195186.8378367,0.0,4.0,24,0.05,True
disk_ud,disk_level,lightgbm,8,1,independent,mint,/Users/fgtek002/TimeTrack/results/final/packs/05_disk_boundary/metrics/predictions/base__disk_ud__f1__h8__lightgbm__s0.npz,disk_lightgbm,True,substantial_degradation,accuracy_costly_coherence,27536612470.426746,0.0,8269,32,5000,0,1700155285.6331162,2471517209.4157715,18077746876.05507,19777902161.688183,0.09404685756968208,0.08343944881369267,0.10642239149719816,0.0,0.0,False,False,17807917789.97738,17503667092.614727,-0.017085136002474677,124655424529.84164,122525669648.30307,-0.01708513600247477,45876980225.38614,45777282658.26026,-0.0021731501645504882,3,4,1485734172.533894,1913503784.3787763,0.0,3.0,24,0.05,True
disk_ud,disk_level,lightgbm,8,2,independent,bottom_up,/Users/fgtek002/TimeTrack/results/final/packs/05_disk_boundary/metrics/predictions/base__disk_ud__f2__h8__lightgbm__s0.npz,disk_lightgbm,True,substantial_degradation,accuracy_costly_coherence,63896977551.5175,0.0,8272,256,5000,0,62164001518.79715,61735561582.4917,4086783999.4021482,66250785518.19929,15.210982897038615,12.433158541882504,21.30586050771815,0.0,0.0,False,False,16088259043.249525,16088259043.249525,0.0,112617813302.74667,112617813302.74667,0.0,43888445096.070305,43888445096.070305,0.0,0,0,57926444738.747925,66334855988.46597,0.0,2.0,24,0.05,True
disk_ud,disk_level,lightgbm,8,2,independent,top_down,/Users/fgtek002/TimeTrack/results/final/packs/05_disk_boundary/metrics/predictions/base__disk_ud__f2__h8__lightgbm__s0.npz,disk_lightgbm,True,accuracy_neutral,accuracy_costly_coherence,63896977551.5175,6.885639242323501e-05,8272,256,5000,0,0.0,0.0,4086783999.4021482,4086783999.4021482,0.0,0.0,0.0,0.0,1.0,True,True,16088259043.249525,17386036551.894264,0.08066612460403376,112617813302.74667,121702255863.25983,0.08066612460403358,43888445096.070305,34935369783.13217,-0.2039961838096601,3,4,0.0,0.0,1.0,23.0,24,0.05,False
disk_ud,disk_level,lightgbm,8,2,independent,wls,/Users/fgtek002/TimeTrack/results/final/packs/05_disk_boundary/metrics/predictions/base__disk_ud__f2__h8__lightgbm__s0.npz,disk_lightgbm,True,substantial_degradation,accuracy_costly_coherence,63896977551.5175,0.0,8272,256,5000,0,14391344581.935266,15139972207.307068,4086783999.4021482,18478128581.337414,3.5214350902911833,2.8782016987724637,4.942919798234909,0.0,0.0,False,False,16088259043.249525,14752443519.831717,-0.08303045841236026,112617813302.74667,103267104638.82202,-0.08303045841236019,43888445096.070305,37226012787.15167,-0.15180379013963233,3,4,13067370229.0682,15624235643.944887,0.0,9.0,24,0.05,True
disk_ud,disk_level,lightgbm,8,2,independent,mint,/Users/fgtek002/TimeTrack/results/final/packs/05_disk_boundary/metrics/predictions/base__disk_ud__f2__h8__lightgbm__s0.npz,disk_lightgbm,True,substantial_degradation,accuracy_costly_coherence,63896977551.5175,0.0,8272,256,5000,0,21595665654.060104,22257478341.325073,4086783999.4021482,25682449653.462254,5.284268915905346,4.320061717708538,7.4236760905087245,0.0,0.0,False,False,16088259043.249525,18147055131.99772,0.12796885500249602,112617813302.74667,127029385923.98405,0.12796885500249625,43888445096.070305,52452157998.25294,0.19512454550251115,3,4,19808602321.005608,23286921518.725796,0.0,18.0,24,0.05,True
