hierarchy,fold,horizon,seed,reconciliation_method,base_model,source,top_mae_native,top_mae_report,top_rmse_report,top_r2,mase,mase_valid,coherence_error_before,coherence_error_after,is_coherent_after,recon_adjustment_l2,bottom_mae_mean_native,bottom_mae_weighted_native,worst_machine_mae_native,improved_machine_count,degraded_machine_count,neg_pred_rate,prediction_hash,model_config_hash,report_unit,rel_mae_vs_independent,pct_vs_independent,persistence_mae_native,ewma_mae_native,ridge_mae_native,lightgbm_mae_native,rel_mae_vs_persistence,rel_mae_vs_ewma,rel_mae_vs_ridge,rel_mae_vs_lightgbm
cpu_core_weighted,0,1,0,independent,dlinear,experiment-freeze-v2:cpu_dlinear,310.3574455560124,1.3150739218475103,3.1805553126953305,0.5260592368741082,1.1886719832370527,True,111.46417771966371,111.46417771966371,False,0.0,55.81443603589967,60.64272935444039,136.94271995473704,0,0,0.00020631318341242006,6dec6df8ab2af2b5,177793534259287c,weighted_mean_pct,1.0,0.0,335.22221582881184,335.52793643057095,315.4751253809486,261.83698941467105,0.9258260070522977,0.9249824287589032,0.9837778657865452,1.1853078751394424
cpu_core_weighted,0,1,0,bottom_up,dlinear,experiment-freeze-v2:cpu_dlinear,288.15814824157997,1.2210091027185592,3.1758867955872785,0.5274495454723489,1.1036484623160667,True,111.46417771966371,0.0,True,157.20730197536355,55.81443603589967,60.64272935444039,136.94271995473704,0,0,0.00020631318341242006,6dec6df8ab2af2b5,177793534259287c,weighted_mean_pct,0.928471839060726,-7.152816093927406,335.22221582881184,335.52793643057095,315.4751253809486,261.83698941467105,0.8596033754180955,0.8588201367286358,0.9134100442740697,1.1005249826838794
cpu_core_weighted,0,1,0,wls,dlinear,experiment-freeze-v2:cpu_dlinear,290.76639048779896,1.232060976643216,3.1610551923190977,0.5318529236858265,1.113638055051699,True,111.46417771966371,0.0,True,95.90497740575007,56.66278506363335,61.56004988154952,141.91261643309664,1,6,0.00020631318341242006,6dec6df8ab2af2b5,177793534259287c,weighted_mean_pct,0.9368758334986433,-6.312416650135666,335.22221582881184,335.52793643057095,315.4751253809486,261.83698941467105,0.8673840120318422,0.866593683915097,0.9216777079862861,1.110486303473771
cpu_core_weighted,0,1,0,mint,dlinear,experiment-freeze-v2:cpu_dlinear,288.92093487197803,1.224241249457534,3.1636350836621467,0.5310884565219351,1.1065699424020934,True,111.46417771966371,0.0,True,116.3236531996038,56.1447892643031,61.006610544579885,138.6956896356088,1,6,0.00020631318341242006,6dec6df8ab2af2b5,177793534259287c,weighted_mean_pct,0.9309296071643122,-6.907039283568784,335.22221582881184,335.52793643057095,315.4751253809486,261.83698941467105,0.8618788410476992,0.8610935290384172,0.9158279421336141,1.1034381945723266
cpu_core_weighted,0,1,1,independent,dlinear,robustness_extension,312.74972007357223,1.3252106782778486,3.1837019379588463,0.5251210034310023,1.1978344175074498,True,111.7871754317808,111.7871754317808,False,0.0,55.60767337300563,60.42008970920155,136.83717015172894,0,0,0.00020631318341242006,25ad98ead85cf2e7,177793534259287c,weighted_mean_pct,1.0,0.0,335.22221582881184,335.52793643057095,315.4751253809486,261.83698941467105,0.9329623912315058,0.9321123105297311,0.9913609502362972,1.1944443784383372
cpu_core_weighted,0,1,1,bottom_up,dlinear,robustness_extension,287.9474683135467,1.2201163911590962,3.1730660617346538,0.5282885849031037,1.1028415561777756,True,111.7871754317808,0.0,True,158.50083945170493,55.60767337300563,60.42008970920155,136.83717015172894,0,0,0.0004126263668248401,25ad98ead85cf2e7,177793534259287c,weighted_mean_pct,0.9206961663972363,-7.930383360276371,335.22221582881184,335.52793643057095,315.4751253809486,261.83698941467105,0.8589748969996459,0.8581922309563937,0.9127422263984802,1.0997203602029066
cpu_core_weighted,0,1,1,wls,dlinear,robustness_extension,291.4301493275064,1.2348735140996034,3.160305880627163,0.5320748410395222,1.116180257752758,True,111.7871754317808,0.0,True,97.28275945490286,56.535358649646604,61.42383448306859,142.32341207792476,1,6,0.00020631318341242006,25ad98ead85cf2e7,177793534259287c,weighted_mean_pct,0.9318318470723154,-6.816815292768464,335.22221582881184,335.52793643057095,315.4751253809486,261.83698941467105,0.8693640682702581,0.8685719359997629,0.9237817053740546,1.1130213113853393
cpu_core_weighted,0,1,1,mint,dlinear,robustness_extension,289.1179405700636,1.2250760193646761,3.1625624403560555,0.5314063753381917,1.1073244761089707,True,111.7871754317808,0.0,True,119.98285160295707,55.928101638596466,60.77519413166257,138.53055229667652,1,6,0.00020631318341242006,25ad98ead85cf2e7,177793534259287c,weighted_mean_pct,0.9244386869540621,-7.556131304593794,335.22221582881184,335.52793643057095,315.4751253809486,261.83698941467105,0.8624665279275752,0.8616806804398216,0.9164524151339739,1.1041905928431972
cpu_core_weighted,0,1,2,independent,dlinear,robustness_extension,316.5820837892716,1.3414495075816595,3.2362772258605963,0.5093073055962574,1.2125124071727693,True,110.32141607195008,110.32141607195008,False,0.0,56.42434141818868,61.29413551775734,136.2124434806469,0,0,0.0,4f08e535db27c91d,177793534259287c,weighted_mean_pct,1.0,0.0,335.22221582881184,335.52793643057095,315.4751253809486,261.83698941467105,0.9443946995175905,0.9435342021208428,1.0035088611407519,1.2090808273383438
cpu_core_weighted,0,1,2,bottom_up,dlinear,robustness_extension,293.7510537790743,1.2447078549960775,3.2488868329409453,0.5054760539438464,1.1250693439881678,True,110.32141607195008,0.0,True,153.73472539956697,56.42434141818868,61.29413551775734,136.2124434806469,0,0,0.0,4f08e535db27c91d,177793534259287c,weighted_mean_pct,0.9278827477002948,-7.211725229970522,335.22221582881184,335.52793643057095,315.4751253809486,261.83698941467105,0.8762875487019761,0.875489108013093,0.9311385594168744,1.1218852402624482
cpu_core_weighted,0,1,2,wls,dlinear,robustness_extension,296.605714173314,1.2568038736157374,3.22853733547258,0.5116515832093416,1.136002720586271,True,110.32141607195008,0.0,True,94.67147062097118,57.14121995211715,62.06877615802795,141.26891211753716,2,5,0.0,4f08e535db27c91d,177793534259287c,weighted_mean_pct,0.9368998732434443,-6.3100126756555746,335.22221582881184,335.52793643057095,315.4751253809486,261.83698941467105,0.8848032742698111,0.8839970743678719,0.9401873248014434,1.132787673874373
cpu_core_weighted,0,1,2,mint,dlinear,robustness_extension,294.6767335809304,1.2486302270378407,3.233229873113633,0.5102309654777022,1.128614706478001,True,110.32141607195008,0.0,True,114.52047126792098,56.674815054471146,61.56955718031737,138.2041726529273,2,5,0.0,4f08e535db27c91d,177793534259287c,weighted_mean_pct,0.9308067280809161,-6.919327191908387,335.22221582881184,335.52793643057095,315.4751253809486,261.83698941467105,0.8790489402749284,0.8782479835085395,0.9340727996386297,1.1254205688801708
cpu_core_weighted,0,8,0,independent,dlinear,experiment-freeze-v2:cpu_dlinear,306.07803005117887,1.2969408053016054,3.152303947840108,0.5057401206525882,1.1714706027837543,True,96.52036216500535,96.52036216500535,False,0.0,55.172625905422706,59.95176709609389,133.75795077274265,0,0,0.0,1d8d2a9e62bb8d7b,177793534259287c,weighted_mean_pct,1.0,0.0,328.197531965878,328.45678663782206,308.1622967950762,257.1867695524892,0.9326030827160552,0.9318669685113875,0.9932364641438166,1.1901002162115943
cpu_core_weighted,0,8,0,bottom_up,dlinear,experiment-freeze-v2:cpu_dlinear,284.17531671005,1.2041326979239408,3.1162336555128167,0.5169865610121374,1.0876410486140489,True,96.52036216500535,0.0,True,133.2708683481365,55.172625905422706,59.95176709609389,133.75795077274265,0,0,0.0,1d8d2a9e62bb8d7b,177793534259287c,weighted_mean_pct,0.9284407530410904,-7.155924695890958,328.197531965878,328.45678663782206,308.1622967950762,257.1867695524892,0.8658667084053366,0.8651832699788308,0.9221612107175551,1.1049375409338573
cpu_core_weighted,0,8,0,wls,dlinear,experiment-freeze-v2:cpu_dlinear,288.29313295505364,1.2215810718434477,3.1184736556891934,0.51629191537898,1.1034014110218981,True,96.52036216500535,0.0,True,79.9156503690443,56.07955320961572,60.92743541831462,138.784134385879,2,5,0.0,1d8d2a9e62bb8d7b,177793534259287c,weighted_mean_pct,0.9418942382334614,-5.810576176653859,328.197531965878,328.45678663782206,308.1622967950762,257.1867695524892,0.8784134701690166,0.8777201284409584,0.9355237027804368,1.1209485365700975
cpu_core_weighted,0,8,0,mint,dlinear,experiment-freeze-v2:cpu_dlinear,285.44789096153676,1.209524961701427,3.115379769145147,0.5172512279979385,1.0925116475434362,True,96.52036216500535,0.0,True,104.96362040218828,55.43338834947529,60.23851523356477,135.02363323391438,3,4,0.0,1d8d2a9e62bb8d7b,177793534259287c,weighted_mean_pct,0.932598432216149,-6.7401567783850975,328.197531965878,328.45678663782206,308.1622967950762,257.1867695524892,0.8697441728209405,0.8690576738677355,0.9262907692804346,1.1098855958190328
cpu_core_weighted,0,8,1,independent,dlinear,robustness_extension,307.5298870240003,1.3030927416271199,3.134729522161022,0.5112358596727593,1.177027381108623,True,99.68604404631927,99.68604404631927,False,0.0,55.66872585418254,60.48259847225762,136.6946492369961,0,0,0.0,b0b652f3d23b6eb1,177793534259287c,weighted_mean_pct,1.0,0.0,328.197531965878,328.45678663782206,308.1622967950762,257.1867695524892,0.9370268118164079,0.9362872059121216,0.9979478029023893,1.19574536263708
cpu_core_weighted,0,8,1,bottom_up,dlinear,robustness_extension,289.90007425427405,1.228390145145229,3.1214400371040045,0.5153712437478313,1.109551752789718,True,99.68604404631927,0.0,True,136.95262940876054,55.66872585418254,60.48259847225762,136.6946492369961,0,0,0.00023282887077997672,b0b652f3d23b6eb1,177793534259287c,weighted_mean_pct,0.9426728473764555,-5.732715262354448,328.197531965878,328.45678663782206,308.1622967950762,257.1867695524892,0.8833097327630555,0.8826125263593254,0.9407382968950732,1.1271966857342886
cpu_core_weighted,0,8,1,wls,dlinear,robustness_extension,291.7706187849698,1.236316181292245,3.113806055942356,0.517738819426067,1.116710998843875,True,99.68604404631927,0.0,True,82.48679881568877,56.16184123885661,61.013477512074395,139.80397888679278,2,5,0.0,b0b652f3d23b6eb1,177793534259287c,weighted_mean_pct,0.9487553278429794,-5.124467215702055,328.197531965878,328.45678663782206,308.1622967950762,257.1867695524892,0.8890091800425379,0.8883074750003421,0.9468082949128374,1.1344697835454651
cpu_core_weighted,0,8,1,mint,dlinear,robustness_extension,289.9825841802501,1.228739763475636,3.115344326229282,0.5172622121655519,1.1098675479243858,True,99.68604404631927,0.0,True,108.66467810589906,55.681135839672926,60.50075209261986,136.91106962757232,3,4,0.0,b0b652f3d23b6eb1,177793534259287c,weighted_mean_pct,0.9429411462620517,-5.705885373794828,328.197531965878,328.45678663782206,308.1622967950762,257.1867695524892,0.8835611360124396,0.8828637311732697,0.9410060451784751,1.127517502882541
cpu_core_weighted,0,8,2,independent,dlinear,robustness_extension,315.1904535860228,1.3355527694323,3.2335514192125085,0.4799336794138417,1.2063471219818147,True,103.20025888587323,103.20025888587323,False,0.0,57.17750618315116,62.09041862853248,137.81756210736833,0,0,0.0,0d1cc5ce8d5d8b97,177793534259287c,weighted_mean_pct,1.0,0.0,328.197531965878,328.45678663782206,308.1622967950762,257.1867695524892,0.9603681407902619,0.9596101113099313,1.0228066731850074,1.2255313682521902
cpu_core_weighted,0,8,2,bottom_up,dlinear,robustness_extension,298.565957935266,1.2651099912511272,3.273662212108703,0.46695126408151066,1.1427192035137315,True,103.20025888587323,0.0,True,147.90504892150267,57.17750618315116,62.09041862853248,137.81756210736833,0,0,0.0,0d1cc5ce8d5d8b97,177793534259287c,weighted_mean_pct,0.9472557132945666,-5.27442867054334,328.197531965878,328.45678663782206,308.1622967950762,257.1867695524892,0.9097142082296562,0.9089961604735675,0.9688594647703069,1.1608915903985946
cpu_core_weighted,0,8,2,wls,dlinear,robustness_extension,300.1097735506863,1.2716515828418913,3.2432295492209278,0.476815867952721,1.1486279406069524,True,103.20025888587323,0.0,True,88.89226938097394,57.4833011741679,62.42709921455231,140.146293910797,3,4,0.0,0d1cc5ce8d5d8b97,177793534259287c,weighted_mean_pct,0.9521537538216697,-4.784624617833034,328.197531965878,328.45678663782206,308.1622967950762,257.1867695524892,0.9144181303041855,0.9136963696889813,0.9738692133069585,1.1668942927075299
cpu_core_weighted,0,8,2,mint,dlinear,robustness_extension,298.5722320602464,1.2651365765264677,3.251732779358982,0.47406886101128376,1.1427432168444873,True,103.20025888587323,0.0,True,109.55950558718023,57.153247477555325,62.07592484528803,138.0909556117892,5,2,0.0,0d1cc5ce8d5d8b97,177793534259287c,weighted_mean_pct,0.9472756191162975,-5.2724380883702455,328.197531965878,328.45678663782206,308.1622967950762,257.1867695524892,0.9097333251466629,0.9090152623013744,0.9688798245776086,1.1609159856075366
cpu_core_weighted,0,16,0,independent,dlinear,experiment-freeze-v2:cpu_dlinear,309.2931656481148,1.3105642612208253,3.1513460215640343,0.5209912136529121,1.1830814320091074,True,116.57592199027869,116.57592199027869,False,0.0,55.527314152883356,60.31414542775173,136.6292780404872,0,0,0.0002697599136768276,f095287d861f612a,177793534259287c,weighted_mean_pct,1.0,0.0,331.82240938623585,331.5725613145136,314.0604074649231,263.6458182680166,0.9321045140387206,0.932806877691952,0.9848206214362096,1.173138901576258
cpu_core_weighted,0,16,0,bottom_up,dlinear,experiment-freeze-v2:cpu_dlinear,287.88412833857745,1.2198480014346502,3.166677461181506,0.5163190777331228,1.1011894365457469,True,116.57592199027869,0.0,True,166.4406039752102,55.527314152883356,60.31414542775173,136.6292780404872,0,0,0.0,f095287d861f612a,177793534259287c,weighted_mean_pct,0.9307807617905965,-6.9219238209403455,331.82240938623585,331.5725613145136,314.0604074649231,263.6458182680166,0.8675849496454142,0.868238696221623,0.9166520882474839,1.0919351204953331
cpu_core_weighted,0,16,0,wls,dlinear,experiment-freeze-v2:cpu_dlinear,290.5477187705508,1.2311344015701304,3.141199498159731,0.5240708179950866,1.1113779719954113,True,116.57592199027869,0.0,True,97.58717438727555,56.445382518152655,61.304417189942804,142.97641839926817,3,4,0.0002697599136768276,f095287d861f612a,177793534259287c,weighted_mean_pct,0.9393926249929142,-6.06073750070858,331.82240938623585,331.5725613145136,314.0604074649231,263.6458182680166,0.8756121062105784,0.876271901446487,0.9251332287181139,1.102038032233025
cpu_core_weighted,0,16,0,mint,dlinear,experiment-freeze-v2:cpu_dlinear,288.4346731538449,1.2221808184484955,3.1466518562938273,0.5224171895404919,1.103295332895144,True,116.57592199027869,0.0,True,120.34460960268505,55.82154287839304,60.637895709781276,138.86013243360924,3,4,0.0002697599136768276,f095287d861f612a,177793534259287c,weighted_mean_pct,0.9325607714268064,-6.743922857319362,331.82240938623585,331.5725613145136,314.0604074649231,263.6458182680166,0.8692441046623578,0.8698991014526374,0.9184050784435784,1.0940233190447515
cpu_core_weighted,0,16,1,independent,dlinear,robustness_extension,311.96902692821976,1.3219026564755074,3.1455706099469265,0.5227453452902772,1.1933169048443721,True,119.10457628405712,119.10457628405712,False,0.0,55.56218736013262,60.357330392314324,136.74669786778182,0,0,0.0002697599136768276,9fcfdc21185d8487,177793534259287c,weighted_mean_pct,1.0,0.0,331.82240938623585,331.5725613145136,314.0604074649231,263.6458182680166,0.9401686507709397,0.9408770909493355,0.9933408335244011,1.1832883562411705
cpu_core_weighted,0,16,1,bottom_up,dlinear,robustness_extension,288.29303696583105,1.2215806651094536,3.1439935362967537,0.5232237812589356,1.1027535584146486,True,119.10457628405712,0.0,True,168.4112801285478,55.56218736013262,60.357330392314324,136.74669786778182,0,0,0.0005395198273536552,9fcfdc21185d8487,177793534259287c,weighted_mean_pct,0.9241078827744131,-7.589211722558686,331.82240938623585,331.5725613145136,314.0604074649231,263.6458182680166,0.8688172613148097,0.8694719364681395,0.917954094541605,1.0934860975976437
cpu_core_weighted,0,16,1,wls,dlinear,robustness_extension,291.46569122897836,1.235024115377027,3.125013023566536,0.5289630684914833,1.114889320745668,True,119.10457628405712,0.0,True,99.62421424723624,56.489024025120976,61.35635037352417,143.4339311909351,2,5,0.0002697599136768276,9fcfdc21185d8487,177793534259287c,weighted_mean_pct,0.934277656018849,-6.5722343981150955,331.82240938623585,331.5725613145136,314.0604074649231,263.6458182680166,0.8783785633046775,0.8790404431339787,0.9280561455729872,1.1055198718633976
cpu_core_weighted,0,16,1,mint,dlinear,robustness_extension,289.0127674347396,1.2246303704861847,3.12937036923575,0.5276485769076018,1.1055066090746353,True,119.10457628405712,0.0,True,127.17015630292462,55.73939495780387,60.5555225829207,138.44504612199154,2,5,0.0002697599136768276,9fcfdc21185d8487,177793534259287c,weighted_mean_pct,0.9264149402281461,-7.358505977185392,331.82240938623585,331.5725613145136,314.0604074649231,263.6458182680166,0.8709862844083368,0.8716425939738606,0.9202457889156848,1.0962160118198252
cpu_core_weighted,0,16,2,independent,dlinear,robustness_extension,313.13619809782153,1.3268482970246676,3.206950522610338,0.5039381653145067,1.1977814669236495,True,120.3560676120714,120.3560676120714,False,0.0,56.90156221570789,61.79346611745695,140.04153753528388,0,0,0.0002697599136768276,ebd0396e26d0fe9b,177793534259287c,weighted_mean_pct,1.0,0.0,331.82240938623585,331.5725613145136,314.0604074649231,263.6458182680166,0.9436861081113305,0.9443971987802566,0.9970572241991222,1.1877153984649742
cpu_core_weighted,0,16,2,bottom_up,dlinear,robustness_extension,298.6632399125921,1.265522203019458,3.2921036477453622,0.4772448790401834,1.142420760652274,True,120.3560676120714,0.0,True,178.8842415833542,56.90156221570789,61.79346611745695,140.04153753528388,0,0,0.0,ebd0396e26d0fe9b,177793534259287c,weighted_mean_pct,0.9537806287706533,-4.621937122934671,331.82240938623585,331.5725613145136,314.0604074649231,263.6458182680166,0.9000695295565555,0.9007477540618768,0.9509738662169611,1.1328199395485101
cpu_core_weighted,0,16,2,wls,dlinear,robustness_extension,298.67706348773856,1.2655807774904178,3.235798982088823,0.4949732711104242,1.142473637394783,True,120.3560676120714,0.0,True,105.08583739726458,57.13652001956065,62.055669822884965,143.57871987360255,3,4,0.0,ebd0396e26d0fe9b,177793534259287c,weighted_mean_pct,0.9538247743380788,-4.617522566192123,331.82240938623585,331.5725613145136,314.0604074649231,263.6458182680166,0.9001111891152697,0.900789445012092,0.951017881873879,1.1328723719187153
cpu_core_weighted,0,16,2,mint,dlinear,robustness_extension,297.7549694799136,1.2616735994911592,3.246670161562447,0.4915741360600201,1.1389465232507034,True,120.3560676120714,0.0,True,122.81973953681346,56.76541054685504,61.65948167319192,141.02823895394206,3,4,0.0,ebd0396e26d0fe9b,177793534259287c,weighted_mean_pct,0.9508800684451596,-4.911993155484041,331.82240938623585,331.5725613145136,314.0604074649231,263.6458182680166,0.8973323110716482,0.8980084730155874,0.9480818415902023,1.1293748993857446
cpu_core_weighted,1,1,0,independent,dlinear,experiment-freeze-v2:cpu_dlinear,244.81006573095843,1.0373307869955866,2.387756279802596,0.5053796795815294,0.8841149280297714,True,110.22891972876208,110.22891972876208,False,0.0,43.6484014118106,47.69683711876817,90.77107186402493,0,0,0.0005702337958563011,e9c97e9e034347ba,177793534259287c,weighted_mean_pct,1.0,0.0,258.5864403621402,256.62658002027604,245.11569310811487,199.6147197052011,0.9467242960926779,0.9539544411635615,0.9987531301105979,1.226412892258164
cpu_core_weighted,1,1,0,bottom_up,dlinear,experiment-freeze-v2:cpu_dlinear,215.87112332157108,0.914708149667674,2.310183265904675,0.5369959073469462,0.7796039026798129,True,110.22891972876208,0.0,True,157.51190760903373,43.6484014118106,47.69683711876817,90.77107186402493,0,0,0.00038015586390420075,e9c97e9e034347ba,177793534259287c,weighted_mean_pct,0.8817902265457063,-11.820977345429373,258.5864403621402,256.62658002027604,245.11569310811487,199.6147197052011,0.8348122315278869,0.8411877027878996,0.8806907488634573,1.0814389021029014
cpu_core_weighted,1,1,0,wls,dlinear,experiment-freeze-v2:cpu_dlinear,220.8695678040258,0.9358879991696009,2.3173130681367233,0.5341336048500269,0.7976554454980028,True,110.22891972876208,0.0,True,97.99047026738843,44.85351793337134,48.98478166339315,95.87413060819071,0,7,0.00038015586390420075,e9c97e9e034347ba,177793534259287c,weighted_mean_pct,0.9022078693723207,-9.779213062767933,258.5864403621402,256.62658002027604,245.11569310811487,199.6147197052011,0.8541421100607851,0.8606652038404398,0.9010829335460188,1.1064793624949838
cpu_core_weighted,1,1,0,mint,dlinear,experiment-freeze-v2:cpu_dlinear,220.46321933606842,0.9341661836274086,2.316351896108156,0.5345199875877711,0.7961879455999473,True,110.22891972876208,0.0,True,100.82341599272455,44.761455993576604,48.8861144867668,94.83784072964126,0,7,0.00038015586390420075,e9c97e9e034347ba,177793534259287c,weighted_mean_pct,0.9005480174101717,-9.945198258982835,258.5864403621402,256.62658002027604,245.11569310811487,199.6147197052011,0.8525706878803014,0.8590817806894736,0.8994251512033021,1.1044436986493642
cpu_core_weighted,1,1,1,independent,dlinear,robustness_extension,242.64833231768654,1.0281708996512142,2.382863543245924,0.50740464962749,0.8763079746049282,True,106.07289348706479,106.07289348706479,False,0.0,43.65406261248647,47.708706316527895,90.94597816433998,0,0,0.0005702337958563011,d5d303858a807e26,177793534259287c,weighted_mean_pct,1.0,0.0,258.5864403621402,256.62658002027604,245.11569310811487,199.6147197052011,0.9383644864667576,0.9455307875689062,0.9899338930154096,1.2155833631710085
cpu_core_weighted,1,1,1,bottom_up,dlinear,robustness_extension,216.45577748533304,0.9171854978192078,2.3097240984512935,0.537179940610147,0.7817153414900324,True,106.07289348706479,0.0,True,151.32713749450252,43.65406261248647,47.708706316527895,90.94597816433998,0,0,0.00038015586390420075,d5d303858a807e26,177793534259287c,weighted_mean_pct,0.8920554920688225,-10.794450793117749,258.5864403621402,256.62658002027604,245.11569310811487,199.6147197052011,0.8370731937150114,0.843465931971002,0.8830759660494663,1.0843678151841882
cpu_core_weighted,1,1,1,wls,dlinear,robustness_extension,220.7997104040726,0.9355919932375958,2.3169321625284187,0.5342867447437368,0.79740316024189,True,106.07289348706479,0.0,True,93.94848838706406,44.80844959398108,48.941898906636936,95.52235898262242,0,7,0.00038015586390420075,d5d303858a807e26,177793534259287c,weighted_mean_pct,0.909957667110571,-9.004233288942897,258.5864403621402,256.62658002027604,245.11569310811487,199.6147197052011,0.8538719590046998,0.8603929896374228,0.9007979358819876,1.1061294013295129
cpu_core_weighted,1,1,1,mint,dlinear,robustness_extension,220.4969636523941,0.9343091680186191,2.316193025586836,0.5345838367087423,0.7963098109068767,True,106.07289348706479,0.0,True,96.12648979003765,44.74651950885033,48.87569225591927,94.57409384825226,0,7,0.00019007793195210037,d5d303858a807e26,177793534259287c,weighted_mean_pct,0.9087099900761286,-9.129000992387137,258.5864403621402,256.62658002027604,245.11569310811487,199.6147197052011,0.8527011831849989,0.8592132725884148,0.8995628180980562,1.1046127458838342
cpu_core_weighted,1,1,2,independent,dlinear,robustness_extension,243.01432729285253,1.0297217258171718,2.3851392546350154,0.5064633115050505,0.8776297406040589,True,110.57446269932987,110.57446269932987,False,0.0,44.2859526387449,48.384861766559794,91.8932955445751,0,0,0.0005702337958563011,ddd24d05bb03257f,177793534259287c,weighted_mean_pct,1.0,0.0,258.5864403621402,256.62658002027604,245.11569310811487,199.6147197052011,0.9397798544754337,0.946956964760439,0.9914270449655156,1.2174168701173222
cpu_core_weighted,1,1,2,bottom_up,dlinear,robustness_extension,218.9948482021104,0.9279442720428407,2.3179843609243562,0.5338636559575007,0.7908850229625791,True,110.57446269932987,0.0,True,157.02510867035804,44.2859526387449,48.384861766559794,91.8932955445751,0,0,0.00038015586390420075,ddd24d05bb03257f,177793534259287c,weighted_mean_pct,0.9011602346317769,-9.883976536822313,258.5864403621402,256.62658002027604,245.11569310811487,199.6147197052011,0.846892234161299,0.8533599605497125,0.8934346284614133,1.0970876723196097
cpu_core_weighted,1,1,2,wls,dlinear,robustness_extension,222.0688004227875,0.9409694933168962,2.3213388514725706,0.5325135334879633,0.801986392664173,True,110.57446269932987,0.0,True,97.47153217457011,44.98996805143879,49.137135839737866,95.90278118544236,0,7,0.00019007793195210037,ddd24d05bb03257f,177793534259287c,weighted_mean_pct,0.9138094979691304,-8.619050203086964,258.5864403621402,256.62658002027604,245.11569310811487,199.6147197052011,0.8587797570196984,0.8653382685661082,0.9059754502329562,1.1124870989010602
cpu_core_weighted,1,1,2,mint,dlinear,robustness_extension,221.94120951031718,0.9404288538572761,2.321024466621897,0.5326401506861089,0.8015256067481238,True,110.57446269932987,0.0,True,98.58514651667961,44.94154753509357,49.085245847496736,95.07568844672132,0,7,0.00019007793195210037,ddd24d05bb03257f,177793534259287c,weighted_mean_pct,0.9132844634417769,-8.671553655822306,258.5864403621402,256.62658002027604,245.11569310811487,199.6147197052011,0.8582863401479877,0.8648410834636913,0.9054549168029974,1.1118479130100662
cpu_core_weighted,1,8,0,independent,dlinear,experiment-freeze-v2:cpu_dlinear,243.9535971298482,1.033701682753594,2.4358387320419563,0.50674600220173,0.8808433197400733,True,97.31203887243763,97.31203887243763,False,0.0,44.04741271906414,48.125743036966185,90.49144411744173,0,0,0.0002092925910422771,429547c9b68a81fd,177793534259287c,weighted_mean_pct,1.0,0.0,262.57198527389465,260.7017247413789,248.29780331202304,203.41532062603233,0.9290922520747017,0.9357575112778975,0.9825040490724128,1.1992882167334054
cpu_core_weighted,1,8,0,bottom_up,dlinear,experiment-freeze-v2:cpu_dlinear,220.94272894643706,0.9361980040103265,2.378685832956435,0.5296212191704022,0.7977579717097731,True,97.31203887243763,0.0,True,142.6611590460666,44.04741271906414,48.125743036966185,90.49144411744173,0,0,0.0002092925910422771,429547c9b68a81fd,177793534259287c,weighted_mean_pct,0.9056752249028603,-9.432477509713966,262.57198527389465,260.7017247413789,248.29780331202304,203.41532062603233,0.8414558343532605,0.8474923944811508,0.8898295756116285,1.0861656254133774
cpu_core_weighted,1,8,0,wls,dlinear,experiment-freeze-v2:cpu_dlinear,225.4138169443621,0.9551432921371276,2.3825807134479544,0.528079553571274,0.8139017303641949,True,97.31203887243763,0.0,True,88.39347565430575,45.2778973843489,49.44069851060625,94.8836815420445,0,7,0.0002092925910422771,429547c9b68a81fd,177793534259287c,weighted_mean_pct,0.9240028415091662,-7.599715849083378,262.57198527389465,260.7017247413789,248.29780331202304,203.41532062603233,0.8584838809411749,0.864642599384323,0.9078365331371707,1.1081457200501272
cpu_core_weighted,1,8,0,mint,dlinear,experiment-freeze-v2:cpu_dlinear,225.07423767912587,0.9537043969454486,2.3819035771421295,0.5283477577557403,0.8126756114185235,True,97.31203887243763,0.0,True,90.93282296209073,45.233240557189994,49.39273724486547,95.41837549758895,1,6,0.0002092925910422771,429547c9b68a81fd,177793534259287c,weighted_mean_pct,0.9226108584876759,-7.738914151232413,262.57198527389465,260.7017247413789,248.29780331202304,203.41532062603233,0.8571906003008887,0.8633400408163922,0.9064689041823165,1.1064763312145611
cpu_core_weighted,1,8,1,independent,dlinear,robustness_extension,244.75094393649138,1.0370802709173363,2.433211079556984,0.5078096202436662,0.8837223000724433,True,103.34228558759762,103.34228558759762,False,0.0,44.70355146502884,48.83430500043514,95.77372526524081,0,0,0.0002092925910422771,42b928d49b791437,177793534259287c,weighted_mean_pct,1.0,0.0,262.57198527389465,260.7017247413789,248.29780331202304,203.41532062603233,0.9321289309717724,0.9388159751504868,0.985715301028763,1.2032080139452834
cpu_core_weighted,1,8,1,bottom_up,dlinear,robustness_extension,221.8689985740638,0.9401228753138297,2.377926550416213,0.5299214634388736,0.8011024537070558,True,103.34228558759762,0.0,True,145.47642472286418,44.70355146502884,48.83430500043514,95.77372526524081,0,0,0.0004185851820845542,42b928d49b791437,177793534259287c,weighted_mean_pct,0.9065092661364156,-9.349073386358441,262.57198527389465,260.7017247413789,248.29780331202304,203.41532062603233,0.844983513159743,0.851045380670811,0.8935600541550199,1.090719213730993
cpu_core_weighted,1,8,1,wls,dlinear,robustness_extension,225.19290660530032,0.9542072313783913,2.3803490000756735,0.5289632154879244,0.8131040893426504,True,103.34228558759762,0.0,True,90.21443953851006,45.474254578284864,49.65821535082855,96.86401201744789,0,7,0.0002092925910422771,42b928d49b791437,177793534259287c,weighted_mean_pct,0.9200900433043232,-7.990995669567679,262.57198527389465,260.7017247413789,248.29780331202304,203.41532062603233,0.8576425484630305,0.8637952312310017,0.9069468340092885,1.1070597136550244
cpu_core_weighted,1,8,1,mint,dlinear,robustness_extension,225.03528826235143,0.953539357043862,2.380023579365618,0.5290919988276492,0.8125349767487454,True,103.34228558759762,0.0,True,91.53042139807958,45.43127271992133,49.61224522963816,97.12828162339667,1,6,0.0002092925910422771,42b928d49b791437,177793534259287c,weighted_mean_pct,0.9194460484726228,-8.05539515273772,262.57198527389465,260.7017247413789,248.29780331202304,203.41532062603233,0.8570422622490063,0.863190638595087,0.9063120384498979,1.1062848539125831
cpu_core_weighted,1,8,2,independent,dlinear,robustness_extension,245.29954034929168,1.039404831988524,2.445086512271768,0.5029935669555168,0.8857031172898722,True,94.89751128289468,94.89751128289468,False,0.0,44.44812397330141,48.55344789928962,93.71113273609485,0,0,0.0002092925910422771,c4cf79dd7bb47054,177793534259287c,weighted_mean_pct,1.0,0.0,262.57198527389465,260.7017247413789,248.29780331202304,203.41532062603233,0.9342182491152446,0.9409202819530003,0.9879247302121171,1.2059049416452812
cpu_core_weighted,1,8,2,bottom_up,dlinear,robustness_extension,220.63034228846428,0.9348743317307808,2.378769049865279,0.5295883067510406,0.7966300371185697,True,94.89751128289468,0.0,True,139.25811385786054,44.44812397330141,48.55344789928962,93.71113273609485,0,0,0.0004185851820845542,c4cf79dd7bb47054,177793534259287c,weighted_mean_pct,0.8994323510525134,-10.05676489474866,262.57198527389465,260.7017247413789,248.29780331202304,203.41532062603233,0.8402661161978872,0.8462941413499807,0.8885714627576045,1.0846299168098592
cpu_core_weighted,1,8,2,wls,dlinear,robustness_extension,225.84243728526505,0.9569594800223096,2.386987107664373,0.5263323805003233,0.8154493499460783,True,94.89751128289468,0.0,True,86.55574868459202,45.500611097043596,49.67873676190042,97.0309549553075,0,7,0.0002092925910422771,c4cf79dd7bb47054,177793534259287c,weighted_mean_pct,0.9206802302347534,-7.931976976524657,262.57198527389465,260.7017247413789,248.29780331202304,203.41532062603233,0.8601162726849317,0.8662867018210374,0.9095627680662987,1.1102528393152045
cpu_core_weighted,1,8,2,mint,dlinear,robustness_extension,225.43607361382146,0.9552376000585655,2.386003740071618,0.52672257401212,0.8139820925266863,True,94.89751128289468,0.0,True,89.42130025090135,45.42797909427878,49.60076827801625,97.36197441352184,1,6,0.0002092925910422771,c4cf79dd7bb47054,177793534259287c,weighted_mean_pct,0.9190236283884354,-8.097637161156456,262.57198527389465,260.7017247413789,248.29780331202304,203.41532062603233,0.8585686450085834,0.864727971544716,0.9079261701342061,1.1082551349623908
cpu_core_weighted,1,16,0,independent,dlinear,experiment-freeze-v2:cpu_dlinear,244.70470965909868,1.0368843629622826,2.4152226981317075,0.5160574294707221,0.8861371971806498,True,104.45388158119103,104.45388158119103,False,0.0,44.26654340396202,48.373723488077076,92.90378698824634,0,0,0.000463284688441047,bf49142e67b57d6b,177793534259287c,weighted_mean_pct,1.0,0.0,262.3406169270242,260.986621336821,247.1723245770978,204.1046260442876,0.9327747739770265,0.9376139987777021,0.9900166213097639,1.1989179980957485
cpu_core_weighted,1,16,0,bottom_up,dlinear,experiment-freeze-v2:cpu_dlinear,219.28582870155822,0.9291772402608399,2.342867294068601,0.5446190660539312,0.794089046744302,True,104.45388158119103,0.0,True,146.26700007386518,44.26654340396202,48.373723488077076,92.90378698824634,0,0,0.0002316423442205235,bf49142e67b57d6b,177793534259287c,weighted_mean_pct,0.8961242675183823,-10.387573248161775,262.3406169270242,260.986621336821,247.1723245770978,204.1046260442876,0.8358821110897875,0.8402186578696498,0.8871779196022358,1.074379512858158
cpu_core_weighted,1,16,0,wls,dlinear,experiment-freeze-v2:cpu_dlinear,223.47017320151866,0.9469075135657571,2.3514242352181536,0.5412865821060961,0.8092416088359706,True,104.45388158119103,0.0,True,90.77621090498711,45.28738586108748,49.46434702509104,95.50988149002883,0,7,0.000463284688441047,bf49142e67b57d6b,177793534259287c,weighted_mean_pct,0.9132238341993412,-8.677616580065884,262.3406169270242,260.986621336821,247.1723245770978,204.1046260442876,0.851832155535724,0.8562514509627496,0.9041067748335797,1.094880491111598
cpu_core_weighted,1,16,0,mint,dlinear,experiment-freeze-v2:cpu_dlinear,222.91187586701875,0.9445418468941472,2.3499027292555463,0.5418800176827208,0.8072198740035009,True,104.45388158119103,0.0,True,95.13259534108049,45.13586691768218,49.30245689907358,95.78830442284966,0,7,0.000463284688441047,bf49142e67b57d6b,177793534259287c,weighted_mean_pct,0.9109423197353258,-8.90576802646742,262.3406169270242,260.986621336821,247.1723245770978,204.1046260442876,0.8497040163972267,0.854112271062875,0.9018480375924459,1.0921451423577742
cpu_core_weighted,1,16,1,independent,dlinear,robustness_extension,244.18648099606082,1.034688478796868,2.418393598690062,0.5147858770804732,0.884260561068485,True,100.2239135316439,100.2239135316439,False,0.0,44.471429844436365,48.60242499840761,95.36949242889541,0,0,0.0002316423442205235,c14616fe1704ef17,177793534259287c,weighted_mean_pct,1.0,0.0,262.3406169270242,260.986621336821,247.1723245770978,204.1046260442876,0.9307993701333204,0.9356283465615717,0.987919992312466,1.1963789637138162
cpu_core_weighted,1,16,1,bottom_up,dlinear,robustness_extension,220.29816729323775,0.9334668105645667,2.3592178244888973,0.5382408122530686,0.7977549789753509,True,100.2239135316439,0.0,True,141.98077458518804,44.471429844436365,48.60242499840761,95.36949242889541,0,0,0.0002316423442205235,c14616fe1704ef17,177793534259287c,weighted_mean_pct,0.9021718417605256,-9.782815823947445,262.3406169270242,260.986621336821,247.1723245770978,204.1046260442876,0.8397409820627147,0.8440975486208084,0.8912735989765816,1.0793394131372427
cpu_core_weighted,1,16,1,wls,dlinear,robustness_extension,224.28053858684007,0.9503412651984748,2.3638520706689614,0.5364249498483166,0.8121761453728493,True,100.2239135316439,0.0,True,88.22615542457905,45.464117757886605,49.66322877837354,97.7741171974613,0,7,0.0002316423442205235,c14616fe1704ef17,177793534259287c,weighted_mean_pct,0.9184805713730652,-8.151942862693485,262.3406169270242,260.986621336821,247.1723245770978,204.1046260442876,0.8549211373137413,0.8593564583427087,0.907385319010028,1.0988508341705816
cpu_core_weighted,1,16,1,mint,dlinear,robustness_extension,224.0059790014457,0.9491778771247699,2.3632652458786474,0.5366550857087005,0.8111818961742974,True,100.2239135316439,0.0,True,90.30402363696076,45.394683543018274,49.588843037633275,98.01475204957568,0,7,0.0002316423442205235,c14616fe1704ef17,177793534259287c,weighted_mean_pct,0.9173561865001827,-8.264381349981731,262.3406169270242,260.986621336821,247.1723245770978,204.1046260442876,0.8538745605822748,0.8583044519831948,0.9062745167150537,1.0975056437615471
cpu_core_weighted,1,16,2,independent,dlinear,robustness_extension,242.7718505845469,1.0286942821379106,2.426356700602055,0.5115852642930341,0.8791378291453774,True,106.0223651684782,106.0223651684782,False,0.0,44.72407949534523,48.85177739052105,94.29263305859165,0,0,0.0002316423442205235,ce06f77d3af9da90,177793534259287c,weighted_mean_pct,1.0,0.0,262.3406169270242,260.986621336821,247.1723245770978,204.1046260442876,0.9254070278110204,0.9302080288293143,0.9821967366286661,1.1894480555863005
cpu_core_weighted,1,16,2,bottom_up,dlinear,robustness_extension,222.7954970533882,0.9440487163279161,2.3621906964222825,0.5370763450953769,0.8067984370975033,True,106.0223651684782,0.0,True,146.43158746654123,44.72407949534523,48.85177739052105,94.29263305859165,0,0,0.0002316423442205235,ce06f77d3af9da90,177793534259287c,weighted_mean_pct,0.9177155280438832,-8.228447195611677,262.3406169270242,260.986621336821,247.1723245770978,204.1046260442876,0.8492603991831111,0.853666352367754,0.9013771967981553,1.091574950413152
cpu_core_weighted,1,16,2,wls,dlinear,robustness_extension,224.50303097755298,0.9512840295659024,2.3675730836576325,0.5349643453817878,0.8129818461857803,True,106.0223651684782,0.0,True,91.19806826190501,45.21263226449172,49.372938666209265,95.5970846415178,2,5,0.0002316423442205235,ce06f77d3af9da90,177793534259287c,weighted_mean_pct,0.9247490202714763,-7.525097972852368,262.3406169270242,260.986621336821,247.1723245770978,204.1046260442876,0.8557692423205798,0.8602089633085696,0.9082854699112002,1.099940924067244
cpu_core_weighted,1,16,2,mint,dlinear,robustness_extension,224.17907091692118,0.9499113174445812,2.3664845600435473,0.5353918598929774,0.8118087054623072,True,106.0223651684782,0.0,True,94.91649033102628,45.11151981300561,49.26503536102591,95.8166420802188,1,6,0.0002316423442205235,ce06f77d3af9da90,177793534259287c,weighted_mean_pct,0.92341459842705,-7.658540157295002,262.3406169270242,260.986621336821,247.1723245770978,204.1046260442876,0.8545343589676833,0.8589676733950391,0.9069748051303187,1.0983536985990592
cpu_core_weighted,2,1,0,independent,dlinear,experiment-freeze-v2:cpu_dlinear,329.0184063337407,1.3941457895497487,3.0852386919502903,0.5072892364085982,1.1025092781648886,True,124.60568283901921,124.60568283901921,False,0.0,63.22569521497911,68.40616229432915,150.7585682201692,0,0,0.00020610057708161583,df1f665b4dd68f2e,177793534259287c,weighted_mean_pct,1.0,0.0,340.98623646102516,341.92643847281437,326.8086251064241,271.2151801330483,0.9649023073438555,0.9622490960432124,1.0067616980016882,1.2131268101303778
cpu_core_weighted,2,1,0,bottom_up,dlinear,experiment-freeze-v2:cpu_dlinear,312.1534485082829,1.3226841038486563,3.0822861583256076,0.5082318208604242,1.0459964140804212,True,124.60568283901921,0.0,True,191.54727786814763,63.22569521497911,68.40616229432915,150.7585682201692,0,0,0.0006183017312448475,df1f665b4dd68f2e,177793534259287c,weighted_mean_pct,0.948741597731919,-5.125840226808098,340.98623646102516,341.92643847281437,326.8086251064241,271.2151801330483,0.9154429567246247,0.9129257447961321,0.9551567018974216,1.150943868094521
cpu_core_weighted,2,1,0,wls,dlinear,experiment-freeze-v2:cpu_dlinear,311.83111921336285,1.3213183017515375,3.057918239210809,0.5159767203173076,1.044916319376196,True,124.60568283901921,0.0,True,116.83391486039694,64.20429717889296,69.46555411811349,155.44017998861773,2,5,0.00020610057708161583,df1f665b4dd68f2e,177793534259287c,weighted_mean_pct,0.9477619282401366,-5.223807175986339,340.98623646102516,341.92643847281437,326.8086251064241,271.2151801330483,0.9144976713715695,0.9119830587132434,0.9541704081763942,1.1497554047689729
cpu_core_weighted,2,1,0,mint,dlinear,experiment-freeze-v2:cpu_dlinear,311.1125036776254,1.3182733206679043,3.061580568628618,0.5148166407664245,1.0425083073004815,True,124.60568283901921,0.0,True,138.26163027551655,63.84487173325194,69.07099171209867,154.6600122395186,1,6,0.00020610057708161583,df1f665b4dd68f2e,177793534259287c,weighted_mean_pct,0.9455778086835895,-5.442219131641046,340.98623646102516,341.92643847281437,326.8086251064241,271.2151801330483,0.9123902093719424,0.9098813916443057,0.9519715202630062,1.1471057907783957
cpu_core_weighted,2,1,1,independent,dlinear,robustness_extension,326.85567001475346,1.3849816526048875,3.058582126218837,0.5157665304929816,1.0952621551711406,True,138.2509999715413,138.2509999715413,False,0.0,63.320797789015785,68.51585248553015,155.12240017625268,0,0,0.0008244023083264633,35c2b34d352170d9,177793534259287c,weighted_mean_pct,1.0,0.0,340.98623646102516,341.92643847281437,326.8086251064241,271.2151801330483,0.958559716096087,0.9559239451462916,1.0001439524685558,1.2051525650386161
cpu_core_weighted,2,1,1,bottom_up,dlinear,robustness_extension,311.99732426541755,1.3220225604466844,3.087783701332362,0.5064760282042718,1.04547325664305,True,138.2509999715413,0.0,True,211.3356298878282,63.320797789015785,68.51585248553015,155.12240017625268,0,0,0.00020610057708161583,35c2b34d352170d9,177793534259287c,weighted_mean_pct,0.9545415695292505,-4.545843047074949,340.98623646102516,341.92643847281437,326.8086251064241,271.2151801330483,0.9149850958898716,0.9124691429505344,0.9546789781445233,1.1503682209541626
cpu_core_weighted,2,1,1,wls,dlinear,robustness_extension,308.4639514056124,1.3070506415492051,3.0456014138345253,0.5198680107199254,1.0336332614143342,True,138.2509999715413,0.0,True,130.1171637467095,63.93613534200709,69.18883318140367,156.94329709469804,0,7,0.00020610057708161583,35c2b34d352170d9,177793534259287c,weighted_mean_pct,0.9437313765788096,-5.626862342119043,340.98623646102516,341.92643847281437,326.8086251064241,271.2151801330483,0.9046228804043531,0.9021354206575563,0.9438672290401217,1.1373402891913764
cpu_core_weighted,2,1,1,mint,dlinear,robustness_extension,308.43680513029324,1.3069356149588696,3.0543572957544205,0.5171033534332057,1.0335422968365755,True,138.2509999715413,0.0,True,154.7382372401889,63.5074648047771,68.7205434776937,155.73398879600268,2,5,0.00020610057708161583,35c2b34d352170d9,177793534259287c,weighted_mean_pct,0.9436483237888184,-5.635167621118164,340.98623646102516,341.92643847281437,326.8086251064241,271.2151801330483,0.9045432693455581,0.9020560285068925,0.9437841642944763,1.137240197908485
cpu_core_weighted,2,1,2,independent,dlinear,robustness_extension,325.6234470883823,1.3797603690185691,3.0638725272297953,0.5140899335063391,1.0911330937480126,True,126.33134156577192,126.33134156577192,False,0.0,62.20662377799312,67.32591991994286,149.13282731333496,0,0,0.0008244023083264633,82b60fcbf28420f1,177793534259287c,weighted_mean_pct,1.0,0.0,340.98623646102516,341.92643847281437,326.8086251064241,271.2151801330483,0.9549460132699554,0.952320178991575,0.9963734799910626,1.2006092244860456
cpu_core_weighted,2,1,2,bottom_up,dlinear,robustness_extension,305.7996988190685,1.295761435674019,3.0783944164954735,0.5094728649923729,1.024705605272629,True,126.33134156577192,0.0,True,197.76385736969922,62.20662377799312,67.32591991994286,149.13282731333496,0,0,0.0006183017312448475,82b60fcbf28420f1,177793534259287c,weighted_mean_pct,0.9391206362853436,-6.087936371465641,340.98623646102516,341.92643847281437,326.8086251064241,271.2151801330483,0.8968095076002328,0.8943435324419402,0.9357148965070488,1.1275168988293882
cpu_core_weighted,2,1,2,wls,dlinear,robustness_extension,306.1219514536669,1.2971269129392664,3.0455444179113607,0.5198859811015937,1.0257854430954327,True,126.33134156577192,0.0,True,121.17738981208538,63.52712324482182,68.75888194550706,154.75017291321132,0,7,0.00020610057708161583,82b60fcbf28420f1,177793534259287c,weighted_mean_pct,0.9401102844125896,-5.98897155874104,340.98623646102516,341.92643847281437,326.8086251064241,271.2151801330483,0.8977545681338863,0.8952859943236177,0.9367009556555594,1.128705079499955
cpu_core_weighted,2,1,2,mint,dlinear,robustness_extension,305.12483377103933,1.2929018380128785,3.051997464937096,0.517849247944933,1.022444196905686,True,126.33134156577192,0.0,True,144.68631380834677,63.00141961150806,68.18395490250576,153.31063610239187,2,5,0.00020610057708161583,82b60fcbf28420f1,177793534259287c,weighted_mean_pct,0.9370481041809647,-6.295189581903527,340.98623646102516,341.92643847281437,326.8086251064241,271.2151801330483,0.8948303513297822,0.8923698182973323,0.9336498804818156,1.1250285976668275
cpu_core_weighted,2,8,0,independent,dlinear,experiment-freeze-v2:cpu_dlinear,327.23829376050975,1.386602939663177,3.08152504835585,0.514325940559365,1.0965194567635754,True,116.15117033739223,116.15117033739223,False,0.0,63.77222898025813,69.01708714316432,156.44491276040517,0,0,0.000230361667818475,cf2f97fe480ef204,177793534259287c,weighted_mean_pct,1.0,0.0,340.92440141125576,342.0799116689226,326.25101835678174,267.1790064982869,0.9598558871289576,0.9566135940692796,1.0030261220599421,1.2247904431166747
cpu_core_weighted,2,8,0,bottom_up,dlinear,experiment-freeze-v2:cpu_dlinear,315.15683504459827,1.3354103179855858,3.120503650796668,0.5019615265523547,1.0560365585188545,True,116.15117033739223,0.0,True,172.5789033263338,63.77222898025813,69.01708714316432,156.44491276040517,0,0,0.000230361667818475,cf2f97fe480ef204,177793534259287c,weighted_mean_pct,0.9630805472761897,-3.6919452723810253,340.92440141125576,342.0799116689226,326.25101835678174,267.1790064982869,0.924418533082429,0.9212959437080847,0.9659949465658032,1.179571850255454
cpu_core_weighted,2,8,0,wls,dlinear,experiment-freeze-v2:cpu_dlinear,313.78038668989336,1.3295779097029379,3.0850550501745335,0.5132125877498875,1.0514243159086767,True,116.15117033739223,0.0,True,105.99846253455644,64.28056045954611,69.5782946881894,158.0577975886354,0,7,0.000230361667818475,cf2f97fe480ef204,177793534259287c,weighted_mean_pct,0.9588742903039777,-4.112570969602225,340.92440141125576,342.0799116689226,326.25101835678174,267.1790064982869,0.9203811325648742,0.9172721811083179,0.9617759609465778,1.1744200669145959
cpu_core_weighted,2,8,0,mint,dlinear,experiment-freeze-v2:cpu_dlinear,313.4448853759923,1.3281562939660692,3.0911349389052094,0.5112920193381997,1.0503001084871226,True,116.15117033739223,0.0,True,121.70635991251515,64.04506340227724,69.3154197224923,157.44406128557924,2,5,0.000230361667818475,cf2f97fe480ef204,177793534259287c,weighted_mean_pct,0.9578490395301591,-4.21509604698409,340.92440141125576,342.0799116689226,326.25101835678174,267.1790064982869,0.9193970395738409,0.9162914122807531,0.9607476076387756,1.1731643495650248
cpu_core_weighted,2,8,1,independent,dlinear,robustness_extension,329.78646386123035,1.3974002705984336,3.0587438069556945,0.5214804238992266,1.1050579381939554,True,139.56526715854037,139.56526715854037,False,0.0,63.74874570076721,68.99512959452579,154.29408994363766,0,0,0.000691085003455425,85da9d861c169077,177793534259287c,weighted_mean_pct,1.0,0.0,340.92440141125576,342.0799116689226,326.25101835678174,267.1790064982869,0.9673301837477166,0.9640626432937393,1.0108365807477184,1.2343277571972888
cpu_core_weighted,2,8,1,bottom_up,dlinear,robustness_extension,313.02440084791345,1.32637457986404,3.0841644430807946,0.5134936029913459,1.0488911368750045,True,139.56526715854037,0.0,True,204.23762229896124,63.74874570076721,68.99512959452579,154.29408994363766,0,0,0.000230361667818475,85da9d861c169077,177793534259287c,weighted_mean_pct,0.9491729805491043,-5.082701945089574,340.92440141125576,342.0799116689226,326.25101835678174,267.1790064982869,0.9181636736829328,0.9150622125711664,0.959458770196377,1.1715905562734417
cpu_core_weighted,2,8,1,wls,dlinear,robustness_extension,310.8598129827943,1.3172025973847217,3.045721035537056,0.5255463971557934,1.0416379737971084,True,139.56526715854037,0.0,True,126.71011677911827,64.08364182059152,69.37748285880834,154.94261102965615,0,7,0.000230361667818475,85da9d861c169077,177793534259287c,weighted_mean_pct,0.9426093762101767,-5.739062378982329,340.92440141125576,342.0799116689226,326.25101835678174,267.1790064982869,0.9118145010917108,0.9087344868226457,0.9528240388290348,1.1634889172506429
cpu_core_weighted,2,8,1,mint,dlinear,robustness_extension,310.4282960146528,1.3153741356553086,3.052949860529048,0.5232915536169787,1.0401920343685245,True,139.56526715854037,0.0,True,148.3597610652746,63.778861879064145,69.03746819264518,154.0336212669247,4,3,0.000230361667818475,85da9d861c169077,177793534259287c,weighted_mean_pct,0.9413009023477592,-5.8699097652240795,340.92440141125576,342.0799116689226,326.25101835678174,267.1790064982869,0.9105487748299494,0.9074730360521627,0.9515013855839508,1.1618738316426938
cpu_core_weighted,2,8,2,independent,dlinear,robustness_extension,329.80475328707877,1.397477768165588,3.147469627193741,0.4933166899382988,1.1051192229264521,True,112.70866205612187,112.70866205612187,False,0.0,64.13732381077826,69.39842968687807,157.5199886703186,0,0,0.000230361667818475,190f39662e8f9256,177793534259287c,weighted_mean_pct,1.0,0.0,340.92440141125576,342.0799116689226,326.25101835678174,267.1790064982869,0.9673838303208945,0.964116108654389,1.0108926401155651,1.2343962110256346
cpu_core_weighted,2,8,2,bottom_up,dlinear,robustness_extension,315.5663775584014,1.337145667620345,3.097848573086497,0.5091668648711662,1.0574088653158265,True,112.70866205612187,0.0,True,172.7077962008574,64.13732381077826,69.39842968687807,157.5199886703186,0,0,0.000230361667818475,190f39662e8f9256,177793534259287c,weighted_mean_pct,0.9568278637989079,-4.3172136201092055,340.92440141125576,342.0799116689226,326.25101835678174,267.1790064982869,0.9256198038395467,0.9224931566978948,0.9672502453718143,1.1811046896771238
cpu_core_weighted,2,8,2,wls,dlinear,robustness_extension,315.21910144372407,1.3356741586598477,3.096760746980689,0.5095115217110708,1.0562452025542437,True,112.70866205612187,0.0,True,105.52494144269241,64.53738023954428,69.83486120618335,159.59354045525356,3,4,0.000230361667818475,190f39662e8f9256,177793534259287c,weighted_mean_pct,0.9557748889366109,-4.422511106338911,340.92440141125576,342.0799116689226,326.25101835678174,267.1790064982869,0.9246011729840262,0.9214779666711461,0.9661858008332915,1.1798049014967993
cpu_core_weighted,2,8,2,mint,dlinear,robustness_extension,314.6742794864079,1.3333655910441014,3.0947115239195235,0.5101604499450116,1.0544195975194417,True,112.70866205612187,0.0,True,120.7708416345123,64.3592539375932,69.63747715900416,159.04722176907308,2,5,0.000230361667818475,190f39662e8f9256,177793534259287c,weighted_mean_pct,0.9541229359192996,-4.587706408070035,340.92440141125576,342.0799116689226,326.25101835678174,267.1790064982869,0.9230031003466295,0.9198852921564161,0.9645158536862749,1.1777657369514378
cpu_core_weighted,2,16,0,independent,dlinear,experiment-freeze-v2:cpu_dlinear,327.1450308233799,1.386207757726186,3.095299560688973,0.508011880278195,1.0960917376149846,True,122.93967073314612,122.93967073314612,False,0.0,63.51815127561507,68.76411279275888,153.45861696885254,0,0,0.000526592943654555,08ca9cec90f17fb7,177793534259287c,weighted_mean_pct,1.0,0.0,345.9168828909167,346.84875658370987,329.55849653850856,272.5729540826915,0.9457330561299708,0.9431921683837012,0.9926766697248643,1.2002109010570896
cpu_core_weighted,2,16,0,bottom_up,dlinear,experiment-freeze-v2:cpu_dlinear,312.83146389818035,1.3255570504160183,3.125518421034291,0.4983586021425288,1.0481344680118876,True,122.93967073314612,0.0,True,186.10694188429434,63.51815127561507,68.76411279275888,153.45861696885254,0,0,0.0002632964718272775,08ca9cec90f17fb7,177793534259287c,weighted_mean_pct,0.9562470293705081,-4.3752970629491905,345.9168828909167,346.84875658370987,329.55849653850856,272.5729540826915,0.9043544255017767,0.9019247091424425,0.9492441165498106,1.1476981087539428
cpu_core_weighted,2,16,0,wls,dlinear,experiment-freeze-v2:cpu_dlinear,311.56775590908217,1.3202023555469584,3.090315122993503,0.509595125837875,1.0439004440925195,True,122.93967073314612,0.0,True,114.90384560617788,64.3336359357783,69.65087739591786,156.8675530705043,2,5,0.0002632964718272775,08ca9cec90f17fb7,177793534259287c,weighted_mean_pct,0.9523841921881196,-4.7615807811880355,345.9168828909167,346.84875658370987,329.55849653850856,272.5729540826915,0.9007012126879439,0.8982813113642723,0.9454095681999077,1.1430618894586315
cpu_core_weighted,2,16,0,mint,dlinear,experiment-freeze-v2:cpu_dlinear,311.154764454079,1.318452391754572,3.095890517811952,0.5078240007966783,1.042516725928147,True,122.93967073314612,0.0,True,131.39940706324643,64.04428454893124,69.33111193983052,155.95752971009412,1,6,0.0002632964718272775,08ca9cec90f17fb7,177793534259287c,weighted_mean_pct,0.9511217812813615,-4.887821871863851,345.9168828909167,346.84875658370987,329.55849653850856,272.5729540826915,0.8995073089630037,0.8970906152837358,0.9441564023451626,1.1415467301267268
cpu_core_weighted,2,16,1,independent,dlinear,robustness_extension,330.3116968803403,1.3996258342387302,3.0946261032947615,0.5082259448530974,1.106701577819753,True,131.23143536126213,131.23143536126213,False,0.0,64.66712273073922,69.99275209333089,158.34828254847045,0,0,0.0007898894154818325,d29c3a145013775b,177793534259287c,weighted_mean_pct,1.0,0.0,345.9168828909167,346.84875658370987,329.55849653850856,272.5729540826915,0.9548874692667214,0.952321986486988,1.0022854830014791,1.2118285836243767
cpu_core_weighted,2,16,1,bottom_up,dlinear,robustness_extension,316.47468519709884,1.3409944288012663,3.1164441954105895,0.501267175223697,1.0603409953554235,True,131.23143536126213,0.0,True,208.88046325911117,64.66712273073922,69.99275209333089,158.34828254847045,0,0,0.0002632964718272775,d29c3a145013775b,177793534259287c,weighted_mean_pct,0.9581092289073428,-4.189077109265716,345.9168828909167,346.84875658370987,329.55849653850856,272.5729540826915,0.9148864968724225,0.912428484144557,0.9602989712635708,1.161064149824229
cpu_core_weighted,2,16,1,wls,dlinear,robustness_extension,314.3840483570088,1.3321357981229187,3.0783360461097495,0.513389697927056,1.0533363657542685,True,131.23143536126213,0.0,True,129.49785955651006,65.15960507221355,70.54220190626069,159.57062794827934,0,7,0.0002632964718272775,d29c3a145013775b,177793534259287c,weighted_mean_pct,0.9517799439930172,-4.822005600698276,345.9168828909167,346.84875658370987,329.55849653850856,272.5729540826915,0.908842742018314,0.9064009669619043,0.9539552208761619,1.1533941414511466
cpu_core_weighted,2,16,1,mint,dlinear,robustness_extension,314.0470589650479,1.3307078769705418,3.0843292729507605,0.5114930857164355,1.0522072907160123,True,131.23143536126213,0.0,True,148.95784907203125,64.86250731432527,70.2098197726178,158.68820819986067,2,5,0.0002632964718272775,d29c3a145013775b,177793534259287c,weighted_mean_pct,0.9507597276484444,-4.92402723515556,345.9168828909167,346.84875658370987,329.55849653850856,272.5729540826915,0.9078685502149404,0.9054293925059942,0.9529326728444758,1.1521578141233124
cpu_core_weighted,2,16,2,independent,dlinear,robustness_extension,331.6666429645258,1.4053671312056177,3.1025127622948676,0.505716177099885,1.1112412928325461,True,125.8575172185747,125.8575172185747,False,0.0,64.30874352456422,69.61557076404773,157.30466098154338,0,0,0.000526592943654555,8b80627b590dc5ae,177793534259287c,weighted_mean_pct,1.0,0.0,345.9168828909167,346.84875658370987,329.55849653850856,272.5729540826915,0.9588044393575186,0.9562284329091434,1.0063968808213413,1.2167995320031157
cpu_core_weighted,2,16,2,bottom_up,dlinear,robustness_extension,314.3859586957628,1.3321438927786557,3.1165139918052827,0.5012448355694601,1.0533427662993693,True,125.8575172185747,0.0,True,192.81861116224368,64.30874352456422,69.61557076404773,157.30466098154338,0,0,0.0002632964718272775,8b80627b590dc5ae,177793534259287c,weighted_mean_pct,0.9478974306420941,-5.210256935790591,345.9168828909167,346.84875658370987,329.55849653850856,272.5729540826915,0.9088482645552254,0.906406474661493,0.9539610175367671,1.1534011499922558
cpu_core_weighted,2,16,2,wls,dlinear,robustness_extension,314.2215864981278,1.3314474004157957,3.0856919638406186,0.5110613348130304,1.0527920411140659,True,125.8575172185747,0.0,True,118.91403016662235,65.03383213062241,70.41616175797442,159.4679244731335,1,6,0.0002632964718272775,8b80627b590dc5ae,177793534259287c,weighted_mean_pct,0.9474018360409434,-5.259816395905659,345.9168828909167,346.84875658370987,329.55849653850856,272.5729540826915,0.9083730862515205,0.9059325730126765,0.9534622526760173,1.1527981107135126
cpu_core_weighted,2,16,2,mint,dlinear,robustness_extension,313.5000402228909,1.328390000944453,3.0903939257204756,0.5095701149683736,1.0503745172757746,True,125.8575172185747,0.0,True,137.2005511403969,64.68917082989252,70.03313865614997,158.64056879237324,3,4,0.0002632964718272775,8b80627b590dc5ae,177793534259287c,weighted_mean_pct,0.9452263194777234,-5.477368052227661,345.9168828909167,346.84875658370987,329.55849653850856,272.5729540826915,0.9062871913128093,0.9038522822186608,0.9512728195926174,1.1501509431775214
memory_um,0,1,0,independent,dlinear,experiment-freeze-v2:memory_dlinear,1288970217.5265772,1288970217.5265772,3945064138.502392,0.5050182798689824,1.4847240922736467,True,405896187.47104925,405896187.47104925,False,0.0,269954482.4285871,269954482.4285871,548074446.1739744,0,0,0.0,cf40ccb58f411662,177793534259287c,native,1.0,0.0,1294154012.0869985,1286777035.528772,1358694507.6124406,1848635679.4026904,0.995994453123812,1.0017043993926298,0.9486828792674035,0.6972548630799197
memory_um,0,1,0,bottom_up,dlinear,experiment-freeze-v2:memory_dlinear,1294588434.3318505,1294588434.3318505,3960986380.1681423,0.5010147338921771,1.4911955388074638,True,405896187.47104925,0.0,True,748401857.2759587,269954482.4285871,269954482.4285871,548074446.1739744,0,0,0.0,cf40ccb58f411662,177793534259287c,native,1.0043586862821812,0.4358686282181168,1294154012.0869985,1286777035.528772,1358694507.6124406,1848635679.4026904,1.0003356804837713,1.006070514617063,0.9528178903194066,0.7002939782868103
memory_um,0,1,0,wls,dlinear,experiment-freeze-v2:memory_dlinear,1272621477.3740215,1272621477.3740215,3940183331.8807044,0.5062422982872834,1.4658924947295238,True,405896187.47104925,0.0,True,503810089.4966642,270074328.9517489,270074328.95174885,542870484.0337868,6,1,0.0,cf40ccb58f411662,177793534259287c,native,0.987316432970866,-1.268356702913398,1294154012.0869985,1286777035.528772,1358694507.6124406,1848635679.4026904,0.9833616907169705,0.988999214499555,0.9366501963788236,0.6884111842876559
memory_um,0,1,0,mint,dlinear,experiment-freeze-v2:memory_dlinear,1274651157.037978,1274651157.037978,3942358752.562083,0.5056969291278418,1.4682304186440551,True,405896187.47104925,0.0,True,540738931.7671691,269953063.9497292,269953063.9497292,542670741.6845521,5,2,0.0,cf40ccb58f411662,177793534259287c,native,0.9888910850740397,-1.1108914925960334,1294154012.0869985,1286777035.528772,1358694507.6124406,1848635679.4026904,0.9849300354773313,0.9905765504388169,0.9381440418699069,0.6895091181242528
memory_um,0,1,1,independent,dlinear,robustness_extension,1341642528.9338136,1341642528.9338136,3971654288.373928,0.49832333495789305,1.5453956645712055,True,426205990.1625042,426205990.1625042,False,0.0,264245860.49027228,264245860.49027228,541758771.6260396,0,0,0.0,85ab3b96d147633e,177793534259287c,native,1.0,0.0,1294154012.0869985,1286777035.528772,1358694507.6124406,1848635679.4026904,1.0366946409803524,1.0426379177512255,0.9874497331202203,0.7257473951640431
memory_um,0,1,1,bottom_up,dlinear,robustness_extension,1282500335.0896914,1282500335.0896914,3952328737.969255,0.503193643016703,1.4772716389914788,True,426205990.1625042,0.0,True,767647799.4574708,264245860.49027228,264245860.49027228,541758771.6260396,0,0,0.0,85ab3b96d147633e,177793534259287c,native,0.9559180686593756,-4.408193134062444,1294154012.0869985,1286777035.528772,1358694507.6124406,1848635679.4026904,0.9909951389954632,0.9966764246477843,0.9439210417824968,0.6937550483197846
memory_um,0,1,1,wls,dlinear,robustness_extension,1280308331.775755,1280308331.775755,3942237962.9536614,0.5057272184867996,1.4747467395901643,True,426205990.1625042,0.0,True,515808924.1588045,265352635.05906487,265352635.05906487,536180576.8654831,4,3,0.0,85ab3b96d147633e,177793534259287c,native,0.954284247975651,-4.571575202434897,1294154012.0869985,1286777035.528772,1358694507.6124406,1848635679.4026904,0.9893013658483232,0.9949729412521269,0.9423077259843867,0.6925693072144065
memory_um,0,1,1,mint,dlinear,robustness_extension,1279143676.6099043,1279143676.6099043,3942648189.0753016,0.5056243458759592,1.4734052100804695,True,426205990.1625042,0.0,True,548943876.8864161,264795973.83420643,264795973.83420646,536044959.39582336,3,4,0.0,85ab3b96d147633e,177793534259287c,native,0.9534161663959949,-4.658383360400508,1294154012.0869985,1286777035.528772,1358694507.6124406,1848635679.4026904,0.98840143032676,0.9940678464814761,0.9414505390602288,0.6919392992691812
memory_um,0,1,2,independent,dlinear,robustness_extension,1342112238.0998075,1342112238.0998075,3979170143.223154,0.49642281877648875,1.545936707727696,True,456945698.1447493,456945698.1447493,False,0.0,276028853.1048942,276028853.1048943,582996303.4642822,0,0,0.0,62394d8ced524178,177793534259287c,native,1.0,0.0,1294154012.0869985,1286777035.528772,1358694507.6124406,1848635679.4026904,1.037057587864268,1.0430029453768552,0.9877954393576138,0.7260014793901712
memory_um,0,1,2,bottom_up,dlinear,robustness_extension,1337857115.53044,1337857115.53044,3994803019.91966,0.4924582615047065,1.5410353664023393,True,456945698.1447493,0.0,True,828284759.1139349,276028853.1048942,276028853.1048943,582996303.4642822,0,0,0.0,62394d8ced524178,177793534259287c,native,0.9968295329939082,-0.3170467006091804,1294154012.0869985,1286777035.528772,1358694507.6124406,1848635679.4026904,1.0337696309985274,1.0396961389512813,0.9846636665083626,0.7236997156533909
memory_um,0,1,2,wls,dlinear,robustness_extension,1316841627.8783777,1316841627.8783777,3970721263.3141193,0.4985590160549238,1.5168282897735474,True,456945698.1447493,0.0,True,557251829.7078817,276465658.71839315,276465658.71839315,572128364.1761534,5,2,0.0,62394d8ced524178,177793534259287c,native,0.9811710157287526,-1.882898427124735,1294154012.0869985,1286777035.528772,1358694507.6124406,1848635679.4026904,1.017530846853994,1.0233642593234897,0.9691962545667394,0.7123316089538314
memory_um,0,1,2,mint,dlinear,robustness_extension,1317886610.2539024,1317886610.2539024,3972226700.878438,0.4981787167865921,1.5180319719749253,True,456945698.1447493,0.0,True,583102297.7886411,276387067.07622766,276387067.07622766,572429049.639058,5,2,0.0,62394d8ced524178,177793534259287c,native,0.9819496260013214,-1.8050373998678593,1294154012.0869985,1286777035.528772,1358694507.6124406,1848635679.4026904,1.0183383105451507,1.0241763521310796,0.9699653622430199,0.7128968811635847
memory_um,0,8,0,independent,dlinear,experiment-freeze-v2:memory_dlinear,1351523873.7521622,1351523873.7521622,3972077490.022633,0.496896231899538,1.5555720474501664,True,411277892.719184,411277892.719184,False,0.0,262265333.2811841,262265333.28118408,549070948.1062276,0,0,0.0,e87a6bef76c65000,177793534259287c,native,1.0,0.0,1291570370.298706,1284254786.1130323,1357156730.239117,1526324191.3500135,1.0464190762130836,1.0523798613534692,0.9958495165949166,0.885476284403746
memory_um,0,8,0,bottom_up,dlinear,experiment-freeze-v2:memory_dlinear,1250599025.5425317,1250599025.5425317,3949219523.0053005,0.5026699562329187,1.4394099316214661,True,411277892.719184,0.0,True,655042798.9054618,262265333.2811841,262265333.28118408,549070948.1062276,0,0,0.0,e87a6bef76c65000,177793534259287c,native,0.9253251458078663,-7.4674854192133715,1291570370.298706,1284254786.1130323,1357156730.239117,1526324191.3500135,0.9682778842730042,0.973793548652161,0.9214845991458843,0.819353471975304
memory_um,0,8,0,wls,dlinear,experiment-freeze-v2:memory_dlinear,1273168433.9610877,1273168433.9610877,3945481946.373629,0.5036108659707532,1.4653867874841175,True,411277892.719184,0.0,True,386153443.9655285,267428650.15255406,267428650.15255404,548077883.7986716,2,5,0.0,e87a6bef76c65000,177793534259287c,native,0.9420243761040339,-5.797562389596611,1291570370.298706,1284254786.1130323,1357156730.239117,1526324191.3500135,0.9857522774129895,0.9913674823159515,0.9381145195638301,0.8341402443703569
memory_um,0,8,0,mint,dlinear,experiment-freeze-v2:memory_dlinear,1266422328.8764336,1266422328.8764336,3944763140.2643356,0.5037917184215077,1.457622179915836,True,411277892.719184,0.0,True,440023134.6043844,265909607.69162026,265909607.69162023,547584167.8624038,2,5,0.0,e87a6bef76c65000,177793534259287c,native,0.9370328955866197,-6.296710441338027,1291570370.298706,1284254786.1130323,1357156730.239117,1526324191.3500135,0.9805290969810213,0.9861145487410866,0.9331437561034702,0.8297204067481233
memory_um,0,8,1,independent,dlinear,robustness_extension,1368538216.7719264,1368538216.7719264,3986027363.369848,0.49335624164188463,1.5751551542833406,True,456630295.9656225,456630295.9656225,False,0.0,261477840.0220318,261477840.02203184,538458799.1598111,0,0,0.0,1e023701456beee2,177793534259287c,native,1.0,0.0,1291570370.298706,1284254786.1130323,1357156730.239117,1526324191.3500135,1.0595924529109628,1.065628278415056,1.008386272771019,0.8966235512269989
memory_um,0,8,1,bottom_up,dlinear,robustness_extension,1254704821.655651,1254704821.655651,3950688601.9478235,0.5022998815979366,1.444135605943716,True,456630295.9656225,0.0,True,750627289.5283396,261477840.0220318,261477840.02203184,538458799.1598111,0,0,0.0,1e023701456beee2,177793534259287c,native,0.9168211791814023,-8.317882081859773,1291570370.298706,1284254786.1130323,1357156730.239117,1526324191.3500135,0.9714568021295433,0.9769905747855392,0.9245098916722648,0.8220434615177535
memory_um,0,8,1,wls,dlinear,robustness_extension,1278375137.7857482,1278375137.7857482,3948078822.939795,0.50295721424912,1.4713795805721952,True,456630295.9656225,0.0,True,440019127.57729304,266933020.69205505,266933020.69205505,537366969.0456254,2,5,0.0,1e023701456beee2,177793534259287c,native,0.9341172370042741,-6.588276299572593,1291570370.298706,1284254786.1130323,1357156730.239117,1526324191.3500135,0.98978357446377,0.9954217431066933,0.9419509989539026,0.8375515143051244
memory_um,0,8,1,mint,dlinear,robustness_extension,1271154575.830348,1271154575.830348,3946692387.9038906,0.5033062430125954,1.4630688843552504,True,456630295.9656225,0.0,True,499148701.84627837,264803860.66946608,264803860.66946608,536514221.7790895,2,5,0.0,1e023701456beee2,177793534259287c,native,0.9288411242389091,-7.115887576109092,1291570370.298706,1284254786.1130323,1357156730.239117,1526324191.3500135,0.984193045196882,0.9897993681438136,0.9366306392677165,0.8328208273407687
memory_um,0,8,2,independent,dlinear,robustness_extension,1600707736.3900595,1600707736.3900595,4191939356.7167835,0.43965935240098053,1.8423767861034592,True,584748972.1732961,584748972.1732961,False,0.0,285563403.2984485,285563403.2984485,626750212.5034381,0,0,0.0,d2b9f64e7a003169,177793534259287c,native,1.0,0.0,1291570370.298706,1284254786.1130323,1357156730.239117,1526324191.3500135,1.2393499984208047,1.2464097885395578,1.1794568016532854,1.0487337784866364
memory_um,0,8,2,bottom_up,dlinear,robustness_extension,1380891951.8403738,1380891951.8403738,4078558934.114704,0.46956077788664163,1.58937401147654,True,584748972.1732961,0.0,True,858007105.9030308,285563403.2984485,285563403.2984485,626750212.5034381,0,0,0.0,d2b9f64e7a003169,177793534259287c,native,0.8626758779554489,-13.732412204455112,1291570370.298706,1284254786.1130323,1357156730.239117,1526324191.3500135,1.0691573479817518,1.0752476586206283,1.0174889318767737,0.9047173330974942
memory_um,0,8,2,wls,dlinear,robustness_extension,1438352225.063982,1438352225.063982,4102310753.940538,0.463364676574023,1.6555094283947356,True,584748972.1732961,0.0,True,519267688.28656834,294643206.0164741,294643206.0164741,624935716.3642815,2,5,0.0,d2b9f64e7a003169,177793534259287c,native,0.8985726703038094,-10.142732969619061,1291570370.298706,1284254786.1130323,1357156730.239117,1526324191.3500135,1.1136460375220045,1.1199897719807967,1.0598276477695832,0.9423635117725406
memory_um,0,8,2,mint,dlinear,robustness_extension,1416321050.0157015,1416321050.0157015,4092355883.703772,0.4659659681799736,1.6301520664249158,True,584748972.1732961,0.0,True,619745379.1904249,290380603.96926105,290380603.96926105,624035576.6673926,2,5,0.0,d2b9f64e7a003169,177793534259287c,native,0.8848092739339227,-11.519072606607727,1291570370.298706,1284254786.1130323,1357156730.239117,1526324191.3500135,1.0965883722527205,1.1028349400218203,1.0435943163072703,0.9279293730927402
memory_um,0,16,0,independent,dlinear,experiment-freeze-v2:memory_dlinear,1349931371.2096462,1349931371.2096462,3957551839.5357695,0.4972247603641614,1.5524130203372697,True,414229236.4238867,414229236.4238867,False,0.0,261870716.21953335,261870716.21953332,545422081.7846897,0,0,0.0,fd5b86672d7fe581,177793534259287c,native,1.0,0.0,1285438902.927975,1278392838.9775565,1353419666.8608923,1735274052.5911322,1.050171554738829,1.0559597410521366,0.9974226060573386,0.7779355481019914
memory_um,0,16,0,bottom_up,dlinear,experiment-freeze-v2:memory_dlinear,1245082125.597914,1245082125.597914,3932820697.6173573,0.503488913053463,1.4318370136367666,True,414229236.4238867,0.0,True,662983192.2200584,261870716.21953335,261870716.21953332,545422081.7846897,0,0,0.0,fd5b86672d7fe581,177793534259287c,native,0.9223299436935235,-7.76700563064765,1285438902.927975,1278392838.9775565,1353419666.8608923,1735274052.5911322,0.9686046709508043,0.9739432885072448,0.9199527360835126,0.7175132502781001
memory_um,0,16,0,wls,dlinear,experiment-freeze-v2:memory_dlinear,1268714690.5064023,1268714690.5064023,3929480350.8487263,0.5043319796458814,1.4590143222395202,True,414229236.4238867,0.0,True,390835025.37512696,267048263.310882,267048263.31088197,544432314.8144474,2,5,0.0,fd5b86672d7fe581,177793534259287c,native,0.9398364372920178,-6.016356270798218,1285438902.927975,1278392838.9775565,1353419666.8608923,1735274052.5911322,0.9869894925511603,0.9924294409542417,0.9374141085514489,0.7311321739709887
memory_um,0,16,0,mint,dlinear,experiment-freeze-v2:memory_dlinear,1262612695.8106487,1262612695.8106487,3928712513.076,0.5045256721497464,1.4519970647568465,True,414229236.4238867,0.0,True,437681507.1536475,265480675.08017918,265480675.08017915,543836456.1874857,3,4,0.0,fd5b86672d7fe581,177793534259287c,native,0.9353162114302499,-6.46837885697501,1285438902.927975,1278392838.9775565,1353419666.8608923,1735274052.5911322,0.9822424799301369,0.9876562644237521,0.9329055330924366,0.7276157295876695
memory_um,0,16,1,independent,dlinear,robustness_extension,1351460849.0060005,1351460849.0060005,3957517474.433183,0.49723349194791433,1.5541719106749685,True,402989375.0767776,402989375.0767776,False,0.0,269502207.8212699,269502207.8212699,545271805.048463,0,0,0.0,674c8f849199b397,177793534259287c,native,1.0,0.0,1285438902.927975,1278392838.9775565,1353419666.8608923,1735274052.5911322,1.0513614034300975,1.0571561477823068,0.9985526899727747,0.7788169522779315
memory_um,0,16,1,bottom_up,dlinear,robustness_extension,1291864173.4255064,1291864173.4255064,3953143816.3405585,0.498344144646546,1.4856360894375737,True,402989375.0767776,0.0,True,720123187.918702,269502207.8212699,269502207.8212699,545271805.048463,0,0,0.0,674c8f849199b397,177793534259287c,native,0.9559020332521453,-4.409796674785471,1285438902.927975,1278392838.9775565,1353419666.8608923,1735274052.5911322,1.004998503221659,1.0105377111301124,0.9545185466543743,0.7444727082137137
memory_um,0,16,1,wls,dlinear,robustness_extension,1296714082.035089,1296714082.035089,3939010653.7379036,0.5019247428504905,1.4912134553937522,True,402989375.0767776,0.0,True,421247024.3924649,273954613.8425022,273954613.8425021,544420786.317712,5,2,0.0,674c8f849199b397,177793534259287c,native,0.9594906748418367,-4.05093251581633,1285438902.927975,1278392838.9775565,1353419666.8608923,1735274052.5911322,1.0087714624798048,1.014331465648842,0.9581019943671089,0.747267603119415
memory_um,0,16,1,mint,dlinear,robustness_extension,1293806896.8056438,1293806896.8056438,3939782052.604421,0.501729641925889,1.4878702097303236,True,402989375.0767776,0.0,True,470448377.98984474,273012392.91177285,273012392.9117729,543877932.2849722,5,2,0.0,674c8f849199b397,177793534259287c,native,0.9573395320754122,-4.266046792458777,1285438902.927975,1278392838.9775565,1353419666.8608923,1735274052.5911322,1.006509834001918,1.012057371848559,0.9559539649711802,0.7455922566661535
memory_um,0,16,2,independent,dlinear,robustness_extension,1393497020.5925777,1393497020.5925777,4012333585.761013,0.48320926000869335,1.602513257122572,True,529072246.86218697,529072246.86218697,False,0.0,289102414.74909085,289102414.7490908,648985888.4730203,0,0,0.0,3bc8799ab0af65c0,177793534259287c,native,1.0,0.0,1285438902.927975,1278392838.9775565,1353419666.8608923,1735274052.5911322,1.08406320784167,1.0900381933514898,1.0296119191356516,0.803041466857521
memory_um,0,16,2,bottom_up,dlinear,robustness_extension,1400298306.5383697,1400298306.5383697,4060007447.997395,0.47085546201793727,1.610334695369335,True,529072246.86218697,0.0,True,930053933.075335,289102414.74909085,289102414.7490908,648985888.4730203,0,0,0.0,3bc8799ab0af65c0,177793534259287c,native,1.0048807323196858,0.48807323196857766,1285438902.927975,1278392838.9775565,1353419666.8608923,1735274052.5911322,1.0893542301767651,1.0953583779914722,1.0346371793061107,0.8069608972988602
memory_um,0,16,2,wls,dlinear,robustness_extension,1367547069.698006,1367547069.698006,4014789570.0379076,0.48257640216770636,1.5726709684662625,True,529072246.86218697,0.0,True,551987302.0318863,295114074.12328154,295114074.1232815,647135222.6945975,4,3,0.0,3bc8799ab0af65c0,177793534259287c,native,0.9813778210422461,-1.8622178957753865,1285438902.927975,1278392838.9775565,1353419666.8608923,1735274052.5911322,1.063875588783726,1.0697393070441117,1.0104383017204712,0.788087084951203
memory_um,0,16,2,mint,dlinear,robustness_extension,1371102034.437272,1371102034.437272,4021471368.7353764,0.48085267679477295,1.5767591566999586,True,529072246.86218697,0.0,True,632362204.016247,293472602.0190576,293472602.0190575,645814293.5566134,5,2,0.0,3bc8799ab0af65c0,177793534259287c,native,0.9839289314405694,-1.6071068559430635,1285438902.927975,1278392838.9775565,1353419666.8608923,1735274052.5911322,1.0666411537056903,1.0725201148137402,1.0130649553936157,0.7901357323875879
memory_um,1,1,0,independent,dlinear,experiment-freeze-v2:memory_dlinear,836589801.3086051,836589801.3086051,2867150182.7298512,0.5387808720082927,0.8573248490880949,True,303539149.51929253,303539149.51929253,False,0.0,178494246.02162883,178494246.02162886,328854318.090123,0,0,0.0,64e71b67366f24d6,177793534259287c,native,1.0,0.0,843922661.6452392,834534180.4979616,834422178.6472346,1352577183.857901,0.9913109806503612,1.0024631954672207,1.0025977529323162,0.618515387729988
memory_um,1,1,0,bottom_up,dlinear,experiment-freeze-v2:memory_dlinear,799487870.2696177,799487870.2696177,2849186520.3198338,0.5445421537328827,0.8193033391687513,True,303539149.51929253,0.0,True,540193194.6817759,178494246.02162883,178494246.02162886,328854318.090123,0,0,0.0,64e71b67366f24d6,177793534259287c,native,0.9556509881175314,-4.434901188246865,843922661.6452392,834534180.4979616,834422178.6472346,1352577183.857901,0.9473473181902767,0.9580049432997075,0.9581335332741846,0.5910848414500611
memory_um,1,1,0,wls,dlinear,experiment-freeze-v2:memory_dlinear,792786911.0619098,792786911.0619098,2843815929.5196085,0.5462575713283054,0.8124362953289778,True,303539149.51929253,0.0,True,356899655.3468573,177809120.0540493,177809120.0540493,322746810.76172173,3,4,0.0,64e71b67366f24d6,177793534259287c,native,0.947641137654107,-5.235886234589304,843922661.6452392,834534180.4979616,834422178.6472346,1352577183.857901,0.9394070654725167,0.9499753630089285,0.9501028751982313,0.586130625685017
memory_um,1,1,0,mint,dlinear,experiment-freeze-v2:memory_dlinear,792890342.5107149,792890342.5107149,2843829666.3187456,0.5462531877930761,0.8125422903472043,True,303539149.51929253,0.0,True,353056383.543727,177528654.64329857,177528654.6432985,321138315.97130764,4,3,0.0,64e71b67366f24d6,177793534259287c,native,0.9477647722581187,-5.223522774188128,843922661.6452392,834534180.4979616,834422178.6472346,1352577183.857901,0.9395296258130619,0.9500993021491365,0.9502268309743982,0.5862070955900541
memory_um,1,1,1,independent,dlinear,robustness_extension,835042020.9050137,835042020.9050137,2868469999.1067605,0.5383561543445861,0.8557387066335074,True,308961110.060936,308961110.060936,False,0.0,177182364.2887784,177182364.28877836,319829810.67325735,0,0,0.0,2ea07e16d23597f2,177793534259287c,native,1.0,0.0,843922661.6452392,834534180.4979616,834422178.6472346,1352577183.857901,0.9894769495549359,1.0006085315843494,1.0007428401037757,0.6173710682618918
memory_um,1,1,1,bottom_up,dlinear,robustness_extension,789788087.818767,789788087.818767,2848077370.322976,0.5448966919401934,0.8093631456439735,True,308961110.060936,0.0,True,544977467.622822,177182364.2887784,177182364.28877836,319829810.67325735,0,0,0.0,2ea07e16d23597f2,177793534259287c,native,0.9458064002130087,-5.419359978699134,843922661.6452392,834534180.4979616,834422178.6472346,1352577183.857901,0.9358536317523029,0.946381953280218,0.9465089831374948,0.5839135076684396
memory_um,1,1,1,wls,dlinear,robustness_extension,784987446.2757449,784987446.2757449,2843329015.7360277,0.5464129361861225,0.8044435192273479,True,308961110.060936,0.0,True,360031378.37956965,176421543.09061798,176421543.090618,329336511.00047284,3,4,0.0,2ea07e16d23597f2,177793534259287c,native,0.9400574182182833,-5.994258178171674,843922661.6452392,834534180.4979616,834422178.6472346,1352577183.857901,0.9301651465851156,0.940629472848371,0.9407557305683878,0.5803642525129376
memory_um,1,1,1,mint,dlinear,robustness_extension,785173797.7174767,785173797.7174767,2843361550.686746,0.5464025557362222,0.8046344894273314,True,308961110.060936,0.0,True,355740123.4393271,176191950.3396975,176191950.33969748,327809408.8843525,4,3,0.0,2ea07e16d23597f2,177793534259287c,native,0.9402805823669926,-5.971941763300737,843922661.6452392,834534180.4979616,834422178.6472346,1352577183.857901,0.9303859623662306,0.9408527727995133,0.9409790604923766,0.580502027601824
memory_um,1,1,2,independent,dlinear,robustness_extension,836233490.9888268,836233490.9888268,2869207689.5324326,0.5381186799870884,0.8569597075448264,True,294593879.10703707,294593879.10703707,False,0.0,175652373.48504195,175652373.48504195,317905024.12437326,0,0,0.0,2386f07a8ce5da02,177793534259287c,native,1.0,0.0,843922661.6452392,834534180.4979616,834422178.6472346,1352577183.857901,0.9908887733368573,1.0020362383357997,1.0021707384917893,0.6182519570555463
memory_um,1,1,2,bottom_up,dlinear,robustness_extension,804186280.5178248,804186280.5178248,2853597681.9519014,0.5431307660100788,0.8241182004672005,True,294593879.10703707,0.0,True,539608750.7919679,175652373.48504195,175652373.48504195,317905024.12437326,0,0,0.0,2386f07a8ce5da02,177793534259287c,native,0.9616767197004907,-3.8323280299509266,843922661.6452392,834534180.4979616,834422178.6472346,1352577183.857901,0.9529146651306319,0.9636349227037909,0.9637642683726022,0.5945585140095864
memory_um,1,1,2,wls,dlinear,robustness_extension,796969617.4532963,796969617.4532963,2847464671.855909,0.5450924809373463,0.8167226709459959,True,294593879.10703707,0.0,True,356457583.35439914,175057824.3667956,175057824.36679563,316791215.63853866,3,4,0.0,2386f07a8ce5da02,177793534259287c,native,0.9530467579227163,-4.695324207728369,843922661.6452392,834534180.4979616,834422178.6472346,1352577183.857901,0.9443633328907091,0.9549873882670081,0.955115573204614,0.5892230232511627
memory_um,1,1,2,mint,dlinear,robustness_extension,797087545.8944224,797087545.8944224,2847462361.425088,0.5450932191603253,0.8168435222674363,True,294593879.10703707,0.0,True,351210051.2719414,174931263.2417891,174931263.2417891,315805138.68313307,4,3,0.0,2386f07a8ce5da02,177793534259287c,native,0.9531877812641596,-4.6812218735840405,843922661.6452392,834534180.4979616,834422178.6472346,1352577183.857901,0.9445030713365238,0.9551286987655856,0.955256902670853,0.5893102112080006
memory_um,1,8,0,independent,dlinear,experiment-freeze-v2:memory_dlinear,836114125.5450646,836114125.5450646,2869480259.5261903,0.5383460718590135,0.8566323688685371,True,287605532.3304146,287605532.3304146,False,0.0,177605775.0677328,177605775.0677328,316219021.5783459,0,0,0.0,4e67280e80d9bdec,177793534259287c,native,1.0,0.0,844465442.1477809,835071934.4879591,835005834.3233938,1349230704.7903304,0.9901105288791026,1.0012480254862648,1.0013272856022244,0.6196969299442353
memory_um,1,8,0,bottom_up,dlinear,experiment-freeze-v2:memory_dlinear,798545078.7047428,798545078.7047428,2854733505.8781943,0.5430789172925852,0.818141377498217,True,287605532.3304146,0.0,True,537000173.2291161,177605775.0677328,177605775.0677328,316219021.5783459,0,0,0.0,4e67280e80d9bdec,177793534259287c,native,0.9550670827193233,-4.493291728067672,844465442.1477809,835071934.4879591,835005834.3233938,1349230704.7903304,0.9456219743862507,0.9562590307796495,0.956334729507375,0.5918521390519617
memory_um,1,8,0,wls,dlinear,experiment-freeze-v2:memory_dlinear,794256307.6040021,794256307.6040021,2848421109.4023066,0.545097374129802,0.813747359940904,True,287605532.3304146,0.0,True,355001863.02722603,177383673.798938,177383673.79893798,325102628.84437406,4,3,0.0,4e67280e80d9bdec,177793534259287c,native,0.9499376739822746,-5.006232601772542,844465442.1477809,835071934.4879591,835005834.3233938,1349230704.7903304,0.9405432927887744,0.9511232204097675,0.9511985125799617,0.5886734602051834
memory_um,1,8,0,mint,dlinear,experiment-freeze-v2:memory_dlinear,794415111.9192388,794415111.9192388,2848411744.3900943,0.5451003653740598,0.8139100613145461,True,287605532.3304146,0.0,True,350118873.64372545,177276521.15879196,177276521.15879196,324245774.5982371,5,2,0.0,4e67280e80d9bdec,177793534259287c,native,0.9501276053688937,-4.987239463110626,844465442.1477809,835071934.4879591,835005834.3233938,1349230704.7903304,0.9407313458544307,0.9513133888355979,0.9513886960597757,0.5887911601023714
memory_um,1,8,1,independent,dlinear,robustness_extension,846440845.2396958,846440845.2396958,2871103745.777688,0.5378235376303124,0.8672125062976069,True,321775739.93839884,321775739.93839884,False,0.0,178436697.35536167,178436697.35536164,334631726.8276659,0,0,0.0,8871d2e1a354f284,177793534259287c,native,1.0,0.0,844465442.1477809,835071934.4879591,835005834.3233938,1349230704.7903304,1.0023392349684443,1.0136142891195448,1.0136945281652645,0.6273507134357961
memory_um,1,8,1,bottom_up,dlinear,robustness_extension,814135817.3139976,814135817.3139976,2848071640.1173472,0.5452089901704722,0.8341147128829645,True,321775739.93839884,0.0,True,566630975.5442678,178436697.35536167,178436697.35536164,334631726.8276659,0,0,0.0,8871d2e1a354f284,177793534259287c,native,0.9618342757117894,-3.8165724288210634,844465442.1477809,835071934.4879591,835005834.3233938,1349230704.7903304,0.9640842320833828,0.9749289656264176,0.9750061422908414,0.6034074190747933
memory_um,1,8,1,wls,dlinear,robustness_extension,805020064.0723344,805020064.0723344,2843278652.804686,0.5467384273677045,0.8247752590275037,True,321775739.93839884,0.0,True,374304953.81945056,177373940.85059854,177373940.8505985,322398576.2622202,3,4,0.0,8871d2e1a354f284,177793534259287c,native,0.9510647656002095,-4.893523439979052,844465442.1477809,835071934.4879591,835005834.3233938,1349230704.7903304,0.9532895295571567,0.9640128362905027,0.9640891488197122,0.5966511592229395
memory_um,1,8,1,mint,dlinear,robustness_extension,805044241.3326281,805044241.3326281,2843295208.5797524,0.5467331488710065,0.8248000295978426,True,321775739.93839884,0.0,True,372504549.8224521,177008956.5496243,177008956.54962426,321570575.6055846,4,3,0.0,8871d2e1a354f284,177793534259287c,native,0.9510933290378433,-4.890667096215672,844465442.1477809,835071934.4879591,835005834.3233938,1349230704.7903304,0.9533181598113827,0.9640417885990348,0.9641181034201473,0.5966690785159173
memory_um,1,8,2,independent,dlinear,robustness_extension,837441384.0210297,837441384.0210297,2871855604.3260794,0.5375814447950789,0.8579921982717609,True,315371101.7092051,315371101.7092051,False,0.0,183707702.1478138,183707702.14781377,339501089.6793313,0,0,0.0,a1ef2d26e1dc38a5,177793534259287c,native,1.0,0.0,844465442.1477809,835071934.4879591,835005834.3233938,1349230704.7903304,0.9916822432557021,1.0028374196703467,1.0029168056048487,0.6206806449391971
memory_um,1,8,2,bottom_up,dlinear,robustness_extension,810015026.8022116,810015026.8022116,2863274653.604367,0.5403406801528811,0.829892798158798,True,315371101.7092051,0.0,True,562407064.1343488,183707702.1478138,183707702.14781377,339501089.6793313,0,0,0.0,a1ef2d26e1dc38a5,177793534259287c,native,0.9672498186235691,-3.275018137643093,844465442.1477809,835071934.4879591,835005834.3233938,1349230704.7903304,0.959204469921292,0.9699943122850708,0.9700710983158193,0.6003532412405983
memory_um,1,8,2,wls,dlinear,robustness_extension,798790711.7710268,798790711.7710268,2853784773.453999,0.5433825700239543,0.8183930384007357,True,315371101.7092051,0.0,True,371096841.6185027,182468431.87096238,182468431.87096238,331703176.9933488,5,2,0.0,a1ef2d26e1dc38a5,177793534259287c,native,0.9538467133491552,-4.615328665084483,844465442.1477809,835071934.4879591,835005834.3233938,1349230704.7903304,0.9459128484161688,0.9565531767761075,0.9566288987888185,0.5920341932146871
memory_um,1,8,2,mint,dlinear,robustness_extension,798881175.0295172,798881175.0295172,2853655229.9721727,0.5434240240745443,0.8184857216278797,True,315371101.7092051,0.0,True,362233659.056363,182190822.59053347,182190822.59053347,330613918.25325596,6,1,0.0,a1ef2d26e1dc38a5,177793534259287c,native,0.9539547367406622,-4.604526325933778,844465442.1477809,835071934.4879591,835005834.3233938,1349230704.7903304,0.9460199732953827,0.9566615066753105,0.9567372372635594,0.5921012412429961
memory_um,1,16,0,independent,dlinear,experiment-freeze-v2:memory_dlinear,846438532.3283072,846438532.3283072,2877241343.7153134,0.5362291874178396,0.8689679283428529,True,298993412.82859784,298993412.82859784,False,0.0,178379845.79303184,178379845.79303184,323826852.0686276,0,0,0.0,a53b82985e0abbcd,177793534259287c,native,1.0,0.0,844976853.3901465,835569802.7322348,835539072.0094448,1348125215.317614,1.0017298449446232,1.0130075662865419,1.0130448242146828,0.6278634378401482
memory_um,1,16,0,bottom_up,dlinear,experiment-freeze-v2:memory_dlinear,805620111.2654964,805620111.2654964,2855513291.443159,0.543207251928594,0.8270630558276454,True,298993412.82859784,0.0,True,515972176.5643009,178379845.79303184,178379845.79303184,323826852.0686276,0,0,0.0,a53b82985e0abbcd,177793534259287c,native,0.9517762725776069,-4.8223727422393114,844976853.3901465,835569802.7322348,835539072.0094448,1348125215.317614,0.9534226979511377,0.9641565655331179,0.9641920267450876,0.5975855225552582
memory_um,1,16,0,wls,dlinear,experiment-freeze-v2:memory_dlinear,800705804.6421564,800705804.6421564,2852487288.8371325,0.5441748703656577,0.8220179466051497,True,298993412.82859784,0.0,True,339024784.811092,177859003.6910645,177859003.69106448,332536005.22984236,3,4,0.0,a53b82985e0abbcd,177793534259287c,native,0.9459704090262133,-5.402959097378668,844976853.3901465,835569802.7322348,835539072.0094448,1348125215.317614,0.9476067911560305,0.9582751818267289,0.9583104267242517,0.5939402331062494
memory_um,1,16,0,mint,dlinear,experiment-freeze-v2:memory_dlinear,800943702.60157,800943702.60157,2852580170.157878,0.5441451851645882,0.8222621766219236,True,298993412.82859784,0.0,True,332829329.74928087,177837218.94399452,177837218.9439945,331710457.69678426,4,3,0.0,a53b82985e0abbcd,177793534259287c,native,0.946251466599005,-5.374853340099495,844976853.3901465,835569802.7322348,835539072.0094448,1348125215.317614,0.9478883349148438,0.9585598952745291,0.9585951506436748,0.5941166988801334
memory_um,1,16,1,independent,dlinear,robustness_extension,848788268.2440104,848788268.2440104,2878061242.8628054,0.5359648373506629,0.8713802064620979,True,318838563.5528655,318838563.5528655,False,0.0,179636298.66443032,179636298.66443032,329949351.82044345,0,0,0.0,dec2cf31f7e91404,177793534259287c,native,1.0,0.0,844976853.3901465,835569802.7322348,835539072.0094448,1348125215.317614,1.0045106736812637,1.015819702278077,1.015857063635219,0.6296064034704956
memory_um,1,16,1,bottom_up,dlinear,robustness_extension,794251346.0221783,794251346.0221783,2852578438.9955273,0.544145738459084,0.8153916916304983,True,318838563.5528655,0.0,True,548171976.2580038,179636298.66443032,179636298.66443032,329949351.82044345,0,0,0.0,dec2cf31f7e91404,177793534259287c,native,0.935747318545461,-6.4252681454539,844976853.3901465,835569802.7322348,835539072.0094448,1348125215.317614,0.9399681693475371,0.9505505625323593,0.950585523322122,0.5891525037865679
memory_um,1,16,1,wls,dlinear,robustness_extension,791043489.7628727,791043489.7628727,2849471754.0387607,0.5451381209174303,0.8120984528404319,True,318838563.5528655,0.0,True,361085635.8651452,178917052.4515677,178917052.45156768,340686211.7695115,3,4,0.0,dec2cf31f7e91404,177793534259287c,native,0.9319679823089435,-6.803201769105649,844976853.3901465,835569802.7322348,835539072.0094448,1348125215.317614,0.9361717857585249,0.9467114383217712,0.946746257910403,0.5867730094911884
memory_um,1,16,1,mint,dlinear,robustness_extension,791327446.0788033,791327446.0788033,2849560864.67001,0.545109670968483,0.8123899671349376,True,318838563.5528655,0.0,True,355882493.47803426,178827464.98173097,178827464.98173097,339532709.32791424,4,3,0.0,dec2cf31f7e91404,177793534259287c,native,0.932302525476603,-6.769747452339702,844976853.3901465,835569802.7322348,835539072.0094448,1348125215.317614,0.936507837941246,0.9470512738627423,0.9470861059503609,0.586983640011784
memory_um,1,16,2,independent,dlinear,robustness_extension,860186673.0334218,860186673.0334218,2889502953.0090127,0.5322679671097458,0.8830819991120882,True,316452296.0020378,316452296.0020378,False,0.0,185298453.10486856,185298453.10486853,354065405.2406315,0,0,0.0,e0dc77b48ea1c797,177793534259287c,native,1.0,0.0,844976853.3901465,835569802.7322348,835539072.0094448,1348125215.317614,1.0180002796316274,1.029461177535009,1.0294990406190105,0.6380614079907737
memory_um,1,16,2,bottom_up,dlinear,robustness_extension,806641602.0151223,806641602.0151223,2880527665.6573663,0.535169164700101,0.8281117352847138,True,316452296.0020378,0.0,True,555189828.0081984,185298453.10486856,185298453.10486853,354065405.2406315,0,0,0.0,e0dc77b48ea1c797,177793534259287c,native,0.9377518012113877,-6.224819878861232,844976853.3901465,835569802.7322348,835539072.0094448,1348125215.317614,0.954631595858255,0.965379073510651,0.9654145796858726,0.5983432346268222
memory_um,1,16,2,wls,dlinear,robustness_extension,805140793.5784646,805140793.5784646,2871533992.834127,0.5380672518806665,0.8265709802880639,True,316452296.0020378,0.0,True,364336754.4481724,184906533.34535044,184906533.34535044,363541697.92188656,3,4,0.0,e0dc77b48ea1c797,177793534259287c,native,0.9360070538400235,-6.399294615997652,844976853.3901465,835569802.7322348,835539072.0094448,1348125215.317614,0.9528554425463196,0.9635829238272252,0.9636183639409306,0.5972299786624612
memory_um,1,16,2,mint,dlinear,robustness_extension,805903054.7677052,805903054.7677052,2871381776.885311,0.5381162233837788,0.8273535303506757,True,316452296.0020378,0.0,True,351327429.7736295,184902369.19060427,184902369.19060427,363146675.6841961,4,3,0.0,e0dc77b48ea1c797,177793534259287c,native,0.9368932117091665,-6.310678829083349,844976853.3901465,835569802.7322348,835539072.0094448,1348125215.317614,0.953757551504905,0.9644951889506752,0.9645306626170503,0.5977954018001488
memory_um,2,1,0,independent,dlinear,experiment-freeze-v2:memory_dlinear,1048733686.1079497,1048733686.1079497,3264757937.5174284,0.44090583834607977,0.994047572776639,True,446698754.89137936,446698754.89137936,False,0.0,222412737.13792375,222412737.13792375,616887912.2037297,0,0,0.0,cf7e42c163a2d4af,177793534259287c,native,1.0,0.0,1042314122.8689456,1034898874.6414587,1062872941.5920458,1263368437.7287288,1.0061589525634886,1.0133682737564904,0.9866971347836578,0.8301091390199306
memory_um,2,1,0,bottom_up,dlinear,experiment-freeze-v2:memory_dlinear,1087821698.7668452,1087821698.7668452,3299611347.436745,0.42890473258126427,1.0310973449189234,True,446698754.89137936,0.0,True,764201186.9458342,222412737.13792375,222412737.13792375,616887912.2037297,0,0,0.0,cf7e42c163a2d4af,177793534259287c,native,1.037271628800214,3.727162880021395,1042314122.8689456,1034898874.6414587,1062872941.5920458,1263368437.7287288,1.043660135557447,1.0511381598938558,1.023472944129549,0.8610486587131465
memory_um,2,1,0,wls,dlinear,experiment-freeze-v2:memory_dlinear,1045026092.8781725,1045026092.8781725,3268078093.5977626,0.43976809778157266,0.9905333116255732,True,446698754.89137936,0.0,True,507550548.23111326,220735988.842688,220735988.84268796,587208850.1702096,4,3,0.0,cf7e42c163a2d4af,177793534259287c,native,0.9964646952044262,-0.3535304795573846,1042314122.8689456,1034898874.6414587,1062872941.5920458,1263368437.7287288,1.0026018739933815,1.0097857080385968,0.9832088596712782,0.8271744501999038
memory_um,2,1,0,mint,dlinear,experiment-freeze-v2:memory_dlinear,1044144042.2036036,1044144042.2036036,3267391148.3033133,0.4400035929017573,0.9896972553953446,True,446698754.89137936,0.0,True,499267351.55428,219747163.00494167,219747163.00494164,583648941.2473478,4,3,0.0,cf7e42c163a2d4af,177793534259287c,native,0.9956236326103158,-0.4376367389684166,1042314122.8689456,1034898874.6414587,1062872941.5920458,1263368437.7287288,1.001755631334651,1.008933401889482,0.9823789856194959,0.8264762764540449
memory_um,2,1,1,independent,dlinear,robustness_extension,1060078627.4855586,1060078627.4855586,3263665754.377639,0.44127985142075143,1.0048009333190642,True,420822372.82712317,420822372.82712317,False,0.0,220130320.747874,220130320.74787396,599993100.2303897,0,0,0.0,b42b2f7c3baf9ce3,177793534259287c,native,1.0,0.0,1042314122.8689456,1034898874.6414587,1062872941.5920458,1263368437.7287288,1.0170433310139908,1.0243306408588215,0.9973709801076489,0.8390890541727933
memory_um,2,1,1,bottom_up,dlinear,robustness_extension,1088970658.4786875,1088970658.4786875,3302366808.4047647,0.4279505063942808,1.0321863922413315,True,420822372.82712317,0.0,True,764628491.7715535,220130320.747874,220130320.74787396,599993100.2303897,0,0,0.0,b42b2f7c3baf9ce3,177793534259287c,native,1.0272546113505363,2.7254611350536306,1042314122.8689456,1034898874.6414587,1062872941.5920458,1263368437.7287288,1.044762451727432,1.0522483743698745,1.0245539385427864,0.861958100232762
memory_um,2,1,1,wls,dlinear,robustness_extension,1053543218.4334736,1053543218.4334736,3269552244.1238303,0.4392625698267426,0.9986063125193477,True,420822372.82712317,0.0,True,507998457.2599996,219269619.68343005,219269619.68343002,576972871.8888985,3,4,0.0,b42b2f7c3baf9ce3,177793534259287c,native,0.9938349770643083,-0.6165022935691655,1042314122.8689456,1034898874.6414587,1062872941.5920458,1263368437.7287288,1.0107732355516974,1.0180156189641951,0.991222165139892,0.8339160509087302
memory_um,2,1,1,mint,dlinear,robustness_extension,1052851462.0479527,1052851462.0479527,3268844185.9486585,0.43950541147646005,0.9979506277014683,True,420822372.82712317,0.0,True,499956280.331501,218560515.46987453,218560515.4698745,574575020.6425011,2,5,0.0,b42b2f7c3baf9ce3,177793534259287c,native,0.9931824251048732,-0.6817574895126799,1042314122.8689456,1034898874.6414587,1062872941.5920458,1263368437.7287288,1.0101095619332139,1.0173471899973934,0.9905713287525391,0.8333685017022893
memory_um,2,1,2,independent,dlinear,robustness_extension,1047857594.3617969,1047857594.3617969,3261923096.0986753,0.4418763575704665,0.9932171647470992,True,413437762.9999718,413437762.9999718,False,0.0,219965987.30254883,219965987.30254883,598145533.4157735,0,0,0.0,a5a6c3603229b611,177793534259287c,native,1.0,0.0,1042314122.8689456,1034898874.6414587,1062872941.5920458,1263368437.7287288,1.0053184269225797,1.0125217255887224,0.9858728671672101,0.829415681972889
memory_um,2,1,2,bottom_up,dlinear,robustness_extension,1089924119.544496,1089924119.544496,3303307836.3319163,0.42762444252657283,1.0330901351750799,True,413437762.9999718,0.0,True,761949327.087888,219965987.30254883,219965987.30254883,598145533.4157735,0,0,0.0,a5a6c3603229b611,177793534259287c,native,1.040145269174978,4.014526917497796,1042314122.8689456,1034898874.6414587,1062872941.5920458,1263368437.7287288,1.045677205777952,1.053169682807995,1.0254509987919451,0.8627127977836385
memory_um,2,1,2,wls,dlinear,robustness_extension,1049065310.6556197,1049065310.6556197,3269650873.6535482,0.4392287388315024,0.9943619047953881,True,413437762.9999718,0.0,True,505261346.4788122,218405292.3320671,218405292.33206713,575482103.157505,4,3,0.0,a5a6c3603229b611,177793534259287c,native,1.0011525576569957,0.11525576569957341,1042314122.8689456,1034898874.6414587,1062872941.5920458,1263368437.7287288,1.0064771143732483,1.0136887152564245,0.9870091424890881,0.8303716313679792
memory_um,2,1,2,mint,dlinear,robustness_extension,1047712950.3144735,1047712950.3144735,3268459733.023841,0.4396372446872122,0.9930800631491787,True,413437762.9999718,0.0,True,492106358.19580126,217853831.26830617,217853831.26830614,573074701.4454154,4,3,0.0,a5a6c3603229b611,177793534259287c,native,0.9998619621138392,-0.013803788616084667,1042314122.8689456,1034898874.6414587,1062872941.5920458,1263368437.7287288,1.0051796548920087,1.0123819592300303,0.985736779360603,0.8293011911854007
memory_um,2,8,0,independent,dlinear,experiment-freeze-v2:memory_dlinear,1047041227.013701,1047041227.013701,3261872960.6639767,0.442238337275768,0.9921592884362527,True,422773609.62416166,422773609.62416166,False,0.0,226639661.50603178,226639661.50603175,604648543.99596,0,0,0.0,c750c4ba8eb1b1df,177793534259287c,native,1.0,0.0,1043003720.7891682,1035591176.3913442,1063739741.8137752,1262294522.4928114,1.003871037220728,1.0110565355165115,0.984302067372606,0.8294745864427718
memory_um,2,8,0,bottom_up,dlinear,experiment-freeze-v2:memory_dlinear,1102962664.1543586,1102962664.1543586,3298310783.4214487,0.4297074161198765,1.0451495354774816,True,422773609.62416166,0.0,True,738226632.4024359,226639661.50603178,226639661.50603175,604648543.99596,0,0,0.0,c750c4ba8eb1b1df,177793534259287c,native,1.0534090116968489,5.340901169684886,1043003720.7891682,1035591176.3913442,1063739741.8137752,1262294522.4928114,1.0574867971897777,1.0650560658480883,1.0368726680021418,0.8737760043323327
memory_um,2,8,0,wls,dlinear,experiment-freeze-v2:memory_dlinear,1057524495.8382838,1057524495.8382838,3267473942.2985206,0.44032122094557047,1.0020930639831327,True,422773609.62416166,0.0,True,489183932.87638587,224774257.35124716,224774257.35124713,578887060.3866627,4,3,0.0,c750c4ba8eb1b1df,177793534259287c,native,1.0100122789381298,1.0012278938129837,1043003720.7891682,1035591176.3913442,1063739741.8137752,1262294522.4928114,1.0139220740632917,1.0211795155723218,0.9941571742305182,0.8377795173743268
memory_um,2,8,0,mint,dlinear,experiment-freeze-v2:memory_dlinear,1055903452.2580509,1055903452.2580509,3266356713.6424665,0.4407038910328689,1.0005569893725128,True,422773609.62416166,0.0,True,475928154.4304123,224103729.42082828,224103729.42082825,576032849.123813,4,3,0.0,c750c4ba8eb1b1df,177793534259287c,native,1.0084640652303885,0.8464065230388451,1043003720.7891682,1035591176.3913442,1063739741.8137752,1262294522.4928114,1.0123678671626621,1.0196141839847337,0.9926332642772538,0.836495313449373
memory_um,2,8,1,independent,dlinear,robustness_extension,1043534124.4204463,1043534124.4204463,3259337364.1293254,0.4431051453174669,0.9888360148882561,True,409620279.77904767,409620279.77904767,False,0.0,222503418.9647546,222503418.96475458,588443171.1980455,0,0,0.0,d85f787524e2b902,177793534259287c,native,1.0,0.0,1043003720.7891682,1035591176.3913442,1063739741.8137752,1262294522.4928114,1.0005085347450886,1.0076699649535257,0.9810051118717474,0.8266962312089008
memory_um,2,8,1,bottom_up,dlinear,robustness_extension,1096835386.279895,1096835386.279895,3308387005.9461493,0.4262176464324522,1.039343426320426,True,409620279.77904767,0.0,True,769245750.5070713,222503418.9647546,222503418.96475458,588443171.1980455,0,0,0.0,d85f787524e2b902,177793534259287c,native,1.0510776414609835,5.107764146098348,1043003720.7891682,1035591176.3913442,1063739741.8137752,1262294522.4928114,1.0516121509614522,1.0591393701344236,1.0311125392473244,0.8689219249037352
memory_um,2,8,1,wls,dlinear,robustness_extension,1052795742.0968314,1052795742.0968314,3271780033.1919656,0.4388450863030926,0.9976121736167707,True,409620279.77904767,0.0,True,509853900.4037439,221044286.375272,221044286.37527204,567275758.3160615,5,2,0.0,d85f787524e2b902,177793534259287c,native,1.0088752417957858,0.8875241795785804,1043003720.7891682,1035591176.3913442,1063739741.8137752,1262294522.4928114,1.0093882899096986,1.0166132795428393,0.9897117694425112,0.8340333601525447
memory_um,2,8,1,mint,dlinear,robustness_extension,1051138787.7667587,1051138787.7667587,3270307122.2629356,0.43935022121455924,0.9960420705619127,True,409620279.77904767,0.0,True,495131788.65429354,220611949.55324847,220611949.5532485,565335313.2345296,5,2,0.0,d85f787524e2b902,177793534259287c,native,1.0072874122353555,0.728741223535545,1043003720.7891682,1035591176.3913442,1063739741.8137752,1262294522.4928114,1.0077996528827675,1.0150132713853282,0.9881541005269477,0.8327207074391347
memory_um,2,8,2,independent,dlinear,robustness_extension,1065201981.9429041,1065201981.9429041,3277895095.5526075,0.43674549278156916,1.0093681253217057,True,479924370.1989934,479924370.1989934,False,0.0,234669374.96662393,234669374.96662393,634300166.5855911,0,0,0.0,248d3a71e69f5cb1,177793534259287c,native,1.0,0.0,1043003720.7891682,1035591176.3913442,1063739741.8137752,1262294522.4928114,1.0212830124296584,1.0285931419913625,1.0013746220730981,0.8438616843867119
memory_um,2,8,2,bottom_up,dlinear,robustness_extension,1143045349.8114996,1143045349.8114996,3306284839.350108,0.4269465834560765,1.0831312384459766,True,479924370.1989934,0.0,True,795567602.5911603,234669374.96662393,234669374.96662393,634300166.5855911,0,0,0.0,248d3a71e69f5cb1,177793534259287c,native,1.07307850453546,7.307850453546005,1043003720.7891682,1035591176.3913442,1063739741.8137752,1262294522.4928114,1.0959168476854875,1.1037611905835214,1.0745535819339616,0.9055298343164672
memory_um,2,8,2,wls,dlinear,robustness_extension,1084196815.425309,1084196815.425309,3275245235.320781,0.437655797953861,1.0273673215191839,True,479924370.1989934,0.0,True,527705415.4141719,232547558.54919314,232547558.54919308,603002604.7836661,4,3,0.0,248d3a71e69f5cb1,177793534259287c,native,1.0178321424522312,1.7832142452231192,1043003720.7891682,1035591176.3913442,1063739741.8137752,1262294522.4928114,1.039494676591348,1.0469351614247406,1.0192312769819547,0.8589095461526756
memory_um,2,8,2,mint,dlinear,robustness_extension,1081950068.4160104,1081950068.4160104,3274174335.5108175,0.4380234747557459,1.0252383404852663,True,479924370.1989934,0.0,True,513099257.41724694,231420054.02123633,231420054.0212363,598887147.5598806,5,2,0.0,248d3a71e69f5cb1,177793534259287c,native,1.0157229208704233,1.5722920870423263,1043003720.7891682,1035591176.3913442,1063739741.8137752,1262294522.4928114,1.0373405644203975,1.0447656305707527,1.0171191560176034,0.8571296548759063
memory_um,2,16,0,independent,dlinear,experiment-freeze-v2:memory_dlinear,1056253575.3982915,1056253575.3982915,3268584090.9624124,0.4403320156242032,1.0006503400189206,True,442752201.4274765,442752201.4274765,False,0.0,228959976.162846,228959976.16284597,629540423.6563805,0,0,0.0,786fc66f75cb826b,177793534259287c,native,1.0,0.0,1043733133.2584704,1036338955.8872705,1065098498.0995754,1266339742.2184117,1.0119958270374467,1.019216318558604,0.9916956762993604,0.8340996812971494
memory_um,2,16,0,bottom_up,dlinear,experiment-freeze-v2:memory_dlinear,1114268869.9370599,1114268869.9370599,3310106569.974992,0.42602220524723844,1.055611597011235,True,442752201.4274765,0.0,True,761746661.028381,228959976.162846,228959976.16284597,629540423.6563805,0,0,0.0,786fc66f75cb826b,177793534259287c,native,1.0549255367177262,5.492553671772615,1043733133.2584704,1036338955.8872705,1065098498.0995754,1266339742.2184117,1.0675802409935777,1.0751973218869004,1.0461650935807512,0.8799130539684796
memory_um,2,16,0,wls,dlinear,experiment-freeze-v2:memory_dlinear,1065327935.1031616,1065327935.1031616,3276438571.1055675,0.4376389946270408,1.0092470078415203,True,442752201.4274765,0.0,True,504952248.32949764,226909603.9732956,226909603.9732956,600080413.7275304,4,3,0.0,786fc66f75cb826b,177793534259287c,native,1.0085910806990153,0.8591080699015263,1043733133.2584704,1036338955.8872705,1065098498.0995754,1266339742.2184117,1.0206899648545922,1.0279724882010943,1.0002154138833128,0.8412654989701961
memory_um,2,16,0,mint,dlinear,experiment-freeze-v2:memory_dlinear,1063840218.9395489,1063840218.9395489,3275376562.2603474,0.43800349745958855,1.0078376079401667,True,442752201.4274765,0.0,True,493259292.5263876,226014500.40097898,226014500.40097892,596211151.2072144,5,2,0.0,786fc66f75cb826b,177793534259287c,native,1.007182596791113,0.7182596791112994,1043733133.2584704,1036338955.8872705,1065098498.0995754,1266339742.2184117,1.0192645850173456,1.0265369384177332,0.9988186264817088,0.8400906829915026
memory_um,2,16,1,independent,dlinear,robustness_extension,1061806479.0421293,1061806479.0421293,3266090073.408288,0.4411857732231571,1.005910928052626,True,421945593.8067741,421945593.8067741,False,0.0,228361534.2003195,228361534.20031947,620586088.5045063,0,0,0.0,37e685095be9e1d3,177793534259287c,native,1.0,0.0,1043733133.2584704,1036338955.8872705,1065098498.0995754,1266339742.2184117,1.0173160602147744,1.0245745110807445,0.9969091881517813,0.8384846843565259
memory_um,2,16,1,bottom_up,dlinear,robustness_extension,1109621115.1633756,1109621115.1633756,3306705723.111121,0.42720102398394477,1.0512085090568506,True,421945593.8067741,0.0,True,763965806.8611377,228361534.2003195,228361534.20031947,620586088.5045063,0,0,0.0,37e685095be9e1d3,177793534259287c,native,1.0450314036173338,4.503140361733382,1043733133.2584704,1036338955.8872705,1065098498.0995754,1266339742.2184117,1.0631272303287018,1.070712539425254,1.041801408173273,0.8762428266047374
memory_um,2,16,1,wls,dlinear,robustness_extension,1066505691.4668428,1066505691.4668428,3273217131.3902254,0.438744293222908,1.010362764827557,True,421945593.8067741,0.0,True,506537280.3457524,227021619.4667809,227021619.4667809,594736820.8607782,4,3,0.0,37e685095be9e1d3,177793534259287c,native,1.00442567691709,0.442567691709006,1043733133.2584704,1036338955.8872705,1065098498.0995754,1266339742.2184117,1.021818372419852,1.0291089468442733,1.0013211861342197,0.8421955466694162
memory_um,2,16,1,mint,dlinear,robustness_extension,1065254537.6591183,1065254537.6591183,3272191682.97793,0.4390959036395712,1.009177474181186,True,421945593.8067741,0.0,True,495105127.68569475,226290299.20164156,226290299.20164156,591742312.2825644,3,4,0.0,37e685095be9e1d3,177793534259287c,native,1.0032473512688485,0.3247351268848453,1043733133.2584704,1036338955.8872705,1065098498.0995754,1266339742.2184117,1.0206196428137329,1.0279016644193324,1.0001465024688527,0.841207538660181
memory_um,2,16,2,independent,dlinear,robustness_extension,1057947382.5346687,1057947382.5346687,3265508150.0471473,0.4413848847456803,1.0022549818647986,True,442837526.7654207,442837526.7654207,False,0.0,230630097.050616,230630097.05061597,624354052.403797,0,0,0.0,ba724a3585f355d2,177793534259287c,native,1.0,0.0,1043733133.2584704,1036338955.8872705,1065098498.0995754,1266339742.2184117,1.0136186624945231,1.0208507327883838,0.9932859584557989,0.8354372426796974
memory_um,2,16,2,bottom_up,dlinear,robustness_extension,1124392060.6235838,1124392060.6235838,3313800990.0361543,0.4247402535085706,1.0652018833198298,True,442837526.7654207,0.0,True,777755088.2784048,230630097.050616,230630097.05061597,624354052.403797,0,0,0.0,ba724a3585f355d2,177793534259287c,native,1.0628052766950702,6.280527669507019,1043733133.2584704,1036338955.8872705,1065098498.0995754,1266339742.2184117,1.0772792630557786,1.0849655455255234,1.0556695579139435,0.8879071098675623
memory_um,2,16,2,wls,dlinear,robustness_extension,1073923370.0244174,1073923370.0244174,3277014922.2047553,0.4374411298516512,1.0173899624093397,True,442837526.7654207,0.0,True,515319278.67471457,228838176.9758832,228838176.9758832,595543698.7545435,4,3,0.0,ba724a3585f355d2,177793534259287c,native,1.0151009282252514,1.5100928225251442,1043733133.2584704,1036338955.8872705,1065098498.0995754,1266339742.2184117,1.0289252451646285,1.0362665264329167,1.00828549842159,0.8480531205181056
memory_um,2,16,2,mint,dlinear,robustness_extension,1072180974.3016919,1072180974.3016919,3275688557.4966817,0.43789642666678485,1.0157392897744704,True,442837526.7654207,0.0,True,501906764.0329674,227987200.20600787,227987200.2060079,591925646.1045266,4,3,0.0,ba724a3585f355d2,177793534259287c,native,1.0134539694525468,1.3453969452546843,1043733133.2584704,1036338955.8872705,1065098498.0995754,1266339742.2184117,1.0272558570162558,1.0345852273629288,1.0066495973985068,0.84667718982223
