experiment_stage,eligible_for_final_claims,family,method,base_model,horizon,outer_fold,machine,mae,mase,mase_valid,nmae_train_range,n_parameters,train_seconds,infer_seconds,n_test
development,False,CU,local,ridge,1,outer_0,machine01,3.8466567402591614,1.472086820820431,True,0.038969563434172044,33,0.0012669048587018292,0.0001812090013117995,4847
development,False,CU,local,ridge,1,outer_0,machine02,1.2400141287828264,0.6169011871625796,True,0.0866721845169817,33,0.0012669048587018292,0.00013683400175068527,4847
development,False,CU,local,ridge,1,outer_0,machine03,0.9208647739795917,0.9269991183930796,True,0.015101186733396119,33,0.0012669048587018292,0.00014995899982750416,4847
development,False,CU,local,ridge,1,outer_0,machine04,3.343937204927175,1.854037475017883,True,0.03361116243526997,33,0.0012669048587018292,0.0001458749975427054,4847
development,False,CU,local,ridge,1,outer_0,machine05,0.6044081218109112,0.7142214820939496,True,0.05868040017510915,33,0.0012669048587018292,0.00014995899982750416,4847
development,False,CU,local,ridge,1,outer_0,machine06,0.058104871842607854,1.0659307763881691,True,0.03597225340280485,33,0.0012669048587018292,0.00015854199955356307,4847
development,False,CU,local,ridge,1,outer_0,machine07,0.9562680250611617,0.6613033099649254,True,0.07967055983185482,33,0.0012669048587018292,0.00013720900096814148,4847
development,False,CU,global_pooled,ridge,1,outer_0,machine01,4.551336701943907,1.7417625820172749,True,0.04610850832110611,33,0.0981547919982404,0.08789075000095181,4847
development,False,CU,global_pooled,ridge,1,outer_0,machine02,1.509090244710173,0.750765287175385,True,0.105479562777792,33,0.0981547919982404,0.08789075000095181,4847
development,False,CU,global_pooled,ridge,1,outer_0,machine03,1.2792944851878179,1.2878165105710928,True,0.02097904649380501,33,0.0981547919982404,0.08789075000095181,4847
development,False,CU,global_pooled,ridge,1,outer_0,machine04,3.5656562450354627,1.9769690326679648,True,0.03583974336109932,33,0.0981547919982404,0.08789075000095181,4847
development,False,CU,global_pooled,ridge,1,outer_0,machine05,0.6316996700861259,0.7464715617245151,True,0.06133006505616601,33,0.0981547919982404,0.08789075000095181,4847
development,False,CU,global_pooled,ridge,1,outer_0,machine06,0.07050484083656808,1.2934075465413553,True,0.04364897331789073,33,0.0981547919982404,0.08789075000095181,4847
development,False,CU,global_pooled,ridge,1,outer_0,machine07,1.062510517293627,0.7347748785324916,True,0.0885220518950247,33,0.0981547919982404,0.08789075000095181,4847
development,False,CU,global_onehot,ridge,1,outer_0,machine01,4.0107819275172645,1.5348963048585262,True,0.04063227662328003,40,0.10575137499836273,0.08636466700045276,4847
development,False,CU,global_onehot,ridge,1,outer_0,machine02,1.4580331687973704,0.7253646324468983,True,0.10191087093655009,40,0.10575137499836273,0.08636466700045276,4847
development,False,CU,global_onehot,ridge,1,outer_0,machine03,1.2730580323098755,1.2815385135370998,True,0.020876775408923742,40,0.10575137499836273,0.08636466700045276,4847
development,False,CU,global_onehot,ridge,1,outer_0,machine04,3.6439139700108485,2.0203588291630123,True,0.03662634099878422,40,0.10575137499836273,0.08636466700045276,4847
development,False,CU,global_onehot,ridge,1,outer_0,machine05,0.6320921151415704,0.7469353091147722,True,0.06136816651785919,40,0.10575137499836273,0.08636466700045276,4847
development,False,CU,global_onehot,ridge,1,outer_0,machine06,0.07136457465752216,1.3091793176544404,True,0.044181227531446085,40,0.10575137499836273,0.08636466700045276,4847
development,False,CU,global_onehot,ridge,1,outer_0,machine07,1.0311315789837698,0.7130748998406738,True,0.08590774553262628,40,0.10575137499836273,0.08636466700045276,4847
development,False,CU,global_residual,ridge,1,outer_0,machine01,3.846657869935236,1.472087253139032,True,0.038969574878651346,271,0.11829216700061806,2.124053791998449,4847
development,False,CU,global_residual,ridge,1,outer_0,machine02,1.240013532814302,0.6169008906710465,True,0.08667214286109028,271,0.11829216700061806,2.124053791998449,4847
development,False,CU,global_residual,ridge,1,outer_0,machine03,0.9208650814786076,0.9269994279405014,True,0.015101191776047539,271,0.11829216700061806,2.124053791998449,4847
development,False,CU,global_residual,ridge,1,outer_0,machine04,3.3439376572749175,1.854037725820938,True,0.03361116698198617,271,0.11829216700061806,2.124053791998449,4847
development,False,CU,global_residual,ridge,1,outer_0,machine05,0.6044076491590091,0.7142209235671366,True,0.05868035428657497,271,0.11829216700061806,2.124053791998449,4847
development,False,CU,global_residual,ridge,1,outer_0,machine06,0.058104256772343814,1.0659194929569646,True,0.03597187261780874,271,0.11829216700061806,2.124053791998449,4847
development,False,CU,global_residual,ridge,1,outer_0,machine07,0.9562679352697954,0.6613032478700668,True,0.07967055235097265,271,0.11829216700061806,2.124053791998449,4847
development,False,CU,global_embed,ridge,1,outer_0,machine01,4.632743311429725,1.7729162838013532,True,0.046933219296514006,2753,2.1808257080010662,0.09779679200073588,4847
development,False,CU,global_embed,ridge,1,outer_0,machine02,1.246508875822746,0.6201322932171371,True,0.08712614217824446,2753,2.1808257080010662,0.09779679200073588,4847
development,False,CU,global_embed,ridge,1,outer_0,machine03,0.9418046022423904,0.948078437406478,True,0.015444577278562936,2753,2.1808257080010662,0.09779679200073588,4847
development,False,CU,global_embed,ridge,1,outer_0,machine04,4.49487677710185,2.4921729923800786,True,0.04517968616727756,2753,2.1808257080010662,0.09779679200073588,4847
development,False,CU,global_embed,ridge,1,outer_0,machine05,0.6155780748535618,0.727420875234364,True,0.05976486163554758,2753,2.1808257080010662,0.09779679200073588,4847
development,False,CU,global_embed,ridge,1,outer_0,machine06,0.07138970660863633,1.3096403619578483,True,0.044196786517901376,2753,2.1808257080010662,0.09779679200073588,4847
development,False,CU,global_embed,ridge,1,outer_0,machine07,0.9730527747794786,0.672910736183057,True,0.08106896527013176,2753,2.1808257080010662,0.09779679200073588,4847
development,False,CU,local,ridge,4,outer_0,machine01,3.7059656901823153,1.4182454061556125,True,0.037544255908494424,132,0.003292196286305885,0.0005405000010796357,4606
development,False,CU,local,ridge,4,outer_0,machine02,1.2398840825968063,0.6168364897977032,True,0.08666309479230129,132,0.003292196286305885,0.0005739590014854912,4606
development,False,CU,local,ridge,4,outer_0,machine03,0.8871886177218384,0.8930986282843151,True,0.014548934178535521,132,0.003292196286305885,0.000523374998010695,4606
development,False,CU,local,ridge,4,outer_0,machine04,3.2795499680092433,1.8183381353344692,True,0.03296398225628274,132,0.003292196286305885,0.0005450419994303957,4606
development,False,CU,local,ridge,4,outer_0,machine05,0.6077944979469124,0.7182231202180962,True,0.05900917455724123,132,0.003292196286305885,0.0006228749989531934,4606
development,False,CU,local,ridge,4,outer_0,machine06,0.058339126950547715,1.0702281738552113,True,0.03611727883417556,132,0.003292196286305885,0.0006010840006638318,4606
development,False,CU,local,ridge,4,outer_0,machine07,0.9605001273747366,0.6642300033131614,True,0.08002315340578159,132,0.003292196286305885,0.0006091670002206229,4606
development,False,CU,global_pooled,ridge,4,outer_0,machine01,4.399465838658163,1.6836427362900208,True,0.044569940770049415,132,0.1121812499986845,0.09317033300249022,4606
development,False,CU,global_pooled,ridge,4,outer_0,machine02,1.5093405502335149,0.7508898129940178,True,0.10549705816433731,132,0.1121812499986845,0.09317033300249022,4606
development,False,CU,global_pooled,ridge,4,outer_0,machine03,1.262721072778294,1.2711326943078225,True,0.02070726044803826,132,0.1121812499986845,0.09317033300249022,4606
development,False,CU,global_pooled,ridge,4,outer_0,machine04,3.476589083851755,1.9275859717705492,True,0.0349444960407301,132,0.1121812499986845,0.09317033300249022,4606
development,False,CU,global_pooled,ridge,4,outer_0,machine05,0.6356243997508317,0.751109365448174,True,0.0617111067711814,132,0.1121812499986845,0.09317033300249022,4606
development,False,CU,global_pooled,ridge,4,outer_0,machine06,0.07001285550293442,1.284382101823531,True,0.04334438920074694,132,0.1121812499986845,0.09317033300249022,4606
development,False,CU,global_pooled,ridge,4,outer_0,machine07,1.0660613654765076,0.7372304533242678,True,0.0888178874298267,132,0.1121812499986845,0.09317033300249022,4606
development,False,CU,global_onehot,ridge,4,outer_0,machine01,3.853668323913519,1.474770101546427,True,0.03904059611851135,160,0.12368174999937764,0.09531529199739452,4606
development,False,CU,global_onehot,ridge,4,outer_0,machine02,1.458586873734565,0.7256400980445592,True,0.10194957276693295,160,0.12368174999937764,0.09531529199739452,4606
development,False,CU,global_onehot,ridge,4,outer_0,machine03,1.256105610595273,1.2644731631967332,True,0.020598774020306,160,0.12368174999937764,0.09531529199739452,4606
development,False,CU,global_onehot,ridge,4,outer_0,machine04,3.5642705560548062,1.976200740938362,True,0.03582581528333967,160,0.12368174999937764,0.09531529199739452,4606
development,False,CU,global_onehot,ridge,4,outer_0,machine05,0.6359297244891476,0.7514701638545,True,0.061740749949658315,160,0.12368174999937764,0.09531529199739452,4606
development,False,CU,global_onehot,ridge,4,outer_0,machine06,0.07102857144865339,1.3030153567000378,True,0.043973210678636854,160,0.12368174999937764,0.09531529199739452,4606
development,False,CU,global_onehot,ridge,4,outer_0,machine07,1.034987450791469,0.7157414124944549,True,0.086228993820249,160,0.12368174999937764,0.09531529199739452,4606
development,False,CU,global_residual,ridge,4,outer_0,machine01,3.7059670191367657,1.4182459147365607,True,0.0375442693718155,1084,0.16041629199753515,8.555197375000716,4606
development,False,CU,global_residual,ridge,4,outer_0,machine02,1.2398835147414173,0.6168362072923225,True,0.08666305510140913,1084,0.16041629199753515,8.555197375000716,4606
development,False,CU,global_residual,ridge,4,outer_0,machine03,0.8871887276877816,0.8930987389827968,True,0.014548935981858102,1084,0.16041629199753515,8.555197375000716,4606
development,False,CU,global_residual,ridge,4,outer_0,machine04,3.2795505135040544,1.8183384377826792,True,0.032963987739254935,1084,0.16041629199753515,8.555197375000716,4606
development,False,CU,global_residual,ridge,4,outer_0,machine05,0.6077940533753892,0.718222594873514,True,0.05900913139495741,1084,0.16041629199753515,8.555197375000716,4606
development,False,CU,global_residual,ridge,4,outer_0,machine06,0.05833845160044486,1.0702157845935774,True,0.03611686073042169,1084,0.16041629199753515,8.555197375000716,4606
development,False,CU,global_residual,ridge,4,outer_0,machine07,0.9605000338004801,0.6642299386022603,True,0.08002314560973152,1084,0.16041629199753515,8.555197375000716,4606
development,False,CU,global_embed,ridge,4,outer_0,machine01,4.575153013252046,1.7508769065761403,True,0.04634978569960909,2948,0.691433625001082,0.09919391699804692,4606
development,False,CU,global_embed,ridge,4,outer_0,machine02,1.2229084279011322,0.608391181561657,True,0.08547656228276912,2948,0.691433625001082,0.09919391699804692,4606
development,False,CU,global_embed,ridge,4,outer_0,machine03,0.8990454455332774,0.9050344404021385,True,0.014743373336059675,2948,0.691433625001082,0.09919391699804692,4606
development,False,CU,global_embed,ridge,4,outer_0,machine04,4.207271364150685,2.3327109029473716,True,0.042288856687070546,2948,0.691433625001082,0.09919391699804692,4606
development,False,CU,global_embed,ridge,4,outer_0,machine05,0.605697834171301,0.7157455189827203,True,0.05880561496737849,2948,0.691433625001082,0.09919391699804692,4606
development,False,CU,global_embed,ridge,4,outer_0,machine06,0.070479609925768,1.2929446868277852,True,0.04363335306629905,2948,0.691433625001082,0.09919391699804692,4606
development,False,CU,global_embed,ridge,4,outer_0,machine07,0.9624726782774509,0.6655941129632313,True,0.08018749460573546,2948,0.691433625001082,0.09919391699804692,4606
development,False,CU,local,ridge,8,outer_0,machine01,3.735521318136657,1.4295561243533914,True,0.03784367693724104,264,0.006300089285754699,0.0011613750029937364,4295
development,False,CU,local,ridge,8,outer_0,machine02,1.235085644287607,0.6144492893450946,True,0.08632770254081419,264,0.006300089285754699,0.0012478750031732488,4295
development,False,CU,local,ridge,8,outer_0,machine03,0.8800274001224695,0.8858897062049662,True,0.014431497951999018,264,0.006300089285754699,0.0011404169999877922,4295
development,False,CU,local,ridge,8,outer_0,machine04,3.315612166005393,1.8383327292574232,True,0.03332645688434558,264,0.006300089285754699,0.001146416998381028,4295
development,False,CU,local,ridge,8,outer_0,machine05,0.6041551290522993,0.7139225237303964,True,0.058655837771360714,264,0.006300089285754699,0.001190791001135949,4295
development,False,CU,local,ridge,8,outer_0,machine06,0.05812993202338696,1.0663905040686064,True,0.03598776795682965,264,0.006300089285754699,0.0011767079995479435,4295
development,False,CU,local,ridge,8,outer_0,machine07,0.9486102334406846,0.6560075949426446,True,0.07903255821568653,264,0.006300089285754699,0.0011134170017612632,4295
development,False,CU,global_pooled,ridge,8,outer_0,machine01,4.424511679141135,1.6932275924861757,True,0.044823674215835795,264,0.14383158400232787,0.09223333399859257,4295
development,False,CU,global_pooled,ridge,8,outer_0,machine02,1.5049630191128736,0.748712011884755,True,0.1051910856949837,264,0.14383158400232787,0.09223333399859257,4295
development,False,CU,global_pooled,ridge,8,outer_0,machine03,1.2695699159164089,1.278027161042181,True,0.020819574071122622,264,0.14383158400232787,0.09223333399859257,4295
development,False,CU,global_pooled,ridge,8,outer_0,machine04,3.512868165201222,1.9477008161169158,True,0.035309150644423797,264,0.14383158400232787,0.09223333399859257,4295
development,False,CU,global_pooled,ridge,8,outer_0,machine05,0.6328257945290073,0.7478022888269359,True,0.061439397526347354,264,0.14383158400232787,0.09223333399859257,4295
development,False,CU,global_pooled,ridge,8,outer_0,machine06,0.0696123328074238,1.2770345343262106,True,0.04309642885870351,264,0.14383158400232787,0.09223333399859257,4295
development,False,CU,global_pooled,ridge,8,outer_0,machine07,1.0546350216679448,0.7293286111802553,True,0.08786591247698727,264,0.14383158400232787,0.09223333399859257,4295
development,False,CU,global_onehot,ridge,8,outer_0,machine01,3.879332047968882,1.4845914171734946,True,0.03930058919563348,320,0.1351681659980386,0.09516145799716469,4295
development,False,CU,global_onehot,ridge,8,outer_0,machine02,1.4537277719187796,0.7232227177832196,True,0.1016099403713102,320,0.1351681659980386,0.09516145799716469,4295
development,False,CU,global_onehot,ridge,8,outer_0,machine03,1.2630973623970498,1.2715114905813942,True,0.020713431190973852,320,0.1351681659980386,0.09516145799716469,4295
development,False,CU,global_onehot,ridge,8,outer_0,machine04,3.602015509714116,1.9971283344571817,True,0.03620520391739819,320,0.1351681659980386,0.09516145799716469,4295
development,False,CU,global_onehot,ridge,8,outer_0,machine05,0.6331467649883288,0.7481815755851583,True,0.061470559706863624,320,0.1351681659980386,0.09516145799716469,4295
development,False,CU,global_onehot,ridge,8,outer_0,machine06,0.07073578608717515,1.2976442248520756,True,0.04379194964351649,320,0.1351681659980386,0.09516145799716469,4295
development,False,CU,global_onehot,ridge,8,outer_0,machine07,1.023160342919775,0.7075624235730559,True,0.08524362959114669,320,0.1351681659980386,0.09516145799716469,4295
development,False,CU,global_residual,ridge,8,outer_0,machine01,3.7355226543267577,1.4295566357033689,True,0.037843690473864766,2168,0.20082149999871035,16.010794958998304,4295
development,False,CU,global_residual,ridge,8,outer_0,machine02,1.2350851408585735,0.6144490388915221,True,0.08632766735307473,2168,0.20082149999871035,16.010794958998304,4295
development,False,CU,global_residual,ridge,8,outer_0,machine03,0.880027559734365,0.8858898668801171,True,0.014431500569461546,2168,0.20082149999871035,16.010794958998304,4295
development,False,CU,global_residual,ridge,8,outer_0,machine04,3.3156129553027096,1.838333166881312,True,0.03332646481786786,2168,0.20082149999871035,16.010794958998304,4295
development,False,CU,global_residual,ridge,8,outer_0,machine05,0.604154694380344,0.7139220100840092,True,0.05865579557020001,2168,0.20082149999871035,16.010794958998304,4295
development,False,CU,global_residual,ridge,8,outer_0,machine06,0.05812927558411727,1.0663784617251986,True,0.03598736156061873,2168,0.20082149999871035,16.010794958998304,4295
development,False,CU,global_residual,ridge,8,outer_0,machine07,0.9486101567012465,0.6560075418737945,True,0.07903255182221332,2168,0.20082149999871035,16.010794958998304,4295
development,False,CU,global_embed,ridge,8,outer_0,machine01,4.400649427725643,1.6840956869911503,True,0.04458193142904491,3208,0.6075194170007308,0.09058983400245779,4295
development,False,CU,global_embed,ridge,8,outer_0,machine02,1.2126764638032013,0.603300827627372,True,0.08476138762493075,3208,0.6075194170007308,0.09058983400245779,4295
development,False,CU,global_embed,ridge,8,outer_0,machine03,0.9627578822459215,0.9691712977694342,True,0.015788188417734897,3208,0.6075194170007308,0.09058983400245779,4295
development,False,CU,global_embed,ridge,8,outer_0,machine04,4.152368922717968,2.302270383987791,True,0.04173701173185759,3208,0.6075194170007308,0.09058983400245779,4295
development,False,CU,global_embed,ridge,8,outer_0,machine05,0.6160864590552048,0.7280216264567049,True,0.059814219325026896,3208,0.6075194170007308,0.09058983400245779,4295
development,False,CU,global_embed,ridge,8,outer_0,machine06,0.07038751285948269,1.291255171056466,True,0.043576336521885285,3208,0.6075194170007308,0.09058983400245779,4295
development,False,CU,global_embed,ridge,8,outer_0,machine07,0.9512165003932119,0.6578099483803728,True,0.07924969686482815,3208,0.6075194170007308,0.09058983400245779,4295
development,False,CU,local,ridge,16,outer_0,machine01,3.8218855893091357,1.4626070862580927,True,0.03871861280263235,528,0.011181107000343868,0.002548291002312908,3707
development,False,CU,local,ridge,16,outer_0,machine02,1.2293837725144277,0.6116126350003769,True,0.08592916378956443,528,0.011181107000343868,0.0020530830006464384,3707
development,False,CU,local,ridge,16,outer_0,machine03,0.8214389725802337,0.826910991615876,True,0.013470711081080054,528,0.011181107000343868,0.0021230000020295847,3707
development,False,CU,local,ridge,16,outer_0,machine04,3.362777728495905,1.864483555373074,True,0.03380053557813313,528,0.011181107000343868,0.0037209589972917456,3707
development,False,CU,local,ridge,16,outer_0,machine05,0.6012373141297562,0.7104745785038985,True,0.05837255476917549,528,0.011181107000343868,0.002159750001737848,3707
development,False,CU,local,ridge,16,outer_0,machine06,0.058705728552941205,1.0769534607076279,True,0.036344238903460196,528,0.011181107000343868,0.0024729579999984708,3707
development,False,CU,local,ridge,16,outer_0,machine07,0.9484160204858929,0.6558732877542037,True,0.07901637754831153,528,0.011181107000343868,0.002754542001639493,3707
development,False,CU,global_pooled,ridge,16,outer_0,machine01,4.43622471992709,1.6977100857620313,True,0.04494233624282096,528,0.16840783299994655,0.11256104200219852,3707
development,False,CU,global_pooled,ridge,16,outer_0,machine02,1.506754282053085,0.7496031567585811,True,0.10531628803620607,528,0.16840783299994655,0.11256104200219852,3707
development,False,CU,global_pooled,ridge,16,outer_0,machine03,1.2120423251041408,1.2201163499512224,True,0.01987618377568961,528,0.16840783299994655,0.11256104200219852,3707
development,False,CU,global_pooled,ridge,16,outer_0,machine04,3.5642587489165365,1.9761941945005903,True,0.035825696605380736,528,0.16840783299994655,0.11256104200219852,3707
development,False,CU,global_pooled,ridge,16,outer_0,machine05,0.630794195192026,0.7454015734210402,True,0.06124215487227387,528,0.16840783299994655,0.11256104200219852,3707
development,False,CU,global_pooled,ridge,16,outer_0,machine06,0.0698402275028808,1.2812152503653276,True,0.043237516610455905,528,0.16840783299994655,0.11256104200219852,3707
development,False,CU,global_pooled,ridge,16,outer_0,machine07,1.0536868876997834,0.7286729329446526,True,0.08778691959835977,528,0.16840783299994655,0.11256104200219852,3707
development,False,CU,global_onehot,ridge,16,outer_0,machine01,3.9006273217510414,1.4927409594896535,True,0.03951632654329347,640,0.21944054200139362,0.1220002910013136,3707
development,False,CU,global_onehot,ridge,16,outer_0,machine02,1.455759846071934,0.7242336651009843,True,0.10175197448355638,640,0.21944054200139362,0.1220002910013136,3707
development,False,CU,global_onehot,ridge,16,outer_0,machine03,1.2040183106942621,1.2120388835369238,True,0.019744598614242524,640,0.21944054200139362,0.1220002910013136,3707
development,False,CU,global_onehot,ridge,16,outer_0,machine04,3.651046753211838,2.024313582660275,True,0.03669803526817145,640,0.21944054200139362,0.1220002910013136,3707
development,False,CU,global_onehot,ridge,16,outer_0,machine05,0.6309145109941906,0.7455437490924787,True,0.06125383601811496,640,0.21944054200139362,0.1220002910013136,3707
development,False,CU,global_onehot,ridge,16,outer_0,machine06,0.07110735336775877,1.3044606068061704,True,0.044021983923766696,640,0.21944054200139362,0.1220002910013136,3707
development,False,CU,global_onehot,ridge,16,outer_0,machine07,1.0219555242071314,0.706729236033895,True,0.08514325126747944,640,0.21944054200139362,0.1220002910013136,3707
development,False,CU,global_residual,ridge,16,outer_0,machine01,3.8218868972693194,1.4626075868046917,True,0.0387186260532655,4336,0.36982245900071575,29.49320912499752,3707
development,False,CU,global_residual,ridge,16,outer_0,machine02,1.2293831622985893,0.6116123314208721,True,0.08592912113784096,4336,0.36982245900071575,29.49320912499752,3707
development,False,CU,global_residual,ridge,16,outer_0,machine03,0.8214392850779966,0.826911306195344,True,0.01347071620570552,4336,0.36982245900071575,29.49320912499752,3707
development,False,CU,global_residual,ridge,16,outer_0,machine04,3.3627779126097863,1.8644836574545474,True,0.03380053742873056,4336,0.36982245900071575,29.49320912499752,3707
development,False,CU,global_residual,ridge,16,outer_0,machine05,0.6012368343569019,0.7104740115623457,True,0.058372508189286715,4336,0.36982245900071575,29.49320912499752,3707
development,False,CU,global_residual,ridge,16,outer_0,machine06,0.058705019303888495,1.076940449571566,True,0.03634379981314228,4336,0.36982245900071575,29.49320912499752,3707
development,False,CU,global_residual,ridge,16,outer_0,machine07,0.9484158397358489,0.6558731627572372,True,0.07901636248929374,4336,0.36982245900071575,29.49320912499752,3707
development,False,CU,global_embed,ridge,16,outer_0,machine01,4.265377315106771,1.6323280592414064,True,0.04321152186834664,3728,0.46375295799953165,0.0768430409989378,3707
development,False,CU,global_embed,ridge,16,outer_0,machine02,1.264931627805314,0.629297525535904,True,0.0884138211829273,3728,0.46375295799953165,0.0768430409989378,3707
development,False,CU,global_embed,ridge,16,outer_0,machine03,0.9484365373106911,0.9547545511370389,True,0.015553333843804714,3728,0.46375295799953165,0.0768430409989378,3707
development,False,CU,global_embed,ridge,16,outer_0,machine04,4.0423877912910235,2.2412916255021447,True,0.040631550281278024,3728,0.46375295799953165,0.0768430409989378,3707
development,False,CU,global_embed,ridge,16,outer_0,machine05,0.6190500880192916,0.7315237095603612,True,0.0601019502924105,3728,0.46375295799953165,0.0768430409989378,3707
development,False,CU,global_embed,ridge,16,outer_0,machine06,0.07118389707415605,1.3058647970194917,True,0.04406937150961959,3728,0.46375295799953165,0.0768430409989378,3707
development,False,CU,global_embed,ridge,16,outer_0,machine07,0.9863381296840339,0.6820981699800609,True,0.08217582196205461,3728,0.46375295799953165,0.0768430409989378,3707
development,False,UM,local,ridge,1,outer_0,machine01,431364487.1115283,1.471215336180915,True,0.01427971080962192,33,0.0011473688568262982,0.00014187499982654117,8276
development,False,UM,local,ridge,1,outer_0,machine02,230515824.39887717,1.50656158797971,True,0.054701985040213334,33,0.0011473688568262982,0.0001368749981338624,8276
development,False,UM,local,ridge,1,outer_0,machine03,559235518.7529912,2.0553859302724624,True,0.01780649596064379,33,0.0011473688568262982,0.00014745899898116477,8276
development,False,UM,local,ridge,1,outer_0,machine04,438174764.57702976,1.7254223605390224,True,0.02737488523233868,33,0.0011473688568262982,0.00017591700088814832,8276
development,False,UM,local,ridge,1,outer_0,machine05,60770321.31929644,1.0086712759534908,True,0.024984009545237534,33,0.0011473688568262982,0.00024204099827329628,8276
development,False,UM,local,ridge,1,outer_0,machine06,5206775.023727161,0.988285639863651,True,0.017391817166643484,33,0.0011473688568262982,0.0002213750012742821,8276
development,False,UM,local,ridge,1,outer_0,machine07,106869919.74479176,1.2384117595323378,True,0.04285297180317399,33,0.0011473688568262982,0.0003750420000869781,8276
development,False,UM,global_pooled,ridge,1,outer_0,machine01,1002503899.3267741,3.4191482037541645,True,0.033186472682911035,33,0.08637404200271703,0.076111000002129,8276
development,False,UM,global_pooled,ridge,1,outer_0,machine02,976556947.3447303,6.382395608548345,True,0.23173942033642025,33,0.08637404200271703,0.076111000002129,8276
development,False,UM,global_pooled,ridge,1,outer_0,machine03,996208924.1812761,3.661415875264645,True,0.03172007068497079,33,0.08637404200271703,0.076111000002129,8276
development,False,UM,global_pooled,ridge,1,outer_0,machine04,594429659.4443969,2.340714959162496,True,0.03713688012520832,33,0.08637404200271703,0.076111000002129,8276
development,False,UM,global_pooled,ridge,1,outer_0,machine05,308156219.5648914,5.114804734179109,True,0.12668976835883372,33,0.08637404200271703,0.076111000002129,8276
development,False,UM,global_pooled,ridge,1,outer_0,machine06,42519600.34106844,8.070544672725138,True,0.14202517138934564,33,0.08637404200271703,0.076111000002129,8276
development,False,UM,global_pooled,ridge,1,outer_0,machine07,1260545765.2360733,14.607241240799386,True,0.5054568419557961,33,0.08637404200271703,0.076111000002129,8276
development,False,UM,global_onehot,ridge,1,outer_0,machine01,470240276.85566014,1.6038054306059204,True,0.015566638805848788,40,0.09465274999820394,0.07581449999997858,8276
development,False,UM,global_onehot,ridge,1,outer_0,machine02,787371178.3116429,5.145951154633279,True,0.18684516140883398,40,0.09465274999820394,0.07581449999997858,8276
development,False,UM,global_onehot,ridge,1,outer_0,machine03,617154270.8704433,2.268257581319596,True,0.019650674291670844,40,0.09465274999820394,0.07581449999997858,8276
development,False,UM,global_onehot,ridge,1,outer_0,machine04,447465752.6897677,1.7620079422228396,True,0.0279553379508487,40,0.09465274999820394,0.07581449999997858,8276
development,False,UM,global_onehot,ridge,1,outer_0,machine05,245961292.2280731,4.082487719018896,True,0.10112007209074735,40,0.09465274999820394,0.07581449999997858,8276
development,False,UM,global_onehot,ridge,1,outer_0,machine06,42722466.07623999,8.109050137619779,True,0.14270278925441612,40,0.09465274999820394,0.07581449999997858,8276
development,False,UM,global_onehot,ridge,1,outer_0,machine07,1112826476.3559043,12.895465795512116,True,0.4462239863844295,40,0.09465274999820394,0.07581449999997858,8276
development,False,UM,global_residual,ridge,1,outer_0,machine01,431364487.1115287,1.4712153361809166,True,0.014279710809621935,271,0.11100274999989779,1.8851365840018843,8276
development,False,UM,global_residual,ridge,1,outer_0,machine02,230515824.3988756,1.5065615879796999,True,0.05470198504021296,271,0.11100274999989779,1.8851365840018843,8276
development,False,UM,global_residual,ridge,1,outer_0,machine03,559235518.752991,2.0553859302724615,True,0.017806495960643782,271,0.11100274999989779,1.8851365840018843,8276
development,False,UM,global_residual,ridge,1,outer_0,machine04,438174764.5770304,1.7254223605390249,True,0.027374885232338723,271,0.11100274999989779,1.8851365840018843,8276
development,False,UM,global_residual,ridge,1,outer_0,machine05,60770321.31929669,1.008671275953495,True,0.024984009545237638,271,0.11100274999989779,1.8851365840018843,8276
development,False,UM,global_residual,ridge,1,outer_0,machine06,5206775.0237269085,0.9882856398636032,True,0.01739181716664264,271,0.11100274999989779,1.8851365840018843,8276
development,False,UM,global_residual,ridge,1,outer_0,machine07,106869919.7447916,1.238411759532336,True,0.04285297180317392,271,0.11100274999989779,1.8851365840018843,8276
development,False,UM,global_embed,ridge,1,outer_0,machine01,1.6512584239006874e+17,563179582.4241121,True,5466257.299747876,2753,0.5517875420009659,0.08290949999718578,8276
development,False,UM,global_embed,ridge,1,outer_0,machine02,2.5821556420267824e+16,168759629.17544442,True,6127520.298009507,2753,0.5517875420009659,0.08290949999718578,8276
development,False,UM,global_embed,ridge,1,outer_0,machine03,1.84109599235699e+17,676667105.7320666,True,5862193.5216425955,2753,0.5517875420009659,0.08290949999718578,8276
development,False,UM,global_embed,ridge,1,outer_0,machine04,6.997819071140581e+16,275556569.5803498,True,4371874.17979357,2753,0.5517875420009659,0.08290949999718578,8276
development,False,UM,global_embed,ridge,1,outer_0,machine05,1.6449269439625914e+16,273026458.21130115,True,6762654.792172421,2753,0.5517875420009659,0.08290949999718578,8276
development,False,UM,global_embed,ridge,1,outer_0,machine06,3076767583510671.5,583993970.5720075,True,10277106.084443161,2753,0.5517875420009659,0.08290949999718578,8276
development,False,UM,global_embed,ridge,1,outer_0,machine07,2.0722425234802532e+16,240132070.44688353,True,8309330.69287395,2753,0.5517875420009659,0.08290949999718578,8276
development,False,UM,local,ridge,4,outer_0,machine01,431391573.6373015,1.471307717712803,True,0.014280607470720448,132,0.0026430358567657614,0.0006330830001388676,8273
development,False,UM,local,ridge,4,outer_0,machine02,230492967.36921647,1.5064122033420528,True,0.05469656100957325,132,0.0026430358567657614,0.0005858330005139578,8273
development,False,UM,local,ridge,4,outer_0,machine03,558478423.7230225,2.0526033415056637,True,0.01778238946321848,132,0.0026430358567657614,0.0005030409993196372,8273
development,False,UM,local,ridge,4,outer_0,machine04,438315169.50103366,1.7259752399264054,True,0.027383657003310868,132,0.0026430358567657614,0.0004932919982820749,8273
development,False,UM,local,ridge,4,outer_0,machine05,60783122.871407844,1.0088837572703915,True,0.024989272543576226,132,0.0026430358567657614,0.0005775829995400272,8273
development,False,UM,local,ridge,4,outer_0,machine06,5206639.787046766,0.9882599709095272,True,0.01739136544525953,132,0.0026430358567657614,0.0005077499990875367,8273
development,False,UM,local,ridge,4,outer_0,machine07,106893857.0490303,1.2386891457148232,True,0.042862570244213596,132,0.0026430358567657614,0.00047937499766703695,8273
development,False,UM,global_pooled,ridge,4,outer_0,machine01,1002064303.6224226,3.4176489149594564,True,0.03317192048930482,132,0.12019358399993507,0.08526633399742423,8273
development,False,UM,global_pooled,ridge,4,outer_0,machine02,976459467.5207072,6.381758518409916,True,0.23171628812894887,132,0.12019358399993507,0.08526633399742423,8273
development,False,UM,global_pooled,ridge,4,outer_0,machine03,994721560.2138203,3.6559492929940487,True,0.031672711853869426,132,0.12019358399993507,0.08526633399742423,8273
development,False,UM,global_pooled,ridge,4,outer_0,machine04,594319094.3733208,2.3402795816342774,True,0.0371299725933829,132,0.12019358399993507,0.08526633399742423,8273
development,False,UM,global_pooled,ridge,4,outer_0,machine05,308090453.67079824,5.113713145935555,True,0.12666273055995256,132,0.12019358399993507,0.08526633399742423,8273
development,False,UM,global_pooled,ridge,4,outer_0,machine06,42517331.216583855,8.070113975579023,True,0.142017591995578,132,0.12019358399993507,0.08526633399742423,8273
development,False,UM,global_pooled,ridge,4,outer_0,machine07,1260422537.6693366,14.605813276147503,True,0.5054074298531638,132,0.12019358399993507,0.08526633399742423,8273
development,False,UM,global_onehot,ridge,4,outer_0,machine01,470253088.72491145,1.6038491268746,True,0.01556706292464694,160,0.11141612500068732,0.08429187499859836,8273
development,False,UM,global_onehot,ridge,4,outer_0,machine02,787354075.7906815,5.145839379221742,True,0.1868411029375849,160,0.11141612500068732,0.08429187499859836,8273
development,False,UM,global_onehot,ridge,4,outer_0,machine03,616472597.4612904,2.2657521933618745,True,0.019628969277594437,160,0.11141612500068732,0.08429187499859836,8273
development,False,UM,global_onehot,ridge,4,outer_0,machine04,447591359.32636803,1.7625025496647617,True,0.027963185201624708,160,0.11141612500068732,0.08429187499859836,8273
development,False,UM,global_onehot,ridge,4,outer_0,machine05,245908158.8571506,4.081605806534634,True,0.10109822779870678,160,0.11141612500068732,0.08429187499859836,8273
development,False,UM,global_onehot,ridge,4,outer_0,machine06,42720335.026541635,8.108645648121938,True,0.14269567106195383,160,0.11141612500068732,0.08429187499859836,8273
development,False,UM,global_onehot,ridge,4,outer_0,machine07,1112727938.7180488,12.894323938479117,True,0.44618447451217713,160,0.11141612500068732,0.08429187499859836,8273
development,False,UM,global_residual,ridge,4,outer_0,machine01,431391573.63730067,1.4713077177128002,True,0.01428060747072042,1084,0.14594820800266461,7.339702083001612,8273
development,False,UM,global_residual,ridge,4,outer_0,machine02,230492967.36921504,1.5064122033420433,True,0.05469656100957291,1084,0.14594820800266461,7.339702083001612,8273
development,False,UM,global_residual,ridge,4,outer_0,machine03,558478423.7230239,2.052603341505669,True,0.017782389463218525,1084,0.14594820800266461,7.339702083001612,8273
development,False,UM,global_residual,ridge,4,outer_0,machine04,438315169.5010337,1.7259752399264057,True,0.02738365700331087,1084,0.14594820800266461,7.339702083001612,8273
development,False,UM,global_residual,ridge,4,outer_0,machine05,60783122.87140771,1.0088837572703893,True,0.02498927254357617,1084,0.14594820800266461,7.339702083001612,8273
development,False,UM,global_residual,ridge,4,outer_0,machine06,5206639.7870463645,0.9882599709094511,True,0.01739136544525819,1084,0.14594820800266461,7.339702083001612,8273
development,False,UM,global_residual,ridge,4,outer_0,machine07,106893857.04903154,1.2386891457148375,True,0.042862570244214096,1084,0.14594820800266461,7.339702083001612,8273
development,False,UM,global_embed,ridge,4,outer_0,machine01,3.982647049691936e+16,135832494.17070198,True,1318398.9369920227,2948,0.5656198340002447,0.08677525000166497,8273
development,False,UM,global_embed,ridge,4,outer_0,machine02,3770879772489692.5,24645000.54578601,True,894839.2564418627,2948,0.5656198340002447,0.08677525000166497,8273
development,False,UM,global_embed,ridge,4,outer_0,machine03,4.734803974275405e+16,174020589.6260725,True,1507598.5879862215,2948,0.5656198340002447,0.08677525000166497,8273
development,False,UM,global_embed,ridge,4,outer_0,machine04,2.692876894118657e+16,106038740.31349859,True,1682369.727350093,2948,0.5656198340002447,0.08677525000166497,8273
development,False,UM,global_embed,ridge,4,outer_0,machine05,1741183948022593.8,28900328.258820854,True,715838.8409507672,2948,0.5656198340002447,0.08677525000166497,8273
development,False,UM,global_embed,ridge,4,outer_0,machine06,293266113458329.3,55664146.66828102,True,979575.7648826453,2948,0.5656198340002447,0.08677525000166497,8273
development,False,UM,global_embed,ridge,4,outer_0,machine07,2059923754934075.5,23870456.79403808,True,825993.4581936485,2948,0.5656198340002447,0.08677525000166497,8273
development,False,UM,local,ridge,8,outer_0,machine01,431163893.7949427,1.4705311909336505,True,0.014273070451788187,264,0.005095696429114989,0.0014817500014032703,8269
development,False,UM,local,ridge,8,outer_0,machine02,230397636.25375345,1.505789156325344,True,0.05467393869604869,264,0.005095696429114989,0.0009832499999902211,8269
development,False,UM,local,ridge,8,outer_0,machine03,557653013.287769,2.049569669754801,True,0.01775610774990029,264,0.005095696429114989,0.0010062910005217418,8269
development,False,UM,local,ridge,8,outer_0,machine04,437759790.78111535,1.723788297775961,True,0.02734895982321899,264,0.005095696429114989,0.001074957999662729,8269
development,False,UM,local,ridge,8,outer_0,machine05,60780431.19393819,1.008839080564907,True,0.02498816593603928,264,0.005095696429114989,0.0010255830020469148,8269
development,False,UM,local,ridge,8,outer_0,machine06,5207752.958309645,0.9884712593114264,True,0.01739508369138903,264,0.005095696429114989,0.001138209001510404,8269
development,False,UM,local,ridge,8,outer_0,machine07,106840096.90462239,1.2380661715871368,True,0.04284101336499119,264,0.005095696429114989,0.0009848749978118576,8269
development,False,UM,global_pooled,ridge,8,outer_0,machine01,1001647908.0642047,3.4162287527776556,True,0.03315813630369979,264,0.12192270900050062,0.0957150409994938,8269
development,False,UM,global_pooled,ridge,8,outer_0,machine02,976382325.1635917,6.381254346028955,True,0.23169798205353778,264,0.12192270900050062,0.0957150409994938,8269
development,False,UM,global_pooled,ridge,8,outer_0,machine03,993757504.04138,3.652406049715717,True,0.03164201555192732,264,0.12192270900050062,0.0957150409994938,8269
development,False,UM,global_pooled,ridge,8,outer_0,machine04,593813026.303474,2.3382868124602894,True,0.037098356086792926,264,0.12192270900050062,0.0957150409994938,8269
development,False,UM,global_pooled,ridge,8,outer_0,machine05,308034219.330373,5.1127797632797165,True,0.12663961139145954,264,0.12192270900050062,0.0957150409994938,8269
development,False,UM,global_pooled,ridge,8,outer_0,machine06,42514382.96704603,8.069554375314429,True,0.1420077441691039,264,0.12192270900050062,0.0957150409994938,8269
development,False,UM,global_pooled,ridge,8,outer_0,machine07,1260129094.6734362,14.60241285011796,True,0.5052897643355028,264,0.12192270900050062,0.0957150409994938,8269
development,False,UM,global_onehot,ridge,8,outer_0,machine01,469886623.8923123,1.6025992588441995,True,0.01555493162504355,320,0.14258195900038118,0.09720920900144847,8269
development,False,UM,global_onehot,ridge,8,outer_0,machine02,787312212.1160717,5.145565774560269,True,0.18683116858228324,320,0.14258195900038118,0.09720920900144847,8269
development,False,UM,global_onehot,ridge,8,outer_0,machine03,615645859.1884559,2.2627136413439506,True,0.019602645284889964,320,0.14258195900038118,0.09720920900144847,8269
development,False,UM,global_onehot,ridge,8,outer_0,machine04,446963597.6091897,1.760030581419499,True,0.027923965907520443,320,0.14258195900038118,0.09720920900144847,8269
development,False,UM,global_onehot,ridge,8,outer_0,machine05,245867087.7022665,4.08092410380043,True,0.10108134254775893,320,0.14258195900038118,0.09720920900144847,8269
development,False,UM,global_onehot,ridge,8,outer_0,machine06,42717569.29751653,8.108120691643734,True,0.14268643289565744,320,0.14258195900038118,0.09720920900144847,8269
development,False,UM,global_onehot,ridge,8,outer_0,machine07,1112480884.0910506,12.891461062226826,True,0.4460854099204765,320,0.14258195900038118,0.09720920900144847,8269
development,False,UM,global_residual,ridge,8,outer_0,machine01,431163893.79494315,1.470531190933652,True,0.014273070451788203,2168,0.2065617909975117,17.076956916997005,8269
development,False,UM,global_residual,ridge,8,outer_0,machine02,230397636.25375235,1.505789156325337,True,0.054673938696048426,2168,0.2065617909975117,17.076956916997005,8269
development,False,UM,global_residual,ridge,8,outer_0,machine03,557653013.2877704,2.049569669754806,True,0.017756107749900336,2168,0.2065617909975117,17.076956916997005,8269
development,False,UM,global_residual,ridge,8,outer_0,machine04,437759790.78111523,1.7237882977759607,True,0.02734895982321898,2168,0.2065617909975117,17.076956916997005,8269
development,False,UM,global_residual,ridge,8,outer_0,machine05,60780431.19393812,1.008839080564906,True,0.024988165936039253,2168,0.2065617909975117,17.076956916997005,8269
development,False,UM,global_residual,ridge,8,outer_0,machine06,5207752.958308816,0.9884712593112691,True,0.017395083691386263,2168,0.2065617909975117,17.076956916997005,8269
development,False,UM,global_residual,ridge,8,outer_0,machine07,106840096.90462147,1.2380661715871262,True,0.04284101336499082,2168,0.2065617909975117,17.076956916997005,8269
development,False,UM,global_embed,ridge,8,outer_0,machine01,6.0014054338472744e+16,204684436.86771968,True,1986680.3273602715,3208,0.640078167001775,0.09571787499953643,8269
development,False,UM,global_embed,ridge,8,outer_0,machine02,4680555086446617.0,30590283.86468496,True,1110707.4969207381,3208,0.640078167001775,0.09571787499953643,8269
development,False,UM,global_embed,ridge,8,outer_0,machine03,7.530808746184278e+16,276783534.332639,True,2397868.3581888285,3208,0.640078167001775,0.09571787499953643,8269
development,False,UM,global_embed,ridge,8,outer_0,machine04,4.044394608505581e+16,159258119.28249997,True,2526727.8536453983,3208,0.640078167001775,0.09571787499953643,8269
development,False,UM,global_embed,ridge,8,outer_0,machine05,3438999283731447.5,57080820.37774389,True,1413847.8959058803,3208,0.640078167001775,0.09571787499953643,8269
development,False,UM,global_embed,ridge,8,outer_0,machine06,699305189176850.9,132733462.3055975,True,2335838.9671967765,3208,0.640078167001775,0.09571787499953643,8269
development,False,UM,global_embed,ridge,8,outer_0,machine07,4396021220654268.0,50941222.63600991,True,1762727.7522497864,3208,0.640078167001775,0.09571787499953643,8269
development,False,UM,local,ridge,16,outer_0,machine01,428927610.0072468,1.4629041026989615,True,0.01419904144214399,528,0.010924041713483998,0.0020687920005002525,8261
development,False,UM,local,ridge,16,outer_0,machine02,230430718.20775393,1.5060053670834663,True,0.054681789126957515,528,0.010924041713483998,0.002425374997983454,8261
development,False,UM,local,ridge,16,outer_0,machine03,556011047.6539077,2.0435348723417985,True,0.017703826280919096,528,0.010924041713483998,0.003133125002932502,8261
development,False,UM,local,ridge,16,outer_0,machine04,436820254.5926554,1.7200886398331554,True,0.02729026247820975,528,0.010924041713483998,0.002260250003018882,8261
development,False,UM,local,ridge,16,outer_0,machine05,60799461.13805147,1.00915494129418,True,0.024995989562688767,528,0.010924041713483998,0.00325854200127651,8261
development,False,UM,local,ridge,16,outer_0,machine06,5208271.777877929,0.9885697352253422,True,0.017396816667181715,528,0.010924041713483998,0.0020198339989292435,8261
development,False,UM,local,ridge,16,outer_0,machine07,106778453.16418195,1.237351842117766,True,0.04281629530141217,528,0.010924041713483998,0.0021730419975938275,8261
development,False,UM,global_pooled,ridge,16,outer_0,machine01,999251716.4793746,3.4080562816694386,True,0.03307881377275863,528,0.16013704199940548,0.10774954199951026,8261
development,False,UM,global_pooled,ridge,16,outer_0,machine02,976136784.486286,6.379649587858101,True,0.23163971463310465,528,0.16013704199940548,0.10774954199951026,8261
development,False,UM,global_pooled,ridge,16,outer_0,machine03,993126247.624543,3.6500859618206305,True,0.03162191585428722,528,0.16013704199940548,0.10774954199951026,8261
development,False,UM,global_pooled,ridge,16,outer_0,machine04,592980915.4401766,2.3350101685135147,True,0.037046370118579225,528,0.16013704199940548,0.10774954199951026,8261
development,False,UM,global_pooled,ridge,16,outer_0,machine05,307953693.71840197,5.111443191907204,True,0.1266065055494228,528,0.16013704199940548,0.10774954199951026,8261
development,False,UM,global_pooled,ridge,16,outer_0,machine06,42507158.45018024,8.068183106872661,True,0.14198361263358053,528,0.16013704199940548,0.10774954199951026,8261
development,False,UM,global_pooled,ridge,16,outer_0,machine07,1259629698.6804457,14.596625834727101,True,0.5050895152620746,528,0.16013704199940548,0.10774954199951026,8261
development,False,UM,global_onehot,ridge,16,outer_0,machine01,467600055.3315625,1.5948006689409597,True,0.01547923800915848,640,0.19569333300023573,0.1151599160002661,8261
development,False,UM,global_onehot,ridge,16,outer_0,machine02,787142987.5200622,5.14445978855365,True,0.18679101115993063,640,0.19569333300023573,0.1151599160002661,8261
development,False,UM,global_onehot,ridge,16,outer_0,machine03,614831645.1572974,2.2597211202901994,True,0.019576720073828168,640,0.19569333300023573,0.1151599160002661,8261
development,False,UM,global_onehot,ridge,16,outer_0,machine04,446127476.2316416,1.7567381450731503,True,0.027871729383190297,640,0.19569333300023573,0.1151599160002661,8261
development,False,UM,global_onehot,ridge,16,outer_0,machine05,245817722.47977725,4.080104735383825,True,0.10106104742403571,640,0.19569333300023573,0.1151599160002661,8261
development,False,UM,global_onehot,ridge,16,outer_0,machine06,42710780.22460175,8.106832073787366,True,0.14266375584233232,640,0.19569333300023573,0.1151599160002661,8261
development,False,UM,global_onehot,ridge,16,outer_0,machine07,1112104671.150656,12.887101495656687,True,0.44593455510028746,640,0.19569333300023573,0.1151599160002661,8261
development,False,UM,global_residual,ridge,16,outer_0,machine01,428927610.0072458,1.462904102698958,True,0.014199041442143958,4336,0.33532212499994785,33.69828150000103,8261
development,False,UM,global_residual,ridge,16,outer_0,machine02,230430718.20775372,1.5060053670834648,True,0.05468178912695747,4336,0.33532212499994785,33.69828150000103,8261
development,False,UM,global_residual,ridge,16,outer_0,machine03,556011047.6539077,2.0435348723417985,True,0.017703826280919096,4336,0.33532212499994785,33.69828150000103,8261
development,False,UM,global_residual,ridge,16,outer_0,machine04,436820254.5926549,1.7200886398331534,True,0.027290262478209718,4336,0.33532212499994785,33.69828150000103,8261
development,False,UM,global_residual,ridge,16,outer_0,machine05,60799461.13805084,1.0091549412941696,True,0.024995989562688507,4336,0.33532212499994785,33.69828150000103,8261
development,False,UM,global_residual,ridge,16,outer_0,machine06,5208271.777878875,0.9885697352255218,True,0.017396816667184876,4336,0.33532212499994785,33.69828150000103,8261
development,False,UM,global_residual,ridge,16,outer_0,machine07,106778453.16418126,1.237351842117758,True,0.04281629530141189,4336,0.33532212499994785,33.69828150000103,8261
development,False,UM,global_embed,ridge,16,outer_0,machine01,4.292796172536921e+16,146410466.15648174,True,1421069.4143820452,3728,0.6332991669987678,0.09619924999788054,8261
development,False,UM,global_embed,ridge,16,outer_0,machine02,2422125403612210.5,15830067.648795145,True,574776.4516359216,3728,0.6332991669987678,0.09619924999788054,8261
development,False,UM,global_embed,ridge,16,outer_0,machine03,5.52663178604242e+16,203123028.38270682,True,1759722.7514012146,3728,0.6332991669987678,0.09619924999788054,8261
development,False,UM,global_embed,ridge,16,outer_0,machine04,3.825612426149012e+16,150643025.4879054,True,2390044.100561786,3728,0.6332991669987678,0.09619924999788054,8261
development,False,UM,global_embed,ridge,16,outer_0,machine05,896889092807633.0,14886646.079716956,True,368730.7417380751,3728,0.6332991669987678,0.09619924999788054,8261
development,False,UM,global_embed,ridge,16,outer_0,machine06,35937134438573.12,6821142.404203166,True,120038.23264892073,3728,0.6332991669987678,0.09619924999788054,8261
development,False,UM,global_embed,ridge,16,outer_0,machine07,766946156305441.4,8887394.518166771,True,307532.01732718106,3728,0.6332991669987678,0.09619924999788054,8261
development,False,CU,local,ridge,1,outer_1,machine01,2.5473387960935474,0.8809734674972765,True,0.025806482747407013,33,0.0013488511441599777,0.00020454200057429262,5261
development,False,CU,local,ridge,1,outer_1,machine02,1.2773741359418702,0.6290464836756013,True,0.08928350430671897,33,0.0013488511441599777,0.00026479200096218847,5261
development,False,CU,local,ridge,1,outer_1,machine03,0.7581551103639058,0.7241948229939931,True,0.007793127551908284,33,0.0013488511441599777,0.00014604199895984493,5261
development,False,CU,local,ridge,1,outer_1,machine04,2.444347119635877,1.2501207499792146,True,0.024562645513314555,33,0.0013488511441599777,0.00014200000077835284,5261
development,False,CU,local,ridge,1,outer_1,machine05,0.600176502888012,0.7031673511818377,True,0.04146774547739534,33,0.0013488511441599777,0.00013866699737263843,5261
development,False,CU,local,ridge,1,outer_1,machine06,0.07863387329695112,1.3446469656177056,True,0.048681591174386814,33,0.0013488511441599777,0.00018995799837284721,5261
development,False,CU,local,ridge,1,outer_1,machine07,0.9810466324517234,0.6745269811219432,True,0.04509983242097673,33,0.0013488511441599777,0.00016379100270569324,5261
development,False,CU,global_pooled,ridge,1,outer_1,machine01,3.5150269759704256,1.2156394383487463,True,0.03560990126290206,33,0.16502445799778798,0.07240387499768985,5261
development,False,CU,global_pooled,ridge,1,outer_1,machine02,1.5232692008744226,0.7501381995611379,True,0.10647061689274173,33,0.16502445799778798,0.07240387499768985,5261
development,False,CU,global_pooled,ridge,1,outer_1,machine03,1.0506075444535687,1.0035473404993724,True,0.010799265861300993,33,0.16502445799778798,0.07240387499768985,5261
development,False,CU,global_pooled,ridge,1,outer_1,machine04,2.587542692335826,1.3233557481099345,True,0.02600158275060386,33,0.16502445799778798,0.07240387499768985,5261
development,False,CU,global_pooled,ridge,1,outer_1,machine05,0.6307488601982699,0.7389859535526305,True,0.04358006864480583,33,0.16502445799778798,0.07240387499768985,5261
development,False,CU,global_pooled,ridge,1,outer_1,machine06,0.15099046239637584,2.5819517541986974,True,0.09347696677555109,33,0.16502445799778798,0.07240387499768985,5261
development,False,CU,global_pooled,ridge,1,outer_1,machine07,1.05617995285266,0.7261855365007625,True,0.04855379683737315,33,0.16502445799778798,0.07240387499768985,5261
development,False,CU,global_onehot,ridge,1,outer_1,machine01,2.6613414975386136,0.9204002431386382,True,0.026961416968371885,40,0.1775624589972722,0.07496804199763574,5261
development,False,CU,global_onehot,ridge,1,outer_1,machine02,1.4703052868431177,0.7240559712259579,True,0.10276864445298513,40,0.1775624589972722,0.07496804199763574,5261
development,False,CU,global_onehot,ridge,1,outer_1,machine03,1.0438601455911014,0.9971021800591442,True,0.010729908892970898,40,0.1775624589972722,0.07496804199763574,5261
development,False,CU,global_onehot,ridge,1,outer_1,machine04,2.5494494988291265,1.303873616765679,True,0.02561879357918923,40,0.1775624589972722,0.07496804199763574,5261
development,False,CU,global_onehot,ridge,1,outer_1,machine05,0.6332079298904931,0.7418670019001277,True,0.04374997212422831,40,0.1775624589972722,0.07496804199763574,5261
development,False,CU,global_onehot,ridge,1,outer_1,machine06,0.1561575346816313,2.670309198366025,True,0.09667585918683289,40,0.1775624589972722,0.07496804199763574,5261
development,False,CU,global_onehot,ridge,1,outer_1,machine07,1.0279869702561037,0.7068012108116221,True,0.04725773327781064,40,0.1775624589972722,0.07496804199763574,5261
development,False,CU,global_residual,ridge,1,outer_1,machine01,2.5473388440849196,0.8809734840946469,True,0.025806483233596175,271,0.23833791700235452,1.8213654169994697,5261
development,False,CU,global_residual,ridge,1,outer_1,machine02,1.2773739037890333,0.6290463693512842,True,0.08928348808013488,271,0.23833791700235452,1.8213654169994697,5261
development,False,CU,global_residual,ridge,1,outer_1,machine03,0.7581554994919302,0.7241951946916798,True,0.007793131551781511,271,0.23833791700235452,1.8213654169994697,5261
development,False,CU,global_residual,ridge,1,outer_1,machine04,2.4443470076982683,1.2501206927305835,True,0.024562644388480943,271,0.23833791700235452,1.8213654169994697,5261
development,False,CU,global_residual,ridge,1,outer_1,machine05,0.60017641325719,0.7031672461702828,True,0.04146773928457023,271,0.23833791700235452,1.8213654169994697,5261
development,False,CU,global_residual,ridge,1,outer_1,machine06,0.07863189250718575,1.3446130939179421,True,0.04868036488355924,271,0.23833791700235452,1.8213654169994697,5261
development,False,CU,global_residual,ridge,1,outer_1,machine07,0.9810466045926498,0.6745269619671995,True,0.04509983114026335,271,0.23833791700235452,1.8213654169994697,5261
development,False,CU,global_embed,ridge,1,outer_1,machine01,2.949117430133029,1.0199248770776936,True,0.02987680641362572,2753,1.0084027920020162,0.08187745900067966,5261
development,False,CU,global_embed,ridge,1,outer_1,machine02,1.203657941930763,0.5927447367340571,True,0.08413102787849329,2753,1.0084027920020162,0.08187745900067966,5261
development,False,CU,global_embed,ridge,1,outer_1,machine03,0.8381120581816189,0.8005702333558585,True,0.008615010415304965,2753,1.0084027920020162,0.08187745900067966,5261
development,False,CU,global_embed,ridge,1,outer_1,machine04,3.549930205618953,1.8155528629187978,True,0.035672379154813055,2753,1.0084027920020162,0.08187745900067966,5261
development,False,CU,global_embed,ridge,1,outer_1,machine05,0.6081105943560297,0.712462940154006,True,0.042015932359099235,2753,1.0084027920020162,0.08187745900067966,5261
development,False,CU,global_embed,ridge,1,outer_1,machine06,0.15546156478476394,2.6584080446933593,True,0.09624498988625768,2753,1.0084027920020162,0.08187745900067966,5261
development,False,CU,global_embed,ridge,1,outer_1,machine07,0.9544687383601196,0.6562531233121612,True,0.04387801632173765,2753,1.0084027920020162,0.08187745900067966,5261
development,False,CU,local,ridge,4,outer_1,machine01,2.4973100688598477,0.8636714967609389,True,0.02529965362510451,132,0.003986083286041061,0.0005432079997262917,5048
development,False,CU,local,ridge,4,outer_1,machine02,1.2787675221122912,0.6297326606117417,True,0.08938089660287343,132,0.003986083286041061,0.0005440000022645108,5048
development,False,CU,local,ridge,4,outer_1,machine03,0.7666649296425998,0.732323459182024,True,0.007880600558653195,132,0.003986083286041061,0.0004904580018774141,5048
development,False,CU,local,ridge,4,outer_1,machine04,2.466325684607425,1.261361322116036,True,0.024783502729522008,132,0.003986083286041061,0.0006905830014147796,5048
development,False,CU,local,ridge,4,outer_1,machine05,0.6034439618703862,0.7069955091764868,True,0.04169350266180181,132,0.003986083286041061,0.0005008749976695981,5048
development,False,CU,local,ridge,4,outer_1,machine06,0.07990703271887102,1.3664181169250718,True,0.049469793813771826,132,0.003986083286041061,0.00046495899732690305,5048
development,False,CU,local,ridge,4,outer_1,machine07,0.9820606705991297,0.6752241917006118,True,0.04514644891096173,132,0.003986083286041061,0.0004866249983024318,5048
development,False,CU,global_pooled,ridge,4,outer_1,machine01,3.4474895091596824,1.1922822326195806,True,0.03492569526928714,132,0.17918183300207602,0.07728933299949858,5048
development,False,CU,global_pooled,ridge,4,outer_1,machine02,1.5217992627433627,0.7494143243968094,True,0.10636787391105586,132,0.17918183300207602,0.07728933299949858,5048
development,False,CU,global_pooled,ridge,4,outer_1,machine03,1.0644013268975214,1.0167232535795088,True,0.010941053082068256,132,0.17918183300207602,0.07728933299949858,5048
development,False,CU,global_pooled,ridge,4,outer_1,machine04,2.5930614191198798,1.3261782092942689,True,0.026057039084359655,132,0.17918183300207602,0.07728933299949858,5048
development,False,CU,global_pooled,ridge,4,outer_1,machine05,0.633875680177675,0.7426493387600834,True,0.04379610871707738,132,0.17918183300207602,0.07728933299949858,5048
development,False,CU,global_pooled,ridge,4,outer_1,machine06,0.15465517234118056,2.64461865461376,True,0.09574575888543449,132,0.17918183300207602,0.07728933299949858,5048
development,False,CU,global_pooled,ridge,4,outer_1,machine07,1.0571310745537779,0.7268394883400662,True,0.048597520986576104,132,0.17918183300207602,0.07728933299949858,5048
development,False,CU,global_onehot,ridge,4,outer_1,machine01,2.6189528336322567,0.9057405173568037,True,0.026531987508316323,160,0.20221254100033548,0.07721208300063154,5048
development,False,CU,global_onehot,ridge,4,outer_1,machine02,1.4680461278203192,0.7229434420151581,True,0.10261073798794397,160,0.20221254100033548,0.07721208300063154,5048
development,False,CU,global_onehot,ridge,4,outer_1,machine03,1.056334243516704,1.0090175216769108,True,0.010858130987500545,160,0.20221254100033548,0.07721208300063154,5048
development,False,CU,global_onehot,ridge,4,outer_1,machine04,2.5669505495657163,1.3128242385887814,True,0.02579465735152342,160,0.20221254100033548,0.07721208300063154,5048
development,False,CU,global_onehot,ridge,4,outer_1,machine05,0.6361869446143633,0.7453572183321868,True,0.04395579994945711,160,0.20221254100033548,0.07721208300063154,5048
development,False,CU,global_onehot,ridge,4,outer_1,machine06,0.1598384271847485,2.7332528221194976,True,0.09895466978690241,160,0.20221254100033548,0.07721208300063154,5048
development,False,CU,global_onehot,ridge,4,outer_1,machine07,1.028624105732942,0.7072392787439112,True,0.04728702312223225,160,0.20221254100033548,0.07721208300063154,5048
development,False,CU,global_residual,ridge,4,outer_1,machine01,2.4973101201324694,0.8636715144930991,True,0.025299654144535232,1084,0.2475296660013555,6.810884916998475,5048
development,False,CU,global_residual,ridge,4,outer_1,machine02,1.2787672912023076,0.6297325468994712,True,0.08938088046315998,1084,0.2475296660013555,6.810884916998475,5048
development,False,CU,global_residual,ridge,4,outer_1,machine03,0.7666653257582295,0.7323238375543182,True,0.00788060463035249,1084,0.2475296660013555,6.810884916998475,5048
development,False,CU,global_residual,ridge,4,outer_1,machine04,2.466325624611118,1.261361291431921,True,0.024783502126633813,1084,0.2475296660013555,6.810884916998475,5048
development,False,CU,global_residual,ridge,4,outer_1,machine05,0.6034439126323824,0.7069954514891956,True,0.041693499259820896,1084,0.2475296660013555,6.810884916998475,5048
development,False,CU,global_residual,ridge,4,outer_1,machine06,0.07990505231252434,1.366384251781806,True,0.04946856776031565,1084,0.2475296660013555,6.810884916998475,5048
development,False,CU,global_residual,ridge,4,outer_1,machine07,0.9820606115010364,0.6752241510672136,True,0.04514644619415499,1084,0.2475296660013555,6.810884916998475,5048
development,False,CU,global_embed,ridge,4,outer_1,machine01,3.0460420102342693,1.0534453430433726,True,0.030858726254056116,2948,1.0714034170014202,0.07928220800022245,5048
development,False,CU,global_embed,ridge,4,outer_1,machine02,1.3022085468275082,0.6412762591205589,True,0.09101933343373332,2948,1.0714034170014202,0.07928220800022245,5048
development,False,CU,global_embed,ridge,4,outer_1,machine03,0.8353208198599599,0.797904023876221,True,0.008586319088199061,2948,1.0714034170014202,0.07928220800022245,5048
development,False,CU,global_embed,ridge,4,outer_1,machine04,3.5113306482550666,1.7958117601871222,True,0.03528450165702083,2948,1.0714034170014202,0.07928220800022245,5048
development,False,CU,global_embed,ridge,4,outer_1,machine05,0.628980858317536,0.7369145608983397,True,0.04345791282624073,2948,1.0714034170014202,0.07928220800022245,5048
development,False,CU,global_embed,ridge,4,outer_1,machine06,0.15816896464472008,2.7047048485231278,True,0.09792111911151215,2948,1.0714034170014202,0.07928220800022245,5048
development,False,CU,global_embed,ridge,4,outer_1,machine07,1.0100090650466138,0.6944403487213581,True,0.04643126847439764,2948,1.0714034170014202,0.07928220800022245,5048
development,False,CU,local,ridge,8,outer_1,machine01,2.519721408597366,0.8714222504926761,True,0.025526697571190315,264,0.007625339428549134,0.0009693329993751831,4778
development,False,CU,local,ridge,8,outer_1,machine02,1.2755438074004766,0.6281451332407221,True,0.0891555714312911,264,0.007625339428549134,0.0009095410023292061,4778
development,False,CU,local,ridge,8,outer_1,machine03,0.775986727869941,0.7412277030827146,True,0.007976419951816626,264,0.007625339428549134,0.0009253339994756971,4778
development,False,CU,local,ridge,8,outer_1,machine04,2.5261582328041188,1.291961685470305,True,0.025384745351614335,264,0.007625339428549134,0.0009822499996516854,4778
development,False,CU,local,ridge,8,outer_1,machine05,0.6034379815715188,0.7069885026527499,True,0.04169308946749961,264,0.007625339428549134,0.0011968750004598405,4778
development,False,CU,local,ridge,8,outer_1,machine06,0.0805041702188901,1.3766292268932274,True,0.04983947678158197,264,0.007625339428549134,0.0009337920018879231,4778
development,False,CU,local,ridge,8,outer_1,machine07,0.9800790977933145,0.6738617444138405,True,0.04505535374941075,264,0.007625339428549134,0.001078582998161437,4778
development,False,CU,global_pooled,ridge,8,outer_1,machine01,3.457839404786375,1.1958616479107327,True,0.03503054759726853,264,0.20077908299936098,0.07997937500113039,4778
development,False,CU,global_pooled,ridge,8,outer_1,machine02,1.5206273477707009,0.7488372115745147,True,0.10628596159377568,264,0.20077908299936098,0.07997937500113039,4778
development,False,CU,global_pooled,ridge,8,outer_1,machine03,1.0810091117353733,1.0325871205330632,True,0.011111765623376466,264,0.20077908299936098,0.07997937500113039,4778
development,False,CU,global_pooled,ridge,8,outer_1,machine04,2.6533024795086737,1.3569874994265152,True,0.02666238674541384,264,0.20077908299936098,0.07997937500113039,4778
development,False,CU,global_pooled,ridge,8,outer_1,machine05,0.6341553879957069,0.742977044700859,True,0.04381543445300734,264,0.20077908299936098,0.07997937500113039,4778
development,False,CU,global_pooled,ridge,8,outer_1,machine06,0.15984692211827176,2.7333980863180702,True,0.09895992893112988,264,0.20077908299936098,0.07997937500113039,4778
development,False,CU,global_pooled,ridge,8,outer_1,machine07,1.0560425166294514,0.726091041053073,True,0.04854747873746817,264,0.20077908299936098,0.07997937500113039,4778
development,False,CU,global_onehot,ridge,8,outer_1,machine01,2.6341577543913894,0.9109989980052108,True,0.02668602493979108,320,0.23767525000221212,0.08163441600117949,4778
development,False,CU,global_onehot,ridge,8,outer_1,machine02,1.4668641636355084,0.7223613804300945,True,0.10252812326965932,320,0.23767525000221212,0.08163441600117949,4778
development,False,CU,global_onehot,ridge,8,outer_1,machine03,1.072832083136803,1.0247763682244546,True,0.011027713394494603,320,0.23767525000221212,0.08163441600117949,4778
development,False,CU,global_onehot,ridge,8,outer_1,machine04,2.621039644293955,1.3404872080271955,True,0.026338185416450523,320,0.23767525000221212,0.08163441600117949,4778
development,False,CU,global_onehot,ridge,8,outer_1,machine05,0.6364994461383239,0.7457233454094486,True,0.04397739148727063,320,0.23767525000221212,0.08163441600117949,4778
development,False,CU,global_onehot,ridge,8,outer_1,machine06,0.1649690468182579,2.820986922357499,True,0.1021309946580756,320,0.23767525000221212,0.08163441600117949,4778
development,False,CU,global_onehot,ridge,8,outer_1,machine07,1.027665893583696,0.7065804518065107,True,0.04724297301704333,320,0.23767525000221212,0.08163441600117949,4778
development,False,CU,global_residual,ridge,8,outer_1,machine01,2.519721465405346,0.8714222701391885,True,0.025526698146698435,2168,0.3289903749973746,13.451727791001758,4778
development,False,CU,global_residual,ridge,8,outer_1,machine02,1.2755435968689346,0.6281450295638724,True,0.0891555567159518,2168,0.3289903749973746,13.451727791001758,4778
development,False,CU,global_residual,ridge,8,outer_1,machine03,0.7759871410763975,0.7412280977802804,True,0.007976424199193682,2168,0.3289903749973746,13.451727791001758,4778
development,False,CU,global_residual,ridge,8,outer_1,machine04,2.5261582238595808,1.2919616808957695,True,0.02538474526173286,2168,0.3289903749973746,13.451727791001758,4778
development,False,CU,global_residual,ridge,8,outer_1,machine05,0.6034379466038935,0.7069884616846475,True,0.04169308705149601,2168,0.3289903749973746,13.451727791001758,4778
development,False,CU,global_residual,ridge,8,outer_1,machine06,0.08050218161309314,1.3765952215385555,True,0.04983824565191284,2168,0.3289903749973746,13.451727791001758,4778
development,False,CU,global_residual,ridge,8,outer_1,machine07,0.9800790049707078,0.6738616805928654,True,0.04505534948224967,2168,0.3289903749973746,13.451727791001758,4778
development,False,CU,global_embed,ridge,8,outer_1,machine01,2.708085775269822,0.9365663175146381,True,0.027434972114888066,3208,1.1417440829973202,0.0807234169988078,4778
development,False,CU,global_embed,ridge,8,outer_1,machine02,1.254816916237511,0.6179381174285717,True,0.08770684202277758,3208,1.1417440829973202,0.0807234169988078,4778
development,False,CU,global_embed,ridge,8,outer_1,machine03,0.7946996612685224,0.7591024219958131,True,0.008168771457269791,3208,1.1417440829973202,0.0807234169988078,4778
development,False,CU,global_embed,ridge,8,outer_1,machine04,3.2866634446181613,1.68090944911596,True,0.03302687595522484,3208,1.1417440829973202,0.0807234169988078,4778
development,False,CU,global_embed,ridge,8,outer_1,machine05,0.6156340939422292,0.7212774792940575,True,0.04253575038669374,3208,1.1417440829973202,0.0807234169988078,4778
development,False,CU,global_embed,ridge,8,outer_1,machine06,0.16457830703517498,2.8143052336444883,True,0.10188909083752008,3208,1.1417440829973202,0.0807234169988078,4778
development,False,CU,global_embed,ridge,8,outer_1,machine07,0.9783729157157897,0.6726886443715713,True,0.044976918613678474,3208,1.1417440829973202,0.0807234169988078,4778
development,False,CU,local,ridge,16,outer_1,machine01,2.487655195950001,0.8603324486222786,True,0.02520184240676227,528,0.014539767857578616,0.0018851659988285974,4317
development,False,CU,local,ridge,16,outer_1,machine02,1.283528283267591,0.6320771108241711,True,0.08971365536724206,528,0.014539767857578616,0.0019220419999328442,4317
development,False,CU,local,ridge,16,outer_1,machine03,0.7527725219614502,0.7190533386168781,True,0.007737799562415969,528,0.014539767857578616,0.0018186250017606653,4317
development,False,CU,local,ridge,16,outer_1,machine04,2.5681621242983894,1.3134438783696039,True,0.02580683216926206,528,0.014539767857578616,0.0018859580013668165,4317
development,False,CU,local,ridge,16,outer_1,machine05,0.607848774132213,0.712156191335315,True,0.04199784252327624,528,0.014539767857578616,0.002336749999813037,4317
development,False,CU,local,ridge,16,outer_1,machine06,0.07898558011663283,1.3506611868183596,True,0.04889933000488205,528,0.014539767857578616,0.001838125001086155,4317
development,False,CU,local,ridge,16,outer_1,machine07,0.979168982538001,0.6732359869061617,True,0.045013514713282736,528,0.014539767857578616,0.0018249579989060294,4317
development,False,CU,global_pooled,ridge,16,outer_1,machine01,3.4048293836195955,1.177528624352571,True,0.034493515696063216,528,0.2465064159987378,0.08459120800034725,4317
development,False,CU,global_pooled,ridge,16,outer_1,machine02,1.5292155421060476,0.7530664920145709,True,0.10688624311220604,528,0.2465064159987378,0.08459120800034725,4317
development,False,CU,global_pooled,ridge,16,outer_1,machine03,1.0569573364712264,1.0096127042269467,True,0.010864535802036395,528,0.2465064159987378,0.08459120800034725,4317
development,False,CU,global_pooled,ridge,16,outer_1,machine04,2.7214414617175247,1.391836050541644,True,0.027347098688406363,528,0.2465064159987378,0.08459120800034725,4317
development,False,CU,global_pooled,ridge,16,outer_1,machine05,0.6382279174990078,0.7477484240695383,True,0.0440968160400562,528,0.2465064159987378,0.08459120800034725,4317
development,False,CU,global_pooled,ridge,16,outer_1,machine06,0.16710950054178808,2.857588891505337,True,0.10345613214307636,528,0.2465064159987378,0.08459120800034725,4317
development,False,CU,global_pooled,ridge,16,outer_1,machine07,1.0560219345968187,0.726076889700958,True,0.04854653255795752,528,0.2465064159987378,0.08459120800034725,4317
development,False,CU,global_onehot,ridge,16,outer_1,machine01,2.596255990062044,0.8978910247757786,True,0.026302051190888298,640,0.3047934579990397,0.08792991699738195,4317
development,False,CU,global_onehot,ridge,16,outer_1,machine02,1.474644038331183,0.7261926015915768,True,0.10307190637623116,640,0.3047934579990397,0.08792991699738195,4317
development,False,CU,global_onehot,ridge,16,outer_1,machine03,1.0473404637666948,1.000426603215676,True,0.010765683318405562,640,0.3047934579990397,0.08792991699738195,4317
development,False,CU,global_onehot,ridge,16,outer_1,machine04,2.697286732442845,1.3794825153036105,True,0.027104373730122852,640,0.3047934579990397,0.08792991699738195,4317
development,False,CU,global_onehot,ridge,16,outer_1,machine05,0.6404202177847187,0.7503169251312771,True,0.04424828773183425,640,0.3047934579990397,0.08792991699738195,4317
development,False,CU,global_onehot,ridge,16,outer_1,machine06,0.17229642086495192,2.9462857390725987,True,0.10666731231313892,640,0.3047934579990397,0.08792991699738195,4317
development,False,CU,global_onehot,ridge,16,outer_1,machine07,1.0272762026187647,0.7063125164592493,True,0.047225058479005065,640,0.3047934579990397,0.08792991699738195,4317
development,False,CU,global_residual,ridge,16,outer_1,machine01,2.4876552616346976,0.860332471338721,True,0.02520184307219829,4336,0.47700925000026473,26.74580345800132,4317
development,False,CU,global_residual,ridge,16,outer_1,machine02,1.2835280126180362,0.6320769775420371,True,0.08971363644988652,4336,0.47700925000026473,26.74580345800132,4317
development,False,CU,global_residual,ridge,16,outer_1,machine03,0.7527728258821758,0.7190536289239843,True,0.007737802686437621,4336,0.47700925000026473,26.74580345800132,4317
development,False,CU,global_residual,ridge,16,outer_1,machine04,2.568162239324572,1.313443937197835,True,0.025806833325132,4336,0.47700925000026473,26.74580345800132,4317
development,False,CU,global_residual,ridge,16,outer_1,machine05,0.6078487556619958,0.7121561696955913,True,0.041997841247121206,4336,0.47700925000026473,26.74580345800132,4317
development,False,CU,global_residual,ridge,16,outer_1,machine06,0.07898358377483938,1.3506270491773869,True,0.048898094085920434,4336,0.47700925000026473,26.74580345800132,4317
development,False,CU,global_residual,ridge,16,outer_1,machine07,0.9791688986842405,0.6732359292517934,True,0.04501351085842975,4336,0.47700925000026473,26.74580345800132,4317
development,False,CU,global_embed,ridge,16,outer_1,machine01,2.74027116381078,0.9476973352611419,True,0.027761034621914836,3728,1.0676691250009753,0.08514083399859373,4317
development,False,CU,global_embed,ridge,16,outer_1,machine02,1.18862599999733,0.5853422146772993,True,0.0830803533622425,3728,1.0676691250009753,0.08514083399859373,4317
development,False,CU,global_embed,ridge,16,outer_1,machine03,0.8704520932040207,0.8314616507169131,True,0.008947435818124959,3728,1.0676691250009753,0.08514083399859373,4317
development,False,CU,global_embed,ridge,16,outer_1,machine04,3.030928465512251,1.550118040110424,True,0.030457057787145213,3728,1.0676691250009753,0.08514083399859373,4317
development,False,CU,global_embed,ridge,16,outer_1,machine05,0.6127090576770626,0.7178505040746165,True,0.04233365207266042,3728,1.0676691250009753,0.08514083399859373,4317
development,False,CU,global_embed,ridge,16,outer_1,machine06,0.16955491783738896,2.899405767723315,True,0.10497007009429048,3728,1.0676691250009753,0.08514083399859373,4317
development,False,CU,global_embed,ridge,16,outer_1,machine07,0.974687057836703,0.670154401343988,True,0.04480747552384398,3728,1.0676691250009753,0.08514083399859373,4317
development,False,UM,local,ridge,1,outer_1,machine01,323324236.2392891,0.9827728584139592,True,0.01070319122038718,33,0.0012016668572739167,0.00015837499813642353,8276
development,False,UM,local,ridge,1,outer_1,machine02,117911756.76068981,0.7545104794794987,True,0.021485566840023812,33,0.0012016668572739167,0.0001441669992345851,8276
development,False,UM,local,ridge,1,outer_1,machine03,319745778.1354212,1.0318556333016566,True,0.010180955457723831,33,0.0012016668572739167,0.00014349999764817767,8276
development,False,UM,local,ridge,1,outer_1,machine04,298111328.57360685,1.0220918421284426,True,0.01713869254721506,33,0.0012016668572739167,0.00014562499927706085,8276
development,False,UM,local,ridge,1,outer_1,machine05,56000174.882426806,0.892634952589342,True,0.023022897911735455,33,0.0012016668572739167,0.00014908299999660812,8276
development,False,UM,local,ridge,1,outer_1,machine06,4578406.465541778,0.8390193255731595,True,0.015292922740165147,33,0.0012016668572739167,0.00013908300024922937,8276
development,False,UM,local,ridge,1,outer_1,machine07,127610225.86832495,1.4417896574296856,True,0.030714365583057394,33,0.0012016668572739167,0.00016233400310738944,8276
development,False,UM,global_pooled,ridge,1,outer_1,machine01,1075829658.967011,3.2700802185674376,True,0.03561381817342591,33,0.18941837499733083,0.08592824999868753,8276
development,False,UM,global_pooled,ridge,1,outer_1,machine02,806100080.3894058,5.158187570705777,True,0.1468854135733583,33,0.18941837499733083,0.08592824999868753,8276
development,False,UM,global_pooled,ridge,1,outer_1,machine03,710745656.5589567,2.2936562723102925,True,0.022630697153826818,33,0.18941837499733083,0.08592824999868753,8276
development,False,UM,global_pooled,ridge,1,outer_1,machine04,418048366.7180478,1.4333028780962118,True,0.024033982409618387,33,0.18941837499733083,0.08592824999868753,8276
development,False,UM,global_pooled,ridge,1,outer_1,machine05,235302479.30160996,3.750688598678981,True,0.09673800074219423,33,0.18941837499733083,0.08592824999868753,8276
development,False,UM,global_pooled,ridge,1,outer_1,machine06,54542173.635972336,9.995167114095997,True,0.18218331067224158,33,0.18941837499733083,0.08592824999868753,8276
development,False,UM,global_pooled,ridge,1,outer_1,machine07,898445292.621366,10.150982194832128,True,0.21624581404960283,33,0.18941837499733083,0.08592824999868753,8276
development,False,UM,global_onehot,ridge,1,outer_1,machine01,593741463.5930638,1.8047301437136645,True,0.019654970794103707,40,0.2064738339977339,0.0860200419992907,8276
development,False,UM,global_onehot,ridge,1,outer_1,machine02,434208259.25098044,2.7784734184423416,True,0.07912027462674155,40,0.2064738339977339,0.0860200419992907,8276
development,False,UM,global_onehot,ridge,1,outer_1,machine03,608049840.4901145,1.9622453090597767,True,0.019360782113232704,40,0.2064738339977339,0.0860200419992907,8276
development,False,UM,global_onehot,ridge,1,outer_1,machine04,305751190.60744864,1.0482855486780696,True,0.0175779151930892,40,0.2064738339977339,0.0860200419992907,8276
development,False,UM,global_onehot,ridge,1,outer_1,machine05,184958314.97214973,2.9482096629662298,True,0.07604041259640222,40,0.2064738339977339,0.0860200419992907,8276
development,False,UM,global_onehot,ridge,1,outer_1,machine06,55361452.204404764,10.14530462528383,True,0.18491988811332458,40,0.2064738339977339,0.0860200419992907,8276
development,False,UM,global_onehot,ridge,1,outer_1,machine07,441582529.9847099,4.989170110007782,True,0.1062840157891166,40,0.2064738339977339,0.0860200419992907,8276
development,False,UM,global_residual,ridge,1,outer_1,machine01,323324236.2392925,0.9827728584139696,True,0.010703191220387293,271,0.2213514169998234,2.044737249998434,8276
development,False,UM,global_residual,ridge,1,outer_1,machine02,117911756.76069039,0.7545104794795023,True,0.02148556684002392,271,0.2213514169998234,2.044737249998434,8276
development,False,UM,global_residual,ridge,1,outer_1,machine03,319745778.1354199,1.0318556333016524,True,0.01018095545772379,271,0.2213514169998234,2.044737249998434,8276
development,False,UM,global_residual,ridge,1,outer_1,machine04,298111328.5736081,1.0220918421284468,True,0.01713869254721513,271,0.2213514169998234,2.044737249998434,8276
development,False,UM,global_residual,ridge,1,outer_1,machine05,56000174.882426694,0.8926349525893402,True,0.023022897911735406,271,0.2213514169998234,2.044737249998434,8276
development,False,UM,global_residual,ridge,1,outer_1,machine06,4578406.4655415,0.8390193255731084,True,0.015292922740164215,271,0.2213514169998234,2.044737249998434,8276
development,False,UM,global_residual,ridge,1,outer_1,machine07,127610225.86832315,1.4417896574296651,True,0.03071436558305696,271,0.2213514169998234,2.044737249998434,8276
development,False,UM,global_embed,ridge,1,outer_1,machine01,1.4521442678734106e+17,441392204.1746336,True,4807118.068048368,2753,1.0589074169984087,0.08595616599995992,8276
development,False,UM,global_embed,ridge,1,outer_1,machine02,3.651545067938362e+16,233660246.92880282,True,6653748.343838176,2753,1.0589074169984087,0.08595616599995992,8276
development,False,UM,global_embed,ridge,1,outer_1,machine03,1.5100721462593466e+17,487317286.84458154,True,4808187.726095488,2753,1.0589074169984087,0.08595616599995992,8276
development,False,UM,global_embed,ridge,1,outer_1,machine04,5.106560273412073e+16,175081357.08109966,True,2935808.139817888,2753,1.0589074169984087,0.08595616599995992,8276
development,False,UM,global_embed,ridge,1,outer_1,machine05,1.1423604453523054e+16,182090656.7020358,True,4696493.888986767,2753,1.0589074169984087,0.08595616599995992,8276
development,False,UM,global_embed,ridge,1,outer_1,machine06,3561984437068899.0,652754141.1153389,True,11897841.139213776,2753,1.0589074169984087,0.08595616599995992,8276
development,False,UM,global_embed,ridge,1,outer_1,machine07,5.835022554426881e+16,659263402.4895838,True,14044251.916533742,2753,1.0589074169984087,0.08595616599995992,8276
development,False,UM,local,ridge,4,outer_1,machine01,323315645.84746146,0.9827467471516872,True,0.010702906847624226,132,0.00434758328576988,0.0004952920025971252,8273
development,False,UM,local,ridge,4,outer_1,machine02,117941794.15706414,0.7547026870333791,True,0.02149104017453456,132,0.00434758328576988,0.0005310000015015248,8273
development,False,UM,local,ridge,4,outer_1,machine03,319845119.3109211,1.0321762184620178,True,0.01018411855838705,132,0.00434758328576988,0.0005108339973958209,8273
development,False,UM,local,ridge,4,outer_1,machine04,298214482.93454784,1.0224455127900114,True,0.01714462298563728,132,0.00434758328576988,0.0005251660004432779,8273
development,False,UM,local,ridge,4,outer_1,machine05,55995472.36561794,0.8925599951293423,True,0.023020964604122646,132,0.00434758328576988,0.0006017500018060673,8273
development,False,UM,local,ridge,4,outer_1,machine06,4577972.549637037,0.8389398079871847,True,0.015291473361990255,132,0.00434758328576988,0.0005720840017602313,8273
development,False,UM,local,ridge,4,outer_1,machine07,127582370.59627502,1.4414749377990823,True,0.030707661128117868,132,0.00434758328576988,0.0005781670006399509,8273
development,False,UM,global_pooled,ridge,4,outer_1,machine01,1076158552.7893848,3.271079920679746,True,0.03562470573791231,132,0.21032449999984237,0.09316095900067012,8273
development,False,UM,global_pooled,ridge,4,outer_1,machine02,806221294.2462945,5.158963211132085,True,0.14690750084010476,132,0.21032449999984237,0.09316095900067012,8273
development,False,UM,global_pooled,ridge,4,outer_1,machine03,710806649.0670191,2.293853102002307,True,0.022632639202949275,132,0.21032449999984237,0.09316095900067012,8273
development,False,UM,global_pooled,ridge,4,outer_1,machine04,418117230.03128976,1.433538979927777,True,0.024037941424390093,132,0.21032449999984237,0.09316095900067012,8273
development,False,UM,global_pooled,ridge,4,outer_1,machine05,235364591.58906397,3.7516786598508096,True,0.09676353646339725,132,0.21032449999984237,0.09316095900067012,8273
development,False,UM,global_pooled,ridge,4,outer_1,machine06,54551706.78895186,9.996914119226203,True,0.1822151535793935,132,0.21032449999984237,0.09316095900067012,8273
development,False,UM,global_pooled,ridge,4,outer_1,machine07,898814705.6642413,10.155155966180882,True,0.21633472767053577,132,0.21032449999984237,0.09316095900067012,8273
development,False,UM,global_onehot,ridge,4,outer_1,machine01,594373975.1241214,1.8066527189359476,True,0.019675909193107608,160,0.25756600000022445,0.12303137499839067,8273
development,False,UM,global_onehot,ridge,4,outer_1,machine02,434434015.35798305,2.7799180186520194,True,0.07916141130437068,160,0.25756600000022445,0.12303137499839067,8273
development,False,UM,global_onehot,ridge,4,outer_1,machine03,608272939.5425024,1.9629652748254958,True,0.01936788576141304,160,0.25756600000022445,0.12303137499839067,8273
development,False,UM,global_onehot,ridge,4,outer_1,machine04,305857341.29427904,1.0486494924153467,True,0.017584017893023374,160,0.25756600000022445,0.12303137499839067,8273
development,False,UM,global_onehot,ridge,4,outer_1,machine05,184997717.93965444,2.948837740755349,True,0.0760566120189966,160,0.25756600000022445,0.12303137499839067,8273
development,False,UM,global_onehot,ridge,4,outer_1,machine06,55369579.05478484,10.14679391737186,True,0.18494703364876772,160,0.25756600000022445,0.12303137499839067,8273
development,False,UM,global_onehot,ridge,4,outer_1,machine07,441770347.86890125,4.991292149061195,True,0.10632922147007857,160,0.25756600000022445,0.12303137499839067,8273
development,False,UM,global_residual,ridge,4,outer_1,machine01,323315645.84746206,0.982746747151689,True,0.010702906847624245,1084,0.3307641249994049,8.520980790999602,8273
development,False,UM,global_residual,ridge,4,outer_1,machine02,117941794.15706387,0.7547026870333773,True,0.02149104017453451,1084,0.3307641249994049,8.520980790999602,8273
development,False,UM,global_residual,ridge,4,outer_1,machine03,319845119.3109204,1.0321762184620156,True,0.01018411855838703,1084,0.3307641249994049,8.520980790999602,8273
development,False,UM,global_residual,ridge,4,outer_1,machine04,298214482.934549,1.0224455127900152,True,0.017144622985637344,1084,0.3307641249994049,8.520980790999602,8273
development,False,UM,global_residual,ridge,4,outer_1,machine05,55995472.365618154,0.8925599951293457,True,0.023020964604122736,1084,0.3307641249994049,8.520980790999602,8273
development,False,UM,global_residual,ridge,4,outer_1,machine06,4577972.549636677,0.8389398079871186,True,0.015291473361989053,1084,0.3307641249994049,8.520980790999602,8273
development,False,UM,global_residual,ridge,4,outer_1,machine07,127582370.59627062,1.4414749377990326,True,0.03070766112811681,1084,0.3307641249994049,8.520980790999602,8273
development,False,UM,global_embed,ridge,4,outer_1,machine01,2.2981180091578908e+16,69853346.94059815,True,760759.4402798885,2948,1.2513319999998203,0.10573533299975679,8273
development,False,UM,global_embed,ridge,4,outer_1,machine02,5258245313039990.0,33647206.193482034,True,958143.4815177603,2948,1.2513319999998203,0.10573533299975679,8273
development,False,UM,global_embed,ridge,4,outer_1,machine03,2.5228495167663436e+16,81415194.94106282,True,803295.0022520678,2948,1.2513319999998203,0.10573533299975679,8273
development,False,UM,global_embed,ridge,4,outer_1,machine04,1.0707066005509042e+16,36709791.84093459,True,615559.0035078059,2948,1.2513319999998203,0.10573533299975679,8273
development,False,UM,global_embed,ridge,4,outer_1,machine05,1644892822320237.2,26219361.44930026,True,676251.4510630417,2948,1.2513319999998203,0.10573533299975679,8273
development,False,UM,global_embed,ridge,4,outer_1,machine06,511733504598967.56,93778108.85364634,True,1709306.7223903397,2948,1.2513319999998203,0.10573533299975679,8273
development,False,UM,global_embed,ridge,4,outer_1,machine07,8383549068703703.0,94720577.89697519,True,2017827.248776782,2948,1.2513319999998203,0.10573533299975679,8273
development,False,UM,local,ridge,8,outer_1,machine01,323284304.3208599,0.9826514817857389,True,0.010701869330745637,264,0.009864898857943314,0.0015401669988932554,8269
development,False,UM,local,ridge,8,outer_1,machine02,117962296.6364043,0.7548338812072464,True,0.021494776081812605,264,0.009864898857943314,0.001286041999264853,8269
development,False,UM,local,ridge,8,outer_1,machine03,320061631.1382677,1.032874926510727,True,0.010191012464174145,264,0.009864898857943314,0.001357041001028847,8269
development,False,UM,local,ridge,8,outer_1,machine04,298357447.0244106,1.0229356733976782,True,0.017152842121733763,264,0.009864898857943314,0.0015804590002517216,8269
development,False,UM,local,ridge,8,outer_1,machine05,55995021.16425974,0.8925528030428205,True,0.023020779105366092,264,0.009864898857943314,0.001159416999144014,8269
development,False,UM,local,ridge,8,outer_1,machine06,4576547.687296828,0.838678693765738,True,0.015286713996510545,264,0.009864898857943314,0.0012943330002599396,8269
development,False,UM,local,ridge,8,outer_1,machine07,127590572.59162556,1.4415676071128949,True,0.030709635257400947,264,0.009864898857943314,0.003980041001341306,8269
development,False,UM,global_pooled,ridge,8,outer_1,machine01,1076621521.4169571,3.2724871551226924,True,0.035640031659060635,264,0.2683104169991566,0.11287412500314531,8269
development,False,UM,global_pooled,ridge,8,outer_1,machine02,806380369.8719113,5.159981126816279,True,0.14693648717769062,264,0.2683104169991566,0.11287412500314531,8269
development,False,UM,global_pooled,ridge,8,outer_1,machine03,710927455.9903312,2.2942429595481624,True,0.022636485789798357,264,0.2683104169991566,0.11287412500314531,8269
development,False,UM,global_pooled,ridge,8,outer_1,machine04,418169085.6032218,1.4337167697397046,True,0.024040922648580584,264,0.2683104169991566,0.11287412500314531,8269
development,False,UM,global_pooled,ridge,8,outer_1,machine05,235461794.02193862,3.753228053031149,True,0.09680349851161485,264,0.2683104169991566,0.11287412500314531,8269
development,False,UM,global_pooled,ridge,8,outer_1,machine06,54568790.27667201,10.000044766636666,True,0.1822722163281475,264,0.2683104169991566,0.11287412500314531,8269
development,False,UM,global_pooled,ridge,8,outer_1,machine07,899097881.5698494,10.158355397019287,True,0.21640288496929436,264,0.2683104169991566,0.11287412500314531,8269
development,False,UM,global_onehot,ridge,8,outer_1,machine01,595293185.9184691,1.809446742144209,True,0.019706338365439946,320,0.3740880000004836,0.11092708299838705,8269
development,False,UM,global_onehot,ridge,8,outer_1,machine02,434543377.3504224,2.780617819686446,True,0.07918133895588624,320,0.3740880000004836,0.11092708299838705,8269
development,False,UM,global_onehot,ridge,8,outer_1,machine03,608458897.5522228,1.9635653822639945,True,0.019373806809769054,320,0.3740880000004836,0.11092708299838705,8269
development,False,UM,global_onehot,ridge,8,outer_1,machine04,306088407.7976696,1.0494417172168482,True,0.017597302117338228,320,0.3740880000004836,0.11092708299838705,8269
development,False,UM,global_onehot,ridge,8,outer_1,machine05,185050221.3496556,2.949674637764967,True,0.07607819732031063,320,0.3740880000004836,0.11092708299838705,8269
development,False,UM,global_onehot,ridge,8,outer_1,machine06,55384864.89262048,10.149595135098641,True,0.18499809183654517,320,0.3740880000004836,0.11092708299838705,8269
development,False,UM,global_onehot,ridge,8,outer_1,machine07,441776986.6516368,4.99136715659465,True,0.10633081935142842,320,0.3740880000004836,0.11092708299838705,8269
development,False,UM,global_residual,ridge,8,outer_1,machine01,323284304.3208588,0.9826514817857355,True,0.010701869330745599,2168,0.42473729199991794,17.479164874999697,8269
development,False,UM,global_residual,ridge,8,outer_1,machine02,117962296.63640423,0.7548338812072459,True,0.02149477608181259,2168,0.42473729199991794,17.479164874999697,8269
development,False,UM,global_residual,ridge,8,outer_1,machine03,320061631.1382682,1.0328749265107287,True,0.010191012464174158,2168,0.42473729199991794,17.479164874999697,8269
development,False,UM,global_residual,ridge,8,outer_1,machine04,298357447.0244107,1.0229356733976787,True,0.01715284212173377,2168,0.42473729199991794,17.479164874999697,8269
development,False,UM,global_residual,ridge,8,outer_1,machine05,55995021.16425953,0.8925528030428171,True,0.023020779105366006,2168,0.42473729199991794,17.479164874999697,8269
development,False,UM,global_residual,ridge,8,outer_1,machine06,4576547.68729719,0.8386786937658042,True,0.015286713996511752,2168,0.42473729199991794,17.479164874999697,8269
development,False,UM,global_residual,ridge,8,outer_1,machine07,127590572.59162909,1.4415676071129349,True,0.030709635257401797,2168,0.42473729199991794,17.479164874999697,8269
development,False,UM,global_embed,ridge,8,outer_1,machine01,1.1920269539996824e+16,36232722.62280219,True,394603.6516443462,3208,1.4859292909968644,0.11523599999782164,8269
development,False,UM,global_embed,ridge,8,outer_1,machine02,1459897292922321.8,9341797.940549986,True,266018.6034740652,3208,1.4859292909968644,0.11523599999782164,8269
development,False,UM,global_embed,ridge,8,outer_1,machine03,1.2873914461815696e+16,41545571.72743041,True,409915.4974511689,3208,1.4859292909968644,0.11523599999782164,8269
development,False,UM,global_embed,ridge,8,outer_1,machine04,7805396812983046.0,26761252.064111024,True,448739.3915112435,3208,1.4859292909968644,0.11523599999782164,8269
development,False,UM,global_embed,ridge,8,outer_1,machine05,311098091208467.6,4958860.04783975,True,127899.2361982054,3208,1.4859292909968644,0.11523599999782164,8269
development,False,UM,global_embed,ridge,8,outer_1,machine06,64489684786505.96,11818105.763048952,True,215410.2687038152,3208,1.4859292909968644,0.11523599999782164,8269
development,False,UM,global_embed,ridge,8,outer_1,machine07,1830449526032487.2,20681126.274346527,True,440568.8928245286,3208,1.4859292909968644,0.11523599999782164,8269
development,False,UM,local,ridge,16,outer_1,machine01,323099011.5389217,0.9820882678458656,True,0.010695735475455635,528,0.019231898713769624,0.0030371670000022277,8261
development,False,UM,local,ridge,16,outer_1,machine02,118023898.65770902,0.7552280689617877,True,0.021506001038361332,528,0.019231898713769624,0.0024007920001167804,8261
development,False,UM,local,ridge,16,outer_1,machine03,320415411.46187526,1.0340166154549706,True,0.010202277106157759,528,0.019231898713769624,0.0020952080012648366,8261
development,False,UM,local,ridge,16,outer_1,machine04,298363308.74763656,1.0229557706530181,True,0.017153179117555584,528,0.019231898713769624,0.0026834579985006712,8261
development,False,UM,local,ridge,16,outer_1,machine05,56000940.4090463,0.8926471549765512,True,0.02302321263648848,528,0.019231898713769624,0.002600457999506034,8261
development,False,UM,local,ridge,16,outer_1,machine06,4575765.737176121,0.838535396907356,True,0.015284102104606094,528,0.019231898713769624,0.0026302090009266976,8261
development,False,UM,local,ridge,16,outer_1,machine07,127519842.99258061,1.4407684767635576,True,0.0306926114276269,528,0.019231898713769624,0.0029267499994602986,8261
development,False,UM,global_pooled,ridge,16,outer_1,machine01,1078292761.8658335,3.2775670395512253,True,0.03569535570871317,528,0.3144717919967661,0.10274504199696821,8261
development,False,UM,global_pooled,ridge,16,outer_1,machine02,806827556.137693,5.16284264574434,True,0.14701797227016444,528,0.3144717919967661,0.10274504199696821,8261
development,False,UM,global_pooled,ridge,16,outer_1,machine03,711224548.1258122,2.295201709325543,True,0.0226459454355701,528,0.3144717919967661,0.10274504199696821,8261
development,False,UM,global_pooled,ridge,16,outer_1,machine04,417476007.7057779,1.431340512291434,True,0.024001076967262815,528,0.3144717919967661,0.10274504199696821,8261
development,False,UM,global_pooled,ridge,16,outer_1,machine05,235696996.22976726,3.7569771433165777,True,0.09690019528855924,528,0.3144717919967661,0.10274504199696821,8261
development,False,UM,global_pooled,ridge,16,outer_1,machine06,54617523.33133351,10.008975379277318,True,0.18243499585535627,528,0.3144717919967661,0.10274504199696821,8261
development,False,UM,global_pooled,ridge,16,outer_1,machine07,899696502.569856,10.165118848464163,True,0.21654696640253993,528,0.3144717919967661,0.10274504199696821,8261
development,False,UM,global_onehot,ridge,16,outer_1,machine01,596856020.1567698,1.8141971162252453,True,0.019758073780925225,640,0.4025773749999644,0.11226120900028036,8261
development,False,UM,global_onehot,ridge,16,outer_1,machine02,434341507.09904516,2.7793260636788717,True,0.0791445546953669,640,0.4025773749999644,0.11226120900028036,8261
development,False,UM,global_onehot,ridge,16,outer_1,machine03,609156946.4506608,1.9658180646680392,True,0.01939603323222177,640,0.4025773749999644,0.11226120900028036,8261
development,False,UM,global_onehot,ridge,16,outer_1,machine04,306062595.8497869,1.0493532194684179,True,0.017595818164880185,640,0.4025773749999644,0.11226120900028036,8261
development,False,UM,global_onehot,ridge,16,outer_1,machine05,185169788.0398436,2.9515805140778766,True,0.07612735380433272,640,0.4025773749999644,0.11226120900028036,8261
development,False,UM,global_onehot,ridge,16,outer_1,machine06,55426629.989041775,10.1572488293033,True,0.1851375967926065,640,0.4025773749999644,0.11226120900028036,8261
development,False,UM,global_onehot,ridge,16,outer_1,machine07,441515474.9797527,4.988412496642801,True,0.10626787639337135,640,0.4025773749999644,0.11226120900028036,8261
development,False,UM,global_residual,ridge,16,outer_1,machine01,323099011.5389208,0.9820882678458629,True,0.010695735475455605,4336,0.6399439999986498,34.16200150000077,8261
development,False,UM,global_residual,ridge,16,outer_1,machine02,118023898.65770908,0.7552280689617881,True,0.021506001038361342,4336,0.6399439999986498,34.16200150000077,8261
development,False,UM,global_residual,ridge,16,outer_1,machine03,320415411.46187305,1.0340166154549635,True,0.010202277106157688,4336,0.6399439999986498,34.16200150000077,8261
development,False,UM,global_residual,ridge,16,outer_1,machine04,298363308.74763787,1.0229557706530228,True,0.01715317911755566,4336,0.6399439999986498,34.16200150000077,8261
development,False,UM,global_residual,ridge,16,outer_1,machine05,56000940.40904602,0.8926471549765468,True,0.023023212636488363,4336,0.6399439999986498,34.16200150000077,8261
development,False,UM,global_residual,ridge,16,outer_1,machine06,4575765.737176751,0.8385353969074715,True,0.015284102104608196,4336,0.6399439999986498,34.16200150000077,8261
development,False,UM,global_residual,ridge,16,outer_1,machine07,127519842.99258277,1.440768476763582,True,0.03069261142762742,4336,0.6399439999986498,34.16200150000077,8261
development,False,UM,global_embed,ridge,16,outer_1,machine01,1.7207604187578156e+16,52304047.94451106,True,569633.3816685401,3728,1.4483597910002572,0.11098554099953617,8261
development,False,UM,global_embed,ridge,16,outer_1,machine02,3622209455088520.5,23178307.810991388,True,660029.3770011619,3728,1.4483597910002572,0.11098554099953617,8261
development,False,UM,global_embed,ridge,16,outer_1,machine03,1.8457681342111724e+16,59565016.250123866,True,587706.9986435026,3728,1.4483597910002572,0.11098554099953617,8261
development,False,UM,global_embed,ridge,16,outer_1,machine04,9722657591436084.0,33334690.95442756,True,558964.464714483,3728,1.4483597910002572,0.11098554099953617,8261
development,False,UM,global_embed,ridge,16,outer_1,machine05,1133971653957644.2,18075349.509056285,True,466200.5730996615,3728,1.4483597910002572,0.11098554099953617,8261
development,False,UM,global_embed,ridge,16,outer_1,machine06,352902760640900.5,64671461.22876988,True,1178775.7801520687,3728,1.4483597910002572,0.11098554099953617,8261
development,False,UM,global_embed,ridge,16,outer_1,machine07,5786441485518454.0,65377452.55424242,True,1392732.267354276,3728,1.4483597910002572,0.11098554099953617,8261
development,False,CU,local,ridge,1,outer_2,machine01,2.878752198904194,0.9267758095194545,True,0.029163953012064467,33,0.001615803857670731,0.0001637920031498652,4852
development,False,CU,local,ridge,1,outer_2,machine02,1.2715002049370696,0.6212875693584691,True,0.06671623287855535,33,0.001615803857670731,0.00013795799895888194,4852
development,False,CU,local,ridge,1,outer_2,machine03,2.242908077800835,2.1704899445633337,True,0.023055003519157825,33,0.001615803857670731,0.00015358400196419097,4852
development,False,CU,local,ridge,1,outer_2,machine04,4.213618744786,1.7476309875353153,True,0.04234162272822099,33,0.001615803857670731,0.0001677919972280506,4852
development,False,CU,local,ridge,1,outer_2,machine05,0.49945721476044447,0.5698530976385944,True,0.03450878959584904,33,0.001615803857670731,0.00014325000302051194,4852
development,False,CU,local,ridge,1,outer_2,machine06,0.06893257949458091,1.0918575889590165,True,0.024104714256700018,33,0.001615803857670731,0.00020500000027823262,4852
development,False,CU,local,ridge,1,outer_2,machine07,1.2357299899275636,0.8405797133793345,True,0.056807916789878864,33,0.001615803857670731,0.00014504199862130918,4852
development,False,CU,global_pooled,ridge,1,outer_2,machine01,3.7771254544503523,1.215995076629818,True,0.0382651585350743,33,0.33190695799930836,0.09831395799847087,4852
development,False,CU,global_pooled,ridge,1,outer_2,machine02,1.449135442212856,0.7080846963828807,True,0.07603683999408102,33,0.33190695799930836,0.09831395799847087,4852
development,False,CU,global_pooled,ridge,1,outer_2,machine03,2.519392562432198,2.4380474069755036,True,0.0258970061982951,33,0.33190695799930836,0.09831395799847087,4852
development,False,CU,global_pooled,ridge,1,outer_2,machine04,4.923237549320016,2.041950879119241,True,0.0494724082886399,33,0.33190695799930836,0.09831395799847087,4852
development,False,CU,global_pooled,ridge,1,outer_2,machine05,0.5368637342421664,0.6125318704515201,True,0.03709330268757984,33,0.33190695799930836,0.09831395799847087,4852
development,False,CU,global_pooled,ridge,1,outer_2,machine06,0.07504240456374352,1.188634162792318,True,0.02624123066926463,33,0.33190695799930836,0.09831395799847087,4852
development,False,CU,global_pooled,ridge,1,outer_2,machine07,1.2684495705453909,0.8628365299345736,True,0.058312073222342095,33,0.33190695799930836,0.09831395799847087,4852
development,False,CU,global_onehot,ridge,1,outer_2,machine01,2.9595762549533657,0.9527960345329621,True,0.02998276227732869,40,0.38105041699964204,0.09605658299915376,4852
development,False,CU,global_onehot,ridge,1,outer_2,machine02,1.4024698368170692,0.6852826862562487,True,0.0735882730297067,40,0.38105041699964204,0.09605658299915376,4852
development,False,CU,global_onehot,ridge,1,outer_2,machine03,2.51710223668896,2.435831030368422,True,0.025873463785392407,40,0.38105041699964204,0.09605658299915376,4852
development,False,CU,global_onehot,ridge,1,outer_2,machine04,4.541009935537734,1.8834190178861425,True,0.0456314966164332,40,0.38105041699964204,0.09605658299915376,4852
development,False,CU,global_onehot,ridge,1,outer_2,machine05,0.5418927111344481,0.6182696553414515,True,0.037440767696252056,40,0.38105041699964204,0.09605658299915376,4852
development,False,CU,global_onehot,ridge,1,outer_2,machine06,0.080683953731554,1.2779934805129547,True,0.02821399785210139,40,0.38105041699964204,0.09605658299915376,4852
development,False,CU,global_onehot,ridge,1,outer_2,machine07,1.2540388167463647,0.8530339133462398,True,0.057649594437035205,40,0.38105041699964204,0.09605658299915376,4852
development,False,CU,global_residual,ridge,1,outer_2,machine01,2.8787520469554764,0.926775760601595,True,0.029163951472708192,271,0.39074254099978134,2.3516324999982317,4852
development,False,CU,global_residual,ridge,1,outer_2,machine02,1.2714998450420412,0.6212873935045395,True,0.06671621399468854,271,0.39074254099978134,2.3516324999982317,4852
development,False,CU,global_residual,ridge,1,outer_2,machine03,2.2429079365419304,2.170489807865341,True,0.02305500206714801,271,0.39074254099978134,2.3516324999982317,4852
development,False,CU,global_residual,ridge,1,outer_2,machine04,4.2136182932190085,1.7476308002444105,True,0.04234161819053489,271,0.39074254099978134,2.3516324999982317,4852
development,False,CU,global_residual,ridge,1,outer_2,machine05,0.4994569650536056,0.5698528127368823,True,0.03450877234295829,271,0.39074254099978134,2.3516324999982317,4852
development,False,CU,global_residual,ridge,1,outer_2,machine06,0.06893257411124405,1.0918575036896525,True,0.0241047123742259,271,0.39074254099978134,2.3516324999982317,4852
development,False,CU,global_residual,ridge,1,outer_2,machine07,1.2357299136758735,0.8405796615107027,True,0.05680791328450172,271,0.39074254099978134,2.3516324999982317,4852
development,False,CU,global_embed,ridge,1,outer_2,machine01,2.7966173175872076,0.9003335818239585,True,0.02833186408815782,2753,1.966105958999833,0.10007462499925168,4852
development,False,CU,global_embed,ridge,1,outer_2,machine02,1.1679778449361007,0.5707038925572234,True,0.06128436440449238,2753,1.966105958999833,0.10007462499925168,4852
development,False,CU,global_embed,ridge,1,outer_2,machine03,2.074631923600439,2.007647024598523,True,0.02132528157215569,2753,1.966105958999833,0.10007462499925168,4852
development,False,CU,global_embed,ridge,1,outer_2,machine04,4.724076729133436,1.959347387455048,True,0.04747108998687895,2753,1.966105958999833,0.10007462499925168,4852
development,False,CU,global_embed,ridge,1,outer_2,machine05,0.526905410075634,0.6011699725634105,True,0.03640525633799422,2753,1.966105958999833,0.10007462499925168,4852
development,False,CU,global_embed,ridge,1,outer_2,machine06,0.07932559589215998,1.2564777715936195,True,0.027738999994527887,2753,1.966105958999833,0.10007462499925168,4852
development,False,CU,global_embed,ridge,1,outer_2,machine07,1.2029376281740785,0.8182733889650571,True,0.055300414525614176,2753,1.966105958999833,0.10007462499925168,4852
development,False,CU,local,ridge,4,outer_2,machine01,2.9034671279682662,0.9347324507334118,True,0.029414334073065644,132,0.007178648857266775,0.0006225420002010651,4626
development,False,CU,local,ridge,4,outer_2,machine02,1.271443524516723,0.62125987385323,True,0.0667132588293898,132,0.007178648857266775,0.0010022080023190938,4626
development,False,CU,local,ridge,4,outer_2,machine03,2.236369193586679,2.1641621852690673,True,0.022987789886971637,132,0.007178648857266775,0.0005313340006978251,4626
development,False,CU,local,ridge,4,outer_2,machine04,4.134870268572278,1.7149694475175843,True,0.04155029857854805,132,0.007178648857266775,0.0005080420014564879,4626
development,False,CU,local,ridge,4,outer_2,machine05,0.498958684322351,0.5692843019419481,True,0.034474344839647966,132,0.007178648857266775,0.0005749589981860481,4626
development,False,CU,local,ridge,4,outer_2,machine06,0.06821741313367441,1.080529711426371,True,0.023854631046379846,132,0.007178648857266775,0.0005275000003166497,4626
development,False,CU,local,ridge,4,outer_2,machine07,1.2358879306133748,0.8406871492573113,True,0.05681517750331176,132,0.007178648857266775,0.0005084170006739441,4626
development,False,CU,global_pooled,ridge,4,outer_2,machine01,3.7862025777438575,1.218917335201309,True,0.038357116709632454,132,0.3458896250012913,0.09797141699891654,4626
development,False,CU,global_pooled,ridge,4,outer_2,machine02,1.4498805776720813,0.7084487886547556,True,0.07607593761327977,132,0.3458896250012913,0.09797141699891654,4626
development,False,CU,global_pooled,ridge,4,outer_2,machine03,2.5261108670061097,2.444548793575567,True,0.02596606410446938,132,0.3458896250012913,0.09797141699891654,4626
development,False,CU,global_pooled,ridge,4,outer_2,machine04,4.828827251959642,2.0027934775594582,True,0.048523702334301096,132,0.3458896250012913,0.09797141699891654,4626
development,False,CU,global_pooled,ridge,4,outer_2,machine05,0.5365572035024526,0.6121821358068196,True,0.0370721236866788,132,0.3458896250012913,0.09797141699891654,4626
development,False,CU,global_pooled,ridge,4,outer_2,machine06,0.07451951961613475,1.1803519266945965,True,0.0260583854552359,132,0.3458896250012913,0.09797141699891654,4626
development,False,CU,global_pooled,ridge,4,outer_2,machine07,1.2695586931479983,0.8635909875968474,True,0.05836306085316134,132,0.3458896250012913,0.09797141699891654,4626
development,False,CU,global_onehot,ridge,4,outer_2,machine01,2.9811807752180686,0.9597513211898758,True,0.030201632527462698,160,0.39970541699949536,0.10199925000051735,4626
development,False,CU,global_onehot,ridge,4,outer_2,machine02,1.402466725096235,0.685281165789743,True,0.07358810975620426,160,0.39970541699949536,0.10199925000051735,4626
development,False,CU,global_onehot,ridge,4,outer_2,machine03,2.5229811889806797,2.441520165362423,True,0.025933893932805072,160,0.39970541699949536,0.10199925000051735,4626
development,False,CU,global_onehot,ridge,4,outer_2,machine04,4.465355285102715,1.8520406660561395,True,0.04487126156424228,160,0.39970541699949536,0.10199925000051735,4626
development,False,CU,global_onehot,ridge,4,outer_2,machine05,0.5414532351905676,0.6177682375611956,True,0.037410403167656585,160,0.39970541699949536,0.10199925000051735,4626
development,False,CU,global_onehot,ridge,4,outer_2,machine06,0.08013491377364172,1.2692969621310277,True,0.02802200661373454,160,0.39970541699949536,0.10199925000051735,4626
development,False,CU,global_onehot,ridge,4,outer_2,machine07,1.2551401180703294,0.853783050745824,True,0.05770022251475632,160,0.39970541699949536,0.10199925000051735,4626
development,False,CU,global_residual,ridge,4,outer_2,machine01,2.9034669496435233,0.9347323933241433,True,0.02941433226650014,1084,0.4696918750014447,9.133482583998557,4626
development,False,CU,global_residual,ridge,4,outer_2,machine02,1.2714431579344345,0.6212596947317339,True,0.0667132395946392,1084,0.4696918750014447,9.133482583998557,4626
development,False,CU,global_residual,ridge,4,outer_2,machine03,2.2363691602824494,2.1641621530401514,True,0.022987789544635213,1084,0.4696918750014447,9.133482583998557,4626
development,False,CU,global_residual,ridge,4,outer_2,machine04,4.134869776133692,1.7149692432748695,True,0.041550293630153314,1084,0.4696918750014447,9.133482583998557,4626
development,False,CU,global_residual,ridge,4,outer_2,machine05,0.49895842955503666,0.569284011266513,True,0.03447432723711588,1084,0.4696918750014447,9.133482583998557,4626
development,False,CU,global_residual,ridge,4,outer_2,machine06,0.06821740022097258,1.080529506895631,True,0.02385462653099699,1084,0.4696918750014447,9.133482583998557,4626
development,False,CU,global_residual,ridge,4,outer_2,machine07,1.2358878830380915,0.8406871168952109,True,0.05681517531622174,1084,0.4696918750014447,9.133482583998557,4626
development,False,CU,global_embed,ridge,4,outer_2,machine01,3.518357126673004,1.1326880707176261,True,0.03564363822666367,2948,2.2351775410024857,0.10861695900166524,4626
development,False,CU,global_embed,ridge,4,outer_2,machine02,1.1863101484737124,0.5796615256440291,True,0.06224626926873595,2948,2.2351775410024857,0.10861695900166524,4626
development,False,CU,global_embed,ridge,4,outer_2,machine03,2.1101111020035677,2.0419806652535004,True,0.021689974441665965,2948,2.2351775410024857,0.10861695900166524,4626
development,False,CU,global_embed,ridge,4,outer_2,machine04,4.680260845906216,1.9411744107544693,True,0.047030794908116444,2948,2.2351775410024857,0.10861695900166524,4626
development,False,CU,global_embed,ridge,4,outer_2,machine05,0.51765234064238,0.5906127313756266,True,0.03576593786035225,2948,2.2351775410024857,0.10861695900166524,4626
development,False,CU,global_embed,ridge,4,outer_2,machine06,0.07244350338499674,1.147468867720308,True,0.025332432960627933,2948,2.2351775410024857,0.10861695900166524,4626
development,False,CU,global_embed,ridge,4,outer_2,machine07,1.2169371601876846,0.8277962804570178,True,0.05594398897651247,2948,2.2351775410024857,0.10861695900166524,4626
development,False,CU,local,ridge,8,outer_2,machine01,2.9539022980556977,0.9509693799153759,True,0.02992528077113338,264,0.012048893000090695,0.0012237080009072088,4341
development,False,CU,local,ridge,8,outer_2,machine02,1.2737173316003705,0.6223709142374187,True,0.0668325665906662,264,0.012048893000090695,0.001058290999935707,4341
development,False,CU,local,ridge,8,outer_2,machine03,2.222866564273671,2.151095523536864,True,0.02284899544888904,264,0.012048893000090695,0.0012125829998694826,4341
development,False,CU,local,ridge,8,outer_2,machine04,4.090239433296455,1.6964584631471717,True,0.04110181424625466,264,0.012048893000090695,0.0012216670002089813,4341
development,False,CU,local,ridge,8,outer_2,machine05,0.4965091045541596,0.5664894667136969,True,0.03430509704359939,264,0.012048893000090695,0.0010325000002922025,4341
development,False,CU,local,ridge,8,outer_2,machine06,0.06879648066986627,1.0897018516327386,True,0.02405712248943303,264,0.012048893000090695,0.001063666000845842,4341
development,False,CU,local,ridge,8,outer_2,machine07,1.2327691823662426,0.8385656854027111,True,0.05667180508995628,264,0.012048893000090695,0.0012805000005755574,4341
development,False,CU,global_pooled,ridge,8,outer_2,machine01,3.8500925976029343,1.2394858735067766,True,0.03900437128674376,264,0.34869808300209115,0.09130458299841848,4341
development,False,CU,global_pooled,ridge,8,outer_2,machine02,1.4477991268614683,0.7074317384727393,True,0.07596672287901003,264,0.34869808300209115,0.09130458299841848,4341
development,False,CU,global_pooled,ridge,8,outer_2,machine03,2.49887614435436,2.418193414929576,True,0.025686116552095756,264,0.34869808300209115,0.09130458299841848,4341
development,False,CU,global_pooled,ridge,8,outer_2,machine04,4.806016971736198,1.9933327372866978,True,0.04829448741523866,264,0.34869808300209115,0.09130458299841848,4341
development,False,CU,global_pooled,ridge,8,outer_2,machine05,0.5339911074723873,0.6092543619588191,True,0.0368948254810122,264,0.34869808300209115,0.09130458299841848,4341
development,False,CU,global_pooled,ridge,8,outer_2,machine06,0.07466747242356275,1.1826954251793842,True,0.026110122386780864,264,0.34869808300209115,0.09130458299841848,4341
development,False,CU,global_pooled,ridge,8,outer_2,machine07,1.2659404852900733,0.8611297766940192,True,0.05819672771194371,264,0.34869808300209115,0.09130458299841848,4341
development,False,CU,global_onehot,ridge,8,outer_2,machine01,3.03824714036338,0.9781230750261424,True,0.03077975828358047,320,0.41706004200023017,0.0938155830008327,4341
development,False,CU,global_onehot,ridge,8,outer_2,machine02,1.4004259996384927,0.6842840150583112,True,0.07348103190096579,320,0.41706004200023017,0.0938155830008327,4341
development,False,CU,global_onehot,ridge,8,outer_2,machine03,2.49735085408547,2.416717372632554,True,0.025670437990470762,320,0.41706004200023017,0.0938155830008327,4341
development,False,CU,global_onehot,ridge,8,outer_2,machine04,4.440188749551484,1.8416026506489163,True,0.04461836921250657,320,0.41706004200023017,0.0938155830008327,4341
development,False,CU,global_onehot,ridge,8,outer_2,machine05,0.5389491890098952,0.614911259164416,True,0.037237392146425144,320,0.41706004200023017,0.0938155830008327,4341
development,False,CU,global_onehot,ridge,8,outer_2,machine06,0.08033209111752544,1.2724201526581884,True,0.0280909566453025,320,0.41706004200023017,0.0938155830008327,4341
development,False,CU,global_onehot,ridge,8,outer_2,machine07,1.2519530605786375,0.8516151209434187,True,0.057553709847532636,320,0.41706004200023017,0.0938155830008327,4341
development,False,CU,global_residual,ridge,8,outer_2,machine01,2.9539021009152466,0.9509693164486415,True,0.029925278773950417,2168,0.5714611250004964,17.860809957997844,4341
development,False,CU,global_residual,ridge,8,outer_2,machine02,1.273716973274012,0.6223707391499815,True,0.06683254778910826,2168,0.5714611250004964,17.860809957997844,4341
development,False,CU,global_residual,ridge,8,outer_2,machine03,2.2228665808078416,2.151095539537186,True,0.022848995618844896,2168,0.5714611250004964,17.860809957997844,4341
development,False,CU,global_residual,ridge,8,outer_2,machine04,4.090238969579087,1.696458270816804,True,0.04110180958647241,2168,0.5714611250004964,17.860809957997844,4341
development,False,CU,global_residual,ridge,8,outer_2,machine05,0.4965088469940213,0.5664891728518039,True,0.03430507924810388,2168,0.5714611250004964,17.860809957997844,4341
development,False,CU,global_residual,ridge,8,outer_2,machine06,0.06879641950473243,1.0897008828076047,True,0.02405710110088085,2168,0.5714611250004964,17.860809957997844,4341
development,False,CU,global_residual,ridge,8,outer_2,machine07,1.2327691386668638,0.8385656556771145,True,0.056671803081046,2168,0.5714611250004964,17.860809957997844,4341
development,False,CU,global_embed,ridge,8,outer_2,machine01,3.6877259729458935,1.1872141079610135,True,0.03735947367658199,3208,1.9148882920017058,0.09574420799981453,4341
development,False,CU,global_embed,ridge,8,outer_2,machine02,1.2583401502271903,0.6148572295350241,True,0.0660257184206656,3208,1.9148882920017058,0.09574420799981453,4341
development,False,CU,global_embed,ridge,8,outer_2,machine03,2.1286143913939193,2.0598865277186627,True,0.021880171002208394,3208,1.9148882920017058,0.09574420799981453,4341
development,False,CU,global_embed,ridge,8,outer_2,machine04,4.698517564265642,1.9487465259998553,True,0.04721425219930748,3208,1.9148882920017058,0.09574420799981453,4341
development,False,CU,global_embed,ridge,8,outer_2,machine05,0.5243317994872646,0.5982336250194048,True,0.036227438932076306,3208,1.9148882920017058,0.09574420799981453,4341
development,False,CU,global_embed,ridge,8,outer_2,machine06,0.07716337585649255,1.2222292874624212,True,0.026982903291023957,3208,1.9148882920017058,0.09574420799981453,4341
development,False,CU,global_embed,ridge,8,outer_2,machine07,1.2430224376889725,0.8455402498226381,True,0.05714315892934409,3208,1.9148882920017058,0.09574420799981453,4341
development,False,CU,local,ridge,16,outer_2,machine01,2.985536048341956,0.9611534431844697,True,0.03024575476236298,528,0.023588267857121537,0.003233874998841202,3798
development,False,CU,local,ridge,16,outer_2,machine02,1.2866772887154787,0.6287034812505984,True,0.0675125818306405,528,0.023588267857121537,0.0024547499997424893,3798
development,False,CU,local,ridge,16,outer_2,machine03,2.2649867844553504,2.191855782627271,True,0.023281952035085148,528,0.023588267857121537,0.0028842079991591163,3798
development,False,CU,local,ridge,16,outer_2,machine04,4.183030800598856,1.7349444009349968,True,0.0420342519689641,528,0.023588267857121537,0.002247832999273669,3798
development,False,CU,local,ridge,16,outer_2,machine05,0.5001852708851547,0.5706837694672512,True,0.03455909287484692,528,0.023588267857121537,0.0023274999985005707,3798
development,False,CU,local,ridge,16,outer_2,machine06,0.06915438351006356,1.0953708536495588,True,0.024182275874927554,528,0.023588267857121537,0.0020714999991469085,3798
development,False,CU,local,ridge,16,outer_2,machine07,1.2291349660033286,0.8360935850461634,True,0.05650473601950915,528,0.023588267857121537,0.0019433749985182658,3798
development,False,CU,global_pooled,ridge,16,outer_2,machine01,3.868286496683304,1.2453431562402273,True,0.03918868934582787,528,0.4510711250004533,0.09827999999833992,3798
development,False,CU,global_pooled,ridge,16,outer_2,machine02,1.462625484989573,0.7146762768283618,True,0.07674466908599822,528,0.4510711250004533,0.09827999999833992,3798
development,False,CU,global_pooled,ridge,16,outer_2,machine03,2.494491766567006,2.4139505982065876,True,0.025641049236891346,528,0.4510711250004533,0.09827999999833992,3798
development,False,CU,global_pooled,ridge,16,outer_2,machine04,4.9125695482889675,2.0375262431219787,True,0.049365208159183514,528,0.4510711250004533,0.09827999999833992,3798
development,False,CU,global_pooled,ridge,16,outer_2,machine05,0.5368777241406606,0.6125478321530572,True,0.03709426928581756,528,0.4510711250004533,0.09827999999833992,3798
development,False,CU,global_pooled,ridge,16,outer_2,machine06,0.07512591523648025,1.1899569300883517,True,0.026270433129385276,528,0.4510711250004533,0.09827999999833992,3798
development,False,CU,global_pooled,ridge,16,outer_2,machine07,1.2616058101548575,0.8581812037756216,True,0.05799745775297239,528,0.4510711250004533,0.09827999999833992,3798
development,False,CU,global_onehot,ridge,16,outer_2,machine01,3.054387012372874,0.9833190911864889,True,0.030943267483533415,640,0.5415233329986222,0.11104399999749148,3798
development,False,CU,global_onehot,ridge,16,outer_2,machine02,1.414605277739049,0.6912123735376465,True,0.07422502550484676,640,0.5415233329986222,0.11104399999749148,3798
development,False,CU,global_onehot,ridge,16,outer_2,machine03,2.49566077645201,2.415081863560531,True,0.025653065568402855,640,0.5415233329986222,0.11104399999749148,3798
development,False,CU,global_onehot,ridge,16,outer_2,machine04,4.547721788329263,1.8862028107807338,True,0.04569894238120675,640,0.5415233329986222,0.11104399999749148,3798
development,False,CU,global_onehot,ridge,16,outer_2,machine05,0.5417801486410985,0.6181412277532266,True,0.03743299046271815,640,0.5415233329986222,0.11104399999749148,3798
development,False,CU,global_onehot,ridge,16,outer_2,machine06,0.08114445912535036,1.2852876556716348,True,0.02837502984905434,640,0.5415233329986222,0.11104399999749148,3798
development,False,CU,global_onehot,ridge,16,outer_2,machine07,1.2478805838617133,0.8488449030646272,True,0.05736649344884564,640,0.5415233329986222,0.11104399999749148,3798
development,False,CU,global_residual,ridge,16,outer_2,machine01,2.985535867531081,0.9611533849748242,True,0.03024575293061106,4336,0.9752134160007699,30.173742999999376,3798
development,False,CU,global_residual,ridge,16,outer_2,machine02,1.2866769273409462,0.6287033046737452,True,0.0675125628691434,4336,0.9752134160007699,30.173742999999376,3798
development,False,CU,global_residual,ridge,16,outer_2,machine03,2.2649868175446786,2.191855814648224,True,0.023281952375212585,4336,0.9752134160007699,30.173742999999376,3798
development,False,CU,global_residual,ridge,16,outer_2,machine04,4.1830304071383955,1.7349442377442252,True,0.0420342480151763,4336,0.9752134160007699,30.173742999999376,3798
development,False,CU,global_residual,ridge,16,outer_2,machine05,0.5001850193404713,0.57068348246866,True,0.034559075494974736,4336,0.9752134160007699,30.173742999999376,3798
development,False,CU,global_residual,ridge,16,outer_2,machine06,0.06915428844366739,1.095369347845382,True,0.02418224263160006,4336,0.9752134160007699,30.173742999999376,3798
development,False,CU,global_residual,ridge,16,outer_2,machine07,1.22913489326992,0.8360935355707697,True,0.056504732675871416,4336,0.9752134160007699,30.173742999999376,3798
development,False,CU,global_embed,ridge,16,outer_2,machine01,3.344569062021134,1.0767393251590938,True,0.03388303272769296,3728,1.9921863339986885,0.09434991599846398,3798
development,False,CU,global_embed,ridge,16,outer_2,machine02,1.2712061464384607,0.6211438848437986,True,0.06670080348641139,3728,1.9921863339986885,0.09434991599846398,3798
development,False,CU,global_embed,ridge,16,outer_2,machine03,2.1290069358332557,2.060266397837642,True,0.021884205992995533,3728,1.9921863339986885,0.09434991599846398,3798
development,False,CU,global_embed,ridge,16,outer_2,machine04,4.778573029450267,1.9819501498092778,True,0.04801870996102929,3728,1.9921863339986885,0.09434991599846398,3798
development,False,CU,global_embed,ridge,16,outer_2,machine05,0.5656482919593296,0.6453734610713489,True,0.03908210216131973,3728,1.9921863339986885,0.09434991599846398,3798
development,False,CU,global_embed,ridge,16,outer_2,machine06,0.07675282627739012,1.2157263874277264,True,0.02683934011139203,3728,1.9921863339986885,0.09434991599846398,3798
development,False,CU,global_embed,ridge,16,outer_2,machine07,1.2428088702924371,0.8453949750276343,True,0.05713334099258582,3728,1.9921863339986885,0.09434991599846398,3798
development,False,UM,local,ridge,1,outer_2,machine01,263946876.66099674,0.7500529389081247,True,0.008737587771910141,33,0.0018053272859625785,0.00014654099868494086,8279
development,False,UM,local,ridge,1,outer_2,machine02,88817985.78525221,0.5609848764938473,True,0.01564126393480709,33,0.0018053272859625785,0.00014608299898100086,8279
development,False,UM,local,ridge,1,outer_2,machine03,624311043.0919858,1.8762622585373132,True,0.019537195958640247,33,0.0018053272859625785,0.00017124999794759788,8279
development,False,UM,local,ridge,1,outer_2,machine04,366860810.4973293,1.0943240081443648,True,0.010121051465841455,33,0.0018053272859625785,0.0002709580003283918,8279
development,False,UM,local,ridge,1,outer_2,machine05,55193169.222070545,0.8851638498719302,True,0.02269112021690534,33,0.0018053272859625785,0.0002192920001107268,8279
development,False,UM,local,ridge,1,outer_2,machine06,4603730.31364543,0.8448802646087925,True,0.015377510173685424,33,0.0018053272859625785,0.0001559999982418958,8279
development,False,UM,local,ridge,1,outer_2,machine07,164709677.2838431,1.8291102323855377,True,0.03964379193547905,33,0.0018053272859625785,0.00016933300139498897,8279
development,False,UM,global_pooled,ridge,1,outer_2,machine01,545650255.2662653,1.5505641997199195,True,0.018062979408836027,33,0.2877267919975566,0.08481754199965508,8279
development,False,UM,global_pooled,ridge,1,outer_2,machine02,474443093.88913625,2.996638553279934,True,0.0835516544082521,33,0.2877267919975566,0.08481754199965508,8279
development,False,UM,global_pooled,ridge,1,outer_2,machine03,1064913496.9768825,3.2004191261603565,True,0.033325413509260535,33,0.2877267919975566,0.08481754199965508,8279
development,False,UM,global_pooled,ridge,1,outer_2,machine04,480345724.2173027,1.432842765374398,True,0.013251902784627354,33,0.2877267919975566,0.08481754199965508,8279
development,False,UM,global_pooled,ridge,1,outer_2,machine05,236893071.9355441,3.7991872276579506,True,0.09739192819701216,33,0.2877267919975566,0.08481754199965508,8279
development,False,UM,global_pooled,ridge,1,outer_2,machine06,14715505.50487025,2.7006013249638134,True,0.04915314759888308,33,0.2877267919975566,0.08481754199965508,8279
development,False,UM,global_pooled,ridge,1,outer_2,machine07,682312735.8060433,7.577121316309122,True,0.16422510552678762,33,0.2877267919975566,0.08481754199965508,8279
development,False,UM,global_onehot,ridge,1,outer_2,machine01,423096707.46377933,1.20230605828742,True,0.014006017666270952,40,0.31365050000022165,0.08890516699830187,8279
development,False,UM,global_onehot,ridge,1,outer_2,machine02,264328622.37785813,1.6695307630254035,True,0.04654951034503799,40,0.31365050000022165,0.08890516699830187,8279
development,False,UM,global_onehot,ridge,1,outer_2,machine03,945515718.5430477,2.841589103998475,True,0.02958897824978613,40,0.31365050000022165,0.08890516699830187,8279
development,False,UM,global_onehot,ridge,1,outer_2,machine04,419756523.45618016,1.252108778178298,True,0.011580352153895742,40,0.31365050000022165,0.08890516699830187,8279
development,False,UM,global_onehot,ridge,1,outer_2,machine05,197275707.24462238,3.1638213020213835,True,0.08110436222554751,40,0.31365050000022165,0.08890516699830187,8279
development,False,UM,global_onehot,ridge,1,outer_2,machine06,16181063.384266863,2.969561677674751,True,0.05404844546933996,40,0.31365050000022165,0.08890516699830187,8279
development,False,UM,global_onehot,ridge,1,outer_2,machine07,321582262.6057037,3.5711891176383546,True,0.07740128278505022,40,0.31365050000022165,0.08890516699830187,8279
development,False,UM,global_residual,ridge,1,outer_2,machine01,263946876.66099703,0.7500529389081256,True,0.00873758777191015,271,0.362097334000282,2.104079417000321,8279
development,False,UM,global_residual,ridge,1,outer_2,machine02,88817985.78525162,0.5609848764938437,True,0.015641263934806984,271,0.362097334000282,2.104079417000321,8279
development,False,UM,global_residual,ridge,1,outer_2,machine03,624311043.0919845,1.8762622585373094,True,0.019537195958640206,271,0.362097334000282,2.104079417000321,8279
development,False,UM,global_residual,ridge,1,outer_2,machine04,366860810.49732846,1.0943240081443621,True,0.010121051465841432,271,0.362097334000282,2.104079417000321,8279
development,False,UM,global_residual,ridge,1,outer_2,machine05,55193169.22207087,0.8851638498719354,True,0.022691120216905475,271,0.362097334000282,2.104079417000321,8279
development,False,UM,global_residual,ridge,1,outer_2,machine06,4603730.313645466,0.8448802646087992,True,0.015377510173685546,271,0.362097334000282,2.104079417000321,8279
development,False,UM,global_residual,ridge,1,outer_2,machine07,164709677.28383785,1.8291102323854795,True,0.03964379193547779,271,0.362097334000282,2.104079417000321,8279
development,False,UM,global_embed,ridge,1,outer_2,machine01,5826786206442519.0,16557870.181372544,True,192887.5103619291,2753,1.7446809999964898,0.10538166600235854,8279
development,False,UM,global_embed,ridge,1,outer_2,machine02,828676267155468.4,5234017.0661783125,True,145933.77789976398,2753,1.7446809999964898,0.10538166600235854,8279
development,False,UM,global_embed,ridge,1,outer_2,machine03,1.2017038952861688e+16,36115197.53832875,True,376061.3358717723,2753,1.7446809999964898,0.10538166600235854,8279
development,False,UM,global_embed,ridge,1,outer_2,machine04,7622766344611281.0,22738259.254441984,True,210298.86070770855,2753,1.7446809999964898,0.10538166600235854,8279
development,False,UM,global_embed,ridge,1,outer_2,machine05,224528174020581.1,3600884.415988542,True,92308.44795819317,2753,1.7446809999964898,0.10538166600235854,8279
development,False,UM,global_embed,ridge,1,outer_2,machine06,88648717230197.6,16268883.398465687,True,296106.95201910916,2753,1.7446809999964898,0.10538166600235854,8279
development,False,UM,global_embed,ridge,1,outer_2,machine07,1604362752646205.8,17816538.625513185,True,386152.3148110597,2753,1.7446809999964898,0.10538166600235854,8279
development,False,UM,local,ridge,4,outer_2,machine01,264053940.8688267,0.750357181279736,True,0.008741131980975913,132,0.005749154856727857,0.0005162499983271118,8276
development,False,UM,local,ridge,4,outer_2,machine02,88843622.52555284,0.5611468011700725,True,0.015645778685033914,132,0.005749154856727857,0.0005204160006542224,8276
development,False,UM,local,ridge,4,outer_2,machine03,624523500.329396,1.8769007631745716,True,0.019543844597529537,132,0.005749154856727857,0.0005564999992202502,8276
development,False,UM,local,ridge,4,outer_2,machine04,367006393.51848173,1.09475827364961,True,0.010125067848097273,132,0.005749154856727857,0.0006485420017270371,8276
development,False,UM,local,ridge,4,outer_2,machine05,55179249.84429271,0.8849406169937442,True,0.022685397655962506,132,0.005749154856727857,0.0005646660029015038,8276
development,False,UM,local,ridge,4,outer_2,machine06,4603484.365712232,0.8448351280476294,True,0.015376688651444266,132,0.005749154856727857,0.0005245829997875262,8276
development,False,UM,local,ridge,4,outer_2,machine07,164761696.4085168,1.8296879076915031,True,0.03965631236165702,132,0.005749154856727857,0.000536833998921793,8276
development,False,UM,global_pooled,ridge,4,outer_2,machine01,545967256.2254679,1.551465015460172,True,0.01807347327691983,132,0.37909175000095274,0.10791029200117919,8276
development,False,UM,global_pooled,ridge,4,outer_2,machine02,474541605.1131656,2.9972607617927345,True,0.0835690026969119,132,0.37909175000095274,0.10791029200117919,8276
development,False,UM,global_pooled,ridge,4,outer_2,machine03,1064998405.4945645,3.200674304486798,True,0.033328070637252856,132,0.37909175000095274,0.10791029200117919,8276
development,False,UM,global_pooled,ridge,4,outer_2,machine04,480476592.05919236,1.4332331363739055,True,0.01325551320069004,132,0.37909175000095274,0.10791029200117919,8276
development,False,UM,global_pooled,ridge,4,outer_2,machine05,236936792.73239252,3.7998884026294784,True,0.09740990277378042,132,0.37909175000095274,0.10791029200117919,8276
development,False,UM,global_pooled,ridge,4,outer_2,machine06,14718356.572238363,2.701124555124635,True,0.04916267081472591,132,0.37909175000095274,0.10791029200117919,8276
development,False,UM,global_pooled,ridge,4,outer_2,machine07,682599805.663064,7.5803092432211585,True,0.16429420005644943,132,0.37909175000095274,0.10791029200117919,8276
development,False,UM,global_onehot,ridge,4,outer_2,machine01,423472222.6595684,1.203373152847391,True,0.01401844856533822,160,0.4240400410017173,0.13034383400008664,8276
development,False,UM,global_onehot,ridge,4,outer_2,machine02,264364716.7868611,1.6697587395708928,True,0.04655586673977938,160,0.4240400410017173,0.13034383400008664,8276
development,False,UM,global_onehot,ridge,4,outer_2,machine03,945834672.8407454,2.8425476677105705,True,0.029598959608733603,160,0.4240400410017173,0.13034383400008664,8276
development,False,UM,global_onehot,ridge,4,outer_2,machine04,419919685.1891161,1.252595479936712,True,0.011584853502224723,160,0.4240400410017173,0.13034383400008664,8276
development,False,UM,global_onehot,ridge,4,outer_2,machine05,197297040.6876869,3.1641634384281194,True,0.08111313287104659,160,0.4240400410017173,0.13034383400008664,8276
development,False,UM,global_onehot,ridge,4,outer_2,machine06,16183459.821311763,2.970001473715499,True,0.05405645011612158,160,0.4240400410017173,0.13034383400008664,8276
development,False,UM,global_onehot,ridge,4,outer_2,machine07,321673176.18985826,3.5721987181049584,True,0.07742316467610706,160,0.4240400410017173,0.13034383400008664,8276
development,False,UM,global_residual,ridge,4,outer_2,machine01,264053940.86882722,0.7503571812797375,True,0.008741131980975932,1084,0.5143781250008033,10.842415708997578,8276
development,False,UM,global_residual,ridge,4,outer_2,machine02,88843622.52555336,0.5611468011700759,True,0.015645778685034008,1084,0.5143781250008033,10.842415708997578,8276
development,False,UM,global_residual,ridge,4,outer_2,machine03,624523500.3293978,1.876900763174577,True,0.019543844597529593,1084,0.5143781250008033,10.842415708997578,8276
development,False,UM,global_residual,ridge,4,outer_2,machine04,367006393.5184809,1.0947582736496075,True,0.01012506784809725,1084,0.5143781250008033,10.842415708997578,8276
development,False,UM,global_residual,ridge,4,outer_2,machine05,55179249.84429299,0.8849406169937487,True,0.02268539765596262,1084,0.5143781250008033,10.842415708997578,8276
development,False,UM,global_residual,ridge,4,outer_2,machine06,4603484.36571231,0.8448351280476437,True,0.015376688651444528,1084,0.5143781250008033,10.842415708997578,8276
development,False,UM,global_residual,ridge,4,outer_2,machine07,164761696.4085394,1.8296879076917543,True,0.03965631236166247,1084,0.5143781250008033,10.842415708997578,8276
development,False,UM,global_embed,ridge,4,outer_2,machine01,6725288621759551.0,19111127.81317302,True,222631.16111627777,2948,7.899877875002858,0.11218599999847356,8276
development,False,UM,global_embed,ridge,4,outer_2,machine02,1516689453296172.0,9579589.517984224,True,267096.127393634,2948,7.899877875002858,0.11218599999847356,8276
development,False,UM,global_embed,ridge,4,outer_2,machine03,9466365927650130.0,28449577.037093263,True,296240.54898776783,2948,7.899877875002858,0.11218599999847356,8276
development,False,UM,global_embed,ridge,4,outer_2,machine04,5102669930395754.0,15220961.331079703,True,140773.7853185412,2948,7.899877875002858,0.11218599999847356,8276
development,False,UM,global_embed,ridge,4,outer_2,machine05,423707048361583.3,6795227.87750403,True,174195.2438432948,2948,7.899877875002858,0.11218599999847356,8276
development,False,UM,global_embed,ridge,4,outer_2,machine06,204003220604272.97,37438834.00257288,True,681417.3260776304,2948,7.899877875002858,0.11218599999847356,8276
development,False,UM,global_embed,ridge,4,outer_2,machine07,2540811568656151.5,28215855.409537595,True,611545.15530669,2948,7.899877875002858,0.11218599999847356,8276
development,False,UM,local,ridge,8,outer_2,machine01,264179578.46971598,0.750714203317566,True,0.00874529103593087,264,0.013027214141662366,0.0011897079966729507,8272
development,False,UM,local,ridge,8,outer_2,machine02,88865772.20556794,0.5612867011621495,True,0.01564967934758694,264,0.013027214141662366,0.0013432500018097926,8272
development,False,UM,local,ridge,8,outer_2,machine03,624820134.8466765,1.8777922485255216,True,0.019553127481047827,264,0.013027214141662366,0.001494042000558693,8272
development,False,UM,local,ridge,8,outer_2,machine04,367240942.7086412,1.0954579199528887,True,0.010131538652165052,264,0.013027214141662366,0.0010174169983656611,8272
development,False,UM,local,ridge,8,outer_2,machine05,55180008.295732036,0.8849527807054034,True,0.022685709471954068,264,0.013027214141662366,0.0013056250027148053,8272
development,False,UM,local,ridge,8,outer_2,machine06,4603854.991434016,0.8449031455761462,True,0.015377926625960383,264,0.013027214141662366,0.001095666997571243,8272
development,False,UM,local,ridge,8,outer_2,machine07,164820774.43998656,1.830343972554555,True,0.03967053178838511,264,0.013027214141662366,0.001194000000396045,8272
development,False,UM,global_pooled,ridge,8,outer_2,machine01,546379228.8900214,1.5526357105322528,True,0.01808711104889009,264,0.4294015830018907,0.11323420899861958,8272
development,False,UM,global_pooled,ridge,8,outer_2,machine02,474666734.6771545,2.9980510948810095,True,0.08359103860010306,264,0.4294015830018907,0.11323420899861958,8272
development,False,UM,global_pooled,ridge,8,outer_2,machine03,1065190764.4814155,3.2012524071987594,True,0.03333409032129032,264,0.4294015830018907,0.11323420899861958,8272
development,False,UM,global_pooled,ridge,8,outer_2,machine04,480671037.36921436,1.43381315518469,True,0.013260877608480983,264,0.4294015830018907,0.11323420899861958,8272
development,False,UM,global_pooled,ridge,8,outer_2,machine05,237016327.25212643,3.801163942386982,True,0.09744260115610043,264,0.4294015830018907,0.11323420899861958,8272
development,False,UM,global_pooled,ridge,8,outer_2,machine06,14722648.342824474,2.701912184290854,True,0.049177006308196373,264,0.4294015830018907,0.11323420899861958,8272
development,False,UM,global_pooled,ridge,8,outer_2,machine07,682945861.3896964,7.5841522115336275,True,0.1643774918305026,264,0.4294015830018907,0.11323420899861958,8272
development,False,UM,global_onehot,ridge,8,outer_2,machine01,423942680.970455,1.2047100454947983,True,0.014034022421852064,320,0.5278995000007853,0.12156408400187502,8272
development,False,UM,global_onehot,ridge,8,outer_2,machine02,264371853.9763492,1.6698038189017075,True,0.04655712363232821,320,0.5278995000007853,0.12156408400187502,8272
development,False,UM,global_onehot,ridge,8,outer_2,machine03,946179948.7484049,2.8435853366121413,True,0.029609764676403607,320,0.5278995000007853,0.12156408400187502,8272
development,False,UM,global_onehot,ridge,8,outer_2,machine04,420173599.35854214,1.253352890822967,True,0.011591858552377623,320,0.5278995000007853,0.12156408400187502,8272
development,False,UM,global_onehot,ridge,8,outer_2,machine05,197348187.68041033,3.1649837114732544,True,0.08113416051952155,320,0.5278995000007853,0.12156408400187502,8272
development,False,UM,global_onehot,ridge,8,outer_2,machine06,16187186.90101371,2.9706854703595824,True,0.05406889941313295,320,0.5278995000007853,0.12156408400187502,8272
development,False,UM,global_onehot,ridge,8,outer_2,machine07,321750260.10914916,3.5730547393652294,True,0.07744171792026572,320,0.5278995000007853,0.12156408400187502,8272
development,False,UM,global_residual,ridge,8,outer_2,machine01,264179578.46971768,0.7507142033175709,True,0.008745291035930927,2168,0.7374547919971519,17.547716249999212,8272
development,False,UM,global_residual,ridge,8,outer_2,machine02,88865772.20556717,0.5612867011621446,True,0.015649679347586806,2168,0.7374547919971519,17.547716249999212,8272
development,False,UM,global_residual,ridge,8,outer_2,machine03,624820134.8466763,1.8777922485255212,True,0.019553127481047823,2168,0.7374547919971519,17.547716249999212,8272
development,False,UM,global_residual,ridge,8,outer_2,machine04,367240942.70864075,1.0954579199528875,True,0.010131538652165041,2168,0.7374547919971519,17.547716249999212,8272
development,False,UM,global_residual,ridge,8,outer_2,machine05,55180008.295732036,0.8849527807054034,True,0.022685709471954068,2168,0.7374547919971519,17.547716249999212,8272
development,False,UM,global_residual,ridge,8,outer_2,machine06,4603854.991434041,0.8449031455761508,True,0.015377926625960468,2168,0.7374547919971519,17.547716249999212,8272
development,False,UM,global_residual,ridge,8,outer_2,machine07,164820774.4399953,1.830343972554652,True,0.03967053178838721,2168,0.7374547919971519,17.547716249999212,8272
development,False,UM,global_embed,ridge,8,outer_2,machine01,7253637337607676.0,20612526.549552836,True,240121.3975505897,3208,1.8081724589974328,0.11085608400026103,8272
development,False,UM,global_embed,ridge,8,outer_2,machine02,1352055521472820.2,8539742.181951134,True,238103.31971501556,3208,1.8081724589974328,0.11085608400026103,8272
development,False,UM,global_embed,ridge,8,outer_2,machine03,1.1286347016789954e+16,33919225.32633801,True,353195.05519582995,3208,1.8081724589974328,0.11085608400026103,8272
development,False,UM,global_embed,ridge,8,outer_2,machine04,5064644878645128.0,15107534.860192198,True,139724.74029997503,3208,1.8081724589974328,0.11085608400026103,8272
development,False,UM,global_embed,ridge,8,outer_2,machine05,377359444888739.6,6051925.332993597,True,155140.7293627744,3208,1.8081724589974328,0.11085608400026103,8272
development,False,UM,global_embed,ridge,8,outer_2,machine06,180969639031958.28,33211692.713252716,True,604479.9055873732,3208,1.8081724589974328,0.11085608400026103,8272
development,False,UM,global_embed,ridge,8,outer_2,machine07,2267901662138866.0,25185175.544444364,True,545858.7686321677,3208,1.8081724589974328,0.11085608400026103,8272
development,False,UM,local,ridge,16,outer_2,machine01,264425344.36935008,0.7514125917116091,True,0.00875342676819094,528,0.02299817257153336,0.0021016669998061843,8264
development,False,UM,local,ridge,16,outer_2,machine02,88774659.80854298,0.5607112245135832,True,0.015633634027069923,528,0.02299817257153336,0.0020857500021520536,8264
development,False,UM,local,ridge,16,outer_2,machine03,625552604.2462171,1.8799935626062163,True,0.01957604938568315,528,0.02299817257153336,0.002078459001495503,8264
development,False,UM,local,ridge,16,outer_2,machine04,367753121.31193286,1.0969857183058394,True,0.010145668768697779,528,0.02299817257153336,0.0030768329997954424,8264
development,False,UM,local,ridge,16,outer_2,machine05,55199472.80499418,0.8852649439712058,True,0.022693711757850232,528,0.02299817257153336,0.0021178749993850943,8264
development,False,UM,local,ridge,16,outer_2,machine06,4605335.611375774,0.8451748701305732,True,0.01538287223455745,528,0.02299817257153336,0.0024985830023069866,8264
development,False,UM,local,ridge,16,outer_2,machine07,164878763.99303302,1.8309879498034811,True,0.03968448923043294,528,0.02299817257153336,0.0020908750011585653,8264
development,False,UM,global_pooled,ridge,16,outer_2,machine01,547122403.8829844,1.554747577111795,True,0.018111712805171685,528,0.5445272090000799,0.12092950000078417,8264
development,False,UM,global_pooled,ridge,16,outer_2,machine02,474632468.2168982,2.9978346638754556,True,0.08358500411571071,528,0.5445272090000799,0.12092950000078417,8264
development,False,UM,global_pooled,ridge,16,outer_2,machine03,1065494996.2635674,3.2021667248566246,True,0.03334361095369065,528,0.5445272090000799,0.12092950000078417,8264
development,False,UM,global_pooled,ridge,16,outer_2,machine04,480997805.52165395,1.4347878851751374,True,0.013269892573267644,528,0.5445272090000799,0.12092950000078417,8264
development,False,UM,global_pooled,ridge,16,outer_2,machine05,237184433.95280242,3.803859963950102,True,0.09751171350112556,528,0.5445272090000799,0.12092950000078417,8264
development,False,UM,global_pooled,ridge,16,outer_2,machine06,14734257.046092512,2.7040426227876084,True,0.0492157820271125,528,0.5445272090000799,0.12092950000078417,8264
development,False,UM,global_pooled,ridge,16,outer_2,machine07,683651172.1655328,7.591984727378287,True,0.16454725230911083,528,0.5445272090000799,0.12092950000078417,8264
development,False,UM,global_onehot,ridge,16,outer_2,machine01,425276012.52748984,1.2084989490254787,True,0.014078160475903042,640,0.6849497080002038,0.12813050000113435,8264
development,False,UM,global_onehot,ridge,16,outer_2,machine02,264243714.0739275,1.6689944721607468,True,0.046534557594417776,640,0.6849497080002038,0.12813050000113435,8264
development,False,UM,global_onehot,ridge,16,outer_2,machine03,947279136.890041,2.8468887624413073,True,0.0296441626809819,640,0.6849497080002038,0.12813050000113435,8264
development,False,UM,global_onehot,ridge,16,outer_2,machine04,420807803.26009345,1.2552446833929762,True,0.011609355134579294,640,0.6849497080002038,0.12813050000113435,8264
development,False,UM,global_onehot,ridge,16,outer_2,machine05,197451689.8023917,3.166643633127587,True,0.08117671250785066,640,0.6849497080002038,0.12813050000113435,8264
development,False,UM,global_onehot,ridge,16,outer_2,machine06,16198000.127980238,2.9726699224100592,True,0.05410501805961302,640,0.6849497080002038,0.12813050000113435,8264
development,False,UM,global_onehot,ridge,16,outer_2,machine07,321868818.0103676,3.5743713315280266,True,0.07747025349173739,640,0.6849497080002038,0.12813050000113435,8264
development,False,UM,global_residual,ridge,16,outer_2,machine01,264425344.3693508,0.7514125917116111,True,0.008753426768190964,4336,1.066541165997478,31.930322332998912,8264
development,False,UM,global_residual,ridge,16,outer_2,machine02,88774659.8085435,0.5607112245135866,True,0.015633634027070017,4336,1.066541165997478,31.930322332998912,8264
development,False,UM,global_residual,ridge,16,outer_2,machine03,625552604.2462194,1.8799935626062232,True,0.01957604938568322,4336,1.066541165997478,31.930322332998912,8264
development,False,UM,global_residual,ridge,16,outer_2,machine04,367753121.31193125,1.0969857183058345,True,0.010145668768697736,4336,1.066541165997478,31.930322332998912,8264
development,False,UM,global_residual,ridge,16,outer_2,machine05,55199472.804993324,0.885264943971192,True,0.022693711757849882,4336,1.066541165997478,31.930322332998912,8264
development,False,UM,global_residual,ridge,16,outer_2,machine06,4605335.611375805,0.8451748701305788,True,0.015382872234557553,4336,1.066541165997478,31.930322332998912,8264
development,False,UM,global_residual,ridge,16,outer_2,machine07,164878763.99304265,1.830987949803588,True,0.03968448923043526,4336,1.066541165997478,31.930322332998912,8264
development,False,UM,global_embed,ridge,16,outer_2,machine01,3411124495170471.0,9693329.146190941,True,112920.4484421502,3728,1.8674128750026284,0.10695183300049393,8264
development,False,UM,global_embed,ridge,16,outer_2,machine02,386676439687921.5,2442294.0111013833,True,68095.53489710587,3728,1.8674128750026284,0.10695183300049393,8264
development,False,UM,global_embed,ridge,16,outer_2,machine03,7098592454816549.0,21333630.502107967,True,222143.4225052495,3728,1.8674128750026284,0.10695183300049393,8264
development,False,UM,global_embed,ridge,16,outer_2,machine04,3770478631081791.5,11247113.81026113,True,104020.94523070367,3728,1.8674128750026284,0.10695183300049393,8264
development,False,UM,global_embed,ridge,16,outer_2,machine05,105795556462495.61,1696702.7510396817,True,43494.869454695654,3728,1.8674128750026284,0.10695183300049393,8264
development,False,UM,global_embed,ridge,16,outer_2,machine06,46343359798000.27,8504970.40909216,True,154797.40085213858,3728,1.8674128750026284,0.10695183300049393,8264
development,False,UM,global_embed,ridge,16,outer_2,machine07,716484139117560.9,7956596.672479958,True,172449.78318607673,3728,1.8674128750026284,0.10695183300049393,8264
