experiment_stage,eligible_for_final_claims,hierarchy,method,model,horizon,context,outer_fold,top_mae,top_mase,bottom_mae_macro,bottom_mase_macro,worst_child_mae,coherence_error,coherent,adjustment_mae,train_seconds_total,infer_seconds_total,n_test,top_metric_scale,top_mae_vs_weighted_mean,bond_agg_rel_error,bond_host
development,False,memory_um,independent,persistence,1,32,outer_0,1294154012.0869985,1.4906951415411955,228518221.43809983,1.283852352281903,428567797.97776705,0.0,True,0.0,0.0001567089930176735,0.0004836650005017873,8276,,,,
development,False,memory_um,bottom_up,persistence,1,32,outer_0,1294154012.0869985,1.4906951415411955,228518221.43809983,1.283852352281903,428567797.97776705,0.0,True,0.0,0.0001567089930176735,0.0006308740012173075,8276,,,,
development,False,memory_um,top_down,persistence,1,32,outer_0,1294154012.0869985,1.4906951415411955,228518221.43809983,1.283852352281903,428567797.97776705,0.0,True,1.503635504739123e-07,0.0001567089930176735,0.0008433740003965795,8276,,,,
development,False,memory_um,ols,persistence,1,32,outer_0,1294154012.0870004,1.4906951415411978,228518221.43809915,1.2838523522818956,428567797.97776717,0.0,True,9.382897908867192e-05,0.0001567089930176735,0.0005258740020508412,8276,,,,
development,False,memory_um,wls,persistence,1,32,outer_0,1294154012.0865586,1.4906951415406888,228518221.43881926,1.2838523522845795,428567797.97780174,0.0,True,0.047686312809871526,0.0001567089930176735,0.0004724160025944002,8276,,,,
development,False,memory_um,mint,persistence,1,32,outer_0,1294154012.0890834,1.4906951415435972,228518221.43409243,1.283852352267697,428567797.97819114,0.0,True,0.2180641742155284,0.0001567089930176735,0.0005019570016884245,8276,,,,
development,False,memory_um,bottom_up_nn,persistence,1,32,outer_0,1294154012.0869985,1.4906951415411955,228518221.43809983,1.283852352281903,428567797.97776705,0.0,True,0.0,0.0001567089930176735,0.0006500400013464969,8276,,,,
development,False,memory_um,ols_nn,persistence,1,32,outer_0,1294154012.0870004,1.4906951415411978,228518221.43809915,1.2838523522818956,428567797.97776717,0.0,True,9.382897908867192e-05,0.0001567089930176735,0.0005263320017547812,8276,,,,
development,False,disk_ud,independent,persistence,1,32,outer_0,1848015504.270662,1.5414789512918345,292520190.6743079,1.403933484085884,908892486.6505558,0.0,True,0.0,0.00014916800137143582,0.0006382499996107072,8276,,,,
development,False,disk_ud,bottom_up,persistence,1,32,outer_0,1848015504.270662,1.5414789512918345,292520190.6743079,1.403933484085884,908892486.6505558,0.0,True,0.0,0.00014916800137143582,0.0006140830009826459,8276,,,,
development,False,disk_ud,top_down,persistence,1,32,outer_0,1848015504.270662,1.5414789512918345,292520190.6743079,1.4039334840858846,908892486.6505558,7.374958464233929e-08,True,9.462335100985854e-07,0.00014916800137143582,0.0006603329966310412,8276,,,,
development,False,disk_ud,ols,persistence,1,32,outer_0,1848015504.270532,1.541478951291726,292520190.6743041,1.403933484086581,908892486.6505822,0.0,True,0.0007153695882259791,0.00014916800137143582,0.0004997910000383854,8276,,,,
development,False,disk_ud,wls,persistence,1,32,outer_0,1848015504.311834,1.5414789513261773,292520190.68667394,1.4039334841033704,908892486.7366197,0.0,True,0.23265093706148496,0.00014916800137143582,0.00045929200132377446,8276,,,,
development,False,disk_ud,mint,persistence,1,32,outer_0,1848015504.3405612,1.5414789513501392,292520190.69074094,1.403933484111995,908892486.7527413,0.0,True,0.373716384725973,0.00014916800137143582,0.0005016670002078172,8276,,,,
development,False,disk_ud,bottom_up_nn,persistence,1,32,outer_0,1848015504.270662,1.5414789512918345,292520190.6743079,1.403933484085884,908892486.6505558,0.0,True,0.0,0.00014916800137143582,0.0006646670008194633,8276,,,,
development,False,disk_ud,ols_nn,persistence,1,32,outer_0,1848015504.270532,1.541478951291726,292520190.6743041,1.403933484086581,908892486.6505822,0.0,True,0.0007153695882259791,0.00014916800137143582,0.0004688749977503903,8276,,,,
development,False,cpu_core_weighted,independent,persistence,1,32,outer_0,1.323994789791317,1.2930349451840852,1.747626173256086,1.2320569940722872,3.6004420577882987,36.27503824836743,False,0.0,0.00015379200340248644,2.8208000003360212e-05,4847,cluster_mean_CU,,,
development,False,cpu_core_weighted,bottom_up,persistence,1,32,outer_0,1.3955411797072623,1.3965986474117644,1.747626173256086,1.2320569940722872,3.6004420577882987,0.0,True,0.15370778918799766,0.00015379200340248644,2.8208000003360212e-05,4847,weighted_mean_CU,1.4204331179186942,,
development,False,cpu_core_weighted,top_down,persistence,1,32,outer_0,1.323994789791317,1.3528104215403776,1.7300513303002218,1.23676269046938,3.528815261126186,1.0252455877139588e-12,True,0.1525291408060686,0.00015379200340248644,2.8208000003360212e-05,4847,weighted_mean_CU,1.375897598485183,,
development,False,cpu_core_weighted,ols,persistence,1,32,outer_0,1.3312269587939303,1.356883984698578,1.7714119728201303,1.4694596670904396,3.5669165771349727,0.0,True,0.16406171665413366,0.00015379200340248644,2.8208000003360212e-05,4847,weighted_mean_CU,1.3800406814163921,,
development,False,cpu_core_weighted,wls,persistence,1,32,outer_0,1.3607018016576116,1.3731082409042368,1.7373538062581433,1.2276077273321884,3.5462674798177445,0.0,True,0.14762536855983036,0.00015379200340248644,2.8208000003360212e-05,4847,weighted_mean_CU,1.3965418221491461,,
development,False,cpu_core_weighted,mint,persistence,1,32,outer_0,1.3547429848245238,1.369788347801733,1.7366610655211108,1.2272687162967628,3.5428930072583533,0.0,True,0.14545309215743518,0.00015379200340248644,2.8208000003360212e-05,4847,weighted_mean_CU,1.3931652714704772,,
development,False,cpu_core_weighted,bottom_up_nn,persistence,1,32,outer_0,1.3955411797072623,1.3965986474117644,1.747626173256086,1.2320569940722872,3.6004420577882987,0.0,True,0.15370778918799766,0.00015379200340248644,2.8208000003360212e-05,4847,weighted_mean_CU,1.4204331179186942,,
development,False,bond0_transmitted_acamas,independent,persistence,1,32,outer_0,49.813159476236564,1.9274562112062192,12.454417298749126,1.2373510838432227,49.81304989656455,0.007129517533391713,False,0.0,9.049899745150469e-05,0.0002794169959088322,7473,,,0.00017352694631481117,acamas
development,False,bond0_transmitted_acamas,bottom_up,persistence,1,32,outer_0,49.81345371948256,1.92746759657061,12.454417298749126,1.2373510838432227,49.81304989656455,0.0,True,0.007129517533391713,9.049899745150469e-05,0.0004200839939585421,7473,,,0.00017352694631481117,acamas
development,False,bond0_transmitted_acamas,top_down,persistence,1,32,outer_0,49.813159476236564,1.9274562112062192,12.454347426152221,1.2371848457412162,49.81277170187151,9.992001279043647e-13,True,0.0017823793835932168,9.049899745150469e-05,0.000475708999147173,7473,,,0.00017352694631481117,acamas
development,False,bond0_transmitted_acamas,ols,persistence,1,32,outer_0,49.81321707594512,1.9274584399529437,12.454966207475643,1.633008557901248,49.81299295106297,0.0,True,0.002851807013351584,9.049899745150469e-05,0.0003527089938870631,7473,,,0.00017352694631481117,acamas
development,False,bond0_transmitted_acamas,wls,persistence,1,32,outer_0,49.813305259683126,1.9274618521093967,12.454381930844155,1.2373497248514858,49.8129084248916,0.0,True,0.004455947979879309,9.049899745150469e-05,0.00031204299375531264,7473,,,0.00017352694631481117,acamas
development,False,bond0_transmitted_acamas,mint,persistence,1,32,outer_0,49.81330525778596,1.9274618520359883,12.454381930481171,1.237349775252107,49.81290842314288,0.0,True,0.004455913478369351,9.049899745150469e-05,0.0003507089932099916,7473,,,0.00017352694631481117,acamas
development,False,bond0_transmitted_acamas,bottom_up_nn,persistence,1,32,outer_0,49.81345371948256,1.92746759657061,12.454417298749126,1.2373510838432227,49.81304989656455,0.0,True,0.007129517533391713,9.049899745150469e-05,0.00045520899584516883,7473,,,0.00017352694631481117,acamas
development,False,bond0_transmitted_acamas,ols_nn,persistence,1,32,outer_0,49.81333037249415,1.9274628238173568,12.454506820376842,1.3076240229143825,49.81299295106297,0.0,True,0.004229968309754246,9.049899745150469e-05,0.00031754199517308734,7473,,,0.00017352694631481117,acamas
development,False,memory_um,independent,persistence,8,32,outer_0,1291570370.298706,1.4865669814427231,228173977.45051223,1.281985920051282,427958992.2302576,0.0,True,0.0,0.00022404200353776105,0.0010118339996552095,8269,,,,
development,False,memory_um,bottom_up,persistence,8,32,outer_0,1291570370.298706,1.4865669814427231,228173977.45051223,1.281985920051282,427958992.2302576,0.0,True,0.0,0.00022404200353776105,0.0012139580030634534,8269,,,,
development,False,memory_um,top_down,persistence,8,32,outer_0,1291570370.298706,1.4865669814427231,228173977.45051223,1.281985920051282,427958992.2302576,0.0,True,1.504908385200264e-07,0.00022404200353776105,0.0012584590003825724,8269,,,,
development,False,memory_um,ols,persistence,8,32,outer_0,1291570370.298708,1.4865669814427254,228173977.4505115,1.2819859200512744,427958992.2302577,0.0,True,9.381624246219036e-05,0.00022404200353776105,0.0011232510005356744,8269,,,,
development,False,memory_um,wls,persistence,8,32,outer_0,1291570370.298315,1.486566981442273,228173977.45110172,1.2819859200534462,427958992.2302296,0.0,True,0.037399345983700295,0.00022404200353776105,0.0011397500020393636,8269,,,,
development,False,memory_um,mint,persistence,8,32,outer_0,1291570370.2984016,1.4865669814423725,228173977.45096022,1.2819859200527997,427958992.2301779,0.0,True,0.030210495044544875,0.00022404200353776105,0.0011703329982992727,8269,,,,
development,False,memory_um,bottom_up_nn,persistence,8,32,outer_0,1291570370.298706,1.4865669814427231,228173977.45051223,1.281985920051282,427958992.2302576,0.0,True,0.0,0.00022404200353776105,0.0013082080004096497,8269,,,,
development,False,memory_um,ols_nn,persistence,8,32,outer_0,1291570370.298708,1.4865669814427254,228173977.4505115,1.2819859200512744,427958992.2302577,0.0,True,9.381624246219036e-05,0.00022404200353776105,0.001279292002436705,8269,,,,
development,False,disk_ud,independent,persistence,8,32,outer_0,1849506840.3956947,1.5413881330967347,292749791.3515194,1.4036918156096492,909633993.9455799,0.0,True,0.0,0.00022899999748915434,0.001025124998704996,8269,,,,
development,False,disk_ud,bottom_up,persistence,8,32,outer_0,1849506840.3956947,1.5413881330967347,292749791.3515194,1.4036918156096492,909633993.9455799,0.0,True,0.0,0.00022899999748915434,0.0012889579957118258,8269,,,,
development,False,disk_ud,top_down,persistence,8,32,outer_0,1849506840.3956947,1.5413881330967347,292749791.3515194,1.4036918156096496,909633993.9455799,7.38120162655702e-08,True,9.462436870902295e-07,0.00022899999748915434,0.0013034159965172876,8269,,,,
development,False,disk_ud,ols,persistence,8,32,outer_0,1849506840.3955646,1.5413881330966261,292749791.3515158,1.4036918156103468,909633993.9456061,0.0,True,0.000715452953785647,0.00022899999748915434,0.0011429579972173087,8269,,,,
development,False,disk_ud,wls,persistence,8,32,outer_0,1849506840.3727534,1.5413881330776154,292749791.3498929,1.4036918156077758,909633993.9343011,0.0,True,0.12331468555693031,0.00022899999748915434,0.0011230409945710562,8269,,,,
development,False,disk_ud,mint,persistence,8,32,outer_0,1849506840.4040942,1.541388133103735,292749791.35340333,1.403691815614367,909633993.9528482,0.0,True,0.04513395807778207,0.00022899999748915434,0.0011717079942172859,8269,,,,
development,False,disk_ud,bottom_up_nn,persistence,8,32,outer_0,1849506840.3956947,1.5413881330967347,292749791.3515194,1.4036918156096492,909633993.9455799,0.0,True,0.0,0.00022899999748915434,0.0012953329969604965,8269,,,,
development,False,disk_ud,ols_nn,persistence,8,32,outer_0,1849506840.3955646,1.5413881330966261,292749791.3515158,1.4036918156103468,909633993.9456061,0.0,True,0.000715452953785647,0.00022899999748915434,0.0011247919974266551,8269,,,,
development,False,cpu_core_weighted,independent,persistence,8,32,outer_0,1.2944235503602035,1.263274355285703,1.7116951307898558,1.2139556558237643,3.44850171742069,35.71270400257458,False,0.0,0.00021366600049077533,0.0005597079943981953,4295,cluster_mean_CU,,,
development,False,cpu_core_weighted,bottom_up,persistence,8,32,outer_0,1.365282191894736,1.3625190679481634,1.7116951307898558,1.2139556558237643,3.44850171742069,0.0,True,0.15132501696006184,0.00021366600049077533,0.0005597079943981953,4295,weighted_mean_CU,1.3906675083299915,,
development,False,cpu_core_weighted,top_down,persistence,8,32,outer_0,1.2944235503602035,1.31688872519254,1.694395995029296,1.2189247856017242,3.3778647711548517,1.0260270191348408e-12,True,0.15028896502136047,0.00021366600049077533,0.0005597079943981953,4295,weighted_mean_CU,1.344094482999956,,
development,False,cpu_core_weighted,ols,persistence,8,32,outer_0,1.3019749869063428,1.3211532055765418,1.7339982565330383,1.4458534928425124,3.4153788985992954,0.0,True,0.1615184382413994,0.00021366600049077533,0.0005597079943981953,4295,weighted_mean_CU,1.3484470637817227,,
development,False,cpu_core_weighted,wls,persistence,8,32,outer_0,1.3287338337926697,1.3367350559335371,1.7010809410020848,1.2095132483675457,3.390939282526104,0.0,True,0.144893555612835,0.00021366600049077533,0.0005597079943981953,4295,weighted_mean_CU,1.364350821403086,,
development,False,cpu_core_weighted,mint,persistence,8,32,outer_0,1.3230351281565589,1.3333301344799051,1.7005768876970888,1.2092538821631023,3.3887934027592763,0.0,True,0.142640601421626,0.00021366600049077533,0.0005597079943981953,4295,weighted_mean_CU,1.3608755572799112,,
development,False,cpu_core_weighted,bottom_up_nn,persistence,8,32,outer_0,1.365282191894736,1.3625190679481634,1.7116951307898558,1.2139556558237643,3.44850171742069,0.0,True,0.15132501696006184,0.00021366600049077533,0.0005597079943981953,4295,weighted_mean_CU,1.3906675083299915,,
development,False,bond0_transmitted_acamas,independent,persistence,8,32,outer_0,49.46389347951344,1.9295580932058334,12.367094327539347,1.2348610564137625,49.46376574811433,0.007064001957686327,False,0.0,0.000134249003167497,0.000629832997219637,7307,,,0.00017352694631481117,acamas
development,False,bond0_transmitted_acamas,bottom_up,persistence,8,32,outer_0,49.464167644591,1.9295687882281432,12.367094327539347,1.2348610564137625,49.46376574811433,0.0,True,0.007064001957686327,0.000134249003167497,0.0007586659994558431,7307,,,0.00017352694631481117,acamas
development,False,bond0_transmitted_acamas,top_down,persistence,8,32,outer_0,49.46389347951344,1.9295580932058334,12.367029577740587,1.2346855638960736,49.46350810272471,9.992083799210152e-13,True,0.0017660004896669066,0.000134249003167497,0.0007905409984232392,7307,,,0.00017352694631481117,acamas
development,False,bond0_transmitted_acamas,ols,persistence,8,32,outer_0,49.46394703521496,1.9295601823830097,12.367635543028591,1.6235820596428983,49.463712861482016,0.0,True,0.002825600783069553,0.000134249003167497,0.0006827499964856543,7307,,,0.00017352694631481117,acamas
development,False,bond0_transmitted_acamas,wls,persistence,8,32,outer_0,49.46402919349704,1.9295633873304363,12.367061501499338,1.234859785429167,49.46363444390106,0.0,True,0.00441500111077453,0.000134249003167497,0.0006512069994641934,7307,,,0.00017352694631481117,acamas
development,False,bond0_transmitted_acamas,mint,persistence,8,32,outer_0,49.46402919127319,1.9295633872436853,12.367061501062562,1.234859835817594,49.46363444185696,0.0,True,0.004414958149821079,0.000134249003167497,0.000724207995517645,7307,,,0.00017352694631481117,acamas
development,False,bond0_transmitted_acamas,bottom_up_nn,persistence,8,32,outer_0,49.464167644591,1.9295687882281432,12.367094327539347,1.2348610564137625,49.46376574811433,0.0,True,0.007064001957686327,0.000134249003167497,0.0007990829944901634,7307,,,0.00017352694631481117,acamas
development,False,bond0_transmitted_acamas,ols_nn,persistence,8,32,outer_0,49.4640498283661,1.9295641922848343,12.367181518758043,1.3028514815623067,49.463712861482016,0.0,True,0.0041876735947137846,0.000134249003167497,0.0006535819957207423,7307,,,0.00017352694631481117,acamas
development,False,memory_um,independent,ridge,1,32,outer_0,1358694507.6124406,1.5650373003676292,261733944.41832024,1.425136992824067,559235518.7529912,465104157.5826315,False,0.0,0.012612623995664762,0.001998874999117106,8276,,,,
development,False,memory_um,bottom_up,ridge,1,32,outer_0,1263401149.574385,1.4552718902837127,261733944.41832024,1.425136992824067,559235518.7529912,0.0,True,465104157.5826315,0.012612623995664762,0.002206082997872727,8276,,,,
development,False,memory_um,top_down,ridge,1,32,outer_0,1358694507.6124406,1.5650373003676292,292607442.94048226,5.2147975008063865,545112337.7349148,9.277697748006282e-06,True,66443451.083233066,0.012612623995664762,0.0022560830002475996,8276,,,,
development,False,memory_um,ols,ridge,1,32,outer_0,1336455021.3669138,1.539420338408738,281462431.64467436,3.0227269636208547,546067014.6511134,0.0,True,116276039.39568943,0.012612623995664762,0.002109749002556782,8276,,,,
development,False,memory_um,wls,ridge,1,32,outer_0,1272483790.1684682,1.4657338971851406,262021246.0064301,1.4257572529999725,545227534.6865411,0.0,True,334871628.20269054,0.012612623995664762,0.0020822080005018506,8276,,,,
development,False,memory_um,mint,ridge,1,32,outer_0,1269417331.1720374,1.462201739895497,261697154.58173132,1.4244899562110436,545639721.5498856,0.0,True,355851224.8931292,0.012612623995664762,0.0021192489984969143,8276,,,,
development,False,memory_um,bottom_up_nn,ridge,1,32,outer_0,1263401149.574385,1.4552718902837127,261733944.41832024,1.425136992824067,559235518.7529912,0.0,True,465104157.5826315,0.012612623995664762,0.0022673329985991586,8276,,,,
development,False,memory_um,ols_nn,ridge,1,32,outer_0,1336455021.3669138,1.539420338408738,281462431.64467436,3.0227269636208547,546067014.6511134,0.0,True,116276039.39568943,0.012612623995664762,0.0020759990002261475,8276,,,,
development,False,disk_ud,independent,ridge,1,32,outer_0,2194093318.965312,1.8301516738031205,481012423.7164384,2.842619677352148,1612370733.841185,1371630337.5730522,False,0.0,0.006306499988568248,0.001978873995540198,8276,,,,
development,False,disk_ud,bottom_up,ridge,1,32,outer_0,2567684784.788605,2.1417742655065095,481012423.7164384,2.842619677352148,1612370733.841185,0.0,True,1371630337.5730522,0.006306499988568248,0.0021632499956467655,8276,,,,
development,False,disk_ud,top_down,ridge,1,32,outer_0,2194093318.965312,1.8301516738031205,584216966.6416036,8.78488681398059,1550729603.6497142,7.824830930552199e-05,True,195947191.08186457,0.006306499988568248,0.0022077489957155194,8276,,,,
development,False,disk_ud,ols,ridge,1,32,outer_0,2192842700.462042,1.829108499601155,565986960.5785515,12.781836824788632,1525273006.0572991,0.0,True,342907584.39312184,0.006306499988568248,0.0020620409959519748,8276,,,,
development,False,disk_ud,wls,ridge,1,32,outer_0,2281490512.4404535,1.9030520005766665,502534564.28379476,2.8582522761811737,1544804384.8275242,0.0,True,800082856.4147669,0.006306499988568248,0.0020234159965184517,8276,,,,
development,False,disk_ud,mint,ridge,1,32,outer_0,2244289937.2821035,1.8720220100543856,527527929.0614483,2.9029650297830374,1585167852.0458343,0.0,True,671574074.2061496,0.006306499988568248,0.0020631239967769943,8276,,,,
development,False,disk_ud,bottom_up_nn,ridge,1,32,outer_0,2567684784.788605,2.1417742655065095,481012423.7164384,2.842619677352148,1612370733.841185,0.0,True,1371630337.5730522,0.006306499988568248,0.0022112499937065877,8276,,,,
development,False,disk_ud,ols_nn,ridge,1,32,outer_0,2192842700.462042,1.829108499601155,565986960.5785515,12.781836824788632,1525273006.0572991,0.0,True,342907584.39312184,0.006306499988568248,0.00208299899531994,8276,,,,
development,False,cpu_core_weighted,independent,ridge,1,32,outer_0,1.2475193388495252,1.2183477702201764,1.567179123809062,1.0492437873191531,3.8466567402591614,117.58717421980764,False,0.0,0.00609104100294644,0.0015786240037414245,4847,cluster_mean_CU,,,
development,False,cpu_core_weighted,bottom_up,ridge,1,32,outer_0,1.1172410629675125,1.1807447249557341,1.567179123809062,1.0492437873191531,3.8466567402591614,0.0,True,0.498250738219524,0.00609104100294644,0.0015786240037414245,4847,weighted_mean_CU,1.2008954141858326,,
development,False,cpu_core_weighted,top_down,ridge,1,32,outer_0,1.2475193388495252,1.3038191182481895,1.778044355386849,1.3732976870312101,4.018664616755318,1.0407643387507225e-12,True,0.5889821213997548,0.00609104100294644,0.0015786240037414245,4847,weighted_mean_CU,1.3260702054720306,,
development,False,cpu_core_weighted,ols,ridge,1,32,outer_0,1.2186043676599796,1.2767485959597924,1.744935824140322,2.0807055261299543,3.9221550956557314,0.0,True,0.5318134615579224,0.00609104100294644,0.0015786240037414245,4847,weighted_mean_CU,1.2985376953632344,,
development,False,cpu_core_weighted,wls,ridge,1,32,outer_0,1.1376870166700368,1.2015134672601835,1.599793955179507,1.0632676634311227,4.0270941979553525,0.0,True,0.4834883997917856,0.00609104100294644,0.0015786240037414245,4847,weighted_mean_CU,1.2220185976010756,,
development,False,cpu_core_weighted,mint,ridge,1,32,outer_0,1.1228343279628403,1.1874893256477508,1.576116336700096,1.0537311609721147,3.876390607198411,0.0,True,0.4881865627592118,0.00609104100294644,0.0015786240037414245,4847,weighted_mean_CU,1.2077551188030697,,
development,False,cpu_core_weighted,bottom_up_nn,ridge,1,32,outer_0,1.1009103710059445,1.1644577548196324,1.5335086928571504,1.0324470467906681,3.75690879194733,0.0,True,0.5390121622032136,0.00609104100294644,0.0015786240037414245,4847,weighted_mean_CU,1.1843304892414002,,
development,False,bond0_transmitted_acamas,independent,ridge,1,32,outer_0,44.85616551510368,1.7356516981065186,11.215753978890875,1.5783075941512472,44.85609136103968,0.006747792705983842,False,0.0,0.003769958006159868,0.0012361669978417922,7473,,,0.00017352694631481117,acamas
development,False,bond0_transmitted_acamas,bottom_up,ridge,1,32,outer_0,44.861307665757366,1.7358506670199667,11.215753978890875,1.5783075941512472,44.85609136103968,0.0,True,0.006747792705983842,0.003769958006159868,0.0013709169979847502,7473,,,0.00017352694631481117,acamas
development,False,bond0_transmitted_acamas,top_down,ridge,1,32,outer_0,44.85616551510368,1.7356516981065186,11.214468937055585,1.5781026331032508,44.85095205061138,9.988460001122549e-13,True,0.0016869748893265357,0.003769958006159868,0.0014129179944575299,7473,,,0.00017352694631481117,acamas
development,False,bond0_transmitted_acamas,ols,ridge,1,32,outer_0,44.85719394523441,1.7356914918892077,11.215230014262492,1.3987926259281944,44.85506293090893,0.0,True,0.002699117082382356,0.003769958006159868,0.001289208998059621,7473,,,0.00017352694631481117,acamas
development,False,bond0_transmitted_acamas,wls,ridge,1,32,outer_0,44.85873658959426,1.7357511825308845,11.215111209861073,1.5782827093885523,44.8535202849989,0.0,True,0.004217369616582611,0.003769958006159868,0.0012604169969563372,7473,,,0.00017352694631481117,acamas
development,False,bond0_transmitted_acamas,mint,ridge,1,32,outer_0,44.858736584391885,1.7357511823295853,11.21511120864455,1.5782826407526938,44.853520280551805,0.0,True,0.004217364498055361,0.003769958006159868,0.0012970839961781166,7473,,,0.00017352694631481117,acamas
development,False,bond0_transmitted_acamas,bottom_up_nn,ridge,1,32,outer_0,44.81841415378757,1.7341909576793844,11.205030600898425,1.5778926684378205,44.81319784906988,0.0,True,0.06036468266823546,0.003769958006159868,0.0014069589997234289,7473,,,0.00017352694631481117,acamas
development,False,bond0_transmitted_acamas,ols_nn,ridge,1,32,outer_0,44.81442364042682,1.7340365498914831,11.204463012840026,1.3654418094539182,44.81216499393958,0.0,True,0.056446877334671616,0.003769958006159868,0.0012610839985427447,7473,,,0.00017352694631481117,acamas
development,False,memory_um,independent,ridge,8,32,outer_0,1357156730.2391167,1.5620553321842188,261400373.5963501,1.4231102903396857,557653013.287769,464923296.3696819,False,0.0,0.03695929199602688,0.011649915999441873,8269,,,,
development,False,memory_um,bottom_up,ridge,8,32,outer_0,1261466683.1458573,1.4519183487625256,261400373.5963501,1.4231102903396857,557653013.287769,0.0,True,464923296.3696819,0.03695929199602688,0.011883208000654122,8269,,,,
development,False,memory_um,top_down,ridge,8,32,outer_0,1357156730.2391167,1.5620553321842188,292268044.8835961,5.211749381369459,543479515.2842665,8.394271549801972e-06,True,66417613.7670974,0.03695929199602688,0.01191020800251863,8269,,,,
development,False,memory_um,ols,ridge,8,32,outer_0,1334852101.8108466,1.5363832318346677,281120921.002738,3.0201206844565323,544439867.5625129,0.0,True,116230824.09245203,0.03695929199602688,0.011770748998969793,8269,,,,
development,False,memory_um,wls,ridge,8,32,outer_0,1277394243.2300913,1.4702505941133472,267470159.40056887,1.4464979148840225,556351577.2994949,0.0,True,297573702.2684343,0.03695929199602688,0.011734749001334421,8269,,,,
development,False,memory_um,mint,ridge,8,32,outer_0,1273086565.0781949,1.4652925583341503,265875886.39355138,1.4393033171740477,555259558.2555041,0.0,True,320160740.03892267,0.03695929199602688,0.01176958299765829,8269,,,,
development,False,memory_um,bottom_up_nn,ridge,8,32,outer_0,1261466683.1458573,1.4519183487625256,261400373.5963501,1.4231102903396857,557653013.287769,0.0,True,464923296.3696819,0.03695929199602688,0.011906541003554594,8269,,,,
development,False,memory_um,ols_nn,ridge,8,32,outer_0,1334852101.8108466,1.5363832318346677,281120921.002738,3.0201206844565323,544439867.5625129,0.0,True,116230824.09245203,0.03695929199602688,0.01177204100167728,8269,,,,
development,False,disk_ud,independent,ridge,8,32,outer_0,2193351964.750705,1.8279503575384635,480831209.09413284,2.8435484094457277,1611397409.5933774,1370320529.2032237,False,0.0,0.03661549900425598,0.011186538999027107,8269,,,,
development,False,disk_ud,bottom_up,ridge,8,32,outer_0,2567950543.7629538,2.1401426629428855,480831209.09413284,2.8435484094457277,1611397409.5933774,0.0,True,1370320529.2032237,0.03661549900425598,0.011402538999391254,8269,,,,
development,False,disk_ud,top_down,ridge,8,32,outer_0,2193351964.750705,1.8279503575384635,583865648.2243965,8.774925673917085,1549747806.3746977,7.601161435028419e-05,True,195760075.6004606,0.03661549900425598,0.011446831002103863,8269,,,,
development,False,disk_ud,ols,ridge,8,32,outer_0,2192526609.7969685,1.827262502644664,565723438.8565887,12.778645855864486,1524456032.2337306,0.0,True,342580132.30066437,0.03661549900425598,0.0112976640011766,8269,,,,
development,False,disk_ud,wls,ridge,8,32,outer_0,2290258401.122334,1.9087126601055444,494037268.8487047,2.8439875637162544,1525547243.937156,0.0,True,824616606.7260208,0.03661549900425598,0.011270163999142824,8269,,,,
development,False,disk_ud,mint,ridge,8,32,outer_0,2262442828.4406447,1.8855310244876557,519504954.01355255,2.8925477856402546,1580818383.192783,0.0,True,736663887.181111,0.03661549900425598,0.011313288996461779,8269,,,,
development,False,disk_ud,bottom_up_nn,ridge,8,32,outer_0,2567950543.7629538,2.1401426629428855,480831209.09413284,2.8435484094457277,1611397409.5933774,0.0,True,1370320529.2032237,0.03661549900425598,0.011469454999314621,8269,,,,
development,False,disk_ud,ols_nn,ridge,8,32,outer_0,2192526609.7969685,1.827262502644664,565723438.8565887,12.778645855864486,1524456032.2337306,0.0,True,342580132.30066437,0.03661549900425598,0.01131512199935969,8269,,,,
development,False,cpu_core_weighted,independent,ridge,8,32,outer_0,1.2172998857131287,1.1880066056320504,1.5395916890097854,1.0376205572668018,3.735521318136657,116.79442419382548,False,0.0,0.034530290995462565,0.010491457993339282,4295,cluster_mean_CU,,,
development,False,cpu_core_weighted,bottom_up,ridge,8,32,outer_0,1.0882023191633368,1.1467400126226885,1.5395916890097854,1.0376205572668018,3.735521318136657,0.0,True,0.49489162793993857,0.034530290995462565,0.010491457993339282,4295,weighted_mean_CU,1.1704306483268743,,
development,False,cpu_core_weighted,top_down,ridge,8,32,outer_0,1.2172998857131287,1.2678339401452152,1.7539184418486469,1.367929739239834,3.9019488558815896,1.0402507596749037e-12,True,0.5908036854624508,0.034530290995462565,0.010491457993339282,4295,weighted_mean_CU,1.2940262694254052,,
development,False,cpu_core_weighted,ols,ridge,8,32,outer_0,1.189044295746266,1.241639680017914,1.7189231665168567,2.0656319302720734,3.8101209079070957,0.0,True,0.5282280778775594,0.034530290995462565,0.010491457993339282,4295,weighted_mean_CU,1.2672908590222036,,
development,False,cpu_core_weighted,wls,ridge,8,32,outer_0,1.112552629638062,1.1707790240667786,1.5786585247470721,1.054038603907738,3.9590849448224206,0.0,True,0.4794226122528605,0.034530290995462565,0.010491457993339282,4295,weighted_mean_CU,1.194966284512878,,
development,False,cpu_core_weighted,mint,ridge,8,32,outer_0,1.0940006294409161,1.1534394244383601,1.5485904990702757,1.0419476581065943,3.763431604058865,0.0,True,0.4855893350959071,0.034530290995462565,0.010491457993339282,4295,weighted_mean_CU,1.1772684640728268,,
development,False,cpu_core_weighted,bottom_up_nn,ridge,8,32,outer_0,1.0710927337319425,1.1300687204134665,1.504179168853842,1.0200000912875777,3.641704698990781,0.0,True,0.5383186041625768,0.034530290995462565,0.010491457993339282,4295,weighted_mean_CU,1.1534149419469604,,
development,False,bond0_transmitted_acamas,independent,ridge,8,32,outer_0,44.52767405407328,1.7369990067250496,11.133618267302518,1.570676568294327,44.52757744886495,0.006696108566248948,False,0.0,0.021589749998383923,0.006678206998913083,7307,,,0.00017352694631481117,acamas
development,False,bond0_transmitted_acamas,bottom_up,ridge,8,32,outer_0,44.53281388963003,1.7371995087599406,11.133618267302518,1.570676568294327,44.52757744886495,0.0,True,0.006696108566248948,0.021589749998383923,0.006819458001700696,7307,,,0.00017352694631481117,acamas
development,False,bond0_transmitted_acamas,top_down,ridge,8,32,outer_0,44.52767405407328,1.7369990067250496,11.132333809171245,1.5704687421208259,44.52244049449433,9.98714705206295e-13,True,0.0016740668527098898,0.021589749998383923,0.006854081999335904,7307,,,0.00017352694631481117,acamas
development,False,bond0_transmitted_acamas,ols,ridge,8,32,outer_0,44.52870202118462,1.7370391071320275,11.133096218759515,1.393256991163938,44.526549481753584,0.0,True,0.002678443426488452,0.021589749998383923,0.006735832001140807,7307,,,0.00017352694631481117,acamas
development,False,bond0_transmitted_acamas,wls,ridge,8,32,outer_0,44.5302439715095,1.737099257729148,11.132975787783591,1.5706514916301346,44.525007530869495,0.0,True,0.00418506751869009,0.021589749998383923,0.006713249000313226,7307,,,0.00017352694631481117,acamas
development,False,bond0_transmitted_acamas,mint,ridge,8,32,outer_0,44.530243949407705,1.7370992568669696,11.132975782343564,1.5706514217223944,44.525007509536415,0.0,True,0.004185045925122022,0.021589749998383923,0.0067558319969975855,7307,,,0.00017352694631481117,acamas
development,False,bond0_transmitted_acamas,bottom_up_nn,ridge,8,32,outer_0,44.48392362232573,1.7352923274945784,11.12139570047644,1.5701997750347954,44.47868718156064,0.0,True,0.06780894269662541,0.021589749998383923,0.006858790999103803,7307,,,0.00017352694631481117,acamas
development,False,bond0_transmitted_acamas,ols_nn,ridge,8,32,outer_0,44.47992993700975,1.7351365361227091,11.120830752762087,1.360873953426018,44.477652457120996,0.0,True,0.06391997507092248,0.021589749998383923,0.0067108319999533705,7307,,,0.00017352694631481117,acamas
development,False,memory_um,independent,lightgbm,1,32,outer_0,2548658026.0004625,2.9357187021983755,551420546.0769606,4.191992899225755,1257841874.0572703,1420216580.6245987,False,0.0,4.072311582000111,0.15348566700413357,8276,,,,
development,False,memory_um,bottom_up,lightgbm,1,32,outer_0,2300226009.3941536,2.649557706907646,551420546.0769606,4.191992899225755,1257841874.0572703,0.0,True,1420216580.6245987,4.072311582000111,0.1537851250031963,8276,,,,
development,False,memory_um,top_down,lightgbm,1,32,outer_0,2548658026.0004625,2.9357187021983755,622356672.179809,15.732496243480757,1301574702.189671,8.21201624992448e-06,True,202888082.94637126,4.072311582000111,0.1537682920024963,8276,,,,
development,False,memory_um,ols,lightgbm,1,32,outer_0,2465495050.32735,2.839925896524422,598289641.9903003,9.074104579384608,1297255013.1057768,0.0,True,355054145.156139,4.072311582000111,0.15357233300528605,8276,,,,
development,False,memory_um,wls,lightgbm,1,32,outer_0,2241770870.3464074,2.582225078053011,549071191.0578521,4.187281900062318,1258882757.73079,0.0,True,1029994520.6042386,4.072311582000111,0.15354191700316733,8276,,,,
development,False,memory_um,mint,lightgbm,1,32,outer_0,2241988841.6780543,2.582476152347142,545854780.1988842,4.174694744567555,1258787272.6148174,0.0,True,1116605750.5894234,4.072311582000111,0.15357808400221984,8276,,,,
development,False,memory_um,bottom_up_nn,lightgbm,1,32,outer_0,2300226009.3941536,2.649557706907646,551420546.0769606,4.191992899225755,1257841874.0572703,0.0,True,1420216580.6245987,4.072311582000111,0.15375625000160653,8276,,,,
development,False,memory_um,ols_nn,lightgbm,1,32,outer_0,2465495050.32735,2.839925896524422,598289641.9903003,9.074104579384608,1297255013.1057768,0.0,True,355054145.156139,4.072311582000111,0.15357625000615371,8276,,,,
development,False,disk_ud,independent,lightgbm,1,32,outer_0,4926478376.343873,4.1093068232268575,14825171048.310896,165.44471194901,48003261651.74008,42780397437.067245,False,0.0,4.479480918002082,0.12991400100145256,8276,,,,
development,False,disk_ud,bottom_up,lightgbm,1,32,outer_0,43132584100.74976,35.97803717148507,14825171048.310896,165.44471194901,48003261651.74008,0.0,True,42780397437.067245,4.479480918002082,0.1301162510026188,8276,,,,
development,False,disk_ud,top_down,lightgbm,1,32,outer_0,4926478376.343873,4.1093068232268575,15115248529.108755,270.49006213863584,42909824213.172516,7.522457633518607e-05,True,6111485348.152463,4.479480918002082,0.1302628760022344,8276,,,,
development,False,disk_ud,ols,lightgbm,1,32,outer_0,7700071698.574448,6.42283488388529,15642887765.544098,417.2284842066209,44622406962.36774,0.0,True,10695099359.266663,4.479480918002082,0.13003200000093784,8276,,,,
development,False,disk_ud,wls,lightgbm,1,32,outer_0,26971173358.850986,22.497374036220585,14994841060.29046,165.5680044566093,47363383227.36709,0.0,True,28759289096.391594,4.479480918002082,0.1299898340002983,8276,,,,
development,False,disk_ud,mint,lightgbm,1,32,outer_0,34339318457.013645,28.64334010232474,14626638401.941751,166.01942389124892,48167982008.99449,0.0,True,35243176978.27055,4.479480918002082,0.13002950100053567,8276,,,,
development,False,disk_ud,bottom_up_nn,lightgbm,1,32,outer_0,43132584100.74976,35.97803717148507,14825171048.310896,165.44471194901,48003261651.74008,0.0,True,42780397437.067245,4.479480918002082,0.13016958400112344,8276,,,,
development,False,disk_ud,ols_nn,lightgbm,1,32,outer_0,7700071698.574448,6.42283488388529,15642887765.544098,417.2284842066209,44622406962.36774,0.0,True,10695099359.266663,4.479480918002082,0.12998991700442275,8276,,,,
development,False,cpu_core_weighted,independent,lightgbm,1,32,outer_0,1.0425360647239126,1.0181577553754486,1.336271753775246,0.9351538304684294,3.129778895017828,176.83373759057008,False,0.0,4.044438498996897,0.172909125998558,4847,cluster_mean_CU,,,
development,False,cpu_core_weighted,bottom_up,lightgbm,1,32,outer_0,0.9562265722702284,1.000140209076959,1.336271753775246,0.9351538304684294,3.129778895017828,0.0,True,0.7492954982651273,4.044438498996897,0.172909125998558,4847,weighted_mean_CU,1.0172086863808836,,
development,False,cpu_core_weighted,top_down,lightgbm,1,32,outer_0,1.0425360647239126,1.1024327269017524,1.495387144597261,1.2336316066518733,3.115615840113055,1.0379172019246258e-12,True,0.7383262513282915,4.044438498996897,0.172909125998558,4847,weighted_mean_CU,1.1212469369569529,,
development,False,cpu_core_weighted,ols,lightgbm,1,32,outer_0,1.0054895914127788,1.0660150287373054,1.7089902834246617,2.660417917988723,3.181418641864388,0.0,True,0.79976887557882,4.044438498996897,0.172909125998558,4847,weighted_mean_CU,1.0842077312789196,,
development,False,cpu_core_weighted,wls,lightgbm,1,32,outer_0,0.9347100404240283,0.9909712862486858,1.3904065474304776,0.9600272321851694,3.407137076734006,0.0,True,0.7236077556246515,4.044438498996897,0.172909125998558,4847,weighted_mean_CU,1.0078832859409959,,
development,False,cpu_core_weighted,mint,lightgbm,1,32,outer_0,0.9313554077629773,0.9870359470647696,1.3796380651225815,0.9594605771458548,3.3317410681461093,0.0,True,0.7287458898539533,4.044438498996897,0.172909125998558,4847,weighted_mean_CU,1.0038807859260939,,
development,False,cpu_core_weighted,bottom_up_nn,lightgbm,1,32,outer_0,0.9555110641686384,0.9997479789309706,1.332144332705289,0.9329618204753128,3.1254169878060827,0.0,True,0.7515030824238577,4.044438498996897,0.172909125998558,4847,weighted_mean_CU,1.0168097624020864,,
development,False,bond0_transmitted_acamas,independent,lightgbm,1,32,outer_0,47.313497389857524,1.8307349980776602,11.929892175673894,0.6060377639279122,47.71864081930584,9.869955545038337,False,0.0,2.4203598749991215,0.07910266800172394,7473,,,0.00017352694631481117,acamas
development,False,bond0_transmitted_acamas,bottom_up,lightgbm,1,32,outer_0,47.716589437717616,1.8463321270191884,11.929892175673894,0.6060377639279122,47.71864081930584,0.0,True,9.869955545038337,2.4203598749991215,0.07922966700061806,7473,,,0.00017352694631481117,acamas
development,False,bond0_transmitted_acamas,top_down,lightgbm,1,32,outer_0,47.313497389857524,1.8307349980776602,11.832178969978624,2.368705648086176,47.316614598875475,2.3228903263478526e-12,True,2.4694744322035516,2.4203598749991215,0.07929875099944184,7473,,,0.00017352694631481117,acamas
development,False,bond0_transmitted_acamas,ols,lightgbm,1,32,outer_0,47.11406559515895,1.8230182409908677,13.322437169233527,987.8096806815962,47.36778045699177,0.0,True,3.947982218015334,2.4203598749991215,0.07921816800080705,7473,,,0.00017352694631481117,acamas
development,False,bond0_transmitted_acamas,wls,lightgbm,1,32,outer_0,47.08285059982879,1.8218104168483218,11.771420828184487,0.5999059149848704,47.08475542953158,0.0,True,6.185319079679502,2.4203598749991215,0.07914708400130621,7473,,,0.00017352694631481117,acamas
development,False,bond0_transmitted_acamas,mint,lightgbm,1,32,outer_0,47.08682557172233,1.821964223279115,11.772416619166945,0.6001741901939162,47.08873706243129,0.0,True,6.2498361746894435,2.4203598749991215,0.07916295899849501,7473,,,0.00017352694631481117,acamas
development,False,bond0_transmitted_acamas,bottom_up_nn,lightgbm,1,32,outer_0,46.345141222149884,1.7932657002107313,11.58702851000143,0.5913336471384557,46.34719572385164,0.0,True,10.52203675669369,2.4203598749991215,0.07926775099986116,7473,,,0.00017352694631481117,acamas
development,False,bond0_transmitted_acamas,ols_nn,lightgbm,1,32,outer_0,47.06736051812688,1.8212110480369001,12.258881346379201,491.03699831528587,46.093013287256206,0.0,True,7.4742071651818796,2.4203598749991215,0.0791255430012825,7473,,,0.00017352694631481117,acamas
development,False,memory_um,independent,lightgbm,8,32,outer_0,2410471439.6138277,2.7743956769555607,548407449.0767018,4.147706411768157,1225925074.2941349,1495392888.69893,False,0.0,32.32179237400487,1.3196115430037025,8269,,,,
development,False,memory_um,bottom_up,lightgbm,8,32,outer_0,2195914490.2149053,2.5274456973414035,548407449.0767018,4.147706411768157,1225925074.2941349,0.0,True,1495392888.69893,32.32179237400487,1.31983295900136,8269,,,,
development,False,memory_um,top_down,lightgbm,8,32,outer_0,2410471439.6138277,2.7743956769555607,622976295.3804239,16.3346171834366,1266528271.3613048,9.407341473046923e-06,True,213627555.5284186,32.32179237400487,1.3198856670023815,8269,,,,
development,False,memory_um,ols,lightgbm,8,32,outer_0,2330476464.3412056,2.6823233503860804,597151702.7987679,9.302853596234796,1262849380.3301842,0.0,True,373848222.1747236,32.32179237400487,1.319732626005134,8269,,,,
development,False,memory_um,wls,lightgbm,8,32,outer_0,2126567291.187134,2.447628709664317,546188868.0303653,4.154028296849422,1230966541.2363925,0.0,True,996249025.4973785,32.32179237400487,1.319709043003968,8269,,,,
development,False,memory_um,mint,lightgbm,8,32,outer_0,2121122692.0037646,2.4413621046389054,541717446.0836949,4.1273894748807995,1228209738.5249405,0.0,True,1125432070.0011992,32.32179237400487,1.3197404590027872,8269,,,,
development,False,memory_um,bottom_up_nn,lightgbm,8,32,outer_0,2195914490.2149053,2.5274456973414035,548407449.0767018,4.147706411768157,1225925074.2941349,0.0,True,1495392888.69893,32.32179237400487,1.3198720010041143,8269,,,,
development,False,memory_um,ols_nn,lightgbm,8,32,outer_0,2330476464.3412056,2.6823233503860804,597151702.7987679,9.302853596234796,1262849380.3301842,0.0,True,373848222.1747236,32.32179237400487,1.3197454600012861,8269,,,,
development,False,disk_ud,independent,lightgbm,8,32,outer_0,4952815984.295636,4.127701296834245,14428109803.135641,164.58514180209303,48291662815.213356,43396905784.75304,False,0.0,35.19701241599614,1.0591398750038934,8269,,,,
development,False,disk_ud,bottom_up,lightgbm,8,32,outer_0,43889963545.04929,36.57811233394168,14428109803.135641,164.58514180209303,48291662815.213356,0.0,True,43396905784.75304,35.19701241599614,1.0593609580027987,8269,,,,
development,False,disk_ud,top_down,lightgbm,8,32,outer_0,4952815984.295636,4.127701296834245,14857932746.440002,266.66418763138455,42807321911.28907,7.806358840246705e-05,True,6199557969.250434,35.19701241599614,1.059472792003362,8269,,,,
development,False,disk_ud,ols,lightgbm,8,32,outer_0,7809588309.30908,6.508549458386761,15326348931.349285,416.38647297530093,44483042589.48951,0.0,True,10849226446.188087,35.19701241599614,1.059266000003845,8269,,,,
development,False,disk_ud,wls,lightgbm,8,32,outer_0,31281949938.90564,26.070531539985712,14305526337.801512,163.78099706161387,46411255537.34799,0.0,True,32477883192.240726,35.19701241599614,1.0592048340004112,8269,,,,
development,False,disk_ud,mint,lightgbm,8,32,outer_0,36460272228.630554,30.38617090524733,14365392025.050764,164.67774009520326,48458376938.86243,0.0,True,37032984225.08533,35.19701241599614,1.0592450840013043,8269,,,,
development,False,disk_ud,bottom_up_nn,lightgbm,8,32,outer_0,43889963545.04929,36.57811233394168,14428109803.135641,164.58514180209303,48291662815.213356,0.0,True,43396905784.75304,35.19701241599614,1.059385166001448,8269,,,,
development,False,disk_ud,ols_nn,lightgbm,8,32,outer_0,7809588309.30908,6.508549458386761,15326348931.349285,416.38647297530093,44483042589.48951,0.0,True,10849226446.188087,35.19701241599614,1.0592174580015126,8269,,,,
development,False,cpu_core_weighted,independent,lightgbm,8,32,outer_0,1.0226455502904923,0.9980364602216318,1.3467664290747787,0.9406110718223308,3.1488186735939636,177.6026413215424,False,0.0,34.96662637299596,1.6743772909976542,4295,cluster_mean_CU,,,
development,False,cpu_core_weighted,bottom_up,lightgbm,8,32,outer_0,0.9525925915109322,0.9960297252545136,1.3467664290747787,0.9406110718223308,3.1488186735939636,0.0,True,0.7525535649217898,34.96662637299596,1.6743772909976542,4295,weighted_mean_CU,1.0166068195494773,,
development,False,cpu_core_weighted,top_down,lightgbm,8,32,outer_0,1.0226455502904923,1.0794335555954993,1.4982960157932352,1.2451790048940208,3.0573868779145195,1.034179649174016e-12,True,0.7468371896788338,34.96662637299596,1.6743772909976542,4295,weighted_mean_CU,1.1017336993517117,,
development,False,cpu_core_weighted,ols,lightgbm,8,32,outer_0,0.987430011394052,1.045207891445172,1.715707664167681,2.679292156876007,3.17121246027685,0.0,True,0.8032464092255494,34.96662637299596,1.6743772909976542,4295,weighted_mean_CU,1.0668009632127957,,
development,False,cpu_core_weighted,wls,lightgbm,8,32,outer_0,0.9296566829308767,0.9844203985954828,1.3990405002182358,0.9627592481665875,3.4362147212452823,0.0,True,0.7250992645890086,34.96662637299596,1.6743772909976542,4295,weighted_mean_CU,1.0047576544566057,,
development,False,cpu_core_weighted,mint,lightgbm,8,32,outer_0,0.9260771478563267,0.9784231921037317,1.3763546090718648,0.9534096589964426,3.3128420860443764,0.0,True,0.7350780738806362,34.96662637299596,1.6743772909976542,4295,weighted_mean_CU,0.9986365509762827,,
development,False,cpu_core_weighted,bottom_up_nn,lightgbm,8,32,outer_0,0.9514296672085266,0.9950003981650012,1.3406928363925328,0.9373756777999134,3.1401216472726294,0.0,True,0.7554268021844454,34.96662637299596,1.6743772909976542,4295,weighted_mean_CU,1.015556227471537,,
development,False,bond0_transmitted_acamas,independent,lightgbm,8,32,outer_0,46.85869593529317,1.827930832344693,11.63905207661218,0.5976247965988423,46.55528464379405,8.412650381460436,False,0.0,19.400317542000266,0.6554601260031632,7307,,,0.00017352694631481117,acamas
development,False,bond0_transmitted_acamas,bottom_up,lightgbm,8,32,outer_0,46.553425339663654,1.8160224016292932,11.63905207661218,0.5976247965988423,46.55528464379405,0.0,True,8.412650381460436,19.400317542000266,0.6556440440035658,7307,,,0.00017352694631481117,acamas
development,False,bond0_transmitted_acamas,top_down,lightgbm,8,32,outer_0,46.85869593529317,1.827930832344693,11.717719099609436,1.8153912672878483,46.86258134370901,1.7879097796266133e-12,True,2.1049969288793333,19.400317542000266,0.6556334180022532,7307,,,0.00017352694631481117,acamas
development,False,bond0_transmitted_acamas,ols,lightgbm,8,32,outer_0,46.57126468524789,1.8167183042610546,12.85579872312128,839.8010234564737,46.37558937995816,0.0,True,3.3650601525841743,19.400317542000266,0.6555199600006745,7307,,,0.00017352694631481117,acamas
development,False,bond0_transmitted_acamas,wls,lightgbm,8,32,outer_0,46.32826475208771,1.807239016346287,11.582745750378265,0.595428332017309,46.33005933885832,0.0,True,5.408053277209475,19.400317542000266,0.6555046680041414,7307,,,0.00017352694631481117,acamas
development,False,bond0_transmitted_acamas,mint,lightgbm,8,32,outer_0,46.31478616696714,1.8067132244772113,11.579371936744884,0.5954931636478707,46.316562910570404,0.0,True,6.019305905363879,19.400317542000266,0.6555234600018593,7307,,,0.00017352694631481117,acamas
development,False,bond0_transmitted_acamas,bottom_up_nn,lightgbm,8,32,outer_0,45.05528203975214,1.7575806914084102,11.26451473251978,0.5816422024005458,45.057144414608736,0.0,True,9.292838178921313,19.400317542000266,0.655617501004599,7307,,,0.00017352694631481117,acamas
development,False,bond0_transmitted_acamas,ols_nn,lightgbm,8,32,outer_0,45.94209465208043,1.7921747424000443,11.920566444360556,451.2830796551541,44.970980901095054,0.0,True,6.611313046449897,19.400317542000266,0.6554803350045404,7307,,,0.00017352694631481117,acamas
development,False,memory_um,independent,persistence,1,32,outer_1,843922661.6452392,0.8648394558543444,157294732.34661326,0.9585202951976058,271525107.0082165,0.0,True,0.0,0.00017233300241059624,0.0003953749983338639,8276,,,,
development,False,memory_um,bottom_up,persistence,1,32,outer_1,843922661.6452392,0.8648394558543444,157294732.34661326,0.9585202951976058,271525107.0082165,0.0,True,0.0,0.00017233300241059624,0.000597458998527145,8276,,,,
development,False,memory_um,top_down,persistence,1,32,outer_1,843922661.6452392,0.8648394558543444,157294732.34661326,0.9585202951976058,271525107.0082165,0.0,True,1.3293033392564505e-07,0.00017233300241059624,0.0006542089977301657,8276,,,,
development,False,memory_um,ols,persistence,1,32,outer_1,843922661.6452397,0.8648394558543449,157294732.3466124,0.9585202951975952,271525107.00821954,0.0,True,9.307525174884287e-05,0.00017233300241059624,0.0004987920001440216,8276,,,,
development,False,memory_um,wls,persistence,1,32,outer_1,843922661.6454324,0.8648394558545422,157294732.34648773,0.9585202951969664,271525107.0050003,0.0,True,0.06745676552155462,0.00017233300241059624,0.00045795900223311037,8276,,,,
development,False,memory_um,mint,persistence,1,32,outer_1,843922661.6447572,0.8648394558538504,157294732.34227806,0.9585202951840086,271525107.0005922,0.0,True,0.23058476367724715,0.00017233300241059624,0.000552999998035375,8276,,,,
development,False,memory_um,bottom_up_nn,persistence,1,32,outer_1,843922661.6452392,0.8648394558543444,157294732.34661326,0.9585202951976058,271525107.0082165,0.0,True,0.0,0.00017233300241059624,0.0007532080016972031,8276,,,,
development,False,memory_um,ols_nn,persistence,1,32,outer_1,843922661.6452397,0.8648394558543449,157294732.3466124,0.9585202951975952,271525107.00821954,0.0,True,9.307525174884287e-05,0.00017233300241059624,0.0005332499968062621,8276,,,,
development,False,disk_ud,independent,persistence,1,32,outer_1,1145989203.1474142,0.8642423249226493,181207052.8680522,1.1132089106059986,735652275.5340744,0.0,True,0.0,0.0001892910004244186,0.000413207002566196,8276,,,,
development,False,disk_ud,bottom_up,persistence,1,32,outer_1,1145989203.1474142,0.8642423249226493,181207052.8680522,1.1132089106059986,735652275.5340744,0.0,True,0.0,0.0001892910004244186,0.0006047070019121747,8276,,,,
development,False,disk_ud,top_down,persistence,1,32,outer_1,1145989203.1474142,0.8642423249226493,181207052.86805227,1.1132089106059986,735652275.5340747,0.0,True,1.810683998656291e-06,0.0001892910004244186,0.0006520410061057191,8276,,,,
development,False,disk_ud,ols,persistence,1,32,outer_1,1145989203.1472945,0.864242324922559,181207052.8680529,1.1132089106072363,735652275.5340838,0.0,True,0.000710702161387927,0.0001892910004244186,0.000515208001161227,8276,,,,
development,False,disk_ud,wls,persistence,1,32,outer_1,1145989203.0952287,0.8642423248832938,181207052.88706875,1.1132089106325889,735652275.5614505,0.0,True,0.37528884788660155,0.0001892910004244186,0.0004646240013244096,8276,,,,
development,False,disk_ud,mint,persistence,1,32,outer_1,1145989203.3319764,0.864242325061836,181207052.91176945,1.1132089106955827,735652275.6705084,0.0,True,1.0459345209987867,0.0001892910004244186,0.0005074150030850433,8276,,,,
development,False,disk_ud,bottom_up_nn,persistence,1,32,outer_1,1145989203.1474142,0.8642423249226493,181207052.8680522,1.1132089106059986,735652275.5340744,0.0,True,0.0,0.0001892910004244186,0.0006754160021955613,8276,,,,
development,False,disk_ud,ols_nn,persistence,1,32,outer_1,1145989203.1472945,0.864242324922559,181207052.8680529,1.1132089106072363,735652275.5340838,0.0,True,0.000710702161387927,0.0001892910004244186,0.0004871240016655065,8276,,,,
development,False,cpu_core_weighted,independent,persistence,1,32,outer_1,1.0258714436135334,0.9430471611552316,1.391345895714105,1.0015263195690887,2.3069031244356757,31.82130927481606,False,0.0,0.00019079299818258733,4.191499465378001e-05,5261,cluster_mean_CU,,,
development,False,cpu_core_weighted,bottom_up,persistence,1,32,outer_1,1.0746205998914102,1.0585072566205453,1.391345895714105,1.0015263195690887,2.3069031244356757,0.0,True,0.13483605624922068,0.00019079299818258733,4.191499465378001e-05,5261,weighted_mean_CU,1.0957052557717806,,
development,False,cpu_core_weighted,top_down,persistence,1,32,outer_1,1.0258714436135334,1.0291868497954288,1.3873374552827138,1.0197395913097822,2.2688928636076198,1.0376490053479223e-12,True,0.13598181255212205,0.00019079299818258733,4.191499465378001e-05,5261,weighted_mean_CU,1.0653544729512487,,
development,False,cpu_core_weighted,ols,persistence,1,32,outer_1,1.0305377888622522,1.031536748860746,1.4137702426674719,1.1869629332767828,2.294197520187825,0.0,True,0.14391876281600852,0.00019079299818258733,4.191499465378001e-05,5261,weighted_mean_CU,1.0677869520299674,,
development,False,cpu_core_weighted,wls,persistence,1,32,outer_1,1.0525639407467866,1.0443190541525316,1.3908360007904228,1.0015793064236989,2.2910795124485634,0.0,True,0.1311806552271786,0.00019079299818258733,4.191499465378001e-05,5261,weighted_mean_CU,1.0810184523352218,,
development,False,cpu_core_weighted,mint,persistence,1,32,outer_1,1.0482629691787895,1.0416877150459003,1.3915290332681527,1.0019347593569772,2.2900959681421202,0.0,True,0.13025441327001586,0.00019079299818258733,4.191499465378001e-05,5261,weighted_mean_CU,1.078294642865971,,
development,False,cpu_core_weighted,bottom_up_nn,persistence,1,32,outer_1,1.0746205998914102,1.0585072566205453,1.391345895714105,1.0015263195690887,2.3069031244356757,0.0,True,0.13483605624922068,0.00019079299818258733,4.191499465378001e-05,5261,weighted_mean_CU,1.0957052557717806,,
development,False,bond0_transmitted_acamas,independent,persistence,1,32,outer_1,39.078021413551674,1.255833188478045,9.770643985860389,1.0661748138496916,39.077952396896414,0.007056239145266757,False,0.0,0.00010562499664956704,0.00030162600887706503,7792,,,0.00017352694631481117,acamas
development,False,bond0_transmitted_acamas,bottom_up,persistence,1,32,outer_1,39.078438363282835,1.2558465878081897,9.770643985860389,1.0661748138496916,39.077952396896414,0.0,True,0.007056239145266757,0.00010562499664956704,0.0004501260045799427,7792,,,0.00017352694631481117,acamas
development,False,bond0_transmitted_acamas,top_down,persistence,1,32,outer_1,39.078021413551674,1.255833188478045,9.770547122642782,1.0659136439298822,39.07756690747888,9.999448223582008e-13,True,0.0017640597865625366,0.00010562499664956704,0.0004905420064460486,7792,,,0.00017352694631481117,acamas
development,False,bond0_transmitted_acamas,ols,persistence,1,32,outer_1,39.07810206564711,1.2558357803589668,9.771171192989991,1.4504376107300656,39.077873227803465,0.0,True,0.0028224956581004313,0.00010562499664956704,0.0003366670061950572,7792,,,0.00017352694631481117,acamas
development,False,bond0_transmitted_acamas,wls,persistence,1,32,outer_1,39.07822561115824,1.2558397506867254,9.770595111359606,1.0661732434273117,39.07775689889199,0.0,True,0.0044101573702368954,0.00010562499664956704,0.0003035830086446367,7792,,,0.00017352694631481117,acamas
development,False,bond0_transmitted_acamas,mint,persistence,1,32,outer_1,39.078225612444605,1.2558397507280648,9.770595111659825,1.066173244670376,39.07775690008563,0.0,True,0.0044101744461101326,0.00010562499664956704,0.00035241700607002713,7792,,,0.00017352694631481117,acamas
development,False,bond0_transmitted_acamas,bottom_up_nn,persistence,1,32,outer_1,39.078438363282835,1.2558465878081897,9.770643985860389,1.0661748138496916,39.077952396896414,0.0,True,0.007056239145266757,0.00010562499664956704,0.000470209004561184,7792,,,0.00017352694631481117,acamas
development,False,bond0_transmitted_acamas,ols_nn,persistence,1,32,outer_1,39.07825190545646,1.2558405956950236,9.770711918585958,1.1261458123338755,39.077873227803465,0.0,True,0.004200318870197034,0.00010562499664956704,0.00031137600308284163,7792,,,0.00017352694631481117,acamas
development,False,memory_um,independent,persistence,8,32,outer_1,844465442.1477809,0.8651886268074785,157380669.84724358,0.95873146985887,271687768.66658604,0.0,True,0.0,0.00030350099768838845,0.0010660010011633858,8269,,,,
development,False,memory_um,bottom_up,persistence,8,32,outer_1,844465442.1477809,0.8651886268074785,157380669.84724358,0.95873146985887,271687768.66658604,0.0,True,0.0,0.00030350099768838845,0.0012772930022038054,8269,,,,
development,False,memory_um,top_down,persistence,8,32,outer_1,844465442.1477809,0.8651886268074785,157380669.84724355,0.95873146985887,271687768.66658604,0.0,True,1.3286162927802636e-07,0.00030350099768838845,0.0013283759981277399,8269,,,,
development,False,memory_um,ols,persistence,8,32,outer_1,844465442.1477814,0.8651886268074791,157380669.84724268,0.9587314698588594,271687768.6665891,0.0,True,9.307660651705778e-05,0.00030350099768838845,0.0011806260008597746,8269,,,,
development,False,memory_um,wls,persistence,8,32,outer_1,844465442.1480584,0.8651886268077629,157380669.84928608,0.9587314698652197,271687768.6785433,0.0,True,0.10582088976400814,0.00030350099768838845,0.0012091680000594351,8269,,,,
development,False,memory_um,mint,persistence,8,32,outer_1,844465442.1479094,0.8651886268076102,157380669.84873253,0.9587314698630626,271687768.6933191,0.0,True,0.14186442396123972,0.00030350099768838845,0.0012471680020098574,8269,,,,
development,False,memory_um,bottom_up_nn,persistence,8,32,outer_1,844465442.1477809,0.8651886268074785,157380669.84724358,0.95873146985887,271687768.66658604,0.0,True,0.0,0.00030350099768838845,0.0015359179997176398,8269,,,,
development,False,memory_um,ols_nn,persistence,8,32,outer_1,844465442.1477814,0.8651886268074791,157380669.84724268,0.9587314698588594,271687768.6665891,0.0,True,9.307660651705778e-05,0.00030350099768838845,0.0013416260007943492,8269,,,,
development,False,disk_ud,independent,persistence,8,32,outer_1,1146936385.5092514,0.8677381654678382,181352825.06297186,1.1169061231381179,736274221.7264482,0.0,True,0.0,0.00036137700226390734,0.0012067090065102093,8269,,,,
development,False,disk_ud,bottom_up,persistence,8,32,outer_1,1146936385.5092514,0.8677381654678382,181352825.06297186,1.1169061231381179,736274221.7264482,0.0,True,0.0,0.00036137700226390734,0.0013803340043523349,8269,,,,
development,False,disk_ud,top_down,persistence,8,32,outer_1,1146936385.5092514,0.8677381654678382,181352825.06297192,1.1169061231381179,736274221.7264484,0.0,True,1.8112941562883316e-06,0.00036137700226390734,0.001420625008904608,8269,,,,
development,False,disk_ud,ols,persistence,8,32,outer_1,1146936385.509132,0.8677381654677478,181352825.06297255,1.1169061231393547,736274221.7264576,0.0,True,0.0007106962306624328,0.00036137700226390734,0.0012850840066676028,8269,,,,
development,False,disk_ud,wls,persistence,8,32,outer_1,1146936385.5070114,0.8677381654661435,181352825.07389525,1.1169061231524307,736274221.7355452,0.0,True,0.10047443759545792,0.00036137700226390734,0.0012342500085651409,8269,,,,
development,False,disk_ud,mint,persistence,8,32,outer_1,1146936385.6429186,0.8677381655689669,181352825.1112754,1.116906123207069,736274221.7386197,0.0,True,0.8101679527106489,0.00036137700226390734,0.0012757500044244807,8269,,,,
development,False,disk_ud,bottom_up_nn,persistence,8,32,outer_1,1146936385.5092514,0.8677381654678382,181352825.06297186,1.1169061231381179,736274221.7264482,0.0,True,0.0,0.00036137700226390734,0.001423334007995436,8269,,,,
development,False,disk_ud,ols_nn,persistence,8,32,outer_1,1146936385.509132,0.8677381654677478,181352825.06297255,1.1169061231393547,736274221.7264576,0.0,True,0.0007106962306624328,0.00036137700226390734,0.001245459006895544,8269,,,,
development,False,cpu_core_weighted,independent,persistence,8,32,outer_1,1.0420595780947417,0.9578100333808329,1.4087321371023267,1.0197498227400366,2.2998753917282144,32.15125062840017,False,0.0,0.0003184569904988166,0.000649002002319321,4778,cluster_mean_CU,,,
development,False,cpu_core_weighted,bottom_up,persistence,8,32,outer_1,1.091595755301663,1.0693585099924847,1.4087321371023267,1.0197498227400366,2.2998753917282144,0.0,True,0.13623411283220416,0.0003184569904988166,0.000649002002319321,4778,weighted_mean_CU,1.1125931579402315,,
development,False,cpu_core_weighted,top_down,persistence,8,32,outer_1,1.0420595780947417,1.039886512088124,1.4047480870047195,1.038179684215955,2.2604587204419575,1.0364584870560055e-12,True,0.13732408945282604,0.0003184569904988166,0.000649002002319321,4778,weighted_mean_CU,1.0819295938381877,,
development,False,cpu_core_weighted,ols,persistence,8,32,outer_1,1.0467723316249622,1.0422529710137043,1.4316924297723617,1.2079579855891964,2.2864349340978154,0.0,True,0.14541099404381796,0.0003184569904988166,0.000649002002319321,4778,weighted_mean_CU,1.0843917297678543,,
development,False,cpu_core_weighted,wls,persistence,8,32,outer_1,1.0690377407209037,1.0550469045452482,1.4081909902515137,1.019810818506635,2.2827500453556384,0.0,True,0.1325179854295184,0.0003184569904988166,0.000649002002319321,4778,weighted_mean_CU,1.0977029278153996,,
development,False,cpu_core_weighted,mint,persistence,8,32,outer_1,1.0646528831097501,1.0524206221756776,1.40888078927134,1.0201788187493563,2.2812863346002583,0.0,True,0.13158962401982544,0.0003184569904988166,0.000649002002319321,4778,weighted_mean_CU,1.0949704636624524,,
development,False,cpu_core_weighted,bottom_up_nn,persistence,8,32,outer_1,1.091595755301663,1.0693585099924847,1.4087321371023267,1.0197498227400366,2.2998753917282144,0.0,True,0.13623411283220416,0.0003184569904988166,0.000649002002319321,4778,weighted_mean_CU,1.1125931579402315,,
development,False,bond0_transmitted_acamas,independent,persistence,8,32,outer_1,38.34106089197566,1.2519214392353823,9.58640867612589,1.0649844851990082,38.34099310075527,0.007069221322857818,False,0.0,0.0002229169986094348,0.0006722500002069864,7687,,,0.00017352694631481117,acamas
development,False,bond0_transmitted_acamas,bottom_up,persistence,8,32,outer_1,38.341478767042474,1.251935083791451,9.58640867612589,1.0649844851990082,38.34099310075527,0.0,True,0.007069221322857818,0.0002229169986094348,0.0008105409979179967,7687,,,0.00017352694631481117,acamas
development,False,bond0_transmitted_acamas,top_down,persistence,8,32,outer_1,38.34106089197566,1.2519214392353823,9.586311683151294,1.0647166647032773,38.34060713430746,9.999861829271942e-13,True,0.001767305330960321,0.0002229169986094348,0.0008550000020477455,7687,,,0.00017352694631481117,acamas
development,False,bond0_transmitted_acamas,ols,persistence,8,32,outer_1,38.34114169174075,1.2519240775285296,9.5869363054797,1.4479164374406934,38.34091380424962,0.0,True,0.0028276885291371387,0.0002229169986094348,0.0007341669988818467,7687,,,0.00017352694631481117,acamas
development,False,bond0_transmitted_acamas,wls,persistence,8,32,outer_1,38.341265493554765,1.2519281199348056,9.58635973020891,1.0649828872372338,38.340797317086086,0.0,True,0.00441826833337068,0.0002229169986094348,0.0006889589967613574,7687,,,0.00017352694631481117,acamas
development,False,bond0_transmitted_acamas,mint,persistence,8,32,outer_1,38.3412654952439,1.2519281199899597,9.586359730602556,1.0649828884965562,38.34079731865333,0.0,True,0.00441829004880905,0.0002229169986094348,0.000726416998077184,7687,,,0.00017352694631481117,acamas
development,False,bond0_transmitted_acamas,bottom_up_nn,persistence,8,32,outer_1,38.341478767042474,1.251935083791451,9.58640867612589,1.0649844851990082,38.34099310075527,0.0,True,0.007069221322857818,0.0002229169986094348,0.0008432499998889398,7687,,,0.00017352694631481117,acamas
development,False,bond0_transmitted_acamas,ols_nn,persistence,8,32,outer_1,38.34129317355204,1.25192902374866,9.586476582781842,1.1246214645573964,38.34091380424962,0.0,True,0.004206856622713825,0.0002229169986094348,0.00068904200088582,7687,,,0.00017352694631481117,acamas
development,False,memory_um,independent,ridge,1,32,outer_1,834422178.6472346,0.855103501459744,178183129.56075722,0.9940791886899133,323324236.2392891,301581705.2888302,False,0.0,0.009229874995071441,0.0021200420123932417,8276,,,,
development,False,memory_um,bottom_up,ridge,1,32,outer_1,792068860.7184273,0.8117004479622028,178183129.56075722,0.9940791886899133,323324236.2392891,0.0,True,301581705.2888302,0.009229874995071441,0.002286750008352101,8276,,,,
development,False,memory_um,top_down,ridge,1,32,outer_1,834422178.6472346,0.855103501459744,195922680.75377247,3.3204294985599137,340947922.7505289,8.318953147655872e-06,True,43083100.75554718,0.009229874995071441,0.002311792010004865,8276,,,,
development,False,memory_um,ols,ridge,1,32,outer_1,820725354.1748883,0.8410671984168758,188398012.4271329,1.9446683982340522,337311962.5665293,0.0,True,75395426.32223035,0.009229874995071441,0.0021476250112755224,8276,,,,
development,False,memory_um,wls,ridge,1,32,outer_1,787020827.6599429,0.8065272983812645,177628446.42540455,0.9917855170882116,333659702.0682692,0.0,True,213792751.39059147,0.009229874995071441,0.002113708011165727,8276,,,,
development,False,memory_um,mint,ridge,1,32,outer_1,787248084.4787565,0.8067601878063912,177520776.7147126,0.9914667851255138,332717766.9077562,0.0,True,210945326.5428905,0.009229874995071441,0.0021881260072404984,8276,,,,
development,False,memory_um,bottom_up_nn,ridge,1,32,outer_1,792068860.7184273,0.8117004479622028,178183129.56075722,0.9940791886899133,323324236.2392891,0.0,True,301581705.2888302,0.009229874995071441,0.002304459012520965,8276,,,,
development,False,memory_um,ols_nn,ridge,1,32,outer_1,820725354.1748883,0.8410671984168758,188398012.4271329,1.9446683982340522,337311962.5665293,0.0,True,75395426.32223035,0.009229874995071441,0.002157625011022901,8276,,,,
development,False,disk_ud,independent,ridge,1,32,outer_1,1279428400.7528424,0.9648748632202142,310460923.950472,1.5796948000518627,1248709160.4885256,804451259.9295046,False,0.0,0.008913667003071168,0.0020276680079405196,8276,,,,
development,False,disk_ud,bottom_up,ridge,1,32,outer_1,1656815160.1890473,1.2494792988243213,310460923.950472,1.5796948000518627,1248709160.4885256,0.0,True,804451259.9295046,0.008913667003071168,0.0022441270084527787,8276,,,,
development,False,disk_ud,top_down,ridge,1,32,outer_1,1279428400.7528424,0.9648748632202142,385857721.2666882,5.108338127237731,1221622379.3939183,8.58592664406114e-05,True,114921608.56135786,0.008913667003071168,0.0022860440076328814,8276,,,,
development,False,disk_ud,ols,ridge,1,32,outer_1,1288137938.3700914,0.9714431197261739,362057899.3479213,6.927024869263773,1198936902.349062,0.0,True,201112814.98278594,0.008913667003071168,0.0022230850081541575,8276,,,,
development,False,disk_ud,wls,ridge,1,32,outer_1,1397710404.0770745,1.0540766753042092,297517140.5980895,1.5404175252022203,1118122971.0513027,0.0,True,451908925.6405141,0.008913667003071168,0.00213787601023796,8276,,,,
development,False,disk_ud,mint,ridge,1,32,outer_1,1338232393.5124042,1.0092216155959615,294491282.47866964,1.5333675301928722,1090556477.9686372,0.0,True,345745091.7601275,0.008913667003071168,0.002145210008166032,8276,,,,
development,False,disk_ud,bottom_up_nn,ridge,1,32,outer_1,1656815160.1890473,1.2494792988243213,310460923.950472,1.5796948000518627,1248709160.4885256,0.0,True,804451259.9295046,0.008913667003071168,0.002283627007273026,8276,,,,
development,False,disk_ud,ols_nn,ridge,1,32,outer_1,1288137938.3700914,0.9714431197261739,362057899.3479213,6.927024869263773,1198936902.349062,0.0,True,201112814.98278594,0.008913667003071168,0.002109627006575465,8276,,,,
development,False,cpu_core_weighted,independent,ridge,1,32,outer_1,0.9744102199667343,0.895740687062586,1.241010310095984,0.8881652747722214,2.5473387960935474,104.85268331147732,False,0.0,0.008431334001215873,0.0016784170074970461,5261,cluster_mean_CU,,,
development,False,cpu_core_weighted,bottom_up,ridge,1,32,outer_1,0.846862482471005,0.8848998514526646,1.241010310095984,0.8881652747722214,2.5473387960935474,0.0,True,0.44429103098083617,0.008431334001215873,0.0016784170074970461,5261,weighted_mean_CU,0.915996949481407,,
development,False,cpu_core_weighted,top_down,ridge,1,32,outer_1,0.9744102199667343,1.0000040359542628,1.4321467721785883,1.1672201427820463,2.7878640517712454,1.0272258660906926e-12,True,0.5156920908631744,0.008431334001215873,0.0016784170074970461,5261,weighted_mean_CU,1.0351461183991384,,
development,False,cpu_core_weighted,ols,ridge,1,32,outer_1,0.9475504942661888,0.9754771112661341,1.4034749653277214,1.7439546465769555,2.630064556380404,0.0,True,0.47421896848440637,0.008431334001215873,0.0016784170074970461,5261,weighted_mean_CU,1.0097572699801851,,
development,False,cpu_core_weighted,wls,ridge,1,32,outer_1,0.8704448745533073,0.9063257509669205,1.2752770483448796,0.9027559609730501,2.684345201008858,0.0,True,0.43319510198055067,0.008431334001215873,0.0016784170074970461,5261,weighted_mean_CU,0.9381757966839861,,
development,False,cpu_core_weighted,mint,ridge,1,32,outer_1,0.8673949583169978,0.9036749760985413,1.2709307686397817,0.9016360279893102,2.6347117320130016,0.0,True,0.43425734164536134,0.008431334001215873,0.0016784170074970461,5261,weighted_mean_CU,0.9354318684426023,,
development,False,cpu_core_weighted,bottom_up_nn,ridge,1,32,outer_1,0.8351686297514024,0.8738381544693309,1.2185084113709976,0.8780974764595854,2.4847632816763587,0.0,True,0.47143392572476167,0.008431334001215873,0.0016784170074970461,5261,weighted_mean_CU,0.9045465229995993,,
development,False,bond0_transmitted_acamas,independent,ridge,1,32,outer_1,45.498169388352686,1.462154660498612,11.376111365333605,1.397809364653023,45.49819333052866,0.006797348576731594,True,0.0,0.005183833996852627,0.001288207004108699,7792,,,0.00017352694631481117,acamas
development,False,bond0_transmitted_acamas,bottom_up,ridge,1,32,outer_1,45.5037156647837,1.46233289874514,11.376111365333605,1.397809364653023,45.49819333052866,0.0,True,0.006797348576731594,0.005183833996852627,0.0014358310036186595,7792,,,0.00017352694631481117,acamas
development,False,bond0_transmitted_acamas,top_down,ridge,1,32,outer_1,45.498169388352686,1.462154660498612,11.374725414154769,1.3976216439080604,45.49265031917135,9.99157065548839e-13,True,0.0016993438373511158,0.005183833996852627,0.0014742490056960378,7792,,,0.00017352694631481117,acamas
development,False,bond0_transmitted_acamas,ols,ridge,1,32,outer_1,45.499278643638874,1.462190308147917,11.375654439318238,1.2781991123555574,45.49708407524245,0.0,True,0.0027189394306795264,0.005183833996852627,0.0013287490037328098,7792,,,0.00017352694631481117,acamas
development,False,bond0_transmitted_acamas,wls,ridge,1,32,outer_1,45.50094252879597,1.462243779693469,11.37541808133698,1.3977870845843472,45.49542019454417,0.0,True,0.00424834491261621,0.005183833996852627,0.0013014570031373296,7792,,,0.00017352694631481117,acamas
development,False,bond0_transmitted_acamas,mint,ridge,1,32,outer_1,45.500942545465364,1.4622437802291661,11.375418085506773,1.3977870826821708,45.49542021123556,0.0,True,0.004248360206819739,0.005183833996852627,0.0013350400040508248,7792,,,0.00017352694631481117,acamas
development,False,bond0_transmitted_acamas,bottom_up_nn,ridge,1,32,outer_1,45.500159714113266,1.4622186227222764,11.375222325430322,1.3977607771021547,45.49463730554265,0.0,True,0.011242548093144863,0.005183833996852627,0.0014869560036459006,7792,,,0.00017352694631481117,acamas
development,False,bond0_transmitted_acamas,ols_nn,ridge,1,32,outer_1,45.4960714810453,1.4620872409740897,11.374654449687498,1.1962323858815855,45.493527018115365,0.0,True,0.007496988129462019,0.005183833996852627,0.0013951650071248878,7792,,,0.00017352694631481117,acamas
development,False,memory_um,independent,ridge,8,32,outer_1,835005834.3233938,0.8554968801767308,178261117.22330353,0.9941740763696404,323284304.3208599,301967643.2167778,False,0.0,0.05688225000267266,0.012022960007016081,8269,,,,
development,False,memory_um,bottom_up,ridge,8,32,outer_1,792793346.5996116,0.812248497868772,178261117.22330353,0.9941740763696404,323284304.3208599,0.0,True,301967643.2167778,0.05688225000267266,0.012243210007000016,8269,,,,
development,False,memory_um,top_down,ridge,8,32,outer_1,835005834.3233938,0.8554968801767308,196012481.51709768,3.322948576613546,340893391.85043806,9.195131926283407e-06,True,43138234.74525398,0.05688225000267266,0.012343543003225932,8269,,,,
development,False,memory_um,ols,ridge,8,32,outer_1,821309487.7842588,0.8414644252495819,188477389.08515844,1.9457263921438437,337260437.96228176,0.0,True,75491910.8042176,0.05688225000267266,0.01217971000369289,8269,,,,
development,False,memory_um,wls,ridge,8,32,outer_1,787653614.2190269,0.8069826364390774,177698230.19479868,0.9918521657297636,333630435.66114074,0.0,True,214190853.02036852,0.05688225000267266,0.012315960004343651,8269,,,,
development,False,memory_um,mint,ridge,8,32,outer_1,787864181.2173144,0.8071983707521784,177587842.28029156,0.9915260056649672,332668107.37921786,0.0,True,211464193.93505517,0.05688225000267266,0.012248960003489628,8269,,,,
development,False,memory_um,bottom_up_nn,ridge,8,32,outer_1,792793346.5996116,0.812248497868772,178261117.22330353,0.9941740763696404,323284304.3208599,0.0,True,301967643.2167778,0.05688225000267266,0.012308460005442612,8269,,,,
development,False,memory_um,ols_nn,ridge,8,32,outer_1,821309487.7842588,0.8414644252495819,188477389.08515844,1.9457263921438437,337260437.96228176,0.0,True,75491910.8042176,0.05688225000267266,0.012129376002121717,8269,,,,
development,False,disk_ud,independent,ridge,8,32,outer_1,1279285563.5138888,0.9678696412618757,296421060.2380795,1.5490215993912606,1149942873.2286425,710948694.4437817,False,0.0,0.05544775000817026,0.012226832997839665,8269,,,,
development,False,disk_ud,bottom_up,ridge,8,32,outer_1,1566434317.7987077,1.1851179005442332,296421060.2380795,1.5490215993912606,1149942873.2286425,0.0,True,710948694.4437817,0.05544775000817026,0.0124710829986725,8269,,,,
development,False,disk_ud,top_down,ridge,8,32,outer_1,1279285563.5138888,0.9678696412618757,362139866.5850302,4.643235594925387,1129736011.417642,7.630686241534648e-05,True,101564099.20625456,0.05544775000817026,0.012501458997576265,8269,,,,
development,False,disk_ud,ols,ridge,8,32,outer_1,1283276730.5047028,0.9708892402269456,342297649.78578657,6.260705973072231,1112691289.8640504,0.0,True,177737173.61134544,0.05544775000817026,0.01237724999737111,8269,,,,
development,False,disk_ud,wls,ridge,8,32,outer_1,1355230405.93415,1.0253272640830762,287850610.9447832,1.522181468402066,1059968503.1831696,0.0,True,398723532.0557657,0.05544775000817026,0.01232874999550404,8269,,,,
development,False,disk_ud,mint,ridge,8,32,outer_1,1312941060.8049736,0.9933323956449854,286655025.62182397,1.5198021163230044,1046722167.7574106,0.0,True,303210461.6759734,0.05544775000817026,0.012398332997690886,8269,,,,
development,False,disk_ud,bottom_up_nn,ridge,8,32,outer_1,1566434317.7987077,1.1851179005442332,296421060.2380795,1.5490215993912606,1149942873.2286425,0.0,True,710948694.4437817,0.05544775000817026,0.012532874996395549,8269,,,,
development,False,disk_ud,ols_nn,ridge,8,32,outer_1,1283276730.5047028,0.9708892402269456,342297649.78578657,6.260705973072231,1112691289.8640504,0.0,True,177737173.61134544,0.05544775000817026,0.012367666997306515,8269,,,,
development,False,cpu_core_weighted,independent,ridge,8,32,outer_1,0.9874996936434672,0.9076612646865555,1.2516330608936606,0.9045228823219011,2.5261582328041188,104.60773873151236,False,0.0,0.053230750003422145,0.011371291002433281,4778,cluster_mean_CU,,,
development,False,cpu_core_weighted,bottom_up,ridge,8,32,outer_1,0.8595736489830299,0.8930913478892875,1.2516330608936606,0.9045228823219011,2.5261582328041188,0.0,True,0.4432531302182728,0.053230750003422145,0.011371291002433281,4778,weighted_mean_CU,0.929199434794065,,
development,False,cpu_core_weighted,top_down,ridge,8,32,outer_1,0.9874996936434675,1.0082870023340567,1.4246209186724266,1.167452608957953,2.6952304097865527,1.0262922087442851e-12,True,0.49353850396842586,0.053230750003422145,0.011371291002433281,4778,weighted_mean_CU,1.0490525016206413,,
development,False,cpu_core_weighted,ols,ridge,8,32,outer_1,0.9610683530437409,0.9842468265856559,1.4158388266041761,1.7583552198139638,2.6085565671600395,0.0,True,0.4731111535732536,0.053230750003422145,0.011371291002433281,4778,weighted_mean_CU,1.0240403706997032,,
development,False,cpu_core_weighted,wls,ridge,8,32,outer_1,0.8839651693092722,0.9152346194853284,1.2876624231947589,0.920086643524794,2.6623726584039225,0.0,True,0.4320961371812285,0.053230750003422145,0.011371291002433281,4778,weighted_mean_CU,0.952237968870294,,
development,False,cpu_core_weighted,mint,ridge,8,32,outer_1,0.8806276482094767,0.9123543747975955,1.2829934934927874,0.9187941990390225,2.650814559541733,0.0,True,0.4332099839953456,0.053230750003422145,0.011371291002433281,4778,weighted_mean_CU,0.9492412745878612,,
development,False,cpu_core_weighted,bottom_up_nn,ridge,8,32,outer_1,0.8478363436871265,0.8820252993807027,1.2293209857318443,0.8943065356657396,2.462918248284448,0.0,True,0.46932607390790076,0.053230750003422145,0.011371291002433281,4778,weighted_mean_CU,0.9176859809420237,,
development,False,bond0_transmitted_acamas,independent,ridge,8,32,outer_1,44.99882959288649,1.469312486333012,11.251279822837658,1.3973270138770233,44.99885183408749,0.006775280557260195,True,0.0,0.032959334002953256,0.007461874996806728,7687,,,0.00017352694631481117,acamas
development,False,bond0_transmitted_acamas,bottom_up,ridge,8,32,outer_1,45.004350607405634,1.4694927598122025,11.251279822837658,1.3973270138770233,44.99885183408749,0.0,True,0.006775280557260195,0.032959334002953256,0.007610374996147584,7687,,,0.00017352694631481117,acamas
development,False,bond0_transmitted_acamas,top_down,ridge,8,32,outer_1,44.99882959288649,1.469312486333012,11.249900308935068,1.3971422127901625,44.99333455407743,9.990209951518638e-13,True,0.0016938250441117058,0.032959334002953256,0.007637291993887629,7687,,,0.00017352694631481117,acamas
development,False,bond0_transmitted_acamas,ols,ridge,8,32,outer_1,44.99993369427927,1.4693485377142874,11.250823684361896,1.278080945942841,44.99774773269469,0.0,True,0.0027101122228911775,0.032959334002953256,0.007526833996962523,7687,,,0.00017352694631481117,acamas
development,False,bond0_transmitted_acamas,wls,ridge,8,32,outer_1,45.001589849456956,1.469402614887047,11.250589760239588,1.3973044814914601,44.99609158369718,0.0,True,0.004234553202867673,0.032959334002953256,0.007487749997380888,7687,,,0.00017352694631481117,acamas
development,False,bond0_transmitted_acamas,mint,ridge,8,32,outer_1,45.0015898722648,1.4694026156317743,11.250589765943944,1.3973044796699323,44.99609160652667,0.0,True,0.004234574126952939,0.032959334002953256,0.0075226249973638915,7687,,,0.00017352694631481117,acamas
development,False,bond0_transmitted_acamas,bottom_up_nn,ridge,8,32,outer_1,45.00192636732234,1.4694136029484246,11.250673726683594,1.39729307807601,44.99642754491484,0.0,True,0.009805761327579678,0.032959334002953256,0.007649374994798563,7687,,,0.00017352694631481117,acamas
development,False,bond0_transmitted_acamas,ols_nn,ridge,8,32,outer_1,44.99785133471419,1.4692805440145025,11.25010887458282,1.1979290605096649,44.99532267483955,0.0,True,0.006066733868249291,0.032959334002953256,0.007487666996894404,7687,,,0.00017352694631481117,acamas
development,False,memory_um,independent,lightgbm,1,32,outer_1,1387727524.6296232,1.4221226325822887,236088566.09158662,1.5278758984596692,724259917.5288315,1053779554.9902818,False,0.0,4.284216791005747,0.14921999900616356,8276,,,,
development,False,memory_um,bottom_up,lightgbm,1,32,outer_1,1135678415.6238763,1.163826435326318,236088566.09158662,1.5278758984596692,724259917.5288315,0.0,True,1053779554.9902818,4.284216791005747,0.14942887400320615,8276,,,,
development,False,memory_um,top_down,lightgbm,1,32,outer_1,1387727524.6296232,1.4221226325822887,317167373.6449923,9.632636583550973,741883958.005752,8.495952150797487e-06,True,150539936.42718312,4.284216791005747,0.14962162500523846,8276,,,,
development,False,memory_um,ols,lightgbm,1,32,outer_1,1321428958.302217,1.354180842851537,301180782.288524,4.8918275323632,736369221.6121397,0.0,True,263444888.7475645,4.284216791005747,0.14934508300575544,8276,,,,
development,False,memory_um,wls,lightgbm,1,32,outer_1,1144797225.8595839,1.1731712571218529,247569103.2414174,1.5657908072650595,732800638.7514802,0.0,True,763377040.7683651,4.284216791005747,0.14928491600221605,8276,,,,
development,False,memory_um,mint,lightgbm,1,32,outer_1,1145206547.0623891,1.173590723433628,249517399.91684216,1.57268621056152,729497412.0045118,0.0,True,761430162.2881737,4.284216791005747,0.1493172080045042,8276,,,,
development,False,memory_um,bottom_up_nn,lightgbm,1,32,outer_1,1135678415.6238763,1.163826435326318,236088566.09158662,1.5278758984596692,724259917.5288315,0.0,True,1053779554.9902818,4.284216791005747,0.149468916002661,8276,,,,
development,False,memory_um,ols_nn,lightgbm,1,32,outer_1,1321428958.302217,1.354180842851537,301180782.288524,4.8918275323632,736369221.6121397,0.0,True,263444888.7475645,4.284216791005747,0.14933933300562785,8276,,,,
development,False,disk_ud,independent,lightgbm,1,32,outer_1,17704263054.013855,13.351586054057163,20293303622.148167,145.0713582111104,46626373134.70334,68883980256.34631,False,0.0,4.904535082994698,0.12030204400434741,8276,,,,
development,False,disk_ud,bottom_up,lightgbm,1,32,outer_1,85647872603.89873,64.59093710532166,20293303622.148167,145.0713582111104,46626373134.70334,0.0,True,68883980256.34631,4.904535082994698,0.12056350300554186,8276,,,,
development,False,disk_ud,top_down,lightgbm,1,32,outer_1,17704263054.013855,13.351586054057163,21200140746.801304,442.0928158595699,42541952821.77101,6.371964113098115e-05,True,9840568608.049475,4.904535082994698,0.12060008500702679,8276,,,,
development,False,disk_ud,ols,lightgbm,1,32,outer_1,25703941843.48256,19.38450589017494,22117081876.802036,637.3589453839824,42143103579.938805,0.0,True,17220995064.086983,4.904535082994698,0.1204055850066652,8276,,,,
development,False,disk_ud,wls,lightgbm,1,32,outer_1,23449848805.208305,17.68459231102448,14076467961.230625,135.47475160870582,44138888544.9204,0.0,True,15212778415.887417,4.904535082994698,0.12041687700548209,8276,,,,
development,False,disk_ud,mint,lightgbm,1,32,outer_1,17510373216.44602,13.205364952201855,16488507200.621939,148.08351247614308,43805947556.23108,0.0,True,10130492203.352789,4.904535082994698,0.12042966900480678,8276,,,,
development,False,disk_ud,bottom_up_nn,lightgbm,1,32,outer_1,85647872603.89873,64.59093710532166,20293303622.148167,145.0713582111104,46626373134.70334,0.0,True,68883980256.34631,4.904535082994698,0.12056296100490727,8276,,,,
development,False,disk_ud,ols_nn,lightgbm,1,32,outer_1,25703941843.48256,19.38450589017494,22117081876.802036,637.3589453839824,42143103579.938805,0.0,True,17220995064.086983,4.904535082994698,0.12038225200376473,8276,,,,
development,False,cpu_core_weighted,independent,lightgbm,1,32,outer_1,0.7986526767591965,0.7341730235845422,1.038365758279438,0.9284873867723114,1.9475953723862547,132.17954197269563,False,0.0,4.2224495010050305,0.14747308399091708,5261,cluster_mean_CU,,,
development,False,cpu_core_weighted,bottom_up,lightgbm,1,32,outer_1,0.7297972768192986,0.7512696457025585,1.038365758279438,0.9284873867723114,1.9475953723862547,0.0,True,0.5600828049690493,4.2224495010050305,0.14747308399091708,5261,weighted_mean_CU,0.7776707189766461,,
development,False,cpu_core_weighted,top_down,lightgbm,1,32,outer_1,0.7986526767591965,0.836219070924102,1.1671606941897192,1.1398390520283985,1.9124700818338531,1.0491559890177115e-12,True,0.5532136617610928,4.2224495010050305,0.14747308399091708,5261,weighted_mean_CU,0.8656054318544855,,
development,False,cpu_core_weighted,ols,lightgbm,1,32,outer_1,0.7692853492796488,0.8079424627593472,1.311430544783056,2.0662144239862266,2.0127293429886377,0.0,True,0.5978106050259923,4.2224495010050305,0.14747308399091708,5261,weighted_mean_CU,0.8363351288048505,,
development,False,cpu_core_weighted,wls,lightgbm,1,32,outer_1,0.7148677535277003,0.7470831896361186,1.0734621882851518,0.944080617344318,2.069356047401076,0.0,True,0.547005951781324,4.2224495010050305,0.14747308399091708,5261,weighted_mean_CU,0.773337142719738,,
development,False,cpu_core_weighted,mint,lightgbm,1,32,outer_1,0.7140310445150957,0.745660239258016,1.0667834191675898,0.9413843774843917,2.0661304337731434,0.0,True,0.5494107964901126,4.2224495010050305,0.14747308399091708,5261,weighted_mean_CU,0.771864187103952,,
development,False,cpu_core_weighted,bottom_up_nn,lightgbm,1,32,outer_1,0.7296660371859325,0.7512548714016103,1.0375037505111295,0.9280896951923878,1.943364004651654,0.0,True,0.5602194933417576,4.2224495010050305,0.14747308399091708,5261,weighted_mean_CU,0.7776554254780914,,
development,False,bond0_transmitted_acamas,independent,lightgbm,1,32,outer_1,44.959222850113484,1.4448347726165343,11.324099288959367,0.506808388324101,45.295475384278504,10.117610835606772,False,0.0,2.630020541000704,0.07178691700028139,7792,,,0.00017352694631481117,acamas
development,False,bond0_transmitted_acamas,bottom_up,lightgbm,1,32,outer_1,45.29544648062508,1.4556398435662272,11.324099288959367,0.506808388324101,45.295475384278504,0.0,True,10.117610835606772,2.630020541000704,0.07193612600167398,7792,,,0.00017352694631481117,acamas
development,False,bond0_transmitted_acamas,top_down,lightgbm,1,32,outer_1,44.959222850113484,1.4448347726165343,11.241882103104404,1.4998114686087516,44.96065781127864,1.885527919249297e-12,True,2.53054463327699,2.630020541000704,0.07196275000387686,7792,,,0.00017352694631481117,acamas
development,False,bond0_transmitted_acamas,ols,lightgbm,1,32,outer_1,44.80732462507801,1.4399532861602036,12.77156163327162,1008.3928896092016,45.015714374127676,0.0,True,4.047044334242708,2.630020541000704,0.07182716700481251,7792,,,0.00017352694631481117,acamas
development,False,bond0_transmitted_acamas,wls,lightgbm,1,32,outer_1,44.787508975849185,1.4393164793554414,11.197143146892087,0.5027284647280572,44.78765081599914,0.0,True,6.304249834915238,2.630020541000704,0.07179750000068452,7792,,,0.00017352694631481117,acamas
development,False,bond0_transmitted_acamas,mint,lightgbm,1,32,outer_1,44.784354041079105,1.439215090604209,11.196354011179425,0.5027783469632148,44.78449377637697,0.0,True,6.228566934708251,2.630020541000704,0.07183045800411492,7792,,,0.00017352694631481117,acamas
development,False,bond0_transmitted_acamas,bottom_up_nn,lightgbm,1,32,outer_1,44.83261059301269,1.4407658901914853,11.20838936241048,0.502549323910139,44.83263928539181,0.0,True,10.26236183337715,2.630020541000704,0.07196279200434219,7792,,,0.00017352694631481117,acamas
development,False,bond0_transmitted_acamas,ols_nn,lightgbm,1,32,outer_1,45.408407174620784,1.4592700117114374,11.964447782058917,540.4563613394573,44.60515995384555,0.0,True,6.556038252670604,2.630020541000704,0.07179970800279989,7792,,,0.00017352694631481117,acamas
development,False,memory_um,independent,lightgbm,8,32,outer_1,1391352557.4417188,1.4254963536653678,251831275.6479041,1.6188415281715278,788849932.8120975,1080124747.391357,False,0.0,34.58379066699854,1.2410079169967503,8269,,,,
development,False,memory_um,bottom_up,lightgbm,8,32,outer_1,1254751146.3500524,1.2855427435072384,251831275.6479041,1.6188415281715278,788849932.8120975,0.0,True,1080124747.391357,34.58379066699854,1.2412011249944044,8269,,,,
development,False,memory_um,top_down,lightgbm,8,32,outer_1,1391352557.4417188,1.4254963536653678,330810500.2022572,9.995745496696243,785985998.1597389,8.886966758374653e-06,True,154303535.3416224,34.58379066699854,1.2411972919944674,8269,,,,
development,False,memory_um,ols,lightgbm,8,32,outer_1,1336630947.0235705,1.3694318747519887,315541286.91121614,5.165028190532213,785473976.017131,0.0,True,270031186.847842,34.58379066699854,1.2410597919988504,8269,,,,
development,False,memory_um,wls,lightgbm,8,32,outer_1,1233046330.4061081,1.263305291310392,260883374.47357202,1.6492230139429283,784488682.0564243,0.0,True,782700027.6277837,34.58379066699854,1.2410812499947497,8269,,,,
development,False,memory_um,mint,lightgbm,8,32,outer_1,1233082887.6467724,1.2633427456658592,263142769.98533398,1.6570730376124327,783888103.1421914,0.0,True,781757246.1660619,34.58379066699854,1.241095832996507,8269,,,,
development,False,memory_um,bottom_up_nn,lightgbm,8,32,outer_1,1254751146.3500524,1.2855427435072384,251831275.6479041,1.6188415281715278,788849932.8120975,0.0,True,1080124747.391357,34.58379066699854,1.2412292909939424,8269,,,,
development,False,memory_um,ols_nn,lightgbm,8,32,outer_1,1336630947.0235705,1.3694318747519887,315541286.91121614,5.165028190532213,785473976.017131,0.0,True,270031186.847842,34.58379066699854,1.241042457997537,8269,,,,
development,False,disk_ud,independent,lightgbm,8,32,outer_1,17040648345.909908,12.8924508114693,18770690593.71087,140.75898781119665,48994750490.78008,29486207315.75316,False,0.0,38.84269749899977,0.9648702509985014,8269,,,,
development,False,disk_ud,bottom_up,lightgbm,8,32,outer_1,45147719504.16091,34.15742999573809,18770690593.71087,140.75898781119665,48994750490.78008,0.0,True,29486207315.75316,38.84269749899977,0.965081876001932,8269,,,,
development,False,disk_ud,top_down,lightgbm,8,32,outer_1,17040648345.909908,12.8924508114693,19507176476.68919,238.1679735049482,45980028653.452126,6.668177549431612e-05,True,4212315330.821879,38.84269749899977,0.9651586270010739,8269,,,,
development,False,disk_ud,ols,lightgbm,8,32,outer_1,19821617550.262424,14.99644990513825,19848070910.39041,312.5680262596364,47585488080.90449,0.0,True,7371551828.9384165,38.84269749899977,0.9649988760029373,8269,,,,
development,False,disk_ud,wls,lightgbm,8,32,outer_1,19146620824.75207,14.485767335737433,17967783025.95195,140.19575987777029,45857102576.346596,0.0,True,6716750303.456711,38.84269749899977,0.96496712699809,8269,,,,
development,False,disk_ud,mint,lightgbm,8,32,outer_1,18977915152.76901,14.358129611308975,18273506819.885685,140.85595455202474,47182330760.25455,0.0,True,6586512654.50506,38.84269749899977,0.9650075429999561,8269,,,,
development,False,disk_ud,bottom_up_nn,lightgbm,8,32,outer_1,45147719504.16091,34.15742999573809,18770690593.71087,140.75898781119665,48994750490.78008,0.0,True,29486207315.75316,38.84269749899977,0.9651408770005219,8269,,,,
development,False,disk_ud,ols_nn,lightgbm,8,32,outer_1,19821617550.262424,14.99644990513825,19848070910.39041,312.5680262596364,47585488080.90449,0.0,True,7371551828.9384165,38.84269749899977,0.9649922930002504,8269,,,,
development,False,cpu_core_weighted,independent,lightgbm,8,32,outer_1,0.809078704491105,0.743665446051771,1.0568707317240054,0.966948611164664,2.043388890762851,133.11376160484906,False,0.0,34.62589525199655,1.2617230419964471,4778,cluster_mean_CU,,,
development,False,cpu_core_weighted,bottom_up,lightgbm,8,32,outer_1,0.7422424099442272,0.7588303767307117,1.0568707317240054,0.966948611164664,2.043388890762851,0.0,True,0.5640413627324113,34.62589525199655,1.2617230419964471,4778,weighted_mean_CU,0.7895102318807297,,
development,False,cpu_core_weighted,top_down,lightgbm,8,32,outer_1,0.8090787044911049,0.8424308369789751,1.1805661355460806,1.1703698637176354,2.0119038274852152,1.0377790436683013e-12,True,0.5570599242377525,34.62589525199655,1.2617230419964471,4778,weighted_mean_CU,0.8764906965272642,,
development,False,cpu_core_weighted,ols,lightgbm,8,32,outer_1,0.7794112062895988,0.8143083099709748,1.3283313274752655,2.10978605927716,2.100039495743399,0.0,True,0.6020358156386918,34.62589525199655,1.2617230419964471,4778,weighted_mean_CU,0.8472311630399303,,
development,False,cpu_core_weighted,wls,lightgbm,8,32,outer_1,0.7275541040527402,0.756079377876928,1.090534719532682,0.9819069479763481,2.1542226034801364,0.0,True,0.5506498021550859,34.62589525199655,1.2617230419964471,4778,weighted_mean_CU,0.7866480088997364,,
development,False,cpu_core_weighted,mint,lightgbm,8,32,outer_1,0.7266468434758533,0.7542132181565409,1.0840027856097785,0.9790967547364338,2.1526802234740576,0.0,True,0.5531897107837987,34.62589525199655,1.2617230419964471,4778,weighted_mean_CU,0.7847063994982822,,
development,False,cpu_core_weighted,bottom_up_nn,lightgbm,8,32,outer_1,0.7418307406353126,0.7585214172737843,1.0557806321352519,0.9664265636682178,2.037421674555367,0.0,True,0.564294199804281,34.62589525199655,1.2617230419964471,4778,weighted_mean_CU,0.7891887810532978,,
development,False,bond0_transmitted_acamas,independent,lightgbm,8,32,outer_1,44.49746174007311,1.4529417039582386,10.986066672815413,0.5017363867884398,43.943341033896324,10.787378478662772,False,0.0,21.09770250099973,0.5734679999950458,7687,,,0.00017352694631481117,acamas
development,False,bond0_transmitted_acamas,bottom_up,lightgbm,8,32,outer_1,43.94364029891614,1.434858194541373,10.986066672815413,0.5017363867884398,43.943341033896324,0.0,True,10.787378478662772,21.09770250099973,0.5735100829988369,7687,,,0.00017352694631481117,acamas
development,False,bond0_transmitted_acamas,top_down,lightgbm,8,32,outer_1,44.49746174007311,1.4529417039582386,11.125852436350586,1.2719480159220147,44.49776679511314,1.4012560146311872e-12,True,2.6980272672278915,21.09770250099973,0.5735333329939749,7687,,,0.00017352694631481117,acamas
development,False,bond0_transmitted_acamas,ols,lightgbm,8,32,outer_1,44.12714950305265,1.440850180720441,12.568738835333384,1070.769060201688,43.80257302346881,0.0,True,4.314951391465106,21.09770250099973,0.5734292499946605,7687,,,0.00017352694631481117,acamas
development,False,bond0_transmitted_acamas,wls,lightgbm,8,32,outer_1,43.826600869312465,1.4310365952494406,10.956832803944117,0.5007818341736467,43.826405558432455,0.0,True,6.720253960470746,21.09770250099973,0.573368749996007,7687,,,0.00017352694631481117,acamas
development,False,bond0_transmitted_acamas,mint,lightgbm,8,32,outer_1,43.832787317457324,1.4312385966256436,10.958380632898349,0.5009977845803171,43.8325960363371,0.0,True,6.634836256825246,21.09770250099973,0.5734047909973015,7687,,,0.00017352694631481117,acamas
development,False,bond0_transmitted_acamas,bottom_up_nn,lightgbm,8,32,outer_1,43.43051270698163,1.4181034303678945,10.857783853628693,0.4970596938394921,43.43021302186194,0.0,True,10.938529776897992,21.09770250099973,0.5735346249966824,7687,,,0.00017352694631481117,acamas
development,False,bond0_transmitted_acamas,ols_nn,lightgbm,8,32,outer_1,44.72556531016073,1.4603897959806111,11.58109273443883,491.35049059252765,43.355428109241316,0.0,True,7.373947771534958,21.09770250099973,0.5733541249974223,7687,,,0.00017352694631481117,acamas
development,False,memory_um,independent,persistence,1,32,outer_2,1042314122.8689455,0.987962757021649,190911648.209273,1.0402582199781791,451439811.7956275,0.0,True,0.0,0.00017191600272781216,0.00040483199700247496,8279,,,,
development,False,memory_um,bottom_up,persistence,1,32,outer_2,1042314122.8689455,0.987962757021649,190911648.209273,1.0402582199781791,451439811.7956275,0.0,True,0.0,0.00017191600272781216,0.0007577479991596192,8279,,,,
development,False,memory_um,top_down,persistence,1,32,outer_2,1042314122.8689455,0.987962757021649,190911648.209273,1.0402582199781791,451439811.7956275,0.0,True,1.224490636960797e-07,0.00017191600272781216,0.0007044570011203177,8279,,,,
development,False,memory_um,ols,persistence,1,32,outer_2,1042314122.8689479,0.9879627570216513,190911648.20927218,1.040258219978171,451439811.7956223,0.0,True,9.306680116756621e-05,0.00017191600272781216,0.0005308309991960414,8279,,,,
development,False,memory_um,wls,persistence,1,32,outer_2,1042314122.8677671,0.9879627570205322,190911648.21055382,1.0402582199819255,451439811.79641336,0.0,True,0.06476457036749199,0.00017191600272781216,0.0005089149999548681,8279,,,,
development,False,memory_um,mint,persistence,1,32,outer_2,1042314122.8727453,0.9879627570252507,190911648.20569998,1.0402582199677786,451439811.782914,0.0,True,0.21745324392774393,0.00017191600272781216,0.000530122997588478,8279,,,,
development,False,memory_um,bottom_up_nn,persistence,1,32,outer_2,1042314122.8689455,0.987962757021649,190911648.209273,1.0402582199781791,451439811.7956275,0.0,True,0.0,0.00017191600272781216,0.000672456000756938,8279,,,,
development,False,memory_um,ols_nn,persistence,1,32,outer_2,1042314122.8689479,0.9879627570216513,190911648.20927218,1.040258219978171,451439811.7956223,0.0,True,9.306680116756621e-05,0.00017191600272781216,0.0005041229997004848,8279,,,,
development,False,disk_ud,independent,persistence,1,32,outer_2,1654563840.6184323,1.1144256678534377,264898218.51942092,1.4916895496884501,978161272.6561179,0.0,True,0.0,0.0001897469956020359,0.00039979299981496297,8279,,,,
development,False,disk_ud,bottom_up,persistence,1,32,outer_2,1654563840.6184323,1.1144256678534377,264898218.51942092,1.4916895496884501,978161272.6561179,0.0,True,0.0,0.0001897469956020359,0.0006462510027631652,8279,,,,
development,False,disk_ud,top_down,persistence,1,32,outer_2,1654563840.6184323,1.1144256678534377,264898218.51942092,1.4916895496884504,978161272.6561179,0.0,True,4.990774363358023e-07,0.0001897469956020359,0.0006655420038441662,8279,,,,
development,False,disk_ud,ols,persistence,1,32,outer_2,1654563840.618253,1.1144256678533169,264898218.51942274,1.4916895496898712,978161272.6560788,0.0,True,0.0007443316056500324,0.0001897469956020359,0.0005594590002147015,8279,,,,
development,False,disk_ud,wls,persistence,1,32,outer_2,1654563840.6675441,1.1144256678865168,264898218.53917575,1.4916895498047233,978161272.7943828,0.0,True,0.21912045592614013,0.0001897469956020359,0.000510251000378048,8279,,,,
development,False,disk_ud,mint,persistence,1,32,outer_2,1654563840.6796536,1.1144256678946731,264898218.54132208,1.4916895498260072,978161272.8257182,0.0,True,0.27068492528754695,0.0001897469956020359,0.0005353349988581613,8279,,,,
development,False,disk_ud,bottom_up_nn,persistence,1,32,outer_2,1654563840.6184323,1.1144256678534377,264898218.51942092,1.4916895496884501,978161272.6561179,0.0,True,0.0,0.0001897469956020359,0.0007063760021992493,8279,,,,
development,False,disk_ud,ols_nn,persistence,1,32,outer_2,1654563840.618253,1.1144256678533169,264898218.51942274,1.4916895496898712,978161272.6560788,0.0,True,0.0007443316056500324,0.0001897469956020359,0.000501251000969205,8279,,,,
development,False,cpu_core_weighted,independent,persistence,1,32,outer_2,1.3612504789715405,1.1590148219088725,1.841385528429008,1.2529523513992096,3.803415013400604,38.87558977236727,False,0.0,0.00018220699348603375,3.116800871794112e-05,4852,cluster_mean_CU,,,
development,False,cpu_core_weighted,bottom_up,persistence,1,32,outer_2,1.4254374075389957,1.2858168710592883,1.841385528429008,1.2529523513992096,3.803415013400604,0.0,True,0.16472707530664105,0.00018220699348603375,3.116800871794112e-05,4852,weighted_mean_CU,1.4448569341568862,,
development,False,cpu_core_weighted,top_down,persistence,1,32,outer_2,1.3612504789715405,1.2509939353293957,1.834054582651465,1.2653909964575463,3.755451100030469,1.0300116535085285e-12,True,0.16494309684553043,0.00018220699348603375,3.116800871794112e-05,4852,weighted_mean_CU,1.405726820616235,,
development,False,cpu_core_weighted,ols,persistence,1,32,outer_2,1.3676385356544927,1.2540910140659778,1.875950345181057,1.4763419029835092,3.8059384220886967,0.0,True,0.17582327412938017,0.00018220699348603375,3.116800871794112e-05,4852,weighted_mean_CU,1.4092069706974002,,
development,False,cpu_core_weighted,wls,persistence,1,32,outer_2,1.394568095762757,1.2678572677421218,1.8401274151594695,1.2525040359800597,3.812120302495103,0.0,True,0.15830308720423897,0.00018220699348603375,3.116800871794112e-05,4852,weighted_mean_CU,1.4246759441795673,,
development,False,cpu_core_weighted,mint,persistence,1,32,outer_2,1.388808971030022,1.264818318056354,1.8406295161785236,1.2527012676407274,3.8179759027578646,0.0,True,0.15563199543011322,0.00018220699348603375,3.116800871794112e-05,4852,weighted_mean_CU,1.42126111301281,,
development,False,cpu_core_weighted,bottom_up_nn,persistence,1,32,outer_2,1.4254374075389957,1.2858168710592883,1.841385528429008,1.2529523513992096,3.803415013400604,0.0,True,0.16472707530664105,0.00018220699348603375,3.116800871794112e-05,4852,weighted_mean_CU,1.4448569341568862,,
development,False,bond0_transmitted_acamas,independent,persistence,1,32,outer_2,55.263729857155,1.3800627559144565,13.817129848533012,1.0963480707894044,55.263900530827875,0.007645093355916283,False,0.0,0.00010516700422158465,0.00029920799715910107,8014,,,0.00017352694631481117,acamas
development,False,bond0_transmitted_acamas,bottom_up,persistence,1,32,outer_2,55.26402558961404,1.380070141035828,13.817129848533012,1.0963480707894044,55.263900530827875,0.0,True,0.007645093355916283,0.00010516700422158465,0.0004542919996310957,8014,,,0.00017352694631481117,acamas
development,False,bond0_transmitted_acamas,top_down,persistence,1,32,outer_2,55.263729857155,1.3800627559144565,13.817062623196344,1.0960994007360227,55.263633509202926,9.99374501019902e-13,True,0.0019112733392201596,0.00010516700422158465,0.0004824169991479721,8014,,,0.00017352694631481117,acamas
development,False,bond0_transmitted_acamas,ols,persistence,1,32,outer_2,55.26378478880055,1.3800641276843015,13.817747641609259,1.5365933011924056,55.2638459319333,0.0,True,0.0030580373423605423,0.00010516700422158465,0.0003448329989623744,8014,,,0.00017352694631481117,acamas
development,False,bond0_transmitted_acamas,wls,persistence,1,32,outer_2,55.26387023695859,1.3800662615218253,13.81709593230172,1.09634722439294,55.26376486589948,0.0,True,0.004778192836633436,0.00010516700422158465,0.00031708399910712615,8014,,,0.00017352694631481117,acamas
development,False,bond0_transmitted_acamas,mint,persistence,1,32,outer_2,55.26387023798228,1.3800662615473893,13.817095932543737,1.0963472273283132,55.26376486684997,0.0,True,0.004778210271220468,0.00010516700422158465,0.0003889169965987094,8014,,,0.00017352694631481117,acamas
development,False,bond0_transmitted_acamas,bottom_up_nn,persistence,1,32,outer_2,55.26402558961404,1.380070141035828,13.817129848533012,1.0963480707894044,55.263900530827875,0.0,True,0.007645093355916283,0.00010516700422158465,0.0004867079987889156,8014,,,0.00017352694631481117,acamas
development,False,bond0_transmitted_acamas,ols_nn,persistence,1,32,outer_2,55.26399131626641,1.3800692851513139,13.817238380096473,1.1789303990660787,55.2638459319333,0.0,True,0.004585821880720943,0.00010516700422158465,0.00033241599885514006,8014,,,0.00017352694631481117,acamas
development,False,memory_um,independent,persistence,8,32,outer_2,1043003720.7891682,0.9883334130080095,191036776.90411717,1.0405019150671968,451769564.84332687,0.0,True,0.0,0.0003903320030076429,0.0012674569952650927,8272,,,,
development,False,memory_um,bottom_up,persistence,8,32,outer_2,1043003720.7891682,0.9883334130080095,191036776.90411717,1.0405019150671968,451769564.84332687,0.0,True,0.0,0.0003903320030076429,0.001431289994798135,8272,,,,
development,False,memory_um,top_down,persistence,8,32,outer_2,1043003720.7891682,0.9883334130080095,191036776.90411717,1.0405019150671968,451769564.84332687,0.0,True,1.224538640246005e-07,0.0003903320030076429,0.0015029989990580361,8272,,,,
development,False,memory_um,ols,persistence,8,32,outer_2,1043003720.7891706,0.9883334130080117,191036776.9041163,1.0405019150671886,451769564.8433217,0.0,True,9.30679506542736e-05,0.0003903320030076429,0.0013212479971116409,8272,,,,
development,False,memory_um,wls,persistence,8,32,outer_2,1043003720.7889507,0.9883334130078033,191036776.90459737,1.040501915068489,451769564.84187067,0.0,True,0.016559094050603206,0.0003903320030076429,0.0012671229997067712,8272,,,,
development,False,memory_um,mint,persistence,8,32,outer_2,1043003720.7896671,0.9883334130084822,191036776.90357807,1.0405019150655612,451769564.8428908,0.0,True,0.026269934114154184,0.0003903320030076429,0.001378623997879913,8272,,,,
development,False,memory_um,bottom_up_nn,persistence,8,32,outer_2,1043003720.7891682,0.9883334130080095,191036776.90411717,1.0405019150671968,451769564.84332687,0.0,True,0.0,0.0003903320030076429,0.0014544160003424622,8272,,,,
development,False,memory_um,ols_nn,persistence,8,32,outer_2,1043003720.7891706,0.9883334130080117,191036776.9041163,1.0405019150671886,451769564.8433217,0.0,True,9.30679506542736e-05,0.0003903320030076429,0.0012944149966642726,8272,,,,
development,False,disk_ud,independent,persistence,8,32,outer_2,1655905782.5918763,1.11497184472039,265110500.3415308,1.492235207549722,978974672.9593811,0.0,True,0.0,0.00039283300066017546,0.0011553760014066938,8272,,,,
development,False,disk_ud,bottom_up,persistence,8,32,outer_2,1655905782.5918763,1.11497184472039,265110500.3415308,1.492235207549722,978974672.9593811,0.0,True,0.0,0.00039283300066017546,0.001312459004111588,8272,,,,
development,False,disk_ud,top_down,persistence,8,32,outer_2,1655905782.5918763,1.11497184472039,265110500.34153083,1.4922352075497223,978974672.9593811,0.0,True,4.994997697562993e-07,0.00039283300066017546,0.001362251005048165,8272,,,,
development,False,disk_ud,ols,persistence,8,32,outer_2,1655905782.5916967,1.114971844720269,265110500.34153265,1.492235207551143,978974672.959342,0.0,True,0.0007443287715822269,0.00039283300066017546,0.0012210850036353804,8272,,,,
development,False,disk_ud,wls,persistence,8,32,outer_2,1655905782.5929816,1.114971844721134,265110500.3446963,1.4922352075677279,978974672.982333,0.0,True,0.015615490003987945,0.00039283300066017546,0.0012435420030669775,8272,,,,
development,False,disk_ud,mint,persistence,8,32,outer_2,1655905782.5491028,1.1149718446915893,265110500.3295626,1.4922352074672858,978974672.8540117,0.0,True,0.18688739890978462,0.00039283300066017546,0.0012168760040367488,8272,,,,
development,False,disk_ud,bottom_up_nn,persistence,8,32,outer_2,1655905782.5918763,1.11497184472039,265110500.3415308,1.492235207549722,978974672.9593811,0.0,True,0.0,0.00039283300066017546,0.0013851260046067182,8272,,,,
development,False,disk_ud,ols_nn,persistence,8,32,outer_2,1655905782.5916967,1.114971844720269,265110500.34153265,1.492235207551143,978974672.959342,0.0,True,0.0007443287715822269,0.00039283300066017546,0.0011927510022360366,8272,,,,
development,False,cpu_core_weighted,independent,persistence,8,32,outer_2,1.3614297051561752,1.1590802907295685,1.841860739576773,1.255016348122497,3.7000608397882333,39.02139070058013,False,0.0,0.00036008400275022723,0.0006915440026205033,4341,cluster_mean_CU,,,
development,False,cpu_core_weighted,bottom_up,persistence,8,32,outer_2,1.424997347078381,1.2980135639427366,1.841860739576773,1.255016348122497,3.7000608397882333,0.0,True,0.16534487584991583,0.00036008400275022723,0.0006915440026205033,4341,weighted_mean_CU,1.4445949212341347,,
development,False,cpu_core_weighted,top_down,persistence,8,32,outer_2,1.3614297051561752,1.2634305560387582,1.834011854060586,1.2675768412656991,3.6498216876427896,1.0300168918661964e-12,True,0.16550634256883337,0.00036008400275022723,0.0006915440026205033,4341,weighted_mean_CU,1.4061065425554578,,
development,False,cpu_core_weighted,ols,persistence,8,32,outer_2,1.367676139877078,1.266546745953794,1.8762559598400903,1.4799005308720636,3.7020042991800555,0.0,True,0.176482690403695,0.00036008400275022723,0.0006915440026205033,4341,weighted_mean_CU,1.4095746358403907,,
development,False,cpu_core_weighted,wls,persistence,8,32,outer_2,1.3947854189268687,1.280564213638971,1.841135034343923,1.2548853484169575,3.7102481124826645,0.0,True,0.15898066027466276,0.00036008400275022723,0.0006915440026205033,4341,weighted_mean_CU,1.4251750603575752,,
development,False,cpu_core_weighted,mint,persistence,8,32,outer_2,1.3890200336732537,1.2774897905648097,1.841720046588382,1.2551731418780074,3.716927704695812,0.0,True,0.15626711419339076,0.00036008400275022723,0.0006915440026205033,4341,weighted_mean_CU,1.4217534505362048,,
development,False,cpu_core_weighted,bottom_up_nn,persistence,8,32,outer_2,1.424997347078381,1.2980135639427366,1.841860739576773,1.255016348122497,3.7000608397882333,0.0,True,0.16534487584991583,0.00036008400275022723,0.0006915440026205033,4341,weighted_mean_CU,1.4445949212341347,,
development,False,bond0_transmitted_acamas,independent,persistence,8,32,outer_2,54.78055694831715,1.3773225801525357,13.69633767822619,1.092125244930175,54.78072825405894,0.007647691753141339,False,0.0,0.00022528899717144668,0.0007044160010991618,7952,,,0.00017352694631481117,acamas
development,False,bond0_transmitted_acamas,bottom_up,persistence,8,32,outer_2,54.78084241108459,1.3773297574128138,13.69633767822619,1.092125244930175,54.78072825405894,0.0,True,0.007647691753141339,0.00022528899717144668,0.0008507080019626301,7952,,,0.00017352694631481117,acamas
development,False,bond0_transmitted_acamas,top_down,persistence,8,32,outer_2,54.78055694831715,1.3773225801525357,13.69627306571881,1.091871751410404,54.780471719934646,9.994010425846394e-13,True,0.0019119229385263564,0.00022528899717144668,0.0009110829996643588,7952,,,0.00017352694631481117,acamas
development,False,bond0_transmitted_acamas,ols,persistence,8,32,outer_2,54.78060979316215,1.3773239088063924,13.696955132163948,1.5291351269107483,54.78067574455932,0.0,True,0.0030590767012505884,0.00022528899717144668,0.0007617500014021061,7952,,,0.00017352694631481117,acamas
development,False,bond0_transmitted_acamas,wls,persistence,8,32,outer_2,54.780692134858654,1.377325979086145,13.696305069478477,1.0921244257268747,54.780597819064326,0.0,True,0.004779816135411668,0.00022528899717144668,0.0007204990033642389,7952,,,0.00017352694631481117,acamas
development,False,bond0_transmitted_acamas,mint,persistence,8,32,outer_2,54.78069213565623,1.3773259791061983,13.69630506966958,1.0921244291408576,54.780597819808136,0.0,True,0.004779829105550006,0.00022528899717144668,0.0009550819995638449,7952,,,0.00017352694631481117,acamas
development,False,bond0_transmitted_acamas,bottom_up_nn,persistence,8,32,outer_2,54.78084241108459,1.3773297574128138,13.69633767822619,1.092125244930175,54.78072825405894,0.0,True,0.007647691753141339,0.00022528899717144668,0.0009246660010830965,7952,,,0.00017352694631481117,acamas
development,False,bond0_transmitted_acamas,ols_nn,persistence,8,32,outer_2,54.78081488482327,1.377329065332569,13.696445791454817,1.1736948878426556,54.78067574455932,0.0,True,0.004587098828650887,0.00022528899717144668,0.0007489579984394368,7952,,,0.00017352694631481117,acamas
development,False,memory_um,independent,ridge,1,32,outer_2,1062872941.5920458,1.0074495381955202,224063327.55073184,1.1193767455615904,624311043.0919858,427789448.31166357,False,0.0,0.011653834004391683,0.002108665998093784,8279,,,,
development,False,memory_um,bottom_up,ridge,1,32,outer_2,1104382836.436448,1.046794903718607,224063327.55073184,1.1193767455615904,624311043.0919858,0.0,True,427789448.31166357,0.011653834004391683,0.0023234579966810998,8279,,,,
development,False,memory_um,top_down,ridge,1,32,outer_2,1062872941.5920458,1.0074495381955202,249590471.79625064,4.478006676913067,596222978.0695771,9.230102140959053e-06,True,61112778.330237634,0.011653834004391683,0.0023990829977265093,8279,,,,
development,False,memory_um,ols,ridge,1,32,outer_2,1055723115.8212552,1.000672539375537,240764679.24915925,2.523734923328337,599088967.2190056,0.0,True,106947362.07794178,0.011653834004391683,0.0022295819981081877,8279,,,,
development,False,memory_um,wls,ridge,1,32,outer_2,1063609034.760056,1.0081472478587936,222852884.5840256,1.1153650321601383,597631222.4171891,0.0,True,304707356.53571296,0.011653834004391683,0.002256957995996345,8279,,,,
development,False,memory_um,mint,ridge,1,32,outer_2,1063028098.595265,1.007596604552301,221996840.72351202,1.1128673317557927,594671676.187193,0.0,True,301984992.3852872,0.011653834004391683,0.002286081999045564,8279,,,,
development,False,memory_um,bottom_up_nn,ridge,1,32,outer_2,1104382836.436448,1.046794903718607,224063327.55073184,1.1193767455615904,624311043.0919858,0.0,True,427789448.31166357,0.011653834004391683,0.0023847489974286873,8279,,,,
development,False,memory_um,ols_nn,ridge,1,32,outer_2,1055723115.8212552,1.000672539375537,240764679.24915925,2.523734923328337,599088967.2190056,0.0,True,106947362.07794178,0.011653834004391683,0.0022212069961824454,8279,,,,
development,False,disk_ud,independent,ridge,1,32,outer_2,1786927458.8985488,1.2035787183916276,351548493.66384506,1.868469970426775,1165432595.256641,660729091.0202527,False,0.0,0.011762501999328379,0.002233583996712696,8279,,,,
development,False,disk_ud,bottom_up,ridge,1,32,outer_2,1813130401.741398,1.2212276185793973,351548493.66384506,1.868469970426775,1165432595.256641,0.0,True,660729091.0202527,0.011762501999328379,0.0024592509980720934,8279,,,,
development,False,disk_ud,top_down,ridge,1,32,outer_2,1786927458.8985488,1.2035787183916276,406138309.207541,4.710461393404984,1154922093.7094562,7.97828796880662e-05,True,94389870.14575034,0.011762501999328379,0.0025107919973379467,8279,,,,
development,False,disk_ud,ols,ridge,1,32,outer_2,1771255943.0555525,1.193023223897635,394758939.6355797,6.058388693709884,1154275438.8824327,0.0,True,165182272.75489277,0.011762501999328379,0.002353417996346252,8279,,,,
development,False,disk_ud,wls,ridge,1,32,outer_2,1754040503.167309,1.1814278247816508,350293635.19910556,1.8594706968405694,1152890261.4659271,0.0,True,355975037.1662389,0.011762501999328379,0.0023276259962585755,8279,,,,
development,False,disk_ud,mint,ridge,1,32,outer_2,1755402601.0994751,1.182345261063329,351097416.6420584,1.8649098506997777,1160228968.8916447,0.0,True,294170009.49524915,0.011762501999328379,0.002362583993090084,8279,,,,
development,False,disk_ud,bottom_up_nn,ridge,1,32,outer_2,1813130401.741398,1.2212276185793973,351548493.66384506,1.868469970426775,1165432595.256641,0.0,True,660729091.0202527,0.011762501999328379,0.0025204589946952183,8279,,,,
development,False,disk_ud,ols_nn,ridge,1,32,outer_2,1771255943.0555525,1.193023223897635,394758939.6355797,6.058388693709884,1154275438.8824327,0.0,True,165182272.75489277,0.011762501999328379,0.002339958995435154,8279,,,,
development,False,cpu_core_weighted,independent,ridge,1,32,outer_2,1.3045601758001182,1.1107467752494307,1.7729855729443837,1.1391741630708405,4.213618744786,124.39209622767343,False,0.0,0.011366584003553726,0.0017990419946727343,4852,cluster_mean_CU,,,
development,False,cpu_core_weighted,bottom_up,ridge,1,32,outer_2,1.2257970411752157,1.1622093205188857,1.7729855729443837,1.1391741630708405,4.213618744786,0.0,True,0.5270851535070908,0.011366584003553726,0.0017990419946727343,4852,weighted_mean_CU,1.3059606181011503,,
development,False,cpu_core_weighted,top_down,ridge,1,32,outer_2,1.3045601758001182,1.2295801709831495,1.9461241490205088,1.3942901018545921,4.390879388958425,1.022475133781102e-12,True,0.5905666573566858,0.011366584003553726,0.0017990419946727343,4852,weighted_mean_CU,1.381664431485669,,
development,False,cpu_core_weighted,ols,ridge,1,32,outer_2,1.280125981046735,1.2094803022339224,1.9617126941222902,2.0951771408271735,4.253655963644012,0.0,True,0.5625901950974991,0.011366584003553726,0.0017990419946727343,4852,weighted_mean_CU,1.359078451015496,,
development,False,cpu_core_weighted,wls,ridge,1,32,outer_2,1.222650735032127,1.162789419009944,1.7985904219807192,1.1496640665862585,4.307375359556907,0.0,True,0.5115281071062228,0.011366584003553726,0.0017990419946727343,4852,weighted_mean_CU,1.3066124677899857,,
development,False,cpu_core_weighted,mint,ridge,1,32,outer_2,1.2189314362108477,1.1590400325716383,1.7877163027396346,1.1452411938613334,4.289100503329107,0.0,True,0.5179336216646834,0.011366584003553726,0.0017990419946727343,4852,weighted_mean_CU,1.3023993273995065,,
development,False,cpu_core_weighted,bottom_up_nn,ridge,1,32,outer_2,1.2099837418227541,1.148380627144131,1.7351077424938695,1.1212687977112494,4.043011656945298,0.0,True,0.5640543284984098,0.011366584003553726,0.0017990419946727343,4852,weighted_mean_CU,1.2904214818815554,,
development,False,bond0_transmitted_acamas,independent,ridge,1,32,outer_2,55.71797201188356,1.3914062298625158,13.931041213016488,1.3281708881253373,55.71823015275019,0.006919230729502319,True,0.0,0.00745654300408205,0.0014375839964486659,8014,,,0.00017352694631481117,acamas
development,False,bond0_transmitted_acamas,bottom_up,ridge,1,32,outer_2,55.72329967594526,1.391539273918112,13.931041213016488,1.3281708881253373,55.71823015275019,0.0,True,0.006919230729502319,0.00745654300408205,0.0016632499973638915,8014,,,0.00017352694631481117,acamas
development,False,bond0_transmitted_acamas,top_down,ridge,1,32,outer_2,55.71797201188356,1.3914062298625158,13.929709866144053,1.3280662452660112,55.71290515402262,9.986741799051986e-13,True,0.001729891889989294,0.00745654300408205,0.0016329999962181319,8014,,,0.00017352694631481117,acamas
development,False,bond0_transmitted_acamas,ols,ridge,1,32,outer_2,55.71903754469588,1.3914328386736345,13.930722146702657,1.294346344002463,55.71716461993784,0.0,True,0.0027676922917869093,0.00745654300408205,0.0014744589971087407,8014,,,0.00017352694631481117,acamas
development,False,bond0_transmitted_acamas,wls,ridge,1,32,outer_2,55.72063584607718,1.3914727519443233,13.930375255549865,1.328154257160036,55.71556632288639,0.0,True,0.0043245212993671175,0.00745654300408205,0.0014998339975136332,8014,,,0.00017352694631481117,acamas
development,False,bond0_transmitted_acamas,mint,ridge,1,32,outer_2,55.720635846566054,1.3914727519565315,13.930375255675237,1.3281542545873992,55.71556632340336,0.0,True,0.004324521794848115,0.00745654300408205,0.001511208996817004,8014,,,0.00017352694631481117,acamas
development,False,bond0_transmitted_acamas,bottom_up_nn,ridge,1,32,outer_2,55.72005428260932,1.391458228963622,13.930224583711167,1.3263887605661508,55.714975388608586,0.0,True,0.011001885957061891,0.00745654300408205,0.001617249996343162,8014,,,0.00017352694631481117,acamas
development,False,bond0_transmitted_acamas,ols_nn,ridge,1,32,outer_2,55.71633373547633,1.3913653183232593,13.929726695871123,1.1634466979712221,55.71390944397411,0.0,True,0.0073871571320701,0.00745654300408205,0.0014589999955205712,8014,,,0.00017352694631481117,acamas
development,False,memory_um,independent,ridge,8,32,outer_2,1063739741.8137753,1.007982530286277,224244437.99396488,1.1198426686254053,624820134.8466765,428265056.35127103,False,0.0,0.07707212599780178,0.012983042000996647,8272,,,,
development,False,memory_um,bottom_up,ridge,8,32,outer_2,1105377507.1309767,1.0474378015242733,224244437.99396488,1.1198426686254053,624820134.8466765,0.0,True,428265056.35127103,0.07707212599780178,0.013097709001158364,8272,,,,
development,False,memory_um,top_down,ridge,8,32,outer_2,1063739741.8137753,1.007982530286277,249804219.3676285,4.482302395596263,596691728.036561,9.101410207250363e-06,True,61180722.33589586,0.07707212599780178,0.01314954300323734,8272,,,,
development,False,memory_um,ols,ridge,8,32,outer_2,1056590027.3318185,1.0012075767792668,240968884.0585515,2.5258542569132194,599559537.1668673,0.0,True,107066264.08784346,0.07707212599780178,0.013011668001126964,8272,,,,
development,False,memory_um,wls,ridge,8,32,outer_2,1064527863.0082309,1.0087293411503753,223031947.13097054,1.115825386798578,598099219.7586842,0.0,True,305044415.4205559,0.07707212599780178,0.012931666999065783,8272,,,,
development,False,memory_um,mint,ridge,8,32,outer_2,1063940225.901815,1.0081725057571567,222174121.57506785,1.1133234360065896,595128490.4955506,0.0,True,302292012.774828,0.07707212599780178,0.01302341800328577,8272,,,,
development,False,memory_um,bottom_up_nn,ridge,8,32,outer_2,1105377507.1309767,1.0474378015242733,224244437.99396488,1.1198426686254053,624820134.8466765,0.0,True,428265056.35127103,0.07707212599780178,0.013162918003217783,8272,,,,
development,False,memory_um,ols_nn,ridge,8,32,outer_2,1056590027.3318185,1.0012075767792668,240968884.0585515,2.5258542569132194,599559537.1668673,0.0,True,107066264.08784346,0.07707212599780178,0.01296054200429353,8272,,,,
development,False,disk_ud,independent,ridge,8,32,outer_2,1788411406.9318063,1.204191921103523,352014014.0528803,1.8703643137306254,1167697633.7927384,661735607.2129916,False,0.0,0.08168983200084767,0.013169920002837898,8272,,,,
development,False,disk_ud,bottom_up,ridge,8,32,outer_2,1814899348.1047177,1.2220270593963427,352014014.0528803,1.8703643137306254,1167697633.7927384,0.0,True,661735607.2129916,0.08168983200084767,0.013366128005145583,8272,,,,
development,False,disk_ud,top_down,ridge,8,32,outer_2,1788411406.9318063,1.204191921103523,406697443.6237336,4.7172899738102165,1156963400.1455228,6.996317112699468e-05,True,94533658.17328453,0.08168983200084767,0.01339896200443036,8272,,,,
development,False,disk_ud,ols,ridge,8,32,outer_2,1772761785.0770974,1.1936545536204468,395274176.8735382,6.067673449059307,1156275771.9166498,0.0,True,165433901.803079,0.08168983200084767,0.013231420005467953,8272,,,,
development,False,disk_ud,wls,ridge,8,32,outer_2,1755673173.309065,1.182148270360242,350665474.7576017,1.860846021615193,1154538401.0802243,0.0,True,356469262.40110874,0.08168983200084767,0.013204670005507069,8272,,,,
development,False,disk_ud,mint,ridge,8,32,outer_2,1756980501.263976,1.1830285341269762,351446304.7774283,1.86615689670051,1161729730.2485502,0.0,True,294449413.06864786,0.08168983200084767,0.013241045005997876,8272,,,,
development,False,disk_ud,bottom_up_nn,ridge,8,32,outer_2,1814899348.1047177,1.2220270593963427,352014014.0528803,1.8703643137306254,1167697633.7927384,0.0,True,661735607.2129916,0.08168983200084767,0.013396378006291343,8272,,,,
development,False,disk_ud,ols_nn,ridge,8,32,outer_2,1772761785.0770974,1.1936545536204468,395274176.8735382,6.067673449059307,1156275771.9166498,0.0,True,165433901.803079,0.08168983200084767,0.013318670004082378,8272,,,,
development,False,cpu_core_weighted,independent,ridge,8,32,outer_2,1.3026600024657053,1.1090455340156726,1.7626857706880659,1.1377047053478024,4.090239433296455,122.59959050895205,False,0.0,0.07441254199875402,0.011520499003381701,4341,cluster_mean_CU,,,
development,False,cpu_core_weighted,bottom_up,ridge,8,32,outer_2,1.2101180970052805,1.1601576523191635,1.7626857706880659,1.1377047053478024,4.090239433296455,0.0,True,0.5194897902921697,0.07441254199875402,0.011520499003381701,4341,weighted_mean_CU,1.2911712935267272,,
development,False,cpu_core_weighted,top_down,ridge,8,32,outer_2,1.3026600024657053,1.2397505785209615,1.929789169394025,1.3850426864706158,4.259076271505549,1.0183138470773396e-12,True,0.5708512853880618,0.07441254199875402,0.011520499003381701,4341,weighted_mean_CU,1.3797524456435268,,
development,False,cpu_core_weighted,ols,ridge,8,32,outer_2,1.276816414583723,1.2181328931425681,1.9506827171864185,2.07959139334389,4.137137710317644,0.0,True,0.5544831997771285,0.07441254199875402,0.011520499003381701,4341,weighted_mean_CU,1.355693530256228,,
development,False,cpu_core_weighted,wls,ridge,8,32,outer_2,1.2129234062240468,1.165526417104585,1.7894267448982306,1.149355794065887,4.208411021229871,0.0,True,0.5043911109256596,0.07441254199875402,0.011520499003381701,4341,weighted_mean_CU,1.2971463392101965,,
development,False,cpu_core_weighted,mint,ridge,8,32,outer_2,1.2075960009621207,1.1605708487008728,1.779325707662662,1.1448260323984112,4.185835494992657,0.0,True,0.5109285957274585,0.07441254199875402,0.011520499003381701,4341,weighted_mean_CU,1.291631151120724,,
development,False,cpu_core_weighted,bottom_up_nn,ridge,8,32,outer_2,1.1969494606700601,1.1485941915852325,1.726992733537736,1.1206070519248654,3.9362908791249085,0.0,True,0.5558023841374089,0.07441254199875402,0.011520499003381701,4341,weighted_mean_CU,1.278302000699473,,
development,False,bond0_transmitted_acamas,independent,ridge,8,32,outer_2,55.52220029252722,1.3959693807932099,13.882098341628254,1.324798810386425,55.522452714811166,0.00689066305425101,True,0.0,0.04392641600497882,0.00786020799932885,7952,,,0.00017352694631481117,acamas
development,False,bond0_transmitted_acamas,bottom_up,ridge,8,32,outer_2,55.527512533359065,1.396102944043686,13.882098341628254,1.324798810386425,55.522452714811166,0.0,True,0.00689066305425101,0.04392641600497882,0.00799408200327889,7952,,,0.00017352694631481117,acamas
development,False,bond0_transmitted_acamas,top_down,ridge,8,32,outer_2,55.52220029252722,1.3959693807932099,13.880770761672341,1.3246651421825428,55.51714295958926,9.985450455541718e-13,True,0.0017226673135608671,0.04392641600497882,0.00803166500190855,7952,,,0.00017352694631481117,acamas
development,False,bond0_transmitted_acamas,ols,ridge,8,32,outer_2,55.52326274069359,1.395996093443305,13.881777194846954,1.289303994877794,55.52139026664476,0.0,True,0.002756265221686354,0.04392641600497882,0.007895582002674928,7952,,,0.00017352694631481117,acamas
development,False,bond0_transmitted_acamas,wls,ridge,8,32,outer_2,55.524856412967196,1.3960361624190527,13.88143431153076,1.3247821144216512,55.5197965944244,0.0,True,0.004306664426790983,0.04392641600497882,0.00786391600559,7952,,,0.00017352694631481117,acamas
development,False,bond0_transmitted_acamas,mint,ridge,8,32,outer_2,55.52485640872643,1.396036162312429,13.881434310474315,1.3247821113504084,55.519796590217055,0.0,True,0.0043066603118711334,0.04392641600497882,0.007895332000771305,7952,,,0.00017352694631481117,acamas
development,False,bond0_transmitted_acamas,bottom_up_nn,ridge,8,32,outer_2,55.52186066973251,1.3959608418120468,13.880680591789748,1.3231738172186747,55.516792363771536,0.0,True,0.013978947549546322,0.04392641600497882,0.008030082000914263,7952,,,0.00017352694631481117,acamas
development,False,bond0_transmitted_acamas,ols_nn,ridge,8,32,outer_2,55.5181442619323,1.3958674018642727,13.880183299345603,1.1613103917177172,55.51572950713824,0.0,True,0.010373313620083043,0.04392641600497882,0.007871331999922404,7952,,,0.00017352694631481117,acamas
development,False,memory_um,independent,lightgbm,1,32,outer_2,1301076111.0727248,1.2332316271915613,254251299.04406926,1.3673889959920673,668184463.1316881,950168551.1852618,False,0.0,4.545251960000314,0.13179391699668486,8279,,,,
development,False,memory_um,bottom_up,lightgbm,1,32,outer_2,1280826911.5137296,1.214038320121403,254251299.04406926,1.3673889959920673,668184463.1316881,0.0,True,950168551.1852618,4.545251960000314,0.13203833299485268,8279,,,,
development,False,memory_um,top_down,lightgbm,1,32,outer_2,1301076111.0727248,1.2332316271915613,321887079.44375277,8.948876428683636,657820993.4465549,8.520519608157689e-06,True,135738364.45503742,4.545251960000314,0.13213670899858698,8279,,,,
development,False,memory_um,ols,lightgbm,1,32,outer_2,1268882953.6078482,1.2027171787077515,306742519.76608306,4.6941478313910645,662418387.3080713,0.0,True,237542137.79630142,4.545251960000314,0.1319061249960214,8279,,,,
development,False,memory_um,wls,lightgbm,1,32,outer_2,1237585106.178726,1.1730513544072914,259273907.29252633,1.3823605185753307,663935407.1367131,0.0,True,693476426.0621485,4.545251960000314,0.13187645899961353,8279,,,,
development,False,memory_um,mint,lightgbm,1,32,outer_2,1246759130.7205882,1.1817470003555735,255223908.09587955,1.3704321474867045,661294363.9406959,0.0,True,778176269.8211536,4.545251960000314,0.1319222499987518,8279,,,,
development,False,memory_um,bottom_up_nn,lightgbm,1,32,outer_2,1280826911.5137296,1.214038320121403,254251299.04406926,1.3673889959920673,668184463.1316881,0.0,True,950168551.1852618,4.545251960000314,0.132057791997795,8279,,,,
development,False,memory_um,ols_nn,lightgbm,1,32,outer_2,1268882953.6078482,1.2027171787077515,306742519.76608306,4.6941478313910645,662418387.3080713,0.0,True,237542137.79630142,4.545251960000314,0.13188125099622994,8279,,,,
development,False,disk_ud,independent,lightgbm,1,32,outer_2,6299913302.458658,4.243284494170417,11581674008.695116,183.04235610217646,25427334029.385597,34313647313.36906,False,0.0,5.181584039997688,0.13339758399524726,8279,,,,
development,False,disk_ud,bottom_up,lightgbm,1,32,outer_2,30588535039.476254,20.60280041976813,11581674008.695116,183.04235610217646,25427334029.385597,0.0,True,34313647313.36906,5.181584039997688,0.13360337499398156,8279,,,,
development,False,disk_ud,top_down,lightgbm,1,32,outer_2,6299913302.458658,4.243284494170417,12578614932.459883,331.15557879882635,24371123604.395844,0.00010473069569845392,True,4901949616.19558,5.181584039997688,0.1336659169937775,8279,,,,
development,False,disk_ud,ols,lightgbm,1,32,outer_2,6860824796.620529,4.621084462441432,13080574554.867655,414.3468935669325,25704876275.204918,0.0,True,8578411828.342722,5.181584039997688,0.13355845899423002,8279,,,,
development,False,disk_ud,wls,lightgbm,1,32,outer_2,10841193777.26168,7.302048019517675,10146934583.784235,178.96292202530873,25525370459.021816,0.0,True,17154158307.830334,5.181584039997688,0.13350054199327133,8279,,,,
development,False,disk_ud,mint,lightgbm,1,32,outer_2,15044004546.402552,10.13283646253767,11402765063.582308,185.0376707323583,25453787028.452766,0.0,True,21959684548.915497,5.181584039997688,0.13351474999581114,8279,,,,
development,False,disk_ud,bottom_up_nn,lightgbm,1,32,outer_2,30588535039.476254,20.60280041976813,11581674008.695116,183.04235610217646,25427334029.385597,0.0,True,34313647313.36906,5.181584039997688,0.13365220899504493,8279,,,,
development,False,disk_ud,ols_nn,lightgbm,1,32,outer_2,6860824796.620529,4.621084462441432,13080574554.867655,414.3468935669325,25704876275.204918,0.0,True,8578411828.342722,5.181584039997688,0.1334822089957015,8279,,,,
development,False,cpu_core_weighted,independent,lightgbm,1,32,outer_2,1.0862841544583075,0.924899168280291,1.4068892772184276,0.9703106378302453,3.0092651631715404,168.7878796687659,False,0.0,4.475908332999097,0.1441480829998909,4852,cluster_mean_CU,,,
development,False,cpu_core_weighted,bottom_up,lightgbm,1,32,outer_2,0.9586344763299234,0.9090344434098107,1.4068892772184276,0.9703106378302453,3.0092651631715404,0.0,True,0.7152028799523978,4.475908332999097,0.1441480829998909,4852,weighted_mean_CU,1.021471057434546,,
development,False,cpu_core_weighted,top_down,lightgbm,1,32,outer_2,1.0862841544583075,1.0376184880984791,1.556267472961114,1.1908566174007527,3.164757248333125,1.026543876925099e-12,True,0.7008206453784701,4.475908332999097,0.1441480829998909,4852,weighted_mean_CU,1.165959400037569,,
development,False,cpu_core_weighted,ols,lightgbm,1,32,outer_2,1.0493474498203723,1.005288327566065,1.7620602169864503,2.404511130938709,3.124190920844109,0.0,True,0.763379740615858,4.475908332999097,0.1441480829998909,4852,weighted_mean_CU,1.1296303879682368,,
development,False,cpu_core_weighted,wls,lightgbm,1,32,outer_2,0.9517943264306642,0.9145137960865082,1.4456674164501468,1.0069709101889808,3.116962689772743,0.0,True,0.6961297952441864,4.475908332999097,0.1441480829998909,4852,weighted_mean_CU,1.0276281400547915,,
development,False,cpu_core_weighted,mint,lightgbm,1,32,outer_2,0.947889783628985,0.9061540992226089,1.4227098951000177,1.0180726491894292,3.0965381983215283,0.0,True,0.7059689901201265,4.475908332999097,0.1441480829998909,4852,weighted_mean_CU,1.0182344493565945,,
development,False,cpu_core_weighted,bottom_up_nn,lightgbm,1,32,outer_2,0.9587322112927538,0.9090922287107183,1.4065762280936134,0.9701875601974175,3.007602510067816,0.0,True,0.7152981242979971,4.475908332999097,0.1441480829998909,4852,weighted_mean_CU,1.0215359900813232,,
development,False,bond0_transmitted_acamas,independent,lightgbm,1,32,outer_2,55.383498557507004,1.3830536565125036,13.886190604308162,0.48817399041169174,55.5438517409053,12.625725412263144,False,0.0,2.835096832997806,0.07213879100163467,8014,,,0.00017352694631481117,acamas
development,False,bond0_transmitted_acamas,bottom_up,lightgbm,1,32,outer_2,55.54609288830326,1.3871140118456442,13.886190604308162,0.48817399041169174,55.5438517409053,0.0,True,12.625725412263144,2.835096832997806,0.07228504100203281,8014,,,0.00017352694631481117,acamas
development,False,bond0_transmitted_acamas,top_down,lightgbm,1,32,outer_2,55.383498557507004,1.3830536565125036,13.847363034749417,5.512080480258348,55.355100428974595,8.972662446714391e-12,True,3.170875351855754,2.835096832997806,0.07235066599969286,8014,,,0.00017352694631481117,acamas
development,False,bond0_transmitted_acamas,ols,lightgbm,1,32,outer_2,55.19359559682911,1.3783113417258097,15.720019979421302,1257.8442139375843,55.304470276617565,0.0,True,5.050290164905255,2.835096832997806,0.07218954100244446,8014,,,0.00017352694631481117,acamas
development,False,bond0_transmitted_acamas,wls,lightgbm,1,32,outer_2,55.127956229874066,1.376672175388492,13.781629614464,0.48556286188570263,55.12560778152457,0.0,True,7.957541755874106,2.835096832997806,0.07216854099897319,8014,,,0.00017352694631481117,acamas
development,False,bond0_transmitted_acamas,mint,lightgbm,1,32,outer_2,55.134608869792004,1.3768383071462107,13.783294989925853,0.48563162982809477,55.13226910657817,0.0,True,8.218208114707124,2.835096832997806,0.07227099900046596,8014,,,0.00017352694631481117,acamas
development,False,bond0_transmitted_acamas,bottom_up_nn,lightgbm,1,32,outer_2,55.18713079294317,1.378149900666903,13.79644886334715,0.48544667929709073,55.18488796206437,0.0,True,12.691785186392789,2.835096832997806,0.07236449899937725,8014,,,0.00017352694631481117,acamas
development,False,bond0_transmitted_acamas,ols_nn,lightgbm,1,32,outer_2,56.86656465536778,1.4200892364762048,14.65859478340468,604.7739374402677,54.99302115503906,0.0,True,8.293700094934614,2.835096832997806,0.07216533300015726,8014,,,0.00017352694631481117,acamas
development,False,memory_um,independent,lightgbm,8,32,outer_2,1310303245.9898474,1.2416221086965735,250926642.435316,1.3425312351747856,657439436.109978,950913852.2420291,False,0.0,36.4535575000009,1.076032667006075,8272,,,,
development,False,memory_um,bottom_up,lightgbm,8,32,outer_2,1255580046.2032628,1.1897672919420637,250926642.435316,1.3425312351747856,657439436.109978,0.0,True,950913852.2420291,36.4535575000009,1.076220667007874,8272,,,,
development,False,memory_um,top_down,lightgbm,8,32,outer_2,1310303245.9898474,1.2416221086965735,320302485.5746922,8.941252281997626,651843616.859472,8.979664549836799e-06,True,135844836.03457558,36.4535575000009,1.0762788330066542,8272,,,,
development,False,memory_um,ols,lightgbm,8,32,outer_2,1274981222.4469647,1.2081515319511018,304931065.85684377,4.680745130969685,655744578.6137809,0.0,True,237728463.0604904,36.4535575000009,1.076130125002237,8272,,,,
development,False,memory_um,wls,lightgbm,8,32,outer_2,1223438343.2244716,1.1593103353926826,256884865.7075334,1.360508465452804,657399293.6137807,0.0,True,696960136.6288195,36.4535575000009,1.0761089170046034,8272,,,,
development,False,memory_um,mint,lightgbm,8,32,outer_2,1228451344.6273031,1.1640605742337538,252601230.29022428,1.3481324295463992,654038615.6495066,0.0,True,779524247.8225385,36.4535575000009,1.0761440840069554,8272,,,,
development,False,memory_um,bottom_up_nn,lightgbm,8,32,outer_2,1255580046.2032628,1.1897672919420637,250926642.435316,1.3425312351747856,657439436.109978,0.0,True,950913852.2420291,36.4535575000009,1.0763440420087136,8272,,,,
development,False,memory_um,ols_nn,lightgbm,8,32,outer_2,1274981222.4469647,1.2081515319511018,304931065.85684377,4.680745130969685,655744578.6137809,0.0,True,237728463.0604904,36.4535575000009,1.0761453330051154,8272,,,,
development,False,disk_ud,independent,lightgbm,8,32,outer_2,3569148069.1600842,2.4032162026288706,16313850838.638483,207.41272326785545,42820969055.68662,63142255662.59999,False,0.0,41.084772251000686,1.096325665999757,8272,,,,
development,False,disk_ud,bottom_up,lightgbm,8,32,outer_2,65043881627.02233,43.79602840201565,16313850838.638483,207.41272326785545,42820969055.68662,0.0,True,63142255662.59999,41.084772251000686,1.0965674579965707,8272,,,,
development,False,disk_ud,top_down,lightgbm,8,32,outer_2,3569148069.1600842,2.4032162026288706,17636313129.658855,467.74508721319006,34082724248.183308,6.571314090455754e-05,True,9020322237.514284,41.084772251000686,1.0966236659987771,8272,,,,
development,False,disk_ud,ols,lightgbm,8,32,outer_2,10212069070.258942,6.87609742618125,18551637147.709106,633.9217608509929,34979982497.885445,0.0,True,15785563915.650522,41.084772251000686,1.0964214160012489,8272,,,,
development,False,disk_ud,wls,lightgbm,8,32,outer_2,16945952139.134975,11.410226183002312,14725928305.84947,201.15184196450542,36454438143.97322,0.0,True,21798944075.452377,41.084772251000686,1.0963969999975234,8272,,,,
development,False,disk_ud,mint,lightgbm,8,32,outer_2,24355342180.079227,16.399194377360395,18126760214.38801,215.3981156978113,51173939496.23357,0.0,True,30801363874.238632,41.084772251000686,1.096599917000276,8272,,,,
development,False,disk_ud,bottom_up_nn,lightgbm,8,32,outer_2,65043881627.02233,43.79602840201565,16313850838.638483,207.41272326785545,42820969055.68662,0.0,True,63142255662.59999,41.084772251000686,1.096689541998785,8272,,,,
development,False,disk_ud,ols_nn,lightgbm,8,32,outer_2,10212069070.258942,6.87609742618125,18551637147.709106,633.9217608509929,34979982497.885445,0.0,True,15785563915.650522,41.084772251000686,1.0963747079986206,8272,,,,
development,False,cpu_core_weighted,independent,lightgbm,8,32,outer_2,1.0678244424159007,0.9091136034978615,1.4177275600928179,0.9783813956684722,3.0233323151717664,167.71715028314205,False,0.0,38.81389129300078,1.3414624610013561,4341,cluster_mean_CU,,,
development,False,cpu_core_weighted,bottom_up,lightgbm,8,32,outer_2,0.9600264663956981,0.9189317232107888,1.4177275600928179,0.9783813956684722,3.0233323151717664,0.0,True,0.710665891030263,38.81389129300078,1.3414624610013561,4341,weighted_mean_CU,1.0227043362158583,,
development,False,cpu_core_weighted,top_down,lightgbm,8,32,outer_2,1.0678244424159007,1.0331682540220584,1.5507546711809628,1.1841818042741867,3.1578187963808633,1.0172497107122484e-12,True,0.6958016357118764,38.81389129300078,1.3414624610013561,4341,weighted_mean_CU,1.1498413067480453,,
development,False,cpu_core_weighted,ols,lightgbm,8,32,outer_2,1.0321528023038198,1.001886178614397,1.7581990723649734,2.3902314069420565,3.096505571612075,0.0,True,0.7585371350788292,38.81389129300078,1.3414624610013561,4341,weighted_mean_CU,1.1150266264435456,,
development,False,cpu_core_weighted,wls,lightgbm,8,32,outer_2,0.9461495501658622,0.9180330161663137,1.4421342890207458,1.014130841723398,3.0932650758757556,0.0,True,0.6925852394960575,38.81389129300078,1.3414624610013561,4341,weighted_mean_CU,1.021704140479704,,
development,False,cpu_core_weighted,mint,lightgbm,8,32,outer_2,0.9481027687280211,0.9128559245929421,1.429775476877806,1.027421444949489,3.0758182094382014,0.0,True,0.724816357535195,38.81389129300078,1.3414624610013561,4341,weighted_mean_CU,1.0159424131746828,,
development,False,cpu_core_weighted,bottom_up_nn,lightgbm,8,32,outer_2,0.9598635331594417,0.9187870096209915,1.416911623159179,0.978040851908705,3.0177266670179432,0.0,True,0.7108631235289877,38.81389129300078,1.3414624610013561,4341,weighted_mean_CU,1.0225432804898922,,
development,False,bond0_transmitted_acamas,independent,lightgbm,8,32,outer_2,54.4950916871225,1.3701452571752708,13.653484270703505,0.4840380974921704,54.613026279223355,12.03853530808724,False,0.0,26.01807516700137,0.7610850829951232,7952,,,0.00017352694631481117,acamas
development,False,bond0_transmitted_acamas,bottom_up,lightgbm,8,32,outer_2,54.615577339998204,1.3731745730408742,13.653484270703505,0.4840380974921704,54.613026279223355,0.0,True,12.03853530808724,26.01807516700137,0.7612948749956558,7952,,,0.00017352694631481117,acamas
development,False,bond0_transmitted_acamas,top_down,lightgbm,8,32,outer_2,54.4950916871225,1.3701452571752708,13.624044408458055,1.1498266818457268,54.49130901912356,1.4923828853958407e-12,True,3.0101422252826695,26.01807516700137,0.7614497919930727,7952,,,0.00017352694631481117,acamas
development,False,bond0_transmitted_acamas,ols,lightgbm,8,32,outer_2,54.306128210460514,1.3653942345911771,15.399942291277767,1192.5637265891128,54.37660658825636,0.0,True,4.815414123234893,26.01807516700137,0.7611807079956634,7952,,,0.00017352694631481117,acamas
development,False,bond0_transmitted_acamas,wls,lightgbm,8,32,outer_2,54.23557153475764,1.3636202602462695,13.55844362175921,0.4816485349071923,54.232863683438495,0.0,True,7.535498766442992,26.01807516700137,0.7611181659922295,7952,,,0.00017352694631481117,acamas
development,False,bond0_transmitted_acamas,mint,lightgbm,8,32,outer_2,54.23617916165866,1.3636355375325495,13.558595152211963,0.4816618544515533,54.23346974092252,0.0,True,7.580834387177727,26.01807516700137,0.7612357909965795,7952,,,0.00017352694631481117,acamas
development,False,bond0_transmitted_acamas,bottom_up_nn,lightgbm,8,32,outer_2,54.310763731965814,1.3655107833960032,13.577279401667296,0.4815824326082383,54.3082103690214,0.0,True,12.07769112485274,26.01807516700137,0.7613523749969318,7952,,,0.00017352694631481117,acamas
development,False,bond0_transmitted_acamas,ols_nn,lightgbm,8,32,outer_2,55.88362944341579,1.4050566292327218,14.424615953184603,591.1216076081143,54.11910159789621,0.0,True,7.779842571405808,26.01807516700137,0.7611304159945576,7952,,,0.00017352694631481117,acamas
