experiment_stage,eligible_for_final_claims,method,family,held_out_machine,horizon,context,outer_fold,calibration_n,mae,mase,infer_seconds,note,n_train_entities,n_test,n_cal_available,missing_timestamps,base_model,train_seconds
development,False,persistence_local,CU,machine01,1,32,outer_0,0,3.6689569772440516,,0.0,,6,7781,7705,495,ridge,2.4417819579975912
development,False,global_pooled,CU,machine01,1,32,outer_0,0,4.373426188299308,,0.01668466699993587,,6,7781,7705,495,ridge,2.441784041999199
development,False,global_onehot,CU,machine01,1,32,outer_0,0,4.24487164411185,,0.016380500001105247,unknown_entity_zero_onehot,6,7781,7705,495,ridge,2.4417848749981204
development,False,global_residual_no_head,CU,machine01,1,32,outer_0,0,4.24487164411185,,0.024315708000358427,global_only_for_unseen,6,7781,7705,495,ridge,2.4417854999992414
development,False,global_residual_cal0,CU,machine01,1,32,outer_0,0,4.24487164411185,,0.02071287500075414,cal_available=7705,6,7781,7705,495,ridge,2.4417859579989454
development,False,global_residual_cal64,CU,machine01,1,32,outer_0,64,20.449522851624863,,0.6021632910014887,cal_available=7705,6,7781,7705,495,ridge,2.441786332998163
development,False,global_residual_cal256,CU,machine01,1,32,outer_0,256,14.203331028851991,,0.3939852500006964,cal_available=7705,6,7781,7705,495,ridge,2.441786832998332
development,False,global_residual_cal1024,CU,machine01,1,32,outer_0,1024,12.302490864563566,,0.3969860420002078,cal_available=7705,6,7781,7705,495,ridge,2.4417870420002146
development,False,persistence_local,CU,machine01,8,32,outer_0,0,3.584866994481832,,0.0,,6,7669,7579,600,ridge,10.938727624998137
development,False,global_pooled,CU,machine01,8,32,outer_0,0,4.283414337508837,,0.019658207998872967,,6,7669,7579,600,ridge,10.938728207998793
development,False,global_onehot,CU,machine01,8,32,outer_0,0,4.15642166589701,,0.020275292001315393,unknown_entity_zero_onehot,6,7669,7579,600,ridge,10.938728541997989
development,False,global_residual_no_head,CU,machine01,8,32,outer_0,0,4.15642166589701,,0.019206541001040023,global_only_for_unseen,6,7669,7579,600,ridge,10.93872908299818
development,False,global_residual_cal0,CU,machine01,8,32,outer_0,0,4.15642166589701,,0.018140166001103353,cal_available=7579,6,7669,7579,600,ridge,10.938729333000083
development,False,global_residual_cal64,CU,machine01,8,32,outer_0,64,149.6796499782998,,3.317622874998051,cal_available=7579,6,7669,7579,600,ridge,10.938729749999766
development,False,global_residual_cal256,CU,machine01,8,32,outer_0,256,38.55111921731948,,3.308431124998606,cal_available=7579,6,7669,7579,600,ridge,10.938730082998518
development,False,global_residual_cal1024,CU,machine01,8,32,outer_0,1024,12.119133071756554,,2.716461125000933,cal_available=7579,6,7669,7579,600,ridge,10.938730249999935
development,False,persistence_local,CU,machine02,1,32,outer_0,0,2.0938159399399416,,0.0,,6,7512,7336,764,ridge,3.037079249999806
development,False,global_pooled,CU,machine02,1,32,outer_0,0,1.6009447090614883,,0.014051624999410706,,6,7512,7336,764,ridge,3.037080458001583
development,False,global_onehot,CU,machine02,1,32,outer_0,0,1.5919309212149988,,0.016649791999952868,unknown_entity_zero_onehot,6,7512,7336,764,ridge,3.037081208000018
development,False,global_residual_no_head,CU,machine02,1,32,outer_0,0,1.5919309212149988,,0.017242375000932952,global_only_for_unseen,6,7512,7336,764,ridge,3.037081833001139
development,False,global_residual_cal0,CU,machine02,1,32,outer_0,0,1.5919309212149988,,0.018528417000197805,cal_available=7336,6,7512,7336,764,ridge,3.037082750000991
development,False,global_residual_cal64,CU,machine02,1,32,outer_0,64,1.8718685205752197,,0.4352478330001759,cal_available=7336,6,7512,7336,764,ridge,3.037083375002112
development,False,global_residual_cal256,CU,machine02,1,32,outer_0,256,1.326421064753597,,0.4820812920006574,cal_available=7336,6,7512,7336,764,ridge,3.037083833001816
development,False,global_residual_cal1024,CU,machine02,1,32,outer_0,1024,1.262562407556449,,0.8438222500008123,cal_available=7336,6,7512,7336,764,ridge,3.037084333001985
development,False,persistence_local,CU,machine02,8,32,outer_0,0,2.0975299364773727,,0.0,,6,7351,7147,918,ridge,9.372046874999796
development,False,global_pooled,CU,machine02,8,32,outer_0,0,1.609208264670858,,0.022242541002924554,,6,7351,7147,918,ridge,9.372047500000917
development,False,global_onehot,CU,machine02,8,32,outer_0,0,1.5995710077978245,,0.01683512500312645,unknown_entity_zero_onehot,6,7351,7147,918,ridge,9.372047875000135
development,False,global_residual_no_head,CU,machine02,8,32,outer_0,0,1.5995710077978245,,0.019445875001110835,global_only_for_unseen,6,7351,7147,918,ridge,9.372048249999352
development,False,global_residual_cal0,CU,machine02,8,32,outer_0,0,1.5995710077978245,,0.017084249997424195,cal_available=7147,6,7351,7147,918,ridge,9.372048584002187
development,False,global_residual_cal64,CU,machine02,8,32,outer_0,64,1.7910799777997193,,2.95324137499847,cal_available=7147,6,7351,7147,918,ridge,9.372048875000473
development,False,global_residual_cal256,CU,machine02,8,32,outer_0,256,1.3010059286253968,,2.48568399999931,cal_available=7147,6,7351,7147,918,ridge,9.372049334000621
development,False,global_residual_cal1024,CU,machine02,8,32,outer_0,1024,1.266156458048333,,2.4205701659993792,cal_available=7147,6,7351,7147,918,ridge,9.372049666999374
development,False,persistence_local,CU,machine03,1,32,outer_0,0,1.173551124032121,,0.0,,6,7847,7837,429,ridge,1.7622279589995742
development,False,global_pooled,CU,machine03,1,32,outer_0,0,1.2652000262438832,,0.01541575000010198,,6,7847,7837,429,ridge,1.7622283749988128
development,False,global_onehot,CU,machine03,1,32,outer_0,0,1.2495728463031817,,0.015401374999783002,unknown_entity_zero_onehot,6,7847,7837,429,ridge,1.7622289169994474
development,False,global_residual_no_head,CU,machine03,1,32,outer_0,0,1.2495728463031817,,0.016905084001336945,global_only_for_unseen,6,7847,7837,429,ridge,1.762229624997417
development,False,global_residual_cal0,CU,machine03,1,32,outer_0,0,1.2495728463031817,,0.016892457999347243,cal_available=7837,6,7847,7837,429,ridge,1.762230249998538
development,False,global_residual_cal64,CU,machine03,1,32,outer_0,64,10.671427028320796,,0.3442760420002742,cal_available=7837,6,7847,7837,429,ridge,1.7622304589967825
development,False,global_residual_cal256,CU,machine03,1,32,outer_0,256,4.643951926814037,,0.2986017909970542,cal_available=7837,6,7847,7837,429,ridge,1.7622307499987073
development,False,global_residual_cal1024,CU,machine03,1,32,outer_0,1024,2.772537421208679,,0.2906919579982059,cal_available=7837,6,7847,7837,429,ridge,1.7622310419974383
development,False,persistence_local,CU,machine03,8,32,outer_0,0,1.1562490887592096,,0.0,,6,7749,7739,520,ridge,8.982759582999279
development,False,global_pooled,CU,machine03,8,32,outer_0,0,1.2468332358898413,,0.01445149999926798,,6,7749,7739,520,ridge,8.982760040998983
development,False,global_onehot,CU,machine03,8,32,outer_0,0,1.2327861402607778,,0.013571749997936422,unknown_entity_zero_onehot,6,7749,7739,520,ridge,8.982760416001838
development,False,global_residual_no_head,CU,machine03,8,32,outer_0,0,1.2327861402607778,,0.015835125002922723,global_only_for_unseen,6,7749,7739,520,ridge,8.982760791001056
development,False,global_residual_cal0,CU,machine03,8,32,outer_0,0,1.2327861402607778,,0.014810500000749016,cal_available=7739,6,7749,7739,520,ridge,8.982761125000252
development,False,global_residual_cal64,CU,machine03,8,32,outer_0,64,3.1413761741901443,,2.583609207998961,cal_available=7739,6,7749,7739,520,ridge,8.982761375002156
development,False,global_residual_cal256,CU,machine03,8,32,outer_0,256,1.7739732086496174,,2.446215082996787,cal_available=7739,6,7749,7739,520,ridge,8.982761582999956
development,False,global_residual_cal1024,CU,machine03,8,32,outer_0,1024,1.6046700486882417,,2.6707070839984226,cal_available=7739,6,7749,7739,520,ridge,8.982761791001394
development,False,persistence_local,CU,machine04,1,32,outer_0,0,2.919662451184055,,0.0,,6,7700,7736,576,ridge,1.6895431669981917
development,False,global_pooled,CU,machine04,1,32,outer_0,0,4.948764404204034,,0.013494625000021188,,6,7700,7736,576,ridge,1.6895438749997993
development,False,global_onehot,CU,machine04,1,32,outer_0,0,4.7885199478720395,,0.013124000000971137,unknown_entity_zero_onehot,6,7700,7736,576,ridge,1.689544417000434
development,False,global_residual_no_head,CU,machine04,1,32,outer_0,0,4.7885199478720395,,0.014005584002006799,global_only_for_unseen,6,7700,7736,576,ridge,1.689545041997917
development,False,global_residual_cal0,CU,machine04,1,32,outer_0,0,4.7885199478720395,,0.01286545900074998,cal_available=7736,6,7700,7736,576,ridge,1.6895456249985727
development,False,global_residual_cal64,CU,machine04,1,32,outer_0,64,111.77692324473438,,0.28306741599953966,cal_available=7736,6,7700,7736,576,ridge,1.6895460829982767
development,False,global_residual_cal256,CU,machine04,1,32,outer_0,256,48.276520331815995,,0.33478708300026483,cal_available=7736,6,7700,7736,576,ridge,1.6895464579974941
development,False,global_residual_cal1024,CU,machine04,1,32,outer_0,1024,13.997254910764186,,0.32162912499916274,cal_available=7736,6,7700,7736,576,ridge,1.689546874997177
development,False,persistence_local,CU,machine04,8,32,outer_0,0,2.920863433444366,,0.0,,6,7581,7617,688,ridge,9.737865125000098
development,False,global_pooled,CU,machine04,8,32,outer_0,0,4.9496578104670785,,0.015510583001741907,,6,7581,7617,688,ridge,9.737866040999506
development,False,global_onehot,CU,machine04,8,32,outer_0,0,4.790267101572104,,0.015378042000520509,unknown_entity_zero_onehot,6,7581,7617,688,ridge,9.737866833002045
development,False,global_residual_no_head,CU,machine04,8,32,outer_0,0,4.790267101572104,,0.01865449999968405,global_only_for_unseen,6,7581,7617,688,ridge,9.737867208001262
development,False,global_residual_cal0,CU,machine04,8,32,outer_0,0,4.790267101572104,,0.019634874999610474,cal_available=7617,6,7581,7617,688,ridge,9.737867541000014
development,False,global_residual_cal64,CU,machine04,8,32,outer_0,64,139.32555739945815,,2.764367250001669,cal_available=7617,6,7581,7617,688,ridge,9.737867750001897
development,False,global_residual_cal256,CU,machine04,8,32,outer_0,256,54.36391277101145,,2.609019500003342,cal_available=7617,6,7581,7617,688,ridge,9.737868250002066
development,False,global_residual_cal1024,CU,machine04,8,32,outer_0,1024,13.726231558935938,,2.7782244160007394,cal_available=7617,6,7581,7617,688,ridge,9.737868457999866
development,False,persistence_local,CU,machine05,1,32,outer_0,0,0.8958373749344225,,0.0,,6,7629,7705,647,ridge,1.9938223339995602
development,False,global_pooled,CU,machine05,1,32,outer_0,0,0.7056693186221171,,0.0148345830020844,,6,7629,7705,647,ridge,1.9938230839979951
development,False,global_onehot,CU,machine05,1,32,outer_0,0,0.7069059449156948,,0.015087499999935972,unknown_entity_zero_onehot,6,7629,7705,647,ridge,1.9938236249981856
development,False,global_residual_no_head,CU,machine05,1,32,outer_0,0,0.7069059449156948,,0.015393375000712695,global_only_for_unseen,6,7629,7705,647,ridge,1.993824000001041
development,False,global_residual_cal0,CU,machine05,1,32,outer_0,0,0.7069059449156948,,0.015575000001263106,cal_available=7705,6,7629,7705,647,ridge,1.9938242089992855
development,False,global_residual_cal64,CU,machine05,1,32,outer_0,64,0.8631392711475359,,0.400324833997729,cal_available=7705,6,7629,7705,647,ridge,1.993824583998503
development,False,global_residual_cal256,CU,machine05,1,32,outer_0,256,0.6609107333987739,,0.3463857079987065,cal_available=7705,6,7629,7705,647,ridge,1.9938248340004066
development,False,global_residual_cal1024,CU,machine05,1,32,outer_0,1024,0.598923461511909,,0.344109165998816,cal_available=7705,6,7629,7705,647,ridge,1.9938250419982069
development,False,persistence_local,CU,machine05,8,32,outer_0,0,0.8951965104420233,,0.0,,6,7489,7579,780,ridge,18.195352583003114
development,False,global_pooled,CU,machine05,8,32,outer_0,0,0.7047908650315533,,0.019300832998851547,,6,7489,7579,780,ridge,18.195354000003135
development,False,global_onehot,CU,machine05,8,32,outer_0,0,0.7061387195809551,,0.018150458003219683,unknown_entity_zero_onehot,6,7489,7579,780,ridge,18.19535495800301
development,False,global_residual_no_head,CU,machine05,8,32,outer_0,0,0.7061387195809551,,0.017391875000612345,global_only_for_unseen,6,7489,7579,780,ridge,18.19535587500286
development,False,global_residual_cal0,CU,machine05,8,32,outer_0,0,0.7061387195809551,,0.08359524999832502,cal_available=7579,6,7489,7579,780,ridge,18.195356500000344
development,False,global_residual_cal64,CU,machine05,8,32,outer_0,64,0.8467662304346368,,4.01830320800218,cal_available=7579,6,7489,7579,780,ridge,18.19535737500337
development,False,global_residual_cal256,CU,machine05,8,32,outer_0,256,0.6579997567478153,,5.538437916999101,cal_available=7579,6,7489,7579,780,ridge,18.195358250002755
development,False,global_residual_cal1024,CU,machine05,8,32,outer_0,1024,0.5991647758062412,,6.2404539580020355,cal_available=7579,6,7489,7579,780,ridge,18.19535900000119
development,False,persistence_local,CU,machine06,1,32,outer_0,0,0.07307924220492176,,0.0,,6,7814,7639,462,ridge,4.070226583000476
development,False,global_pooled,CU,machine06,1,32,outer_0,0,1.563130778612173,,0.043046792001405265,,6,7814,7639,462,ridge,4.070227332998911
development,False,global_onehot,CU,machine06,1,32,outer_0,0,1.4938679176531775,,0.034379832999547943,unknown_entity_zero_onehot,6,7814,7639,462,ridge,4.070227874999546
development,False,global_residual_no_head,CU,machine06,1,32,outer_0,0,1.4938679176531775,,0.0330368750001071,global_only_for_unseen,6,7814,7639,462,ridge,4.07022833299925
development,False,global_residual_cal0,CU,machine06,1,32,outer_0,0,1.4938679176531775,,0.0351471659996605,cal_available=7639,6,7814,7639,462,ridge,4.0702287499989325
development,False,global_residual_cal64,CU,machine06,1,32,outer_0,64,0.07800374263245441,,0.7786632499992265,cal_available=7639,6,7814,7639,462,ridge,4.070229582997854
development,False,global_residual_cal256,CU,machine06,1,32,outer_0,256,0.06790098391338839,,0.7718894169993291,cal_available=7639,6,7814,7639,462,ridge,4.07023024999944
development,False,global_residual_cal1024,CU,machine06,1,32,outer_0,1024,0.062427114314385836,,0.8597452919966599,cal_available=7639,6,7814,7639,462,ridge,4.070230666999123
development,False,persistence_local,CU,machine06,8,32,outer_0,0,0.07317571266767056,,0.0,,6,7709,7514,560,ridge,21.897812208997493
development,False,global_pooled,CU,machine06,8,32,outer_0,0,1.554510381474833,,0.0476018750014191,,6,7709,7514,560,ridge,21.89781358399705
development,False,global_onehot,CU,machine06,8,32,outer_0,0,1.4830266700705916,,0.027664875000482425,unknown_entity_zero_onehot,6,7709,7514,560,ridge,21.897814666997874
development,False,global_residual_no_head,CU,machine06,8,32,outer_0,0,1.4830266700705916,,0.03294762499717763,global_only_for_unseen,6,7709,7514,560,ridge,21.89781554199726
development,False,global_residual_cal0,CU,machine06,8,32,outer_0,0,1.4830266700705916,,0.02374624999720254,cal_available=7514,6,7709,7514,560,ridge,21.89781637499982
development,False,global_residual_cal64,CU,machine06,8,32,outer_0,64,0.06714045637626759,,6.279749875000562,cal_available=7514,6,7709,7514,560,ridge,21.89781737499652
development,False,global_residual_cal256,CU,machine06,8,32,outer_0,256,0.0668082147580898,,6.150824832999206,cal_available=7514,6,7709,7514,560,ridge,21.89781816699906
development,False,global_residual_cal1024,CU,machine06,8,32,outer_0,1024,0.06849718575472141,,6.414173375000246,cal_available=7514,6,7709,7514,560,ridge,21.897818916997494
development,False,persistence_local,CU,machine07,1,32,outer_0,0,1.4965071905754825,,0.0,,6,7583,7744,693,ridge,4.865921791999426
development,False,global_pooled,CU,machine07,1,32,outer_0,0,1.2231401308493064,,0.03629887499846518,,6,7583,7744,693,ridge,4.8659233749967825
development,False,global_onehot,CU,machine07,1,32,outer_0,0,1.1895725023275827,,0.05523729199921945,unknown_entity_zero_onehot,6,7583,7744,693,ridge,4.865924416997586
development,False,global_residual_no_head,CU,machine07,1,32,outer_0,0,1.1895725023275827,,0.051811541998176835,global_only_for_unseen,6,7583,7744,693,ridge,4.865925499998411
development,False,global_residual_cal0,CU,machine07,1,32,outer_0,0,1.1895725023275827,,0.02248666699961177,cal_available=7744,6,7583,7744,693,ridge,4.86592649999875
development,False,global_residual_cal64,CU,machine07,1,32,outer_0,64,1.28776980579125,,0.9260473750000529,cal_available=7744,6,7583,7744,693,ridge,4.865927416998602
development,False,global_residual_cal256,CU,machine07,1,32,outer_0,256,1.0023003977416887,,0.9270035000008647,cal_available=7744,6,7583,7744,693,ridge,4.865928166997037
development,False,global_residual_cal1024,CU,machine07,1,32,outer_0,1024,0.9482123358942461,,0.8965459169994574,cal_available=7744,6,7583,7744,693,ridge,4.865928999999596
development,False,persistence_local,CU,machine07,8,32,outer_0,0,1.4970424141650123,,0.0,,6,7430,7625,839,ridge,25.861490040999342
development,False,global_pooled,CU,machine07,8,32,outer_0,0,1.2263929312171615,,0.032223166002950165,,6,7430,7625,839,ridge,25.86149070800093
development,False,global_onehot,CU,machine07,8,32,outer_0,0,1.19183438651003,,0.03433166600007098,unknown_entity_zero_onehot,6,7430,7625,839,ridge,25.861491374998877
development,False,global_residual_no_head,CU,machine07,8,32,outer_0,0,1.19183438651003,,0.0380912079999689,global_only_for_unseen,6,7430,7625,839,ridge,25.861491874999047
development,False,global_residual_cal0,CU,machine07,8,32,outer_0,0,1.19183438651003,,0.040170917000068584,cal_available=7625,6,7430,7625,839,ridge,25.86149216600097
development,False,global_residual_cal64,CU,machine07,8,32,outer_0,64,1.3123796616247199,,6.910419040999841,cal_available=7625,6,7430,7625,839,ridge,25.86149262500112
development,False,global_residual_cal256,CU,machine07,8,32,outer_0,256,0.9995680660638911,,8.002745415997197,cal_available=7625,6,7430,7625,839,ridge,25.86149312500129
development,False,global_residual_cal1024,CU,machine07,8,32,outer_0,1024,0.9523157310902298,,7.436993957999221,cal_available=7625,6,7430,7625,839,ridge,25.861493415999576
development,False,persistence_local,UM,machine01,1,32,outer_0,0,427187034.20009667,1.456967680258598,0.0,,6,8276,8244,0,ridge,4.214572374999989
development,False,global_pooled,UM,machine01,1,32,outer_0,0,3444666484.1546855,11.748408389971349,0.04152958299891907,,6,8276,8244,0,ridge,4.214573540997662
development,False,global_onehot,UM,machine01,1,32,outer_0,0,8215323806.716972,28.019252250149297,0.028887042000860674,unknown_entity_zero_onehot,6,8276,8244,0,ridge,4.21457449999798
development,False,global_residual_no_head,UM,machine01,1,32,outer_0,0,8215323806.716972,28.019252250149297,0.029584750001959037,global_only_for_unseen,6,8276,8244,0,ridge,4.214575124999101
development,False,global_residual_cal0,UM,machine01,1,32,outer_0,0,8215323806.716972,28.019252250149297,0.027743708997149952,cal_available=8244,6,8276,8244,0,ridge,4.214575833000708
development,False,global_residual_cal64,UM,machine01,1,32,outer_0,64,4079380327.6474056,13.913168745849674,0.7752708329971938,cal_available=8244,6,8276,8244,0,ridge,4.214576374997705
development,False,global_residual_cal256,UM,machine01,1,32,outer_0,256,2131275242.7382672,7.26894521089435,0.7535638750014186,cal_available=8244,6,8276,8244,0,ridge,4.214577040998847
development,False,global_residual_cal1024,UM,machine01,1,32,outer_0,1024,1730716647.6515777,5.9027967083212705,0.9067535829999542,cal_available=8244,6,8276,8244,0,ridge,4.214577665999968
development,False,persistence_local,UM,machine01,8,32,outer_0,0,426663790.3688475,1.4551831004610107,0.0,,6,8269,8230,0,ridge,22.44690199999968
development,False,global_pooled,UM,machine01,8,32,outer_0,0,3438717772.6262293,11.728119664560074,0.047506874998362036,,6,8269,8230,0,ridge,22.44690287499907
development,False,global_onehot,UM,machine01,8,32,outer_0,0,8199793431.63274,27.966284222684724,0.03572754199922201,unknown_entity_zero_onehot,6,8269,8230,0,ridge,22.446903665997525
development,False,global_residual_no_head,UM,machine01,8,32,outer_0,0,8199793431.63274,27.966284222684724,0.04540366599758272,global_only_for_unseen,6,8269,8230,0,ridge,22.446904249998624
development,False,global_residual_cal0,UM,machine01,8,32,outer_0,0,8199793431.63274,27.966284222684724,0.036465332999796374,cal_available=8230,6,8269,8230,0,ridge,22.446904624997842
development,False,global_residual_cal64,UM,machine01,8,32,outer_0,64,10187327662.11692,34.744985132101135,6.819868875001703,cal_available=8230,6,8269,8230,0,ridge,22.446904958000232
development,False,global_residual_cal256,UM,machine01,8,32,outer_0,256,2147295926.3970761,7.323585488893983,6.000401834000513,cal_available=8230,6,8269,8230,0,ridge,22.44690533299945
development,False,global_residual_cal1024,UM,machine01,8,32,outer_0,1024,858802894.153944,2.929040350762966,6.443855708999763,cal_available=8230,6,8269,8230,0,ridge,22.4469056659982
development,False,persistence_local,UM,machine02,1,32,outer_0,0,161552380.5355244,1.0558433964184177,0.0,,6,8276,8244,0,ridge,4.81619320900063
development,False,global_pooled,UM,machine02,1,32,outer_0,0,3380888449.5876274,22.09616925291575,0.02630370800034143,,6,8276,8244,0,ridge,4.816193958999065
development,False,global_onehot,UM,machine02,1,32,outer_0,0,16616415099.401348,108.5984130762611,0.032969290998153156,unknown_entity_zero_onehot,6,8276,8244,0,ridge,4.8161944589992345
development,False,global_residual_no_head,UM,machine02,1,32,outer_0,0,16616415099.401348,108.5984130762611,0.03261904099781532,global_only_for_unseen,6,8276,8244,0,ridge,4.81619504199989
development,False,global_residual_cal0,UM,machine02,1,32,outer_0,0,16616415099.401348,108.5984130762611,0.024739166001381818,cal_available=8244,6,8276,8244,0,ridge,4.8161955420000595
development,False,global_residual_cal64,UM,machine02,1,32,outer_0,64,1678902097.0577343,10.972649777956354,0.8665032089993474,cal_available=8244,6,8276,8244,0,ridge,4.816195999999763
development,False,global_residual_cal256,UM,machine02,1,32,outer_0,256,794676183.3111453,5.193693820287359,1.0468145419981738,cal_available=8244,6,8276,8244,0,ridge,4.816196584000863
development,False,global_residual_cal1024,UM,machine02,1,32,outer_0,1024,837493777.1540052,5.473532926090992,0.899881874996936,cal_available=8244,6,8276,8244,0,ridge,4.816197042000567
development,False,persistence_local,UM,machine02,8,32,outer_0,0,161642103.9351796,1.0564297935901346,0.0,,6,8269,8230,0,ridge,23.770312042001024
development,False,global_pooled,UM,machine02,8,32,outer_0,0,3381454947.860371,22.099871664841693,0.027301917001750553,,6,8269,8230,0,ridge,23.770313000000897
development,False,global_onehot,UM,machine02,8,32,outer_0,0,16608004639.317774,108.54344558701304,0.0350544169996283,unknown_entity_zero_onehot,6,8269,8230,0,ridge,23.77031354200153
development,False,global_residual_no_head,UM,machine02,8,32,outer_0,0,16608004639.317774,108.54344558701304,0.03809075000026496,global_only_for_unseen,6,8269,8230,0,ridge,23.770313959001214
development,False,global_residual_cal0,UM,machine02,8,32,outer_0,0,16608004639.317774,108.54344558701304,0.028649541000049794,cal_available=8230,6,8269,8230,0,ridge,23.770314583998697
development,False,global_residual_cal64,UM,machine02,8,32,outer_0,64,2112231239.1553533,13.804720166784959,7.674209084001632,cal_available=8230,6,8269,8230,0,ridge,23.770314917001087
development,False,global_residual_cal256,UM,machine02,8,32,outer_0,256,847587576.3666646,5.539502063829055,6.1927443329987,cal_available=8230,6,8269,8230,0,ridge,23.770315417001257
development,False,global_residual_cal1024,UM,machine02,8,32,outer_0,1024,834153879.8144388,5.4517046587574685,6.924500417000672,cal_available=8230,6,8269,8230,0,ridge,23.77031575000001
development,False,persistence_local,UM,machine03,1,32,outer_0,0,418972285.46350896,1.5398695394670656,0.0,,6,8276,8244,0,ridge,5.017073041999538
development,False,global_pooled,UM,machine03,1,32,outer_0,0,4053298143.0823073,14.897286912440613,0.03289770799892722,,6,8276,8244,0,ridge,5.017074125000363
development,False,global_onehot,UM,machine03,1,32,outer_0,0,8661894510.593838,31.83548882280937,0.030934709000575822,unknown_entity_zero_onehot,6,8276,8244,0,ridge,5.017074916999263
development,False,global_residual_no_head,UM,machine03,1,32,outer_0,0,8661894510.593838,31.83548882280937,0.03310891599903698,global_only_for_unseen,6,8276,8244,0,ridge,5.01707579199865
development,False,global_residual_cal0,UM,machine03,1,32,outer_0,0,8661894510.593838,31.83548882280937,0.042887250001513166,cal_available=8244,6,8276,8244,0,ridge,5.017076583000744
development,False,global_residual_cal64,UM,machine03,1,32,outer_0,64,24291817456.83086,89.2809168002262,0.9211002080010076,cal_available=8244,6,8276,8244,0,ridge,5.017077166998206
development,False,global_residual_cal256,UM,machine03,1,32,outer_0,256,7354712466.92361,27.031138078322222,1.3214563749970694,cal_available=8244,6,8276,8244,0,ridge,5.017078082997614
development,False,global_residual_cal1024,UM,machine03,1,32,outer_0,1024,1715357656.4930594,6.304538739604368,0.8605342080008995,cal_available=8244,6,8276,8244,0,ridge,5.017078541997762
development,False,persistence_local,UM,machine03,8,32,outer_0,0,417612361.4966743,1.5348713437267358,0.0,,6,8269,8230,0,ridge,24.032096916998853
development,False,global_pooled,UM,machine03,8,32,outer_0,0,4039045718.53668,14.844904272388218,0.03300650000164751,,6,8269,8230,0,ridge,24.03209779199824
development,False,global_onehot,UM,machine03,8,32,outer_0,0,8644330685.687695,31.770935629417156,0.03983337500176276,unknown_entity_zero_onehot,6,8269,8230,0,ridge,24.03209829199841
development,False,global_residual_no_head,UM,machine03,8,32,outer_0,0,8644330685.687695,31.770935629417156,0.04811395799697493,global_only_for_unseen,6,8269,8230,0,ridge,24.032098749998113
development,False,global_residual_cal0,UM,machine03,8,32,outer_0,0,8644330685.687695,31.770935629417156,0.03477216700048302,cal_available=8230,6,8269,8230,0,ridge,24.03209933299877
development,False,global_residual_cal64,UM,machine03,8,32,outer_0,64,990025781.327273,3.638690664864345,6.905222958001104,cal_available=8230,6,8269,8230,0,ridge,24.032099791998917
development,False,global_residual_cal256,UM,machine03,8,32,outer_0,256,640985624.4471811,2.3558461324727826,7.019982042002084,cal_available=8230,6,8269,8230,0,ridge,24.032100582997373
development,False,global_residual_cal1024,UM,machine03,8,32,outer_0,1024,547466796.5764071,2.012131764240636,6.645227041997714,cal_available=8230,6,8269,8230,0,ridge,24.032101000000694
development,False,persistence_local,UM,machine04,1,32,outer_0,0,428567797.97776705,1.6875925347996958,0.0,,6,8276,8244,0,ridge,4.764831707998383
development,False,global_pooled,UM,machine04,1,32,outer_0,0,10330986038.861736,40.6808327610452,0.037225125000986736,,6,8276,8244,0,ridge,4.764832624998235
development,False,global_onehot,UM,machine04,1,32,outer_0,0,49448554935.334076,194.71601123384346,0.03164391699829139,unknown_entity_zero_onehot,6,8276,8244,0,ridge,4.764833332999842
development,False,global_residual_no_head,UM,machine04,1,32,outer_0,0,49448554935.334076,194.71601123384346,0.033178707999468315,global_only_for_unseen,6,8276,8244,0,ridge,4.764833958000963
development,False,global_residual_cal0,UM,machine04,1,32,outer_0,0,49448554935.334076,194.71601123384346,0.040287375002662884,cal_available=8244,6,8276,8244,0,ridge,4.764834875000815
development,False,global_residual_cal64,UM,machine04,1,32,outer_0,64,59234202083.4852,233.24943617460508,1.140528040999925,cal_available=8244,6,8276,8244,0,ridge,4.764835833000689
development,False,global_residual_cal256,UM,machine04,1,32,outer_0,256,18528716161.969627,72.96143859129744,0.8441759590023139,cal_available=8244,6,8276,8244,0,ridge,4.7648365829991235
development,False,global_residual_cal1024,UM,machine04,1,32,outer_0,1024,5096609525.343239,20.06917045177638,0.8600272080002469,cal_available=8244,6,8276,8244,0,ridge,4.764837124999758
development,False,persistence_local,UM,machine04,8,32,outer_0,0,427958992.2302576,1.6851952104102106,0.0,,6,8269,8230,0,ridge,26.669771709002816
development,False,global_pooled,UM,machine04,8,32,outer_0,0,10331206455.291191,40.68170070567999,0.5236689580015081,,6,8269,8230,0,ridge,26.669773417001124
development,False,global_onehot,UM,machine04,8,32,outer_0,0,49426029076.71999,194.6273100504684,0.04505229200003669,unknown_entity_zero_onehot,6,8269,8230,0,ridge,26.66977429200051
development,False,global_residual_no_head,UM,machine04,8,32,outer_0,0,49426029076.71999,194.6273100504684,0.029223000001366017,global_only_for_unseen,6,8269,8230,0,ridge,26.669775334001315
development,False,global_residual_cal0,UM,machine04,8,32,outer_0,0,49426029076.71999,194.6273100504684,0.0532627920001687,cal_available=8230,6,8269,8230,0,ridge,26.669776209000702
development,False,global_residual_cal64,UM,machine04,8,32,outer_0,64,81192390960.75215,319.7152784563899,8.554388417000155,cal_available=8230,6,8269,8230,0,ridge,26.669776959002775
development,False,global_residual_cal256,UM,machine04,8,32,outer_0,256,25561102430.214794,100.6532125045911,6.957808166000177,cal_available=8230,6,8269,8230,0,ridge,26.669777959003113
development,False,global_residual_cal1024,UM,machine04,8,32,outer_0,1024,6514447661.950598,25.652261543041757,6.31855799999903,cal_available=8230,6,8269,8230,0,ridge,26.669778709001548
development,False,persistence_local,UM,machine05,1,32,outer_0,0,65390985.46544224,1.085365476327342,0.0,,6,8276,8244,0,ridge,4.204210833999241
development,False,global_pooled,UM,machine05,1,32,outer_0,0,9067878658.383392,150.509468075475,0.02656895799736958,,6,8276,8244,0,ridge,4.204211708998628
development,False,global_onehot,UM,machine05,1,32,outer_0,0,32347863585.443512,536.9127582140703,0.02732408299925737,unknown_entity_zero_onehot,6,8276,8244,0,ridge,4.204212416996597
development,False,global_residual_no_head,UM,machine05,1,32,outer_0,0,32347863585.443512,536.9127582140703,0.03777670800263877,global_only_for_unseen,6,8276,8244,0,ridge,4.204212833999918
development,False,global_residual_cal0,UM,machine05,1,32,outer_0,0,32347863585.443512,536.9127582140703,0.03402858300250955,cal_available=8244,6,8276,8244,0,ridge,4.204213291999622
development,False,global_residual_cal64,UM,machine05,1,32,outer_0,64,296321054.3202706,4.9183635936807875,0.7896010420008679,cal_available=8244,6,8276,8244,0,ridge,4.2042136669988395
development,False,global_residual_cal256,UM,machine05,1,32,outer_0,256,151169101.97278073,2.5091183930141745,0.7920103750002454,cal_available=8244,6,8276,8244,0,ridge,4.204214124998543
development,False,global_residual_cal1024,UM,machine05,1,32,outer_0,1024,188507071.0529752,3.1288573724372273,0.8039854999988165,cal_available=8244,6,8276,8244,0,ridge,4.20421445899774
development,False,persistence_local,UM,machine05,8,32,outer_0,0,65407610.78340791,1.0856414248548716,0.0,,6,8269,8230,0,ridge,23.86270633300228
development,False,global_pooled,UM,machine05,8,32,outer_0,0,9068001004.919767,150.51149879432384,0.034387916999548906,,6,8269,8230,0,ridge,23.86270712500118
development,False,global_onehot,UM,machine05,8,32,outer_0,0,32328133752.144325,536.5852806609457,0.029067958999803523,unknown_entity_zero_onehot,6,8269,8230,0,ridge,23.86270783299915
development,False,global_residual_no_head,UM,machine05,8,32,outer_0,0,32328133752.144325,536.5852806609457,0.041406625001400243,global_only_for_unseen,6,8269,8230,0,ridge,23.862708208002005
development,False,global_residual_cal0,UM,machine05,8,32,outer_0,0,32328133752.144325,536.5852806609457,0.03845987499880721,cal_available=8230,6,8269,8230,0,ridge,23.862708749999
development,False,global_residual_cal64,UM,machine05,8,32,outer_0,64,353897693.8963352,5.874025851926285,6.2721075840017875,cal_available=8230,6,8269,8230,0,ridge,23.862709125001857
development,False,global_residual_cal256,UM,machine05,8,32,outer_0,256,151544299.41234633,2.5153459539663814,6.382283458999154,cal_available=8230,6,8269,8230,0,ridge,23.862709625002026
development,False,global_residual_cal1024,UM,machine05,8,32,outer_0,1024,189750901.04289243,3.149502574828162,8.078645875000802,cal_available=8230,6,8269,8230,0,ridge,23.86271008300173
development,False,persistence_local,UM,machine06,1,32,outer_0,0,5845676.481391977,1.1095540129008454,0.0,,6,8276,8244,0,ridge,4.5166912080021575
development,False,global_pooled,UM,machine06,1,32,outer_0,0,22427194640.809616,4256.852716880631,0.03236129099968821,,6,8276,8244,0,ridge,4.516692167002475
development,False,global_onehot,UM,machine06,1,32,outer_0,0,39385443060.147484,7475.6576995616515,0.03369645799830323,unknown_entity_zero_onehot,6,8276,8244,0,ridge,4.516692958000931
development,False,global_residual_no_head,UM,machine06,1,32,outer_0,0,39385443060.147484,7475.6576995616515,0.037891083000431536,global_only_for_unseen,6,8276,8244,0,ridge,4.516693708003004
development,False,global_residual_cal0,UM,machine06,1,32,outer_0,0,39385443060.147484,7475.6576995616515,0.030446249998931307,cal_available=8244,6,8276,8244,0,ridge,4.5166942500000005
development,False,global_residual_cal64,UM,machine06,1,32,outer_0,64,71729023.71753201,13.614716168537639,0.811453917001927,cal_available=8244,6,8276,8244,0,ridge,4.516694792000635
development,False,global_residual_cal256,UM,machine06,1,32,outer_0,256,21211805.06681378,4.026162499357028,0.8542311670025811,cal_available=8244,6,8276,8244,0,ridge,4.516695375001291
development,False,global_residual_cal1024,UM,machine06,1,32,outer_0,1024,9919956.351799896,1.882883428971402,0.9538532920014404,cal_available=8244,6,8276,8244,0,ridge,4.516695750000508
development,False,persistence_local,UM,machine06,8,32,outer_0,0,5846095.6265570205,1.1096335698522681,0.0,,6,8269,8230,0,ridge,19.961374292000983
development,False,global_pooled,UM,machine06,8,32,outer_0,0,22426653057.321644,4256.749920201015,0.04052949999822886,,6,8269,8230,0,ridge,19.96137516700037
development,False,global_onehot,UM,machine06,8,32,outer_0,0,39358984809.74838,7470.6357216950855,0.03665366699715378,unknown_entity_zero_onehot,6,8269,8230,0,ridge,19.961375750001025
development,False,global_residual_no_head,UM,machine06,8,32,outer_0,0,39358984809.74838,7470.6357216950855,0.03730629100027727,global_only_for_unseen,6,8269,8230,0,ridge,19.961376334002125
development,False,global_residual_cal0,UM,machine06,8,32,outer_0,0,39358984809.74838,7470.6357216950855,0.03110920800099848,cal_available=8230,6,8269,8230,0,ridge,19.961376916999143
development,False,global_residual_cal64,UM,machine06,8,32,outer_0,64,51977179.67450227,9.86566541454916,5.670577625001897,cal_available=8230,6,8269,8230,0,ridge,19.961377416999312
development,False,global_residual_cal256,UM,machine06,8,32,outer_0,256,16791207.977950033,3.1870994319806734,5.766815082999528,cal_available=8230,6,8269,8230,0,ridge,19.961377874999016
development,False,global_residual_cal1024,UM,machine06,8,32,outer_0,1024,9783805.320176793,1.857040924005744,5.663334542001394,cal_available=8230,6,8269,8230,0,ridge,19.96137825000187
development,False,persistence_local,UM,machine07,1,32,outer_0,0,92111389.94296762,1.0673894840067852,0.0,,6,8276,8244,0,ridge,4.1701724999984435
development,False,global_pooled,UM,machine07,1,32,outer_0,0,2333864926.6136136,27.044895113428137,0.02746100000149454,,6,8276,8244,0,ridge,4.170173667000199
development,False,global_onehot,UM,machine07,1,32,outer_0,0,11090295284.125526,128.51466651556476,0.02407416699861642,unknown_entity_zero_onehot,6,8276,8244,0,ridge,4.170175082999776
development,False,global_residual_no_head,UM,machine07,1,32,outer_0,0,11090295284.125526,128.51466651556476,0.03014870900005917,global_only_for_unseen,6,8276,8244,0,ridge,4.170176042000094
development,False,global_residual_cal0,UM,machine07,1,32,outer_0,0,11090295284.125526,128.51466651556476,0.03001895800116472,cal_available=8244,6,8276,8244,0,ridge,4.170176874999015
development,False,global_residual_cal64,UM,machine07,1,32,outer_0,64,962783794.5738821,11.156766805240999,0.7149587499989138,cal_available=8244,6,8276,8244,0,ridge,4.1701777079979365
development,False,global_residual_cal256,UM,machine07,1,32,outer_0,256,715105988.945286,8.286669140733618,0.8656541669988655,cal_available=8244,6,8276,8244,0,ridge,4.170178374999523
development,False,global_residual_cal1024,UM,machine07,1,32,outer_0,1024,463732278.0100548,5.373743217303755,0.7643553749985585,cal_available=8244,6,8276,8244,0,ridge,4.1701789170001575
development,False,persistence_local,UM,machine07,8,32,outer_0,0,92086887.71266174,1.0671055514444887,0.0,,6,8269,8230,0,ridge,21.089642625000124
development,False,global_pooled,UM,machine07,8,32,outer_0,0,2333648576.4684205,27.042388041610142,0.03507474999787519,,6,8269,8230,0,ridge,21.089643540999532
development,False,global_onehot,UM,machine07,8,32,outer_0,0,11080824622.839909,128.40492021525253,0.032555000001593726,unknown_entity_zero_onehot,6,8269,8230,0,ridge,21.089644290997967
development,False,global_residual_no_head,UM,machine07,8,32,outer_0,0,11080824622.839909,128.40492021525253,0.03688300000067102,global_only_for_unseen,6,8269,8230,0,ridge,21.089644790998136
development,False,global_residual_cal0,UM,machine07,8,32,outer_0,0,11080824622.839909,128.40492021525253,0.03423537499838858,cal_available=8230,6,8269,8230,0,ridge,21.08964516600099
development,False,global_residual_cal64,UM,machine07,8,32,outer_0,64,585283201.3772249,6.782278876723986,5.59001087499928,cal_available=8230,6,8269,8230,0,ridge,21.089645583000674
development,False,global_residual_cal256,UM,machine07,8,32,outer_0,256,814859874.4860752,9.442620087527294,5.989228874997934,cal_available=8230,6,8269,8230,0,ridge,21.089646000000357
development,False,global_residual_cal1024,UM,machine07,8,32,outer_0,1024,464775881.4159157,5.385836524131274,6.66102145900004,cal_available=8230,6,8269,8230,0,ridge,21.089646415999596
development,False,persistence_local,CU,machine01,1,32,outer_1,0,2.351251900923295,,0.0,,6,7847,15518,429,ridge,6.7598539579994394
development,False,global_pooled,CU,machine01,1,32,outer_1,0,2.9731006172075953,,0.0477157499990426,,6,7847,15518,429,ridge,6.759855457999947
development,False,global_onehot,CU,machine01,1,32,outer_1,0,2.8718259540860007,,0.03661162500065984,unknown_entity_zero_onehot,6,7847,15518,429,ridge,6.759856583001238
development,False,global_residual_no_head,CU,machine01,1,32,outer_1,0,2.8718259540860007,,0.036939792000339366,global_only_for_unseen,6,7847,15518,429,ridge,6.7598576250020415
development,False,global_residual_cal0,CU,machine01,1,32,outer_1,0,2.8718259540860007,,0.037988541000231635,cal_available=15518,6,7847,15518,429,ridge,6.759858666002401
development,False,global_residual_cal64,CU,machine01,1,32,outer_1,64,8.031802994738918,,0.9940122080006404,cal_available=15518,6,7847,15518,429,ridge,6.759859375000815
development,False,global_residual_cal256,CU,machine01,1,32,outer_1,256,6.891713220902126,,0.7944728330003272,cal_available=15518,6,7847,15518,429,ridge,6.7598600830024225
development,False,global_residual_cal1024,CU,machine01,1,32,outer_1,1024,3.06386585298724,,0.814322792000894,cal_available=15518,6,7847,15518,429,ridge,6.759860833000857
development,False,persistence_local,CU,machine01,8,32,outer_1,0,2.3581109103524627,,0.0,,6,7749,15287,520,ridge,21.987858291999146
development,False,global_pooled,CU,machine01,8,32,outer_1,0,2.9723827380689056,,0.030266999998275423,,6,7749,15287,520,ridge,21.98785954199775
development,False,global_onehot,CU,machine01,8,32,outer_1,0,2.8712404701235066,,0.030164249998051673,unknown_entity_zero_onehot,6,7749,15287,520,ridge,21.98786016699887
development,False,global_residual_no_head,CU,machine01,8,32,outer_1,0,2.8712404701235066,,0.03362529100195388,global_only_for_unseen,6,7749,15287,520,ridge,21.98786087500048
development,False,global_residual_cal0,CU,machine01,8,32,outer_1,0,2.8712404701235066,,0.028468417000112822,cal_available=15287,6,7749,15287,520,ridge,21.987861624998914
development,False,global_residual_cal64,CU,machine01,8,32,outer_1,64,7.846010766845397,,6.253303999998025,cal_available=15287,6,7749,15287,520,ridge,21.987862334000965
development,False,global_residual_cal256,CU,machine01,8,32,outer_1,256,7.508922286407243,,5.274210791998485,cal_available=15287,6,7749,15287,520,ridge,21.9878630839994
development,False,global_residual_cal1024,CU,machine01,8,32,outer_1,1024,3.066742372505812,,5.353506416002347,cal_available=15287,6,7749,15287,520,ridge,21.98786358399957
development,False,persistence_local,CU,machine02,1,32,outer_1,0,1.978172033540917,,0.0,,6,7847,14852,429,ridge,5.13622545799808
development,False,global_pooled,CU,machine02,1,32,outer_1,0,1.5050933176613515,,0.027876124997419538,,6,7847,14852,429,ridge,5.136226707996684
development,False,global_onehot,CU,machine02,1,32,outer_1,0,1.5039050262351592,,0.02528133400119259,unknown_entity_zero_onehot,6,7847,14852,429,ridge,5.136227457998757
development,False,global_residual_no_head,CU,machine02,1,32,outer_1,0,1.5039050262351592,,0.035042957999394275,global_only_for_unseen,6,7847,14852,429,ridge,5.1362281249967054
development,False,global_residual_cal0,CU,machine02,1,32,outer_1,0,1.5039050262351592,,0.02857104200302274,cal_available=14852,6,7847,14852,429,ridge,5.13622866699734
development,False,global_residual_cal64,CU,machine02,1,32,outer_1,64,5.957865031530187,,0.6995802919991547,cal_available=14852,6,7847,14852,429,ridge,5.136229374998948
development,False,global_residual_cal256,CU,machine02,1,32,outer_1,256,1.5506496827399083,,0.7320854999998119,cal_available=14852,6,7847,14852,429,ridge,5.136229874999117
development,False,global_residual_cal1024,CU,machine02,1,32,outer_1,1024,1.2580229355584966,,0.7032819999985804,cal_available=14852,6,7847,14852,429,ridge,5.136230207997869
development,False,persistence_local,CU,machine02,8,32,outer_1,0,1.973822873557304,,0.0,,6,7749,14502,520,ridge,26.877615625002363
development,False,global_pooled,CU,machine02,8,32,outer_1,0,1.5052722709934,,0.10172391599917319,,6,7749,14502,520,ridge,26.87761704100194
development,False,global_onehot,CU,machine02,8,32,outer_1,0,1.5037094544537482,,0.07559587499781628,unknown_entity_zero_onehot,6,7749,14502,520,ridge,26.87761833300101
development,False,global_residual_no_head,CU,machine02,8,32,outer_1,0,1.5037094544537482,,0.07593670900314464,global_only_for_unseen,6,7749,14502,520,ridge,26.877619375001814
development,False,global_residual_cal0,CU,machine02,8,32,outer_1,0,1.5037094544537482,,0.05683625000165193,cal_available=14502,6,7749,14502,520,ridge,26.877620499999466
development,False,global_residual_cal64,CU,machine02,8,32,outer_1,64,5.508936133074717,,6.605172958999901,cal_available=14502,6,7749,14502,520,ridge,26.877621333002025
development,False,global_residual_cal256,CU,machine02,8,32,outer_1,256,1.4961277868874254,,6.058981041001971,cal_available=14502,6,7749,14502,520,ridge,26.877622125000926
development,False,global_residual_cal1024,CU,machine02,8,32,outer_1,1024,1.2564948608310178,,5.404983165997692,cal_available=14502,6,7749,14502,520,ridge,26.877623000000312
development,False,persistence_local,CU,machine03,1,32,outer_1,0,0.974130246139122,,0.0,,6,7624,15736,652,ridge,5.190261084000667
development,False,global_pooled,CU,machine03,1,32,outer_1,0,1.0407207094157005,,0.0686807919992134,,6,7624,15736,652,ridge,5.1902625000002445
development,False,global_onehot,CU,machine03,1,32,outer_1,0,1.0217050436696584,,0.02634237500024028,unknown_entity_zero_onehot,6,7624,15736,652,ridge,5.1902638749998005
development,False,global_residual_no_head,CU,machine03,1,32,outer_1,0,1.0217050436696584,,0.029474249997292645,global_only_for_unseen,6,7624,15736,652,ridge,5.19026495900107
development,False,global_residual_cal0,CU,machine03,1,32,outer_1,0,1.0217050436696584,,0.03583533400160377,cal_available=15736,6,7624,15736,652,ridge,5.190266000001429
development,False,global_residual_cal64,CU,machine03,1,32,outer_1,64,8.989158186465763,,0.7136304579980788,cal_available=15736,6,7624,15736,652,ridge,5.190266917001281
development,False,global_residual_cal256,CU,machine03,1,32,outer_1,256,1.6260977387950784,,0.6953702499995416,cal_available=15736,6,7624,15736,652,ridge,5.190267500001937
development,False,global_residual_cal1024,CU,machine03,1,32,outer_1,1024,0.7719150578760322,,0.6825887080012762,cal_available=15736,6,7624,15736,652,ridge,5.19026812499942
development,False,persistence_local,CU,machine03,8,32,outer_1,0,0.9744730774412752,,0.0,,6,7488,15554,781,ridge,21.131582124999113
development,False,global_pooled,CU,machine03,8,32,outer_1,0,1.0320310778218265,,0.03125362500213669,,6,7488,15554,781,ridge,21.131583207999938
development,False,global_onehot,CU,machine03,8,32,outer_1,0,1.013402006335357,,0.0338137500002631,unknown_entity_zero_onehot,6,7488,15554,781,ridge,21.131583750000573
development,False,global_residual_no_head,CU,machine03,8,32,outer_1,0,1.013402006335357,,0.030854292002914008,global_only_for_unseen,6,7488,15554,781,ridge,21.13158412499979
development,False,global_residual_cal0,CU,machine03,8,32,outer_1,0,1.013402006335357,,0.030500749999191612,cal_available=15554,6,7488,15554,781,ridge,21.13158475000091
development,False,global_residual_cal64,CU,machine03,8,32,outer_1,64,11.111287668978811,,5.449897292000969,cal_available=15554,6,7488,15554,781,ridge,21.13158512500013
development,False,global_residual_cal256,CU,machine03,8,32,outer_1,256,1.7893485598462624,,5.386437416997069,cal_available=15554,6,7488,15554,781,ridge,21.131585499999346
development,False,global_residual_cal1024,CU,machine03,8,32,outer_1,1024,0.7726141436422841,,5.3642894590011565,cal_available=15554,6,7488,15554,781,ridge,21.13158595799905
development,False,persistence_local,CU,machine04,1,32,outer_1,0,2.1089328801740335,,0.0,,6,7819,15468,457,ridge,5.164030374999129
development,False,global_pooled,CU,machine04,1,32,outer_1,0,3.941636753175517,,0.02496933399743284,,6,7819,15468,457,ridge,5.164031625001371
development,False,global_onehot,CU,machine04,1,32,outer_1,0,3.6757337208261522,,0.02853220900215092,unknown_entity_zero_onehot,6,7819,15468,457,ridge,5.164032459000737
development,False,global_residual_no_head,CU,machine04,1,32,outer_1,0,3.6757337208261522,,0.03143633400031831,global_only_for_unseen,6,7819,15468,457,ridge,5.164033249999193
development,False,global_residual_cal0,CU,machine04,1,32,outer_1,0,3.6757337208261522,,0.0304338749992894,cal_available=15468,6,7819,15468,457,ridge,5.164033749999362
development,False,global_residual_cal64,CU,machine04,1,32,outer_1,64,9.079354106154552,,0.7146846249997907,cal_available=15468,6,7819,15468,457,ridge,5.164034459001414
development,False,global_residual_cal256,CU,machine04,1,32,outer_1,256,6.577711008714363,,0.7550923750022775,cal_available=15468,6,7819,15468,457,ridge,5.164035166999383
development,False,global_residual_cal1024,CU,machine04,1,32,outer_1,1024,2.8420896155046718,,0.6765262500011886,cal_available=15468,6,7819,15468,457,ridge,5.164035583999066
development,False,persistence_local,CU,machine04,8,32,outer_1,0,2.092217353984194,,0.0,,6,7721,15237,548,ridge,21.54560004200175
development,False,global_pooled,CU,machine04,8,32,outer_1,0,3.8771521257371653,,0.031981999996787636,,6,7721,15237,548,ridge,21.545601000001625
development,False,global_onehot,CU,machine04,8,32,outer_1,0,3.610521841447789,,0.03411508299905108,unknown_entity_zero_onehot,6,7721,15237,548,ridge,21.545601792000525
development,False,global_residual_no_head,CU,machine04,8,32,outer_1,0,3.610521841447789,,0.033927000000403496,global_only_for_unseen,6,7721,15237,548,ridge,21.54560258299898
development,False,global_residual_cal0,CU,machine04,8,32,outer_1,0,3.610521841447789,,0.03179600000294158,cal_available=15237,6,7721,15237,548,ridge,21.545603208000102
development,False,global_residual_cal64,CU,machine04,8,32,outer_1,64,13.01289716451279,,5.607049375001225,cal_available=15237,6,7721,15237,548,ridge,21.54560358299932
development,False,global_residual_cal256,CU,machine04,8,32,outer_1,256,6.595488492165085,,5.375870000003488,cal_available=15237,6,7721,15237,548,ridge,21.54560420800044
development,False,global_residual_cal1024,CU,machine04,8,32,outer_1,1024,2.761820541400428,,5.729383375000907,cal_available=15237,6,7721,15237,548,ridge,21.545604541999637
development,False,persistence_local,CU,machine05,1,32,outer_1,0,0.8818965841775906,,0.0,,6,7838,15395,438,ridge,5.050097999999707
development,False,global_pooled,CU,machine05,1,32,outer_1,0,0.7222878140863647,,0.030391708998649847,,6,7838,15395,438,ridge,5.050099375002901
development,False,global_onehot,CU,machine05,1,32,outer_1,0,0.7191538888781773,,0.029783041998598492,unknown_entity_zero_onehot,6,7838,15395,438,ridge,5.050100500000553
development,False,global_residual_no_head,CU,machine05,1,32,outer_1,0,0.7191538888781773,,0.028962000000319676,global_only_for_unseen,6,7838,15395,438,ridge,5.050101667002309
development,False,global_residual_cal0,CU,machine05,1,32,outer_1,0,0.7191538888781773,,0.030494958002236672,cal_available=15395,6,7838,15395,438,ridge,5.050102708002669
development,False,global_residual_cal64,CU,machine05,1,32,outer_1,64,0.9344017374525937,,0.6947143750003306,cal_available=15395,6,7838,15395,438,ridge,5.050103667002986
development,False,global_residual_cal256,CU,machine05,1,32,outer_1,256,0.7465596021026748,,0.7142884999993839,cal_available=15395,6,7838,15395,438,ridge,5.050104583002394
development,False,global_residual_cal1024,CU,machine05,1,32,outer_1,1024,0.6370976538621377,,0.6870706670015352,cal_available=15395,6,7838,15395,438,ridge,5.050105292000808
development,False,persistence_local,CU,machine05,8,32,outer_1,0,0.8819300723665146,,0.0,,6,7740,15143,529,ridge,21.603540041000088
development,False,global_pooled,CU,machine05,8,32,outer_1,0,0.7208741940241641,,0.031674041998485336,,6,7740,15143,529,ridge,21.60354108300089
development,False,global_onehot,CU,machine05,8,32,outer_1,0,0.7178852607779513,,0.030098916999122594,unknown_entity_zero_onehot,6,7740,15143,529,ridge,21.60354166599791
development,False,global_residual_no_head,CU,machine05,8,32,outer_1,0,0.7178852607779513,,0.030587834000471048,global_only_for_unseen,6,7740,15143,529,ridge,21.603542207998544
development,False,global_residual_cal0,CU,machine05,8,32,outer_1,0,0.7178852607779513,,0.04121649999797228,cal_available=15143,6,7740,15143,529,ridge,21.603542707998713
development,False,global_residual_cal64,CU,machine05,8,32,outer_1,64,0.8183896834792281,,5.462101374996564,cal_available=15143,6,7740,15143,529,ridge,21.603543165998417
development,False,global_residual_cal256,CU,machine05,8,32,outer_1,256,0.738821778821911,,5.517456124998716,cal_available=15143,6,7740,15143,529,ridge,21.603543749999517
development,False,global_residual_cal1024,CU,machine05,8,32,outer_1,1024,0.6367362419286772,,5.608231584003079,cal_available=15143,6,7740,15143,529,ridge,21.603544375000638
development,False,persistence_local,CU,machine06,1,32,outer_1,0,0.0704169623618273,,0.0,,6,7671,15485,605,ridge,5.253806417000305
development,False,global_pooled,CU,machine06,1,32,outer_1,0,1.5728881811707072,,0.030898958000761922,,6,7671,15485,605,ridge,5.25380750000113
development,False,global_onehot,CU,machine06,1,32,outer_1,0,1.5126396496783452,,0.040293333997396985,unknown_entity_zero_onehot,6,7671,15485,605,ridge,5.253808250003203
development,False,global_residual_no_head,CU,machine06,1,32,outer_1,0,1.5126396496783452,,0.02983650000169291,global_only_for_unseen,6,7671,15485,605,ridge,5.253808709003351
development,False,global_residual_cal0,CU,machine06,1,32,outer_1,0,1.5126396496783452,,0.025770542000827845,cal_available=15485,6,7671,15485,605,ridge,5.2538095000018075
development,False,global_residual_cal64,CU,machine06,1,32,outer_1,64,0.14024594323142134,,0.6945679999989807,cal_available=15485,6,7671,15485,605,ridge,5.253809875001025
development,False,global_residual_cal256,CU,machine06,1,32,outer_1,256,0.12444703975954952,,0.7130514580021554,cal_available=15485,6,7671,15485,605,ridge,5.253810209000221
development,False,global_residual_cal1024,CU,machine06,1,32,outer_1,1024,0.09036684555809973,,0.7671406670015131,cal_available=15485,6,7671,15485,605,ridge,5.253810542002611
development,False,persistence_local,CU,machine06,8,32,outer_1,0,0.0706315163347168,,0.0,,6,7538,15262,731,ridge,29.025637458002166
development,False,global_pooled,CU,machine06,8,32,outer_1,0,1.5602800077752619,,0.046246999998402316,,6,7538,15262,731,ridge,29.025639625000622
development,False,global_onehot,CU,machine06,8,32,outer_1,0,1.500225954433897,,0.03350941699682153,unknown_entity_zero_onehot,6,7538,15262,731,ridge,29.02564062500096
development,False,global_residual_no_head,CU,machine06,8,32,outer_1,0,1.500225954433897,,0.035295875000883825,global_only_for_unseen,6,7538,15262,731,ridge,29.025641416003054
development,False,global_residual_cal0,CU,machine06,8,32,outer_1,0,1.500225954433897,,0.04261124999902677,cal_available=15262,6,7538,15262,731,ridge,29.02564212500147
development,False,global_residual_cal64,CU,machine06,8,32,outer_1,64,0.14224339818448864,,7.240083000000595,cal_available=15262,6,7538,15262,731,ridge,29.02564266600166
development,False,global_residual_cal256,CU,machine06,8,32,outer_1,256,0.1263584611005279,,6.307412875001319,cal_available=15262,6,7538,15262,731,ridge,29.025643332999607
development,False,global_residual_cal1024,CU,machine06,8,32,outer_1,1024,0.09048425959629366,,8.93807758299954,cal_available=15262,6,7538,15262,731,ridge,29.02564379100295
development,False,persistence_local,CU,machine07,1,32,outer_1,0,1.4868331652507296,,0.0,,6,7748,15331,528,ridge,6.592118457996548
development,False,global_pooled,CU,machine07,1,32,outer_1,0,1.2138403000466433,,0.027415832999395207,,6,7748,15331,528,ridge,6.592119915996591
development,False,global_onehot,CU,machine07,1,32,outer_1,0,1.1886965441797415,,0.03580566700111376,unknown_entity_zero_onehot,6,7748,15331,528,ridge,6.592121249999764
development,False,global_residual_no_head,CU,machine07,1,32,outer_1,0,1.1886965441797415,,0.03528283299965551,global_only_for_unseen,6,7748,15331,528,ridge,6.592122707999806
development,False,global_residual_cal0,CU,machine07,1,32,outer_1,0,1.1886965441797415,,0.03067179099889472,cal_available=15331,6,7748,15331,528,ridge,6.592123749996972
development,False,global_residual_cal64,CU,machine07,1,32,outer_1,64,1.33832325891102,,0.8186696670018137,cal_available=15331,6,7748,15331,528,ridge,6.592124582999531
development,False,global_residual_cal256,CU,machine07,1,32,outer_1,256,1.0925280079178306,,0.8521399169985671,cal_available=15331,6,7748,15331,528,ridge,6.59212558299987
development,False,global_residual_cal1024,CU,machine07,1,32,outer_1,1024,1.0169880215479246,,1.0302325829979964,cal_available=15331,6,7748,15331,528,ridge,6.592126332998305
development,False,persistence_local,CU,machine07,8,32,outer_1,0,1.4857761360788158,,0.0,,6,7629,15059,640,ridge,22.467833875001816
development,False,global_pooled,CU,machine07,8,32,outer_1,0,1.214185553529913,,0.046889250003005145,,6,7629,15059,640,ridge,22.467835667001054
development,False,global_onehot,CU,machine07,8,32,outer_1,0,1.1886507391497256,,0.06454895799834048,unknown_entity_zero_onehot,6,7629,15059,640,ridge,22.46783683400281
development,False,global_residual_no_head,CU,machine07,8,32,outer_1,0,1.1886507391497256,,0.04065079199790489,global_only_for_unseen,6,7629,15059,640,ridge,22.46783766700173
development,False,global_residual_cal0,CU,machine07,8,32,outer_1,0,1.1886507391497256,,0.04056208299880382,cal_available=15059,6,7629,15059,640,ridge,22.467838542001118
development,False,global_residual_cal64,CU,machine07,8,32,outer_1,64,1.2569508405104828,,5.468447125000239,cal_available=15059,6,7629,15059,640,ridge,22.46783937500004
development,False,global_residual_cal256,CU,machine07,8,32,outer_1,256,1.0854723515936064,,5.102334958999563,cal_available=15059,6,7629,15059,640,ridge,22.467840209003043
development,False,global_residual_cal1024,CU,machine07,8,32,outer_1,1024,1.019223671944981,,5.5867393749977055,cal_available=15059,6,7629,15059,640,ridge,22.46784079200006
development,False,persistence_local,UM,machine01,1,32,outer_1,0,271525107.0082165,0.8253247843385605,0.0,,6,8276,16552,0,ridge,7.063625583999965
development,False,global_pooled,UM,machine01,1,32,outer_1,0,2565262034.3398666,7.797342789370047,0.03302333299870952,,6,8276,16552,0,ridge,7.06362666700079
development,False,global_onehot,UM,machine01,1,32,outer_1,0,12577628458.523245,38.23082369582536,0.04589566599679529,unknown_entity_zero_onehot,6,8276,16552,0,ridge,7.063627459003328
development,False,global_residual_no_head,UM,machine01,1,32,outer_1,0,12577628458.523245,38.23082369582536,0.034373875001620036,global_only_for_unseen,6,8276,16552,0,ridge,7.063628250001784
development,False,global_residual_cal0,UM,machine01,1,32,outer_1,0,12577628458.523245,38.23082369582536,0.02873883299980662,cal_available=16552,6,8276,16552,0,ridge,7.063629125001171
development,False,global_residual_cal64,UM,machine01,1,32,outer_1,64,911644155.6178623,2.771023734855036,1.1676284999994095,cal_available=16552,6,8276,16552,0,ridge,7.063630000000558
development,False,global_residual_cal256,UM,machine01,1,32,outer_1,256,982377490.1627576,2.986024015020827,0.7879524580021098,cal_available=16552,6,8276,16552,0,ridge,7.063630625001679
development,False,global_residual_cal1024,UM,machine01,1,32,outer_1,1024,310362832.2610909,0.943375514791118,0.8584479580022162,cal_available=16552,6,8276,16552,0,ridge,7.063631167002313
development,False,persistence_local,UM,machine01,8,32,outer_1,0,271687768.66658604,0.8258192089595218,0.0,,6,8269,16538,0,ridge,33.43703749999986
development,False,global_pooled,UM,machine01,8,32,outer_1,0,2567639295.9580283,7.8045686881237355,0.03868704200067441,,6,8269,16538,0,ridge,33.437038791002124
development,False,global_onehot,UM,machine01,8,32,outer_1,0,12586852216.501848,38.2588601310131,0.05772166699898662,unknown_entity_zero_onehot,6,8269,16538,0,ridge,33.4370397499988
development,False,global_residual_no_head,UM,machine01,8,32,outer_1,0,12586852216.501848,38.2588601310131,0.04306324999924982,global_only_for_unseen,6,8269,16538,0,ridge,33.437040374999924
development,False,global_residual_cal0,UM,machine01,8,32,outer_1,0,12586852216.501848,38.2588601310131,0.047076375001779525,cal_available=16538,6,8269,16538,0,ridge,33.43704108300153
development,False,global_residual_cal64,UM,machine01,8,32,outer_1,64,1216396564.5538704,3.6973458674678277,9.120677417002298,cal_available=16538,6,8269,16538,0,ridge,33.43704195800092
development,False,global_residual_cal256,UM,machine01,8,32,outer_1,256,1033944554.2994558,3.1427667065403453,7.668667042002198,cal_available=16538,6,8269,16538,0,ridge,33.43704279099984
development,False,global_residual_cal1024,UM,machine01,8,32,outer_1,1024,311114037.04670024,0.9456588687487261,8.100476167001034,cal_available=16538,6,8269,16538,0,ridge,33.43704358300238
development,False,persistence_local,UM,machine02,1,32,outer_1,0,119525364.61672306,0.7648358623810401,0.0,,6,8276,16552,0,ridge,9.746644166996703
development,False,global_pooled,UM,machine02,1,32,outer_1,0,3885573354.867863,24.86355810120121,0.03175766700223903,,6,8276,16552,0,ridge,9.746645082999748
development,False,global_onehot,UM,machine02,1,32,outer_1,0,22114855729.022823,141.51167668199648,0.06352766700001666,unknown_entity_zero_onehot,6,8276,16552,0,ridge,9.74664566699721
development,False,global_residual_no_head,UM,machine02,1,32,outer_1,0,22114855729.022823,141.51167668199648,0.04300816700197174,global_only_for_unseen,6,8276,16552,0,ridge,9.746646374998818
development,False,global_residual_cal0,UM,machine02,1,32,outer_1,0,22114855729.022823,141.51167668199648,0.03159087499807356,cal_available=16552,6,8276,16552,0,ridge,9.74664670799757
development,False,global_residual_cal64,UM,machine02,1,32,outer_1,64,1482528567.0670784,9.486614148664401,1.230443791999278,cal_available=16552,6,8276,16552,0,ridge,9.74664720799774
development,False,global_residual_cal256,UM,machine02,1,32,outer_1,256,714813723.814407,4.574051479771871,1.472906167000474,cal_available=16552,6,8276,16552,0,ridge,9.746647624997422
development,False,global_residual_cal1024,UM,machine02,1,32,outer_1,1024,510753248.79811627,3.2682803584082896,1.0370184159983182,cal_available=16552,6,8276,16552,0,ridge,9.746647957999812
development,False,persistence_local,UM,machine02,8,32,outer_1,0,119587492.63998064,0.7652334159915111,0.0,,6,8269,16538,0,ridge,26.218803957999626
development,False,global_pooled,UM,machine02,8,32,outer_1,0,3883531309.26573,24.850491170059545,0.028653666999161942,,6,8269,16538,0,ridge,26.218805166001403
development,False,global_onehot,UM,machine02,8,32,outer_1,0,22120153724.652996,141.54557824815933,0.035108166997815715,unknown_entity_zero_onehot,6,8269,16538,0,ridge,26.218805958000303
development,False,global_residual_no_head,UM,machine02,8,32,outer_1,0,22120153724.652996,141.54557824815933,0.03386108300037449,global_only_for_unseen,6,8269,16538,0,ridge,26.218806916000176
development,False,global_residual_cal0,UM,machine02,8,32,outer_1,0,22120153724.652996,141.54557824815933,0.032712374999391614,cal_available=16538,6,8269,16538,0,ridge,26.218807790999563
development,False,global_residual_cal64,UM,machine02,8,32,outer_1,64,2442349426.791498,15.62845205338582,6.052972708999732,cal_available=16538,6,8269,16538,0,ridge,26.21880862499893
development,False,global_residual_cal256,UM,machine02,8,32,outer_1,256,772458309.6451236,4.94291583468776,7.029864500000258,cal_available=16538,6,8269,16538,0,ridge,26.218809540998336
development,False,global_residual_cal1024,UM,machine02,8,32,outer_1,1024,512132034.59436697,3.277103128595151,6.988252375002048,cal_available=16538,6,8269,16538,0,ridge,26.218810124999436
development,False,persistence_local,UM,machine03,1,32,outer_1,0,258933652.10633156,0.835608054421693,0.0,,6,8276,16552,0,ridge,6.011751665999327
development,False,global_pooled,UM,machine03,1,32,outer_1,0,2296741267.810973,7.4118427121918735,0.03032408299986855,,6,8276,16552,0,ridge,6.011752540998714
development,False,global_onehot,UM,machine03,1,32,outer_1,0,10447014855.135046,33.713693398296066,0.025742333000380313,unknown_entity_zero_onehot,6,8276,16552,0,ridge,6.011753082999348
development,False,global_residual_no_head,UM,machine03,1,32,outer_1,0,10447014855.135046,33.713693398296066,0.032817417002661387,global_only_for_unseen,6,8276,16552,0,ridge,6.011753540999052
development,False,global_residual_cal0,UM,machine03,1,32,outer_1,0,10447014855.135046,33.713693398296066,0.036778249999770196,cal_available=16552,6,8276,16552,0,ridge,6.011754082999687
development,False,global_residual_cal64,UM,machine03,1,32,outer_1,64,1101221293.3544245,3.5537651245491784,0.7534584999993967,cal_available=16552,6,8276,16552,0,ridge,6.011754666000343
development,False,global_residual_cal256,UM,machine03,1,32,outer_1,256,899955764.0296737,2.904258596474781,0.8628521249993355,cal_available=16552,6,8276,16552,0,ridge,6.011755125000491
development,False,global_residual_cal1024,UM,machine03,1,32,outer_1,1024,346926736.47581875,1.1195716467722028,0.8316843329994299,cal_available=16552,6,8276,16552,0,ridge,6.01175562500066
development,False,persistence_local,UM,machine03,8,32,outer_1,0,259110430.77324948,0.8361785390872623,0.0,,6,8269,16538,0,ridge,26.093024959001923
development,False,global_pooled,UM,machine03,8,32,outer_1,0,2299592012.6393743,7.421042386781621,0.03740220799954841,,6,8269,16538,0,ridge,26.0930263750015
development,False,global_onehot,UM,machine03,8,32,outer_1,0,10453910240.702183,33.73594558402539,0.036448332997679245,unknown_entity_zero_onehot,6,8269,16538,0,ridge,26.09302745900277
development,False,global_residual_no_head,UM,machine03,8,32,outer_1,0,10453910240.702183,33.73594558402539,0.09750100000019302,global_only_for_unseen,6,8269,16538,0,ridge,26.09302829200169
development,False,global_residual_cal0,UM,machine03,8,32,outer_1,0,10453910240.702183,33.73594558402539,0.04468891700162203,cal_available=16538,6,8269,16538,0,ridge,26.093029209001543
development,False,global_residual_cal64,UM,machine03,8,32,outer_1,64,1708834307.0054038,5.5146007442070575,6.44592866700259,cal_available=16538,6,8269,16538,0,ridge,26.09303008400093
development,False,global_residual_cal256,UM,machine03,8,32,outer_1,256,885554364.1863818,2.8577836574079187,6.432033832999878,cal_available=16538,6,8269,16538,0,ridge,26.093031042000803
development,False,global_residual_cal1024,UM,machine03,8,32,outer_1,1024,345697658.0171847,1.1156052721770262,7.056043500000669,cal_available=16538,6,8269,16538,0,ridge,26.09303175000241
development,False,persistence_local,UM,machine04,1,32,outer_1,0,254279738.40115997,0.8718127133307136,0.0,,6,8276,16552,0,ridge,5.930375874999299
development,False,global_pooled,UM,machine04,1,32,outer_1,0,10430559167.609459,35.76177223811659,0.02757500000006985,,6,8276,16552,0,ridge,5.930376749998686
development,False,global_onehot,UM,machine04,1,32,outer_1,0,64694074666.73639,221.80735722893894,0.03247991700118291,unknown_entity_zero_onehot,6,8276,16552,0,ridge,5.930377542001224
development,False,global_residual_no_head,UM,machine04,1,32,outer_1,0,64694074666.73639,221.80735722893894,0.034117208000679966,global_only_for_unseen,6,8276,16552,0,ridge,5.930378084001859
development,False,global_residual_cal0,UM,machine04,1,32,outer_1,0,64694074666.73639,221.80735722893894,0.03981558300074539,cal_available=16552,6,8276,16552,0,ridge,5.930378625002049
development,False,global_residual_cal64,UM,machine04,1,32,outer_1,64,1241354088.001315,4.256053913179828,0.8185127500000817,cal_available=16552,6,8276,16552,0,ridge,5.930379208999511
development,False,global_residual_cal256,UM,machine04,1,32,outer_1,256,1142855528.5897045,3.918345935030473,0.7590055840009882,cal_available=16552,6,8276,16552,0,ridge,5.930379792000167
development,False,global_residual_cal1024,UM,machine04,1,32,outer_1,1024,317485866.4786877,1.0885185600681533,0.8616136250020645,cal_available=16552,6,8276,16552,0,ridge,5.930380292000336
development,False,persistence_local,UM,machine04,8,32,outer_1,0,254491932.45132422,0.8725402328404847,0.0,,6,8269,16538,0,ridge,34.76961229200242
development,False,global_pooled,UM,machine04,8,32,outer_1,0,10429510200.728848,35.75817579481313,0.03777745800107368,,6,8269,16538,0,ridge,34.76961379200293
development,False,global_onehot,UM,machine04,8,32,outer_1,0,64714580327.56871,221.87766206691492,0.03342520799924387,unknown_entity_zero_onehot,6,8269,16538,0,ridge,34.76961491700058
development,False,global_residual_no_head,UM,machine04,8,32,outer_1,0,64714580327.56871,221.87766206691492,0.03189479099819437,global_only_for_unseen,6,8269,16538,0,ridge,34.769616000001406
development,False,global_residual_cal0,UM,machine04,8,32,outer_1,0,64714580327.56871,221.87766206691492,0.03640766700118547,cal_available=16538,6,8269,16538,0,ridge,34.76961695800128
development,False,global_residual_cal64,UM,machine04,8,32,outer_1,64,1254211996.4947555,4.300137992241368,9.547632833000534,cal_available=16538,6,8269,16538,0,ridge,34.7696179170016
development,False,global_residual_cal256,UM,machine04,8,32,outer_1,256,1103778790.8380232,3.7843690913322154,8.656811791999644,cal_available=16538,6,8269,16538,0,ridge,34.769618833001005
development,False,global_residual_cal1024,UM,machine04,8,32,outer_1,1024,316493731.11055166,1.0851169668750635,9.817244458001369,cal_available=16538,6,8269,16538,0,ridge,34.769619458002126
development,False,persistence_local,UM,machine05,1,32,outer_1,0,58718698.96568391,0.9359678461252279,0.0,,6,8276,16552,0,ridge,14.520286166000005
development,False,global_pooled,UM,machine05,1,32,outer_1,0,9121287394.932741,145.39204490742677,0.04623541599721648,,6,8276,16552,0,ridge,14.520290083000873
development,False,global_onehot,UM,machine05,1,32,outer_1,0,50125370010.592026,798.9913848817081,0.07192750000103842,unknown_entity_zero_onehot,6,8276,16552,0,ridge,14.520290833002946
development,False,global_residual_no_head,UM,machine05,1,32,outer_1,0,50125370010.592026,798.9913848817081,0.05472079100218252,global_only_for_unseen,6,8276,16552,0,ridge,14.520291250002629
development,False,global_residual_cal0,UM,machine05,1,32,outer_1,0,50125370010.592026,798.9913848817081,0.10812545900262194,cal_available=16552,6,8276,16552,0,ridge,14.52029208300155
development,False,global_residual_cal64,UM,machine05,1,32,outer_1,64,413395080.9139565,6.589459751278288,2.211980250001943,cal_available=16552,6,8276,16552,0,ridge,14.520292708002671
development,False,global_residual_cal256,UM,machine05,1,32,outer_1,256,124668397.66921803,1.9871968163758909,1.7592684579976776,cal_available=16552,6,8276,16552,0,ridge,14.520293125002354
development,False,global_residual_cal1024,UM,machine05,1,32,outer_1,1024,89166365.33501665,1.4212993880910774,2.1081350419990486,cal_available=16552,6,8276,16552,0,ridge,14.520293458001106
development,False,persistence_local,UM,machine05,8,32,outer_1,0,58718626.31805539,0.9359666881321935,0.0,,6,8269,16538,0,ridge,24.840169167000568
development,False,global_pooled,UM,machine05,8,32,outer_1,0,9119435737.348005,145.36252974459322,0.028524790999654215,,6,8269,16538,0,ridge,24.840170667001075
development,False,global_onehot,UM,machine05,8,32,outer_1,0,50145059307.38415,799.3052295178268,0.03209387499737204,unknown_entity_zero_onehot,6,8269,16538,0,ridge,24.840171249998093
development,False,global_residual_no_head,UM,machine05,8,32,outer_1,0,50145059307.38415,799.3052295178268,0.031837457998335594,global_only_for_unseen,6,8269,16538,0,ridge,24.840172166997945
development,False,global_residual_cal0,UM,machine05,8,32,outer_1,0,50145059307.38415,799.3052295178268,0.03498954200040316,cal_available=16538,6,8269,16538,0,ridge,24.840173000000505
development,False,global_residual_cal64,UM,machine05,8,32,outer_1,64,468289868.64483607,7.464474987327711,6.187156708001567,cal_available=16538,6,8269,16538,0,ridge,24.84017424999911
development,False,global_residual_cal256,UM,machine05,8,32,outer_1,256,133405742.45704938,2.126468869843889,6.411892374999297,cal_available=16538,6,8269,16538,0,ridge,24.84017500000118
development,False,global_residual_cal1024,UM,machine05,8,32,outer_1,1024,88660409.97161643,1.4132345303871632,6.334857084002579,cal_available=16538,6,8269,16538,0,ridge,24.840175499997713
development,False,persistence_local,UM,machine06,1,32,outer_1,0,5359041.886901885,0.9820752577359173,0.0,,6,8276,16552,0,ridge,6.598131291997561
development,False,global_pooled,UM,machine06,1,32,outer_1,0,21157900492.51237,3877.3069921547713,0.03303425000194693,,6,8276,16552,0,ridge,6.59813291699902
development,False,global_onehot,UM,machine06,1,32,outer_1,0,53496128744.425354,9803.473369551815,0.029495958999177674,unknown_entity_zero_onehot,6,8276,16552,0,ridge,6.598133916999359
development,False,global_residual_no_head,UM,machine06,1,32,outer_1,0,53496128744.425354,9803.473369551815,0.03841774999818881,global_only_for_unseen,6,8276,16552,0,ridge,6.598134708998259
development,False,global_residual_cal0,UM,machine06,1,32,outer_1,0,53496128744.425354,9803.473369551815,0.029475999999704072,cal_available=16552,6,8276,16552,0,ridge,6.598135500000353
development,False,global_residual_cal64,UM,machine06,1,32,outer_1,64,22797344.153709076,4.17774447521465,1.0528505420006695,cal_available=16552,6,8276,16552,0,ridge,6.598136333999719
development,False,global_residual_cal256,UM,machine06,1,32,outer_1,256,7867744.525602075,1.4418094494961862,0.8578941659980046,cal_available=16552,6,8276,16552,0,ridge,6.598136999997223
development,False,global_residual_cal1024,UM,machine06,1,32,outer_1,1024,6193576.792063783,1.1350085804030956,0.9200820000005479,cal_available=16552,6,8276,16552,0,ridge,6.598137708999275
development,False,persistence_local,UM,machine06,8,32,outer_1,0,5359287.834562825,0.9821203290597853,0.0,,6,8269,16538,0,ridge,27.454714749997947
development,False,global_pooled,UM,machine06,8,32,outer_1,0,21160932996.979107,3877.862716045087,0.03163187499740161,,6,8269,16538,0,ridge,27.454716457999893
development,False,global_onehot,UM,machine06,8,32,outer_1,0,53531938308.997086,9810.03567828132,0.03143512500173529,unknown_entity_zero_onehot,6,8269,16538,0,ridge,27.454717457996594
development,False,global_residual_no_head,UM,machine06,8,32,outer_1,0,53531938308.997086,9810.03567828132,0.035951249999925494,global_only_for_unseen,6,8269,16538,0,ridge,27.454718499997398
development,False,global_residual_cal0,UM,machine06,8,32,outer_1,0,53531938308.997086,9810.03567828132,0.03148308299932978,cal_available=16538,6,8269,16538,0,ridge,27.45471945799727
development,False,global_residual_cal64,UM,machine06,8,32,outer_1,64,24895369.66327516,4.562219720328808,6.984532542002853,cal_available=16538,6,8269,16538,0,ridge,27.454720166999323
development,False,global_residual_cal256,UM,machine06,8,32,outer_1,256,8374645.211054994,1.534701916436854,7.143635791999259,cal_available=16538,6,8269,16538,0,ridge,27.454721291996975
development,False,global_residual_cal1024,UM,machine06,8,32,outer_1,1024,6159368.890626479,1.1287397856577597,7.089943334001873,cal_available=16538,6,8269,16538,0,ridge,27.454721999998583
development,False,persistence_local,UM,machine07,1,32,outer_1,0,132721523.44127598,1.499539073094308,0.0,,6,8276,16552,0,ridge,6.3561410830006935
development,False,global_pooled,UM,machine07,1,32,outer_1,0,2311087281.1697416,26.11155741426291,0.04177795899886405,,6,8276,16552,0,ridge,6.356141916003253
development,False,global_onehot,UM,machine07,1,32,outer_1,0,12225271530.872684,138.12584322724686,0.029057415998977376,unknown_entity_zero_onehot,6,8276,16552,0,ridge,6.356142500000715
development,False,global_residual_no_head,UM,machine07,1,32,outer_1,0,12225271530.872684,138.12584322724686,0.03295620900098584,global_only_for_unseen,6,8276,16552,0,ridge,6.356143333003274
development,False,global_residual_cal0,UM,machine07,1,32,outer_1,0,12225271530.872684,138.12584322724686,0.02845704200080945,cal_available=16552,6,8276,16552,0,ridge,6.356143708002492
development,False,global_residual_cal64,UM,machine07,1,32,outer_1,64,383899500.34009975,4.337444944685806,0.9618591670005117,cal_available=16552,6,8276,16552,0,ridge,6.356144208002661
development,False,global_residual_cal256,UM,machine07,1,32,outer_1,256,240955627.386745,2.7224098155281338,0.8811929160001455,cal_available=16552,6,8276,16552,0,ridge,6.356144541001413
development,False,global_residual_cal1024,UM,machine07,1,32,outer_1,1024,171599940.91488898,1.9388024615043309,0.861612041000626,cal_available=16552,6,8276,16552,0,ridge,6.3561449160006305
development,False,persistence_local,UM,machine07,8,32,outer_1,0,132709150.24694642,1.4993992759621242,0.0,,6,8269,16538,0,ridge,29.680807332999393
development,False,global_pooled,UM,machine07,8,32,outer_1,0,2313419335.9262676,26.13790587031837,0.03176095800154144,,6,8269,16538,0,ridge,29.68080870799895
development,False,global_onehot,UM,machine07,8,32,outer_1,0,12232052621.114101,138.20245860590987,0.04125387499880162,unknown_entity_zero_onehot,6,8269,16538,0,ridge,29.6808096249988
development,False,global_residual_no_head,UM,machine07,8,32,outer_1,0,12232052621.114101,138.20245860590987,0.04525800000192248,global_only_for_unseen,6,8269,16538,0,ridge,29.680810457997723
development,False,global_residual_cal0,UM,machine07,8,32,outer_1,0,12232052621.114101,138.20245860590987,0.0337405829995987,cal_available=16538,6,8269,16538,0,ridge,29.68081133299711
development,False,global_residual_cal64,UM,machine07,8,32,outer_1,64,711012197.3911359,8.033290635835703,7.81960962499943,cal_available=16538,6,8269,16538,0,ridge,29.68081258299935
development,False,global_residual_cal256,UM,machine07,8,32,outer_1,256,255237228.70717266,2.883768867557191,7.434890583001106,cal_available=16538,6,8269,16538,0,ridge,29.680813415998273
development,False,global_residual_cal1024,UM,machine07,8,32,outer_1,1024,171325142.99704573,1.9356976884100616,7.543457916999614,cal_available=16538,6,8269,16538,0,ridge,29.680813957998907
development,False,persistence_local,CU,machine01,1,32,outer_2,0,2.3738985721882613,,0.0,,6,7685,23397,594,ridge,6.9038879580002686
development,False,global_pooled,CU,machine01,1,32,outer_2,0,3.1082437864431256,,0.023474834000808187,,6,7685,23397,594,ridge,6.903889749999507
development,False,global_onehot,CU,machine01,1,32,outer_2,0,3.0618902921124063,,0.02648974999829079,unknown_entity_zero_onehot,6,7685,23397,594,ridge,6.903890916000819
development,False,global_residual_no_head,CU,machine01,1,32,outer_2,0,3.0618902921124063,,0.03343066700108466,global_only_for_unseen,6,7685,23397,594,ridge,6.903891958001623
development,False,global_residual_cal0,CU,machine01,1,32,outer_2,0,3.0618902921124063,,0.03166200000123354,cal_available=23397,6,7685,23397,594,ridge,6.903892791000544
development,False,global_residual_cal64,CU,machine01,1,32,outer_2,64,4.343571173135431,,0.7005345830002625,cal_available=23397,6,7685,23397,594,ridge,6.903893791000883
development,False,global_residual_cal256,CU,machine01,1,32,outer_2,256,3.695892594405089,,0.7558377090026625,cal_available=23397,6,7685,23397,594,ridge,6.903894458002469
development,False,global_residual_cal1024,CU,machine01,1,32,outer_2,1024,2.716921858047226,,0.7943587080008001,cal_available=23397,6,7685,23397,594,ridge,6.9038951250004175
development,False,persistence_local,CU,machine01,8,32,outer_2,0,2.4003969232396454,,0.0,,6,7552,23075,720,ridge,23.84791016699819
development,False,global_pooled,CU,machine01,8,32,outer_2,0,3.1219838524275776,,0.02841279200220015,,6,7552,23075,720,ridge,23.847911124998063
development,False,global_onehot,CU,machine01,8,32,outer_2,0,3.0751876708705,,0.02890487499826122,unknown_entity_zero_onehot,6,7552,23075,720,ridge,23.847911749999184
development,False,global_residual_no_head,CU,machine01,8,32,outer_2,0,3.0751876708705,,0.03317583399984869,global_only_for_unseen,6,7552,23075,720,ridge,23.847912124998402
development,False,global_residual_cal0,CU,machine01,8,32,outer_2,0,3.0751876708705,,0.03819400000065798,cal_available=23075,6,7552,23075,720,ridge,23.8479127089995
development,False,global_residual_cal64,CU,machine01,8,32,outer_2,64,4.421605816675064,,5.711948208998365,cal_available=23075,6,7552,23075,720,ridge,23.847913166999206
development,False,global_residual_cal256,CU,machine01,8,32,outer_2,256,3.7217237033542037,,5.468374834003043,cal_available=23075,6,7552,23075,720,ridge,23.847913666999375
development,False,global_residual_cal1024,CU,machine01,8,32,outer_2,1024,2.741554870675414,,5.270972749996872,cal_available=23075,6,7552,23075,720,ridge,23.847914041998592
development,False,persistence_local,CU,machine02,1,32,outer_2,0,1.7422030329411198,,0.0,,6,7602,22761,677,ridge,7.280714041000465
development,False,global_pooled,CU,machine02,1,32,outer_2,0,1.3304039353785486,,0.02404858299996704,,6,7602,22761,677,ridge,7.280715500000952
development,False,global_onehot,CU,machine02,1,32,outer_2,0,1.3344568857182542,,0.030105249999905936,unknown_entity_zero_onehot,6,7602,22761,677,ridge,7.280716875000508
development,False,global_residual_no_head,CU,machine02,1,32,outer_2,0,1.3344568857182542,,0.02757283400205779,global_only_for_unseen,6,7602,22761,677,ridge,7.280717749999894
development,False,global_residual_cal0,CU,machine02,1,32,outer_2,0,1.3344568857182542,,0.034072334001393756,cal_available=22761,6,7602,22761,677,ridge,7.280718791000254
development,False,global_residual_cal64,CU,machine02,1,32,outer_2,64,2.1464664137520963,,0.7706736670006649,cal_available=22761,6,7602,22761,677,ridge,7.280720124999789
development,False,global_residual_cal256,CU,machine02,1,32,outer_2,256,1.1936217410655925,,0.7033464580017608,cal_available=22761,6,7602,22761,677,ridge,7.2807211660001485
development,False,global_residual_cal1024,CU,machine02,1,32,outer_2,1024,1.1210214495215585,,0.817406916001346,cal_available=22761,6,7602,22761,677,ridge,7.280721874998562
development,False,persistence_local,CU,machine02,8,32,outer_2,0,1.7378119078564096,,0.0,,6,7462,22327,810,ridge,23.63974799999778
development,False,global_pooled,CU,machine02,8,32,outer_2,0,1.3268162055403896,,0.026167542000621324,,6,7462,22327,810,ridge,23.63974933299687
development,False,global_onehot,CU,machine02,8,32,outer_2,0,1.3307028073119702,,0.031099042000278132,unknown_entity_zero_onehot,6,7462,22327,810,ridge,23.639750499998627
development,False,global_residual_no_head,CU,machine02,8,32,outer_2,0,1.3307028073119702,,0.03152379099992686,global_only_for_unseen,6,7462,22327,810,ridge,23.639751332997548
development,False,global_residual_cal0,CU,machine02,8,32,outer_2,0,1.3307028073119702,,0.03956970800209092,cal_available=22327,6,7462,22327,810,ridge,23.639752125000086
development,False,global_residual_cal64,CU,machine02,8,32,outer_2,64,1.574033726324238,,5.491748250002274,cal_available=22327,6,7462,22327,810,ridge,23.639752915998542
development,False,global_residual_cal256,CU,machine02,8,32,outer_2,256,1.1854601382683119,,5.419535332999658,cal_available=22327,6,7462,22327,810,ridge,23.639753665996977
development,False,global_residual_cal1024,CU,machine02,8,32,outer_2,1024,1.1204887798298528,,5.453512332998798,cal_available=22327,6,7462,22327,810,ridge,23.63975441599905
development,False,persistence_local,CU,machine03,1,32,outer_2,0,2.2674895714418457,,0.0,,6,7883,23372,396,ridge,6.946879625000292
development,False,global_pooled,CU,machine03,1,32,outer_2,0,2.4884008777039517,,0.035182374998839805,,6,7883,23372,396,ridge,6.9468805420001445
development,False,global_onehot,CU,machine03,1,32,outer_2,0,2.4576126716050855,,0.025222500000381842,unknown_entity_zero_onehot,6,7883,23372,396,ridge,6.9468816250009695
development,False,global_residual_no_head,CU,machine03,1,32,outer_2,0,2.4576126716050855,,0.03283495799769298,global_only_for_unseen,6,7883,23372,396,ridge,6.946916166998562
development,False,global_residual_cal0,CU,machine03,1,32,outer_2,0,2.4576126716050855,,0.02558958300141967,cal_available=23372,6,7883,23372,396,ridge,6.946917749999557
development,False,global_residual_cal64,CU,machine03,1,32,outer_2,64,3.9966636115795304,,0.7167811660001462,cal_available=23372,6,7883,23372,396,ridge,6.94691850000163
development,False,global_residual_cal256,CU,machine03,1,32,outer_2,256,2.549361357995539,,0.6860719999967841,cal_available=23372,6,7883,23372,396,ridge,6.946919082998647
development,False,global_residual_cal1024,CU,machine03,1,32,outer_2,1024,2.5019585844999446,,0.8851299160014605,cal_available=23372,6,7883,23372,396,ridge,6.946919875001186
development,False,persistence_local,CU,machine03,8,32,outer_2,0,2.2575758987168495,,0.0,,6,7792,23054,480,ridge,35.22247637499822
development,False,global_pooled,CU,machine03,8,32,outer_2,0,2.470859442265164,,0.05419233399879886,,6,7792,23054,480,ridge,35.222476999999344
development,False,global_onehot,CU,machine03,8,32,outer_2,0,2.440633590018571,,0.07858124999984284,unknown_entity_zero_onehot,6,7792,23054,480,ridge,35.22247737499856
development,False,global_residual_no_head,CU,machine03,8,32,outer_2,0,2.440633590018571,,0.08008300000074087,global_only_for_unseen,6,7792,23054,480,ridge,35.222477791998244
development,False,global_residual_cal0,CU,machine03,8,32,outer_2,0,2.440633590018571,,0.08191145800083177,cal_available=23054,6,7792,23054,480,ridge,35.222478416999365
development,False,global_residual_cal64,CU,machine03,8,32,outer_2,64,3.242817996698678,,12.51979079100056,cal_available=23054,6,7792,23054,480,ridge,35.22247879199858
development,False,global_residual_cal256,CU,machine03,8,32,outer_2,256,2.543964878257873,,4.48799995799709,cal_available=23054,6,7792,23054,480,ridge,35.22247908300051
development,False,global_residual_cal1024,CU,machine03,8,32,outer_2,1024,2.4952764901668516,,3.5193381669996597,cal_available=23054,6,7792,23054,480,ridge,35.222479749998456
development,False,persistence_local,CU,machine04,1,32,outer_2,0,3.6254264075875384,,0.0,,6,7703,23319,576,ridge,5.456756207997387
development,False,global_pooled,CU,machine04,1,32,outer_2,0,5.638703241765137,,0.021064958000351908,,6,7703,23319,576,ridge,5.456756832998508
development,False,global_onehot,CU,machine04,1,32,outer_2,0,5.465687027257805,,0.0229269999981625,unknown_entity_zero_onehot,6,7703,23319,576,ridge,5.456757166997704
development,False,global_residual_no_head,CU,machine04,1,32,outer_2,0,5.465687027257805,,0.014618375000281958,global_only_for_unseen,6,7703,23319,576,ridge,5.456757582996943
development,False,global_residual_cal0,CU,machine04,1,32,outer_2,0,5.465687027257805,,0.03505520799808437,cal_available=23319,6,7703,23319,576,ridge,5.456757874999312
development,False,global_residual_cal64,CU,machine04,1,32,outer_2,64,7.192740747237803,,0.6136336250019667,cal_available=23319,6,7703,23319,576,ridge,5.456758166998043
development,False,global_residual_cal256,CU,machine04,1,32,outer_2,256,4.860465266796396,,0.5192041669979517,cal_available=23319,6,7703,23319,576,ridge,5.456758624997747
development,False,global_residual_cal1024,CU,machine04,1,32,outer_2,1024,4.317529352057075,,0.5327116250009567,cal_available=23319,6,7703,23319,576,ridge,5.456758917000116
development,False,persistence_local,CU,machine04,8,32,outer_2,0,3.5806910535431116,,0.0,,6,7581,23001,691,ridge,18.74144545799936
development,False,global_pooled,CU,machine04,8,32,outer_2,0,5.569920042230786,,0.01851787499981583,,6,7581,23001,691,ridge,18.741445999999996
development,False,global_onehot,CU,machine04,8,32,outer_2,0,5.397329991154784,,0.023374208001769148,unknown_entity_zero_onehot,6,7581,23001,691,ridge,18.741446374999214
development,False,global_residual_no_head,CU,machine04,8,32,outer_2,0,5.397329991154784,,0.022559666002052836,global_only_for_unseen,6,7581,23001,691,ridge,18.741446625001117
development,False,global_residual_cal0,CU,machine04,8,32,outer_2,0,5.397329991154784,,0.03105529199820012,cal_available=23001,6,7581,23001,691,ridge,18.74144695799987
development,False,global_residual_cal64,CU,machine04,8,32,outer_2,64,6.900473044709704,,4.400084417000471,cal_available=23001,6,7581,23001,691,ridge,18.741447166998114
development,False,global_residual_cal256,CU,machine04,8,32,outer_2,256,4.80514870014971,,4.234133375000965,cal_available=23001,6,7581,23001,691,ridge,18.74144745800004
development,False,global_residual_cal1024,CU,machine04,8,32,outer_2,1024,4.319127752228718,,4.237345749999804,cal_available=23001,6,7581,23001,691,ridge,18.741447707998304
development,False,persistence_local,CU,machine05,1,32,outer_2,0,0.6825535559493019,,0.0,,6,7522,23212,757,ridge,4.821733917000529
development,False,global_pooled,CU,machine05,1,32,outer_2,0,0.6230755898825379,,0.01737229200080037,,6,7522,23212,757,ridge,4.821734500001185
development,False,global_onehot,CU,machine05,1,32,outer_2,0,0.6067097064696378,,0.022720499997376464,unknown_entity_zero_onehot,6,7522,23212,757,ridge,4.821734917000867
development,False,global_residual_no_head,CU,machine05,1,32,outer_2,0,0.6067097064696378,,0.02724283300267416,global_only_for_unseen,6,7522,23212,757,ridge,4.82173533400055
development,False,global_residual_cal0,CU,machine05,1,32,outer_2,0,0.6067097064696378,,0.018576750000647735,cal_available=23212,6,7522,23212,757,ridge,4.821735749999789
development,False,global_residual_cal64,CU,machine05,1,32,outer_2,64,0.6670883447213799,,0.5200967919990944,cal_available=23212,6,7522,23212,757,ridge,4.821736249999958
development,False,global_residual_cal256,CU,machine05,1,32,outer_2,256,0.5592350245381634,,0.49303366700041806,cal_available=23212,6,7522,23212,757,ridge,4.821736583999154
development,False,global_residual_cal1024,CU,machine05,1,32,outer_2,1024,0.5133570590155127,,0.5010479589982424,cal_available=23212,6,7522,23212,757,ridge,4.821737000002031
development,False,persistence_local,CU,machine05,8,32,outer_2,0,0.6856778657067268,,0.0,,6,7368,22855,904,ridge,20.868206875002215
development,False,global_pooled,CU,machine05,8,32,outer_2,0,0.6207753625521023,,0.047812957996939076,,6,7368,22855,904,ridge,20.86820745800287
development,False,global_onehot,CU,machine05,8,32,outer_2,0,0.6049884204863365,,0.030732874998648185,unknown_entity_zero_onehot,6,7368,22855,904,ridge,20.86820783300209
development,False,global_residual_no_head,CU,machine05,8,32,outer_2,0,0.6049884204863365,,0.03112041699932888,global_only_for_unseen,6,7368,22855,904,ridge,20.868208375002723
development,False,global_residual_cal0,CU,machine05,8,32,outer_2,0,0.6049884204863365,,0.03235266699994099,cal_available=22855,6,7368,22855,904,ridge,20.868208791001962
development,False,global_residual_cal64,CU,machine05,8,32,outer_2,64,0.6324857390971688,,4.276014291997853,cal_available=22855,6,7368,22855,904,ridge,20.86820925000211
development,False,global_residual_cal256,CU,machine05,8,32,outer_2,256,0.5438368198711478,,4.894463959000859,cal_available=22855,6,7368,22855,904,ridge,20.86820966600135
development,False,global_residual_cal1024,CU,machine05,8,32,outer_2,1024,0.5117758905728164,,4.420216208000056,cal_available=22855,6,7368,22855,904,ridge,20.868209915999614
development,False,persistence_local,CU,machine06,1,32,outer_2,0,0.0811318962273109,,0.0,,6,7685,23188,594,ridge,5.371275416000572
development,False,global_pooled,CU,machine06,1,32,outer_2,0,1.6894142511931003,,0.029763957998511614,,6,7685,23188,594,ridge,5.371276707999641
development,False,global_onehot,CU,machine06,1,32,outer_2,0,1.6387579039642797,,0.019360624999535503,unknown_entity_zero_onehot,6,7685,23188,594,ridge,5.3712775410022005
development,False,global_residual_no_head,CU,machine06,1,32,outer_2,0,1.6387579039642797,,0.02392041699931724,global_only_for_unseen,6,7685,23188,594,ridge,5.371278333001101
development,False,global_residual_cal0,CU,machine06,1,32,outer_2,0,1.6387579039642797,,0.02646854200065718,cal_available=23188,6,7685,23188,594,ridge,5.37127883300127
development,False,global_residual_cal64,CU,machine06,1,32,outer_2,64,0.07422799385664415,,0.5961871660001634,cal_available=23188,6,7685,23188,594,ridge,5.371279457998753
development,False,global_residual_cal256,CU,machine06,1,32,outer_2,256,0.0709268589747343,,0.5542337919978308,cal_available=23188,6,7685,23188,594,ridge,5.371280166000361
development,False,global_residual_cal1024,CU,machine06,1,32,outer_2,1024,0.0790654083254863,,0.5522370829967258,cal_available=23188,6,7685,23188,594,ridge,5.371280999999726
development,False,persistence_local,CU,machine06,8,32,outer_2,0,0.0811995540306159,,0.0,,6,7559,22839,713,ridge,18.272865667000588
development,False,global_pooled,CU,machine06,8,32,outer_2,0,1.6839375562569052,,0.023765999998431653,,6,7559,22839,713,ridge,18.272867042000144
development,False,global_onehot,CU,machine06,8,32,outer_2,0,1.6334787129650277,,0.03041579099954106,unknown_entity_zero_onehot,6,7559,22839,713,ridge,18.272867792002216
development,False,global_residual_no_head,CU,machine06,8,32,outer_2,0,1.6334787129650277,,0.028176083997095702,global_only_for_unseen,6,7559,22839,713,ridge,18.272868625001138
development,False,global_residual_cal0,CU,machine06,8,32,outer_2,0,1.6334787129650277,,0.02569812499859836,cal_available=22839,6,7559,22839,713,ridge,18.27286925000226
development,False,global_residual_cal64,CU,machine06,8,32,outer_2,64,0.07399309642580096,,4.079196624999895,cal_available=22839,6,7559,22839,713,ridge,18.272870000000694
development,False,global_residual_cal256,CU,machine06,8,32,outer_2,256,0.07062990835899634,,4.229873290998512,cal_available=22839,6,7559,22839,713,ridge,18.272870750002767
development,False,global_residual_cal1024,CU,machine06,8,32,outer_2,1024,0.07908122468075035,,4.120613500002946,cal_available=22839,6,7559,22839,713,ridge,18.272871417000715
development,False,persistence_local,CU,machine07,1,32,outer_2,0,1.84828329695951,,0.0,,6,7696,23116,583,ridge,5.649326916998689
development,False,global_pooled,CU,machine07,1,32,outer_2,0,1.491567038967849,,0.01945549999800278,,6,7696,23116,583,ridge,5.649327625000296
development,False,global_onehot,CU,machine07,1,32,outer_2,0,1.4716519399847587,,0.019428084000537638,unknown_entity_zero_onehot,6,7696,23116,583,ridge,5.649328292001883
development,False,global_residual_no_head,CU,machine07,1,32,outer_2,0,1.4716519399847587,,0.02559787499922095,global_only_for_unseen,6,7696,23116,583,ridge,5.649328750001587
development,False,global_residual_cal0,CU,machine07,1,32,outer_2,0,1.4716519399847587,,0.03150349999850732,cal_available=23116,6,7696,23116,583,ridge,5.6493294590000005
development,False,global_residual_cal64,CU,machine07,1,32,outer_2,64,2.314486762323053,,0.5985207089979667,cal_available=23116,6,7696,23116,583,ridge,5.649329749998287
development,False,global_residual_cal256,CU,machine07,1,32,outer_2,256,1.4128466189351079,,0.6092534579984203,cal_available=23116,6,7696,23116,583,ridge,5.649330084001122
development,False,global_residual_cal1024,CU,machine07,1,32,outer_2,1024,1.2859779613745288,,0.5836289580001903,cal_available=23116,6,7696,23116,583,ridge,5.649330416999874
development,False,persistence_local,CU,machine07,8,32,outer_2,0,1.8523468997595183,,0.0,,6,7570,22739,702,ridge,22.369190999997954
development,False,global_pooled,CU,machine07,8,32,outer_2,0,1.4967662484387507,,0.027549125003133668,,6,7570,22739,702,ridge,22.369191832996876
development,False,global_onehot,CU,machine07,8,32,outer_2,0,1.4763325840744312,,0.024285542000143323,unknown_entity_zero_onehot,6,7570,22739,702,ridge,22.369192457997997
development,False,global_residual_no_head,CU,machine07,8,32,outer_2,0,1.4763325840744312,,0.030273790998762706,global_only_for_unseen,6,7570,22739,702,ridge,22.36919299999863
development,False,global_residual_cal0,CU,machine07,8,32,outer_2,0,1.4763325840744312,,0.02148795900211553,cal_available=22739,6,7570,22739,702,ridge,22.3691934999988
development,False,global_residual_cal64,CU,machine07,8,32,outer_2,64,2.3274689616515847,,5.0398533750012575,cal_available=22739,6,7570,22739,702,ridge,22.369193790997087
development,False,global_residual_cal256,CU,machine07,8,32,outer_2,256,1.3971551157781164,,4.950965832998918,cal_available=22739,6,7570,22739,702,ridge,22.369194082999456
development,False,global_residual_cal1024,CU,machine07,8,32,outer_2,1024,1.2891879452731738,,5.4402187499981665,cal_available=22739,6,7570,22739,702,ridge,22.36919441599821
development,False,persistence_local,UM,machine01,1,32,outer_2,0,245625694.34182873,0.6979899752670999,0.0,,6,8279,24860,0,ridge,8.349181542002043
development,False,global_pooled,UM,machine01,1,32,outer_2,0,2231495450.729922,6.341199191872899,0.024546666998503497,,6,8279,24860,0,ridge,8.349182292000478
development,False,global_onehot,UM,machine01,1,32,outer_2,0,9974142220.356869,28.343334765331438,0.026996208001946798,unknown_entity_zero_onehot,6,8279,24860,0,ridge,8.349182917001599
development,False,global_residual_no_head,UM,machine01,1,32,outer_2,0,9974142220.356869,28.343334765331438,0.03519412500099861,global_only_for_unseen,6,8279,24860,0,ridge,8.349183375001303
development,False,global_residual_cal0,UM,machine01,1,32,outer_2,0,9974142220.356869,28.343334765331438,0.029718416000832804,cal_available=24860,6,8279,24860,0,ridge,8.3491837090005
development,False,global_residual_cal64,UM,machine01,1,32,outer_2,64,630720206.3916205,1.7923059004042374,0.787079416000779,cal_available=24860,6,8279,24860,0,ridge,8.34918433400162
development,False,global_residual_cal256,UM,machine01,1,32,outer_2,256,396620175.3992543,1.1270681886891445,1.01041400000031,cal_available=24860,6,8279,24860,0,ridge,8.349184583999886
development,False,global_residual_cal1024,UM,machine01,1,32,outer_2,1024,323084810.2746028,0.9181041068892055,1.1014031669983524,cal_available=24860,6,8279,24860,0,ridge,8.34918487500181
development,False,persistence_local,UM,machine01,8,32,outer_2,0,245820356.5802708,0.6985431433359361,0.0,,6,8272,24846,0,ridge,22.268818000000465
development,False,global_pooled,UM,machine01,8,32,outer_2,0,2233678279.5141063,6.347402095902007,0.034734875000140164,,6,8272,24846,0,ridge,22.2688187499989
development,False,global_onehot,UM,machine01,8,32,outer_2,0,9981130553.289288,28.36319338127847,0.02394487499987008,unknown_entity_zero_onehot,6,8272,24846,0,ridge,22.26881929099909
development,False,global_residual_no_head,UM,machine01,8,32,outer_2,0,9981130553.289288,28.36319338127847,0.026396375000331318,global_only_for_unseen,6,8272,24846,0,ridge,22.268819665998308
development,False,global_residual_cal0,UM,machine01,8,32,outer_2,0,9981130553.289288,28.36319338127847,0.03014666699891677,cal_available=24846,6,8272,24846,0,ridge,22.268819958000677
development,False,global_residual_cal64,UM,machine01,8,32,outer_2,64,494349694.7469397,1.4047843493503542,5.104864290999103,cal_available=24846,6,8272,24846,0,ridge,22.268820332999894
development,False,global_residual_cal256,UM,machine01,8,32,outer_2,256,412447303.48997843,1.1720438447343944,5.138259249997645,cal_available=24846,6,8272,24846,0,ridge,22.268820790999598
development,False,global_residual_cal1024,UM,machine01,8,32,outer_2,1024,322581390.920789,0.9166735494580744,5.210571749998053,cal_available=24846,6,8272,24846,0,ridge,22.26882108299833
development,False,persistence_local,UM,machine02,1,32,outer_2,0,88060586.74912429,0.5562010548277482,0.0,,6,8279,24860,0,ridge,6.160569250001572
development,False,global_pooled,UM,machine02,1,32,outer_2,0,4344351746.3240185,27.43943815332593,0.027887749998626532,,6,8279,24860,0,ridge,6.160570542000642
development,False,global_onehot,UM,machine02,1,32,outer_2,0,23836234116.747276,150.55246675366757,0.025408166999113746,unknown_entity_zero_onehot,6,8279,24860,0,ridge,6.1605715840014454
development,False,global_residual_no_head,UM,machine02,1,32,outer_2,0,23836234116.747276,150.55246675366757,0.02853029100151616,global_only_for_unseen,6,8279,24860,0,ridge,6.16057224999895
development,False,global_residual_cal0,UM,machine02,1,32,outer_2,0,23836234116.747276,150.55246675366757,0.030166832999384496,cal_available=24860,6,8279,24860,0,ridge,6.160573042001488
development,False,global_residual_cal64,UM,machine02,1,32,outer_2,64,247396905.3564291,1.5625880408040185,0.6705975419972674,cal_available=24860,6,8279,24860,0,ridge,6.160573666998971
development,False,global_residual_cal256,UM,machine02,1,32,outer_2,256,178686263.4240394,1.1286035202424758,0.6545276670003659,cal_available=24860,6,8279,24860,0,ridge,6.160574249999627
development,False,global_residual_cal1024,UM,machine02,1,32,outer_2,1024,97128208.74128549,0.613473225080117,0.634923333000188,cal_available=24860,6,8279,24860,0,ridge,6.160574749999796
development,False,persistence_local,UM,machine02,8,32,outer_2,0,88091664.34042554,0.5563973445607759,0.0,,6,8272,24846,0,ridge,26.09195387500222
development,False,global_pooled,UM,machine02,8,32,outer_2,0,4344517037.296317,27.440482150607117,0.0261983339987637,,6,8272,24846,0,ridge,26.091955416999554
development,False,global_onehot,UM,machine02,8,32,outer_2,0,23844063670.796486,150.60191914073158,0.028060042001015972,unknown_entity_zero_onehot,6,8272,24846,0,ridge,26.091956167001626
development,False,global_residual_no_head,UM,machine02,8,32,outer_2,0,23844063670.796486,150.60191914073158,0.029383958000835264,global_only_for_unseen,6,8272,24846,0,ridge,26.09195679199911
development,False,global_residual_cal0,UM,machine02,8,32,outer_2,0,23844063670.796486,150.60191914073158,0.029328917000384536,cal_available=24846,6,8272,24846,0,ridge,26.091957083001034
development,False,global_residual_cal64,UM,machine02,8,32,outer_2,64,306054202.0528477,1.9330744468148966,6.379745707999973,cal_available=24846,6,8272,24846,0,ridge,26.091957749998983
development,False,global_residual_cal256,UM,machine02,8,32,outer_2,256,178026806.90011138,1.1244383150381685,6.12377587499941,cal_available=24846,6,8272,24846,0,ridge,26.09195845800059
development,False,global_residual_cal1024,UM,machine02,8,32,outer_2,1024,96274593.52375188,0.6080816906611856,6.099183042002551,cal_available=24846,6,8272,24846,0,ridge,26.09195891700074
development,False,persistence_local,UM,machine03,1,32,outer_2,0,451439811.7956275,1.3567267314035385,0.0,,6,8279,24860,0,ridge,6.822920791000797
development,False,global_pooled,UM,machine03,1,32,outer_2,0,3089307066.4400826,9.284394882856683,0.039471708001656225,,6,8279,24860,0,ridge,6.822921708000649
development,False,global_onehot,UM,machine03,1,32,outer_2,0,11874145433.938364,35.6857550040151,0.02385645800313796,unknown_entity_zero_onehot,6,8279,24860,0,ridge,6.8229224999995495
development,False,global_residual_no_head,UM,machine03,1,32,outer_2,0,11874145433.938364,35.6857550040151,0.025819499998760875,global_only_for_unseen,6,8279,24860,0,ridge,6.822923208001157
development,False,global_residual_cal0,UM,machine03,1,32,outer_2,0,11874145433.938364,35.6857550040151,0.03433204199973261,cal_available=24860,6,8279,24860,0,ridge,6.822923790998175
development,False,global_residual_cal64,UM,machine03,1,32,outer_2,64,1238482933.4898038,3.7220529921126517,0.6882552499992016,cal_available=24860,6,8279,24860,0,ridge,6.82292416600103
development,False,global_residual_cal256,UM,machine03,1,32,outer_2,256,811090384.4109505,2.43759628052673,0.6956463749993418,cal_available=24860,6,8279,24860,0,ridge,6.822924583000713
development,False,global_residual_cal1024,UM,machine03,1,32,outer_2,1024,621010899.2287376,1.8663442289799794,0.7724377499980619,cal_available=24860,6,8279,24860,0,ridge,6.822925083000882
development,False,persistence_local,UM,machine03,8,32,outer_2,0,451769564.84332687,1.3577177489498113,0.0,,6,8272,24846,0,ridge,23.84477062500082
development,False,global_pooled,UM,machine03,8,32,outer_2,0,3091761021.2375855,9.291769832926295,0.027817707999929553,,6,8272,24846,0,ridge,23.844772000000376
development,False,global_onehot,UM,machine03,8,32,outer_2,0,11874403433.574419,35.68653037870245,0.030800707998423604,unknown_entity_zero_onehot,6,8272,24846,0,ridge,23.84477258300103
development,False,global_residual_no_head,UM,machine03,8,32,outer_2,0,11874403433.574419,35.68653037870245,0.034472292001737515,global_only_for_unseen,6,8272,24846,0,ridge,23.844773333003104
development,False,global_residual_cal0,UM,machine03,8,32,outer_2,0,11874403433.574419,35.68653037870245,0.031720499999210006,cal_available=24846,6,8272,24846,0,ridge,23.844773916000122
development,False,global_residual_cal64,UM,machine03,8,32,outer_2,64,1344193795.6583855,4.03974928020334,5.173785625000164,cal_available=24846,6,8272,24846,0,ridge,23.84477441600029
development,False,global_residual_cal256,UM,machine03,8,32,outer_2,256,811254706.638138,2.438090123454101,5.356118125000648,cal_available=24846,6,8272,24846,0,ridge,23.844774832999974
development,False,global_residual_cal1024,UM,machine03,8,32,outer_2,1024,621318044.3113195,1.8672673020742654,5.817286124998645,cal_available=24846,6,8272,24846,0,ridge,23.844775250003295
development,False,persistence_local,UM,machine04,1,32,outer_2,0,324923081.7944196,0.9692262543002723,0.0,,6,8279,24860,0,ridge,6.587995999998384
development,False,global_pooled,UM,machine04,1,32,outer_2,0,10466797801.069048,31.221836168804646,0.027516958998603513,,6,8279,24860,0,ridge,6.587997083999653
development,False,global_onehot,UM,machine04,1,32,outer_2,0,62713469221.781136,187.0705538440645,0.0315085000002,unknown_entity_zero_onehot,6,8279,24860,0,ridge,6.587997750000795
development,False,global_residual_no_head,UM,machine04,1,32,outer_2,0,62713469221.781136,187.0705538440645,0.029725000000325963,global_only_for_unseen,6,8279,24860,0,ridge,6.5879982090009435
development,False,global_residual_cal0,UM,machine04,1,32,outer_2,0,62713469221.781136,187.0705538440645,0.032934250000835164,cal_available=24860,6,8279,24860,0,ridge,6.587998584000161
development,False,global_residual_cal64,UM,machine04,1,32,outer_2,64,508195592.50076723,1.515917268330814,0.6907751250000729,cal_available=24860,6,8279,24860,0,ridge,6.587999041999865
development,False,global_residual_cal256,UM,machine04,1,32,outer_2,256,423765649.7694668,1.264067763850181,0.6814363750017947,cal_available=24860,6,8279,24860,0,ridge,6.587999499999569
development,False,global_residual_cal1024,UM,machine04,1,32,outer_2,1024,366367971.2176715,1.0928538978451616,0.7053554170015559,cal_available=24860,6,8279,24860,0,ridge,6.5879997919983
development,False,persistence_local,UM,machine04,8,32,outer_2,0,325191334.37524176,0.9700264358160969,0.0,,6,8272,24846,0,ridge,25.35798108400195
development,False,global_pooled,UM,machine04,8,32,outer_2,0,10465797065.091246,31.218851032821227,0.03002270800061524,,6,8272,24846,0,ridge,25.357982166999136
development,False,global_onehot,UM,machine04,8,32,outer_2,0,62727808134.23406,187.1133259682569,0.030569750000722706,unknown_entity_zero_onehot,6,8272,24846,0,ridge,25.357983083998988
development,False,global_residual_no_head,UM,machine04,8,32,outer_2,0,62727808134.23406,187.1133259682569,0.030416625002544606,global_only_for_unseen,6,8272,24846,0,ridge,25.35798404199886
development,False,global_residual_cal0,UM,machine04,8,32,outer_2,0,62727808134.23406,187.1133259682569,0.034586249999847496,cal_available=24846,6,8272,24846,0,ridge,25.357984583999496
development,False,global_residual_cal64,UM,machine04,8,32,outer_2,64,538499310.4728376,1.6063114591627996,5.972198417002801,cal_available=24846,6,8272,24846,0,ridge,25.357985292001104
development,False,global_residual_cal256,UM,machine04,8,32,outer_2,256,424105772.0641729,1.2650823284538448,5.4015646659972845,cal_available=24846,6,8272,24846,0,ridge,25.357986084000004
development,False,global_residual_cal1024,UM,machine04,8,32,outer_2,1024,366633269.20362437,1.0936452659799782,6.325300874999812,cal_available=24846,6,8272,24846,0,ridge,25.35798679200161
development,False,persistence_local,UM,machine05,1,32,outer_2,0,56940332.49619519,0.9131840884608133,0.0,,6,8279,24860,0,ridge,6.453782625001622
development,False,global_pooled,UM,machine05,1,32,outer_2,0,9155006691.059101,146.82398351969738,0.023975207997864345,,6,8279,24860,0,ridge,6.453784000001178
development,False,global_onehot,UM,machine05,1,32,outer_2,0,49133316221.09547,787.9785842384406,0.02705933299876051,unknown_entity_zero_onehot,6,8279,24860,0,ridge,6.453784916000586
development,False,global_residual_no_head,UM,machine05,1,32,outer_2,0,49133316221.09547,787.9785842384406,0.033815500002674526,global_only_for_unseen,6,8279,24860,0,ridge,6.453785749999952
development,False,global_residual_cal0,UM,machine05,1,32,outer_2,0,49133316221.09547,787.9785842384406,0.02646170899970457,cal_available=24860,6,8279,24860,0,ridge,6.453786500002025
development,False,global_residual_cal64,UM,machine05,1,32,outer_2,64,157808185.16362432,2.5308584864678996,0.6900132079972536,cal_available=24860,6,8279,24860,0,ridge,6.453787041002215
development,False,global_residual_cal256,UM,machine05,1,32,outer_2,256,101451806.99024963,1.6270396014158164,0.661199582998961,cal_available=24860,6,8279,24860,0,ridge,6.453787916001602
development,False,global_residual_cal1024,UM,machine05,1,32,outer_2,1024,60623372.09102251,0.9722510627429218,0.7039928749982209,cal_available=24860,6,8279,24860,0,ridge,6.453788458002236
development,False,persistence_local,UM,machine05,8,32,outer_2,0,56909241.19148936,0.9126854597471726,0.0,,6,8272,24846,0,ridge,27.148661874998652
development,False,global_pooled,UM,machine05,8,32,outer_2,0,9154040424.517801,146.80848696054423,0.050335208001342835,,6,8272,24846,0,ridge,27.14866329099823
development,False,global_onehot,UM,machine05,8,32,outer_2,0,49143616197.499695,788.1437707442358,0.05154983399916091,unknown_entity_zero_onehot,6,8272,24846,0,ridge,27.148664083000767
development,False,global_residual_no_head,UM,machine05,8,32,outer_2,0,49143616197.499695,788.1437707442358,0.04764187500040862,global_only_for_unseen,6,8272,24846,0,ridge,27.14866491599969
development,False,global_residual_cal0,UM,machine05,8,32,outer_2,0,49143616197.499695,788.1437707442358,0.04889391599863302,cal_available=24846,6,8272,24846,0,ridge,27.14866570799859
development,False,global_residual_cal64,UM,machine05,8,32,outer_2,64,146339360.39467084,2.3469265030525692,5.825686125001084,cal_available=24846,6,8272,24846,0,ridge,27.148666458000662
development,False,global_residual_cal256,UM,machine05,8,32,outer_2,256,98621464.51373604,1.5816478096727722,5.765613999999914,cal_available=24846,6,8272,24846,0,ridge,27.148667207999097
development,False,global_residual_cal1024,UM,machine05,8,32,outer_2,1024,61242923.98076216,0.982187164323008,5.708028791999823,cal_available=24846,6,8272,24846,0,ridge,27.148667999997997
development,False,persistence_local,UM,machine06,1,32,outer_2,0,5288358.512863873,0.9705237786087023,0.0,,6,8279,24860,0,ridge,6.8639258339972
development,False,global_pooled,UM,machine06,1,32,outer_2,0,20745247233.507854,3807.184343546421,0.021589875002973713,,6,8279,24860,0,ridge,6.863927209000394
development,False,global_onehot,UM,machine06,1,32,outer_2,0,51884732717.65819,9521.927593742997,0.020570041000610217,unknown_entity_zero_onehot,6,8279,24860,0,ridge,6.863928083999781
development,False,global_residual_no_head,UM,machine06,1,32,outer_2,0,51884732717.65819,9521.927593742997,0.028735749998304527,global_only_for_unseen,6,8279,24860,0,ridge,6.863928916998702
development,False,global_residual_cal0,UM,machine06,1,32,outer_2,0,51884732717.65819,9521.927593742997,0.028044833001331426,cal_available=24860,6,8279,24860,0,ridge,6.8639298749985755
development,False,global_residual_cal64,UM,machine06,1,32,outer_2,64,6150081.14959969,1.128667805244407,0.6819072910002433,cal_available=24860,6,8279,24860,0,ridge,6.863930833998893
development,False,global_residual_cal256,UM,machine06,1,32,outer_2,256,5766933.358727605,1.058352216606038,0.7022094579988334,cal_available=24860,6,8279,24860,0,ridge,6.8639315420005005
development,False,global_residual_cal1024,UM,machine06,1,32,outer_2,1024,4670648.135115398,0.8571610766587542,0.7050787919979484,cal_available=24860,6,8279,24860,0,ridge,6.863932208998449
development,False,persistence_local,UM,machine06,8,32,outer_2,0,5287976.108317215,0.9704535994208359,0.0,,6,8272,24846,0,ridge,24.913899792001757
development,False,global_pooled,UM,machine06,8,32,outer_2,0,20747127686.488895,3807.529445779603,0.03450391699880129,,6,8272,24846,0,ridge,24.913900667001144
development,False,global_onehot,UM,machine06,8,32,outer_2,0,51903131662.99027,9525.304182887374,0.024007500000152504,unknown_entity_zero_onehot,6,8272,24846,0,ridge,24.91390120900178
development,False,global_residual_no_head,UM,machine06,8,32,outer_2,0,51903131662.99027,9525.304182887374,0.03684629099734593,global_only_for_unseen,6,8272,24846,0,ridge,24.913901874999283
development,False,global_residual_cal0,UM,machine06,8,32,outer_2,0,51903131662.99027,9525.304182887374,0.07422599999699742,cal_available=24846,6,8272,24846,0,ridge,24.913902416999917
development,False,global_residual_cal64,UM,machine06,8,32,outer_2,64,8118104.805362451,1.489841078602501,5.731759959002375,cal_available=24846,6,8272,24846,0,ridge,24.913902917000087
development,False,global_residual_cal256,UM,machine06,8,32,outer_2,256,5704052.542834853,1.0468122790443573,5.536044375003257,cal_available=24846,6,8272,24846,0,ridge,24.91390324999884
development,False,global_residual_cal1024,UM,machine06,8,32,outer_2,1024,4674234.22743504,0.8578191991858167,5.5367475419989205,cal_available=24846,6,8272,24846,0,ridge,24.913903542001208
development,False,persistence_local,UM,machine07,1,32,outer_2,0,164103671.77485204,1.8223805071158599,0.0,,6,8279,24860,0,ridge,7.677301374998933
development,False,global_pooled,UM,machine07,1,32,outer_2,0,2265044517.205803,25.153446789226976,0.02195029200083809,,6,8279,24860,0,ridge,7.677302041000075
development,False,global_onehot,UM,machine07,1,32,outer_2,0,11713021279.784266,130.07376025685733,0.028412208001100225,unknown_entity_zero_onehot,6,8279,24860,0,ridge,7.677302707998024
development,False,global_residual_no_head,UM,machine07,1,32,outer_2,0,11713021279.784266,130.07376025685733,0.030013709001650568,global_only_for_unseen,6,8279,24860,0,ridge,7.677303124997707
development,False,global_residual_cal0,UM,machine07,1,32,outer_2,0,11713021279.784266,130.07376025685733,0.02862295799786807,cal_available=24860,6,8279,24860,0,ridge,7.677303749998828
development,False,global_residual_cal64,UM,machine07,1,32,outer_2,64,299549168.011773,3.3265103626467654,0.6673478330012586,cal_available=24860,6,8279,24860,0,ridge,7.677304290999018
development,False,global_residual_cal256,UM,machine07,1,32,outer_2,256,391532842.4546444,4.347994242102949,1.285214208997786,cal_available=24860,6,8279,24860,0,ridge,7.677304875000118
development,False,global_residual_cal1024,UM,machine07,1,32,outer_2,1024,181930824.77033165,2.0203520440410485,0.9123055419986486,cal_available=24860,6,8279,24860,0,ridge,7.677305165998405
development,False,persistence_local,UM,machine07,8,32,outer_2,0,164187300.88974854,1.8233092131415474,0.0,,6,8272,24846,0,ridge,24.43249145899972
development,False,global_pooled,UM,machine07,8,32,outer_2,0,2266414535.2722435,25.168660916928538,0.027781208002124913,,6,8272,24846,0,ridge,24.432492833999277
development,False,global_onehot,UM,machine07,8,32,outer_2,0,11720362229.741716,130.15528191911804,0.03433220800070558,unknown_entity_zero_onehot,6,8272,24846,0,ridge,24.432493833999615
development,False,global_residual_no_head,UM,machine07,8,32,outer_2,0,11720362229.741716,130.15528191911804,0.03571550000197021,global_only_for_unseen,6,8272,24846,0,ridge,24.43249479199949
development,False,global_residual_cal0,UM,machine07,8,32,outer_2,0,11720362229.741716,130.15528191911804,0.04652229199928115,cal_available=24846,6,8272,24846,0,ridge,24.43249558399839
development,False,global_residual_cal64,UM,machine07,8,32,outer_2,64,280871958.6077458,3.11909890148264,5.445968915999401,cal_available=24846,6,8272,24846,0,ridge,24.432496500001434
development,False,global_residual_cal256,UM,machine07,8,32,outer_2,256,375821328.26735604,4.1735169931631955,5.632943709002575,cal_available=24846,6,8272,24846,0,ridge,24.43249720899985
development,False,global_residual_cal1024,UM,machine07,8,32,outer_2,1024,183158748.80674502,2.0339882095453095,5.436060708998411,cal_available=24846,6,8272,24846,0,ridge,24.43249775000004
