experiment_stage,eligible_for_final_claims,target,horizon,outer_fold,method,mae,rmse,r2,mase,mase_valid,peak_recall,peak_precision,beats_best_constituent,best_constituent_mae,train_seconds,is_oracle
development,False,cluster_mean_CU,1,outer_0,persistence,1.3395330964227814,3.360212832428961,0.40322210587701723,1.3063091627227412,True,0.6853146853146853,0.6853146853146853,False,1.0510354943278968,3.944277750000765,False
development,False,cluster_mean_CU,1,outer_0,ewma,1.5696429696602532,3.8088049897429705,0.2332449758308962,1.5307117076436656,True,0.6811188811188811,0.4183848797250859,False,1.0510354943278968,3.944277750000765,False
development,False,cluster_mean_CU,1,outer_0,ridge,1.2557048729676177,2.9634659173507227,0.5358279038401548,1.224560099047731,True,0.6489510489510489,0.6526019690576652,False,1.0510354943278968,3.944277750000765,False
development,False,cluster_mean_CU,1,outer_0,lightgbm,1.0510354943278968,2.5891884016029794,0.6456711935142005,1.0249670577411552,True,0.73006993006993,0.6358099878197321,False,1.0510354943278968,3.944277750000765,False
development,False,cluster_mean_CU,1,outer_0,static_router,1.0510354943278968,2.5891884016029794,0.6456711935142005,1.0249670577411552,True,0.73006993006993,0.6358099878197321,False,1.0510354943278968,3.944277750000765,False
development,False,cluster_mean_CU,1,outer_0,regime_router,1.0864948386803501,2.67714457002974,0.6211888057442749,1.0595469173619816,True,0.7524475524475525,0.6017897091722595,False,1.0510354943278968,3.944277750000765,False
development,False,cluster_mean_CU,1,outer_0,constrained_mixture,1.0404297254367951,2.5746845566707126,0.6496297591715625,1.014624339732049,True,0.737062937062937,0.6506172839506172,True,1.0510354943278968,3.944277750000765,False
development,False,cluster_mean_CU,1,outer_0,ens_mean,1.179713911484983,2.8866944212131744,0.5595660570787143,1.1504539126952096,True,0.7328671328671329,0.6215895610913404,False,1.0510354943278968,3.944277750000765,False
development,False,cluster_mean_CU,1,outer_0,ens_inverse_mae,1.1573651924586414,2.830590326833691,0.576519719632998,1.128659500509957,True,0.7482517482517482,0.6242707117852976,False,1.0510354943278968,3.944277750000765,False
development,False,cluster_mean_CU,1,outer_0,ens_stacking,1.0416408753390902,2.5762180376848725,0.6492122741522554,1.0158054499405416,True,0.7328671328671329,0.645320197044335,True,1.0510354943278968,3.944277750000765,False
development,False,cluster_mean_CU,1,outer_0,oracle_upper_bound,0.6200864109375958,2.0445060530128636,0.7790693568154214,0.6047066417775031,True,0.806993006993007,0.8535502958579881,False,1.0510354943278968,3.944277750000765,True
development,False,cluster_mean_CU,4,outer_0,persistence,1.3396230750205949,3.360738005138923,0.4032479833348628,1.3063969096153614,True,0.6853146853146853,0.6853146853146853,False,1.0441118595564747,5.573540207999031,False
development,False,cluster_mean_CU,4,outer_0,ewma,1.5697373683748777,3.809403461823277,0.2332769404335554,1.5308037650226078,True,0.6811188811188811,0.4183848797250859,False,1.0441118595564747,5.573540207999031,False
development,False,cluster_mean_CU,4,outer_0,ridge,1.2555100365396474,2.9637821441409784,0.5358940510799498,1.2243700950741305,True,0.6503496503496503,0.6540084388185654,False,1.0441118595564747,5.573540207999031,False
development,False,cluster_mean_CU,4,outer_0,lightgbm,1.0441118595564747,2.5785958080770053,0.6486895038641248,1.0182151472692098,True,0.7468531468531469,0.6488456865127582,False,1.0441118595564747,5.573540207999031,False
development,False,cluster_mean_CU,4,outer_0,static_router,1.0441118595564747,2.5785958080770053,0.6486895038641248,1.0182151472692098,True,0.7468531468531469,0.6488456865127582,False,1.0441118595564747,5.573540207999031,False
development,False,cluster_mean_CU,4,outer_0,regime_router,1.0539588871852124,2.623598780571615,0.6363199973354932,1.0278179427890481,True,0.7342657342657343,0.646551724137931,False,1.0441118595564747,5.573540207999031,False
development,False,cluster_mean_CU,4,outer_0,constrained_mixture,1.0372698157343512,2.5685597382225827,0.6514188307231465,1.011542804077049,True,0.7482517482517482,0.6508515815085159,True,1.0441118595564747,5.573540207999031,False
development,False,cluster_mean_CU,4,outer_0,ens_mean,1.1794152295118938,2.8876335108219315,0.559436283520576,1.1501626388183428,True,0.737062937062937,0.6221959858323495,False,1.0441118595564747,5.573540207999031,False
development,False,cluster_mean_CU,4,outer_0,ens_inverse_mae,1.1555187429018945,2.82827725564373,0.5773619996329196,1.126858847744508,True,0.7454545454545455,0.6241217798594848,False,1.0441118595564747,5.573540207999031,False
development,False,cluster_mean_CU,4,outer_0,ens_stacking,1.036792627879167,2.568317043728499,0.6514847001148858,1.0110774517320926,True,0.7482517482517482,0.6516443361753959,True,1.0441118595564747,5.573540207999031,False
development,False,cluster_mean_CU,4,outer_0,oracle_upper_bound,0.6187376351472741,2.050773899075499,0.7777917681720418,0.6033913191639291,True,0.8083916083916084,0.8487518355359766,False,1.0441118595564747,5.573540207999031,True
development,False,cluster_mean_CU,8,outer_0,persistence,1.3394145173648353,3.3612093265483596,0.40329996936006174,1.3061935247364045,True,0.6844319775596073,0.6853932584269663,False,1.0549386927994826,7.997022040999582,False
development,False,cluster_mean_CU,8,outer_0,ewma,1.5691794614468182,3.8097749816514335,0.23340922047097856,1.5302596956494683,True,0.6802244039270687,0.41810344827586204,False,1.0549386927994826,7.997022040999582,False
development,False,cluster_mean_CU,8,outer_0,ridge,1.254969648818895,2.9639278743522386,0.5360189936940396,1.2238431103860128,True,0.6493688639551192,0.653954802259887,False,1.0549386927994826,7.997022040999582,False
development,False,cluster_mean_CU,8,outer_0,lightgbm,1.0549386927994826,2.5744711359142753,0.6499412043218299,1.0287734466545566,True,0.7349228611500701,0.6359223300970874,False,1.0549386927994826,7.997022040999582,False
development,False,cluster_mean_CU,8,outer_0,static_router,1.0549386927994826,2.5744711359142753,0.6499412043218299,1.0287734466545566,True,0.7349228611500701,0.6359223300970874,False,1.0549386927994826,7.997022040999582,False
development,False,cluster_mean_CU,8,outer_0,regime_router,1.0609900478143666,2.5879090283722124,0.646277283458487,1.0346747121954687,True,0.7307152875175316,0.6345919610231425,False,1.0549386927994826,7.997022040999582,False
development,False,cluster_mean_CU,8,outer_0,constrained_mixture,1.0434985302299746,2.565730341310693,0.6523141948100328,1.0176170301184553,True,0.7377279102384292,0.6566791510611736,True,1.0549386927994826,7.997022040999582,False
development,False,cluster_mean_CU,8,outer_0,ens_mean,1.1800517298263904,2.886413986789113,0.5599701069009173,1.1507833522558257,True,0.7363253856942497,0.6220379146919431,False,1.0549386927994826,7.997022040999582,False
development,False,cluster_mean_CU,8,outer_0,ens_inverse_mae,1.1569881480139985,2.8271435469439328,0.5778559614786023,1.1282918077563353,True,0.7461430575035063,0.6266195524146054,False,1.0549386927994826,7.997022040999582,False
development,False,cluster_mean_CU,8,outer_0,ens_stacking,1.043263410731409,2.5648728715953233,0.6525465498833081,1.0173877422000521,True,0.7391304347826086,0.6546583850931676,True,1.0549386927994826,7.997022040999582,False
development,False,cluster_mean_CU,8,outer_0,oracle_upper_bound,0.6225576254033259,2.047203476402083,0.7786462106763883,0.6071165636437542,True,0.8064516129032258,0.8493353028064993,False,1.0549386927994826,7.997022040999582,True
development,False,cluster_mean_CU,16,outer_0,persistence,1.3371361328925644,3.3570039290428446,0.40435864166310387,1.3039716501740806,True,0.6845070422535211,0.685472496473907,False,1.0497409042612866,11.909829084001103,False
development,False,cluster_mean_CU,16,outer_0,ewma,1.567949834127385,3.8082172094896642,0.23347809749193416,1.5290605663122392,True,0.680281690140845,0.4170984455958549,False,1.0497409042612866,11.909829084001103,False
development,False,cluster_mean_CU,16,outer_0,ridge,1.252738446281244,2.9594433886123213,0.5370850361085953,1.2216672475225963,True,0.647887323943662,0.6534090909090909,False,1.0497409042612866,11.909829084001103,False
development,False,cluster_mean_CU,16,outer_0,lightgbm,1.0497409042612866,2.5857694506066307,0.6466047184045405,1.0237045769032431,True,0.723943661971831,0.6353522867737948,False,1.0497409042612866,11.909829084001103,False
development,False,cluster_mean_CU,16,outer_0,static_router,1.0497409042612866,2.5857694506066307,0.6466047184045405,1.0237045769032431,True,0.723943661971831,0.6353522867737948,False,1.0497409042612866,11.909829084001103,False
development,False,cluster_mean_CU,16,outer_0,regime_router,1.054703545396465,2.5945842666812116,0.6441911822114299,1.028544131523805,True,0.7211267605633803,0.6344485749690211,False,1.0497409042612866,11.909829084001103,False
development,False,cluster_mean_CU,16,outer_0,constrained_mixture,1.0401975231858258,2.572297874328628,0.6502774278098322,1.0143978967058511,True,0.7366197183098592,0.6529338327091136,True,1.0497409042612866,11.909829084001103,False
development,False,cluster_mean_CU,16,outer_0,ens_mean,1.1796623655168397,2.8858872011617143,0.5598103261805303,1.1504036452022548,True,0.7352112676056338,0.6192170818505338,False,1.0497409042612866,11.909829084001103,False
development,False,cluster_mean_CU,16,outer_0,ens_inverse_mae,1.1549765331893371,2.8230490212935497,0.5787712692652403,1.1263300862547603,True,0.747887323943662,0.6196032672112018,False,1.0497409042612866,11.909829084001103,False
development,False,cluster_mean_CU,16,outer_0,ens_stacking,1.0401614463637276,2.5722863953147304,0.6502805491134334,1.0143627146835519,True,0.7323943661971831,0.6491885143570537,True,1.0497409042612866,11.909829084001103,False
development,False,cluster_mean_CU,16,outer_0,oracle_upper_bound,0.6189480290539303,2.050805693356017,0.7777047539260148,0.6035964947499448,True,0.8042253521126761,0.8497023809523809,False,1.0497409042612866,11.909829084001103,True
development,False,machine01_CU,1,outer_0,persistence,3.6689569772440516,13.28616588506983,0.17047350997553223,1.4040824479686353,True,0.5981818181818181,0.5960144927536232,False,3.1317383712744125,3.7305437920003897,False
development,False,machine01_CU,1,outer_0,ewma,4.595029606443845,13.611609421510641,0.12933742749441002,1.7584835304202227,True,0.6054545454545455,0.33467336683417087,False,3.1317383712744125,3.7305437920003897,False
development,False,machine01_CU,1,outer_0,ridge,3.872492836576502,11.488183980879043,0.37979725740895376,1.4819741020254709,True,0.5309090909090909,0.5149911816578483,False,3.1317383712744125,3.7305437920003897,False
development,False,machine01_CU,1,outer_0,lightgbm,3.1317383712744125,9.876727754285575,0.5415868323645823,1.1984928975752855,True,0.7436363636363637,0.5311688311688312,False,3.1317383712744125,3.7305437920003897,False
development,False,machine01_CU,1,outer_0,static_router,3.1317383712744125,9.876727754285575,0.5415868323645823,1.1984928975752855,True,0.7436363636363637,0.5311688311688312,False,3.1317383712744125,3.7305437920003897,False
development,False,machine01_CU,1,outer_0,regime_router,3.100496151428427,9.81289485029586,0.5474930971455809,1.1865367332502743,True,0.7509090909090909,0.5356679636835279,True,3.1317383712744125,3.7305437920003897,False
development,False,machine01_CU,1,outer_0,constrained_mixture,3.112163830343887,9.889900075414712,0.5403632708358042,1.1910018668768991,True,0.7381818181818182,0.5314136125654451,True,3.1317383712744125,3.7305437920003897,False
development,False,machine01_CU,1,outer_0,ens_mean,3.4529165965483877,11.109898934495698,0.4199690942355311,1.3214054069270973,True,0.6509090909090909,0.5359281437125748,False,3.1317383712744125,3.7305437920003897,False
development,False,machine01_CU,1,outer_0,ens_inverse_mae,3.409849571269481,10.911811028847493,0.44046843604369434,1.3049239778301127,True,0.6745454545454546,0.5292439372325249,False,3.1317383712744125,3.7305437920003897,False
development,False,machine01_CU,1,outer_0,ens_stacking,3.116253504977459,9.876845444480868,0.5415759074797415,1.1925669548314637,True,0.7381818181818182,0.5300261096605744,True,3.1317383712744125,3.7305437920003897,False
development,False,machine01_CU,1,outer_0,oracle_upper_bound,1.764051139203306,8.02769065232271,0.697160740662311,0.6750892030723535,True,0.8418181818181818,0.7996545768566494,False,3.1317383712744125,3.7305437920003897,True
development,False,machine01_CU,4,outer_0,persistence,3.590158888449623,13.016903931327116,0.175405901958278,1.3739270075816405,True,0.5988909426987061,0.5966850828729282,False,3.1079382342372273,7.162717625000369,False
development,False,machine01_CU,4,outer_0,ewma,4.507203182716033,13.379909118319476,0.12877335350728758,1.7248730136469501,True,0.6062846580406654,0.3333333333333333,False,3.1079382342372273,7.162717625000369,False
development,False,machine01_CU,4,outer_0,ridge,3.8149784146260974,11.295428787713588,0.37908769505478446,1.4599637620660515,True,0.5360443622920518,0.5141843971631206,False,3.1079382342372273,7.162717625000369,False
development,False,machine01_CU,4,outer_0,lightgbm,3.1079382342372273,9.650392634103763,0.5467740275856785,1.1893847627891803,True,0.7301293900184843,0.5083655083655083,False,3.1079382342372273,7.162717625000369,False
development,False,machine01_CU,4,outer_0,static_router,3.1079382342372273,9.650392634103763,0.5467740275856785,1.1893847627891803,True,0.7301293900184843,0.5083655083655083,False,3.1079382342372273,7.162717625000369,False
development,False,machine01_CU,4,outer_0,regime_router,3.1464601713406,10.16046600588329,0.4975971699968549,1.204126820568562,True,0.66728280961183,0.5056022408963585,False,3.1079382342372273,7.162717625000369,False
development,False,machine01_CU,4,outer_0,constrained_mixture,3.083681464314475,9.692632294200198,0.542797814693937,1.1801018780063413,True,0.7356746765249538,0.5223097112860893,True,3.1079382342372273,7.162717625000369,False
development,False,machine01_CU,4,outer_0,ens_mean,3.3903878647483445,10.879790846410216,0.4239423931412587,1.297476128017938,True,0.6635859519408502,0.5374251497005988,False,3.1079382342372273,7.162717625000369,False
development,False,machine01_CU,4,outer_0,ens_inverse_mae,3.349918596274939,10.685237017910225,0.44436046029471854,1.2819888410592555,True,0.6913123844731978,0.5267605633802817,False,3.1079382342372273,7.162717625000369,False
development,False,machine01_CU,4,outer_0,ens_stacking,3.0801336909565973,9.675640310586559,0.5443994358338425,1.1787441716249192,True,0.7356746765249538,0.5202614379084968,True,3.1079382342372273,7.162717625000369,False
development,False,machine01_CU,4,outer_0,oracle_upper_bound,1.7089401038325613,7.7656456727965715,0.7065190173481819,0.6539986212166987,True,0.8354898336414048,0.795774647887324,False,3.1079382342372273,7.162717625000369,True
development,False,machine01_CU,8,outer_0,persistence,3.584866994481832,12.989365135189034,0.17688298481189801,1.3719018392619327,True,0.601113172541744,0.5977859778597786,False,3.2130588339493857,9.738606584000081,False
development,False,machine01_CU,8,outer_0,ewma,4.507178979145183,13.353101453052007,0.1301386662448677,1.7248637511210554,True,0.608534322820037,0.3343527013251784,False,3.2130588339493857,9.738606584000081,False
development,False,machine01_CU,8,outer_0,ridge,3.8253687949696342,11.247653802950612,0.3828231746958217,1.4639400830636984,True,0.5380333951762524,0.5123674911660777,False,3.2130588339493857,9.738606584000081,False
development,False,machine01_CU,8,outer_0,lightgbm,3.2130588339493857,9.733463764836047,0.5378099816777149,1.2296136316179032,True,0.7421150278293135,0.5148005148005148,False,3.2130588339493857,9.738606584000081,False
development,False,machine01_CU,8,outer_0,static_router,3.2130588339493857,9.733463764836047,0.5378099816777149,1.2296136316179032,True,0.7421150278293135,0.5148005148005148,False,3.2130588339493857,9.738606584000081,False
development,False,machine01_CU,8,outer_0,regime_router,3.2377673306078623,10.078795129947096,0.5044323322407385,1.2390693888505535,True,0.7087198515769945,0.5134408602150538,False,3.2130588339493857,9.738606584000081,False
development,False,machine01_CU,8,outer_0,constrained_mixture,3.1777806914621807,9.73345211848372,0.5378110877227376,1.2161129498245646,True,0.7309833024118738,0.5197889182058048,True,3.2130588339493857,9.738606584000081,False
development,False,machine01_CU,8,outer_0,ens_mean,3.413355695813774,10.867222389849895,0.4238668848418211,1.3062657455214668,True,0.660482374768089,0.5289747399702823,False,3.2130588339493857,9.738606584000081,False
development,False,machine01_CU,8,outer_0,ens_inverse_mae,3.3827776206722384,10.678309963487925,0.4437234207006462,1.2945637444172875,True,0.6790352504638218,0.5176803394625177,False,3.2130588339493857,9.738606584000081,False
development,False,machine01_CU,8,outer_0,ens_stacking,3.179164193929783,9.729909762818805,0.5381474410672105,1.2166424058916512,True,0.7346938775510204,0.5190039318479686,True,3.2130588339493857,9.738606584000081,False
development,False,machine01_CU,8,outer_0,oracle_upper_bound,1.7232391912119078,7.7329998467504675,0.708269569928214,0.6594707752200938,True,0.849721706864564,0.7951388888888888,False,3.2130588339493857,9.738606584000081,True
development,False,machine01_CU,16,outer_0,persistence,3.6060526626212255,13.073544175076943,0.17682698417940856,1.380009436316765,True,0.6018867924528302,0.599624060150376,False,3.179930534632435,13.269326125002408,False
development,False,machine01_CU,16,outer_0,ewma,4.5350154866631875,13.440060808375273,0.13002471410901362,1.73551657476036,True,0.6075471698113207,0.33264462809917356,False,3.179930534632435,13.269326125002408,False
development,False,machine01_CU,16,outer_0,ridge,3.8656409609188844,11.331680949086474,0.38156633256388717,1.4793519403576743,True,0.5433962264150943,0.5115452930728241,False,3.179930534632435,13.269326125002408,False
development,False,machine01_CU,16,outer_0,lightgbm,3.179930534632435,9.854331222759194,0.5323092727048456,1.2169356787581447,True,0.7320754716981132,0.522207267833109,False,3.179930534632435,13.269326125002408,False
development,False,machine01_CU,16,outer_0,static_router,3.179930534632435,9.854331222759194,0.5323092727048456,1.2169356787581447,True,0.7320754716981132,0.522207267833109,False,3.179930534632435,13.269326125002408,False
development,False,machine01_CU,16,outer_0,regime_router,3.3212400979302736,10.532188965287665,0.46575344164738375,1.2710137938156956,True,0.6490566037735849,0.5276073619631901,False,3.179930534632435,13.269326125002408,False
development,False,machine01_CU,16,outer_0,constrained_mixture,3.1772215843414013,9.852420684340263,0.5324906050476461,1.2158989837029421,True,0.7320754716981132,0.522911051212938,True,3.179930534632435,13.269326125002408,False
development,False,machine01_CU,16,outer_0,ens_mean,3.4298013295252434,10.935875994955968,0.42401443156314866,1.3125593667830986,True,0.6509433962264151,0.5283307810107197,False,3.179930534632435,13.269326125002408,False
development,False,machine01_CU,16,outer_0,ens_inverse_mae,3.384256058123014,10.720729647952982,0.44645473953839354,1.295129531393785,True,0.6773584905660377,0.5218023255813954,False,3.179930534632435,13.269326125002408,False
development,False,machine01_CU,16,outer_0,ens_stacking,3.179930534632435,9.854331222759194,0.5323092727048456,1.2169356787581447,True,0.7320754716981132,0.522207267833109,False,3.179930534632435,13.269326125002408,False
development,False,machine01_CU,16,outer_0,oracle_upper_bound,1.7190148257960547,7.791475385688373,0.7076225633851607,0.6578541421085602,True,0.8433962264150944,0.8039568345323741,False,3.179930534632435,13.269326125002408,True
development,False,machine06_CU,1,outer_0,persistence,0.07307924220492176,0.15335953704206864,0.060075878458678345,1.3406348024027435,True,0.6758691206543967,0.6772540983606558,False,0.05788068966744936,4.697523625000031,False
development,False,machine06_CU,1,outer_0,ewma,0.06251321013863612,0.13029193869647968,0.32156802235316795,1.146801507420767,True,0.6983640081799591,0.5949477351916377,False,0.05788068966744936,4.697523625000031,False
development,False,machine06_CU,1,outer_0,ridge,0.05979368385534319,0.12858212242866335,0.3392572633643527,1.096911942731412,True,0.614519427402863,0.6532608695652173,False,0.05788068966744936,4.697523625000031,False
development,False,machine06_CU,1,outer_0,lightgbm,0.05788068966744936,0.1295988316936248,0.3287668596953387,1.0618181663360142,True,0.6860940695296524,0.5953859804791481,False,0.05788068966744936,4.697523625000031,False
development,False,machine06_CU,1,outer_0,static_router,0.05788068966744936,0.1295988316936248,0.3287668596953387,1.0618181663360142,True,0.6860940695296524,0.5953859804791481,False,0.05788068966744936,4.697523625000031,False
development,False,machine06_CU,1,outer_0,regime_router,0.06197747275064704,0.1347515215576364,0.27433099624213997,1.13697343359821,True,0.65439672801636,0.6445115810674723,False,0.05788068966744936,4.697523625000031,False
development,False,machine06_CU,1,outer_0,constrained_mixture,0.05684404876758262,0.12548604147165382,0.3706937334750825,1.0428010442911737,True,0.6942740286298569,0.6229357798165137,True,0.05788068966744936,4.697523625000031,False
development,False,machine06_CU,1,outer_0,ens_mean,0.05814780630553906,0.1259259143654743,0.36627411943566524,1.0667184068218105,True,0.696319018404908,0.6529242569511026,False,0.05788068966744936,4.697523625000031,False
development,False,machine06_CU,1,outer_0,ens_inverse_mae,0.05747647023951784,0.1252298102326552,0.3732610835260418,1.0544027824795048,True,0.6983640081799591,0.6413145539906103,True,0.05788068966744936,4.697523625000031,False
development,False,machine06_CU,1,outer_0,ens_stacking,0.05704981843383047,0.12716318460651216,0.35375974271196153,1.0465758778489318,True,0.7157464212678937,0.594732370433305,True,0.05788068966744936,4.697523625000031,False
development,False,machine06_CU,1,outer_0,oracle_upper_bound,0.03588367704222731,0.1007488457000316,0.5943500978243859,0.6582841423846942,True,0.8077709611451943,0.8342133051742344,False,0.05788068966744936,4.697523625000031,True
development,False,machine06_CU,4,outer_0,persistence,0.07301508064748229,0.15294116228463153,0.06010002758532651,1.339457762051962,True,0.6783505154639176,0.6783505154639176,False,0.0579997918899461,7.752635832999658,False
development,False,machine06_CU,4,outer_0,ewma,0.0625519404076211,0.1299845831255233,0.3210831999138066,1.1475120121405902,True,0.7,0.5940507436570429,False,0.0579997918899461,7.752635832999658,False
development,False,machine06_CU,4,outer_0,ridge,0.05978526459642988,0.12819447622692062,0.3396540953467503,1.0967574918754772,True,0.6195876288659794,0.6525515743756786,False,0.0579997918899461,7.752635832999658,False
development,False,machine06_CU,4,outer_0,lightgbm,0.0579997918899461,0.12895456248113435,0.331800280691672,1.0640030902583903,True,0.6804123711340206,0.5784399649430324,False,0.0579997918899461,7.752635832999658,False
development,False,machine06_CU,4,outer_0,static_router,0.0579997918899461,0.12895456248113435,0.331800280691672,1.0640030902583903,True,0.6804123711340206,0.5784399649430324,False,0.0579997918899461,7.752635832999658,False
development,False,machine06_CU,4,outer_0,regime_router,0.05984352792489323,0.13066582722103914,0.3139481990768116,1.0978263295301256,True,0.6752577319587629,0.5869175627240143,False,0.0579997918899461,7.752635832999658,False
development,False,machine06_CU,4,outer_0,constrained_mixture,0.056881770817914144,0.12498248493193619,0.37233028489333353,1.0434930532935471,True,0.6958762886597938,0.6175663311985361,True,0.0579997918899461,7.752635832999658,False
development,False,machine06_CU,4,outer_0,ens_mean,0.05817874298872052,0.12551566815211734,0.3669635039909285,1.067285938625543,True,0.7,0.6503831417624522,False,0.0579997918899461,7.752635832999658,False
development,False,machine06_CU,4,outer_0,ens_inverse_mae,0.05751031397489684,0.12479347872592247,0.37422725100227305,1.0550236440008265,True,0.7,0.6448243114909782,True,0.0579997918899461,7.752635832999658,False
development,False,machine06_CU,4,outer_0,ens_stacking,0.05679599814194262,0.12667797087796867,0.3551851053515389,1.0419195581253817,True,0.6865979381443299,0.5989208633093526,True,0.0579997918899461,7.752635832999658,False
development,False,machine06_CU,4,outer_0,oracle_upper_bound,0.035864577495242536,0.10006302166289752,0.597672154987984,0.6579337622134533,True,0.8092783505154639,0.8211297071129707,False,0.0579997918899461,7.752635832999658,True
development,False,machine06_CU,8,outer_0,persistence,0.07317571266767056,0.15337193598486876,0.06093875323130693,1.3424045478990403,True,0.6794208893485005,0.6801242236024845,False,0.05760614496104658,12.440429041998868,False
development,False,machine06_CU,8,outer_0,ewma,0.0627325252208186,0.1304015906717441,0.3211592614213037,1.150824830911741,True,0.7001034126163392,0.5959507042253521,False,0.05760614496104658,12.440429041998868,False
development,False,machine06_CU,8,outer_0,ridge,0.05993112114956406,0.12857235269218592,0.3400708668769138,1.0994332225671266,True,0.6204756980351603,0.6578947368421053,False,0.05760614496104658,12.440429041998868,False
development,False,machine06_CU,8,outer_0,lightgbm,0.05760614496104658,0.1293543859150832,0.3320184974860081,1.056781658333004,True,0.6928645294725957,0.6052393857271906,False,0.05760614496104658,12.440429041998868,False
development,False,machine06_CU,8,outer_0,static_router,0.05760614496104658,0.1293543859150832,0.3320184974860081,1.056781658333004,True,0.6928645294725957,0.6052393857271906,False,0.05760614496104658,12.440429041998868,False
development,False,machine06_CU,8,outer_0,regime_router,0.05870851042006322,0.12891591869369734,0.3365392811626746,1.07700449391168,True,0.6690796277145812,0.6167778836987607,False,0.05760614496104658,12.440429041998868,False
development,False,machine06_CU,8,outer_0,constrained_mixture,0.05678399059863412,0.12539441794258047,0.3722907523008294,1.0416992803835081,True,0.704239917269907,0.6352611940298507,True,0.05760614496104658,12.440429041998868,False
development,False,machine06_CU,8,outer_0,ens_mean,0.05826685338790189,0.12598023642360995,0.3664119795287565,1.0689023192013696,True,0.7104446742502585,0.6593090211132437,False,0.05760614496104658,12.440429041998868,False
development,False,machine06_CU,8,outer_0,ens_inverse_mae,0.057571744426724664,0.12526638769924955,0.37357190566479415,1.0561505823647572,True,0.7104446742502585,0.6567877629063098,True,0.05760614496104658,12.440429041998868,False
development,False,machine06_CU,8,outer_0,ens_stacking,0.05695355982867964,0.1280718792528394,0.34519847304298357,1.0448100188689757,True,0.6918304033092038,0.6148897058823529,True,0.05760614496104658,12.440429041998868,False
development,False,machine06_CU,8,outer_0,oracle_upper_bound,0.035959112480584185,0.10052372223217272,0.5965968899778094,0.659668001479896,True,0.8035160289555325,0.819620253164557,False,0.05760614496104658,12.440429041998868,True
development,False,machine06_CU,16,outer_0,persistence,0.07333817641423845,0.1540378866112054,0.06064929027606669,1.3453849366689032,True,0.6841552990556139,0.6841552990556139,False,0.058091019937052,22.221537416997307,False
development,False,machine06_CU,16,outer_0,ewma,0.06302961114836796,0.1310054997242748,0.32055904575268845,1.1562748564150152,True,0.7030430220356768,0.5971479500891266,False,0.058091019937052,22.221537416997307,False
development,False,machine06_CU,16,outer_0,ridge,0.060102048835854585,0.12914477854674564,0.33972269706379443,1.1025688818599897,True,0.6243441762854145,0.6581858407079646,False,0.058091019937052,22.221537416997307,False
development,False,machine06_CU,16,outer_0,lightgbm,0.058091019937052,0.129817150223313,0.33282954281992305,1.0656766639191906,True,0.70199370409234,0.5941385435168739,False,0.058091019937052,22.221537416997307,False
development,False,machine06_CU,16,outer_0,static_router,0.058091019937052,0.129817150223313,0.33282954281992305,1.0656766639191906,True,0.70199370409234,0.5941385435168739,False,0.058091019937052,22.221537416997307,False
development,False,machine06_CU,16,outer_0,regime_router,0.05874718164717192,0.1300705574331979,0.3302223246719922,1.0777139155114304,True,0.7040923399790137,0.5985727029438002,False,0.058091019937052,22.221537416997307,False
development,False,machine06_CU,16,outer_0,constrained_mixture,0.05700347156992988,0.1257628193435847,0.3738517164159445,1.045725647101422,True,0.7072402938090241,0.62756052141527,True,0.058091019937052,22.221537416997307,False
development,False,machine06_CU,16,outer_0,ens_mean,0.058479310392105514,0.12647584507142862,0.3667315601754332,1.072799831617425,True,0.7114375655823715,0.6544401544401545,False,0.058091019937052,22.221537416997307,False
development,False,machine06_CU,16,outer_0,ens_inverse_mae,0.0577840720325412,0.1257277515582393,0.3742008589109581,1.0600457209742997,True,0.7124868835257083,0.6516314779270633,True,0.058091019937052,22.221537416997307,False
development,False,machine06_CU,16,outer_0,ens_stacking,0.05733659528867558,0.1284423131310751,0.34688613839042126,1.051836783963022,True,0.7030430220356768,0.6068840579710145,True,0.058091019937052,22.221537416997307,False
development,False,machine06_CU,16,outer_0,oracle_upper_bound,0.03600459268157455,0.10073219863067685,0.5982931003240124,0.6605023333425196,True,0.8121720881427072,0.822529224229543,False,0.058091019937052,22.221537416997307,True
development,False,cluster_UM,1,outer_0,persistence,1294154012.0869985,4459823017.849389,0.36741881096646944,1.4945747471212496,True,0.7839135654261705,0.7848557692307693,False,1294154012.0869985,5.639973500001361,False
development,False,cluster_UM,1,outer_0,ewma,1480285066.42041,4238905646.6019435,0.42853646489843156,1.7095312135569223,True,0.758703481392557,0.5841035120147874,False,1294154012.0869985,5.639973500001361,False
development,False,cluster_UM,1,outer_0,ridge,1358694507.6124406,3983294314.436433,0.4953784227346214,1.5691103849805041,True,0.7779111644657863,0.7363636363636363,False,1294154012.0869985,5.639973500001361,False
development,False,cluster_UM,1,outer_0,lightgbm,2548658026.0004625,4735091215.666121,0.28692087476182293,2.9433590508794225,True,0.7539015606242497,0.814526588845655,False,1294154012.0869985,5.639973500001361,False
development,False,cluster_UM,1,outer_0,static_router,2548658026.0004625,4735091215.666121,0.28692087476182293,2.9433590508794225,True,0.7539015606242497,0.814526588845655,False,1294154012.0869985,5.639973500001361,False
development,False,cluster_UM,1,outer_0,regime_router,1765124824.4522626,4502891233.955627,0.3551422292768861,2.0384830271389953,True,0.7683073229291717,0.7373271889400922,False,1294154012.0869985,5.639973500001361,False
development,False,cluster_UM,1,outer_0,constrained_mixture,1716806569.567495,4184881534.773089,0.443010047563278,1.9826819069467514,True,0.773109243697479,0.7749699157641395,False,1294154012.0869985,5.639973500001361,False
development,False,cluster_UM,1,outer_0,ens_mean,1372810056.2937179,4012733843.9645123,0.4878917955991432,1.5854119552756627,True,0.7899159663865546,0.7642276422764228,False,1294154012.0869985,5.639973500001361,False
development,False,cluster_UM,1,outer_0,ens_inverse_mae,1386947197.4807038,4017531688.3114934,0.486666454263164,1.6017384620261874,True,0.7887154861944778,0.7657342657342657,False,1294154012.0869985,5.639973500001361,False
development,False,cluster_UM,1,outer_0,ens_stacking,2548658026.0004625,4735091215.666121,0.28692087476182293,2.9433590508794225,True,0.7539015606242497,0.814526588845655,False,1294154012.0869985,5.639973500001361,False
development,False,cluster_UM,1,outer_0,oracle_upper_bound,758601221.0167727,3534799579.8638268,0.6026157837518347,0.8760829217216819,True,0.8319327731092437,0.8761061946902655,False,1294154012.0869985,5.639973500001361,True
development,False,cluster_UM,4,outer_0,persistence,1293840395.387405,4460095675.347607,0.36698093466806847,1.4942125617900524,True,0.7843373493975904,0.7843373493975904,False,1293840395.387405,8.757219541999802,False
development,False,cluster_UM,4,outer_0,ewma,1480537684.1872396,4239647080.5658383,0.4280107683137434,1.7098229532814464,True,0.7578313253012048,0.5829471733086191,False,1293840395.387405,8.757219541999802,False
development,False,cluster_UM,4,outer_0,ridge,1357904582.2852314,3983371238.6330028,0.495071357844309,1.5681981269067882,True,0.7771084337349398,0.7354618015963512,False,1293840395.387405,8.757219541999802,False
development,False,cluster_UM,4,outer_0,lightgbm,2805301515.6757536,4939082575.201627,0.2237153218358524,3.239747946713544,True,0.7228915662650602,0.8368200836820083,False,1293840395.387405,8.757219541999802,False
development,False,cluster_UM,4,outer_0,static_router,2805301515.6757536,4939082575.201627,0.2237153218358524,3.239747946713544,True,0.7228915662650602,0.8368200836820083,False,1293840395.387405,8.757219541999802,False
development,False,cluster_UM,4,outer_0,regime_router,1746577715.2095952,4510969073.959604,0.35245770573626245,2.0170635972664352,True,0.7397590361445783,0.7841634738186463,False,1293840395.387405,8.757219541999802,False
development,False,cluster_UM,4,outer_0,constrained_mixture,2107785288.971337,4419539323.007205,0.37844087725654474,2.4342100212400792,True,0.7518072289156627,0.7928843710292249,False,1293840395.387405,8.757219541999802,False
development,False,cluster_UM,4,outer_0,ens_mean,1418061489.446394,4032386889.376057,0.4825685424982037,1.637671306658401,True,0.7879518072289157,0.7667057444314185,False,1293840395.387405,8.757219541999802,False
development,False,cluster_UM,4,outer_0,ens_inverse_mae,1434809670.1196277,4038408581.697156,0.48102199471322726,1.6570132147007621,True,0.7879518072289157,0.7667057444314185,False,1293840395.387405,8.757219541999802,False
development,False,cluster_UM,4,outer_0,ens_stacking,2805301515.6757536,4939082575.201627,0.2237153218358524,3.239747946713544,True,0.7228915662650602,0.8368200836820083,False,1293840395.387405,8.757219541999802,False
development,False,cluster_UM,4,outer_0,oracle_upper_bound,753747667.273976,3531309726.995959,0.6031740527334342,0.8704777164756062,True,0.8325301204819278,0.8974025974025974,False,1293840395.387405,8.757219541999802,True
development,False,cluster_UM,8,outer_0,persistence,1291570370.298706,4459098467.509135,0.36596056447304637,1.4915909865051837,True,0.7835550181378477,0.784503631961259,False,1291570370.298706,11.425773582999682,False
development,False,cluster_UM,8,outer_0,ewma,1478086673.3562198,4237889395.4836307,0.42730765113003866,1.706992363677157,True,0.7569528415961306,0.5823255813953488,False,1291570370.298706,11.425773582999682,False
development,False,cluster_UM,8,outer_0,ridge,1357156730.2391167,3983549653.713941,0.493985904143576,1.567334457844013,True,0.7762998790810157,0.7353951890034365,False,1291570370.298706,11.425773582999682,False
development,False,cluster_UM,8,outer_0,lightgbm,2410471439.6138277,4651652435.539208,0.31001974929217013,2.783772030729251,True,0.7339782345828295,0.8082556591211718,False,1291570370.298706,11.425773582999682,False
development,False,cluster_UM,8,outer_0,static_router,1291570370.298706,4459098467.509135,0.36596056447304637,1.4915909865051837,True,0.7835550181378477,0.784503631961259,False,1291570370.298706,11.425773582999682,False
development,False,cluster_UM,8,outer_0,regime_router,1445863207.0536938,4399027195.83883,0.3829285704311127,1.6697785710754536,True,0.7400241837968561,0.8063241106719368,False,1291570370.298706,11.425773582999682,False
development,False,cluster_UM,8,outer_0,constrained_mixture,2162427188.6104927,4457056747.501438,0.3665410560869584,2.497314105122428,True,0.7569528415961306,0.8015364916773368,False,1291570370.298706,11.425773582999682,False
development,False,cluster_UM,8,outer_0,ens_mean,1339248175.6734526,3995235392.0950766,0.4910127661319572,1.5466524731951217,True,0.7896009673518742,0.7593023255813953,False,1291570370.298706,11.425773582999682,False
development,False,cluster_UM,8,outer_0,ens_inverse_mae,1341253999.7017808,3997006088.6154227,0.49056149778052993,1.5489689316010835,True,0.7871825876662636,0.7605140186915887,False,1291570370.298706,11.425773582999682,False
development,False,cluster_UM,8,outer_0,ens_stacking,2410471439.6138277,4651652435.539208,0.31001974929217013,2.783772030729251,True,0.7339782345828295,0.8082556591211718,False,1291570370.298706,11.425773582999682,False
development,False,cluster_UM,8,outer_0,oracle_upper_bound,749246941.7772514,3519032274.026875,0.6051168112702514,0.8652799806510411,True,0.8331318016928658,0.8959687906371911,False,1291570370.298706,11.425773582999682,True
development,False,cluster_UM,16,outer_0,persistence,1285438902.927975,4439239397.418229,0.36738747063746846,1.484509961982983,True,0.7839805825242718,0.7839805825242718,False,1285438902.927975,15.494403041000623,False
development,False,cluster_UM,16,outer_0,ewma,1473780729.6912885,4220083338.4300694,0.428307214024258,1.7020195748096598,True,0.7572815533980582,0.581547064305685,False,1285438902.927975,15.494403041000623,False
development,False,cluster_UM,16,outer_0,ridge,1353419666.8608923,3966314443.1331873,0.4949958584324652,1.5630186496006968,True,0.7766990291262136,0.7347876004592423,False,1285438902.927975,15.494403041000623,False
development,False,cluster_UM,16,outer_0,lightgbm,2769040419.4796467,4782003664.79361,0.26592494521207344,3.1978712317542173,True,0.7766990291262136,0.7256235827664399,False,1285438902.927975,15.494403041000623,False
development,False,cluster_UM,16,outer_0,static_router,1285438902.927975,4439239397.418229,0.36738747063746846,1.484509961982983,True,0.7839805825242718,0.7839805825242718,False,1285438902.927975,15.494403041000623,False
development,False,cluster_UM,16,outer_0,regime_router,2756428949.4880247,4781181783.841687,0.2661772538679108,3.183306671124251,True,0.7754854368932039,0.7253121452894438,False,1285438902.927975,15.494403041000623,False
development,False,cluster_UM,16,outer_0,constrained_mixture,2645894958.5490584,4684344596.338434,0.2956016524358256,3.0556546992468863,True,0.7815533980582524,0.734321550741163,False,1285438902.927975,15.494403041000623,False
development,False,cluster_UM,16,outer_0,ens_mean,1420324736.9103625,3984115799.72893,0.49045263193678557,1.6402850546934427,True,0.7900485436893204,0.7534722222222222,False,1285438902.927975,15.494403041000623,False
development,False,cluster_UM,16,outer_0,ens_inverse_mae,1434269893.7983348,3988453057.706071,0.4893426032813045,1.6563898452629953,True,0.7900485436893204,0.7552204176334106,False,1285438902.927975,15.494403041000623,False
development,False,cluster_UM,16,outer_0,ens_stacking,2769040419.4796467,4782003664.79361,0.26592494521207344,3.1978712317542173,True,0.7766990291262136,0.7256235827664399,False,1285438902.927975,15.494403041000623,False
development,False,cluster_UM,16,outer_0,oracle_upper_bound,743492955.6017802,3464179572.1049757,0.6147688033598021,0.8586348964084973,True,0.8531553398058253,0.8743781094527363,False,1285438902.927975,15.494403041000623,True
development,False,machine01_UM,1,outer_0,persistence,427187034.20009667,1760856218.0101256,0.2521117448831225,1.456967680258598,True,0.9151838671411625,0.9154553544942153,False,427187034.20009667,5.014122915999906,False
development,False,machine01_UM,1,outer_0,ewma,544078236.7859802,1777783441.111098,0.23766363681751046,1.8556377957809247,True,0.9080664294187426,0.8271204754186926,False,427187034.20009667,5.014122915999906,False
development,False,machine01_UM,1,outer_0,ridge,431364487.1115283,1575484250.2546258,0.40128925215441813,1.471215336180915,True,0.5530842230130486,0.874765478424015,False,427187034.20009667,5.014122915999906,False
development,False,machine01_UM,1,outer_0,lightgbm,758142779.4073551,1684073568.4496915,0.31591346558122557,2.585728119502205,True,0.8389679715302492,0.7233444131935567,False,427187034.20009667,5.014122915999906,False
development,False,machine01_UM,1,outer_0,static_router,431364487.1115283,1575484250.2546258,0.40128925215441813,1.471215336180915,True,0.5530842230130486,0.874765478424015,False,427187034.20009667,5.014122915999906,False
development,False,machine01_UM,1,outer_0,regime_router,428878060.4077569,1748003757.2327998,0.26298954933422447,1.4627351084195315,True,0.9148873072360617,0.9036321031048623,False,427187034.20009667,5.014122915999906,False
development,False,machine01_UM,1,outer_0,constrained_mixture,575579003.7310665,1589401363.050981,0.3906650558192736,1.9630745756173915,True,0.8505338078291815,0.7648,False,427187034.20009667,5.014122915999906,False
development,False,machine01_UM,1,outer_0,ens_mean,464894986.2366386,1576448945.9590929,0.4005558262053496,1.5855747376072749,True,0.8520166073546857,0.8145732917493621,False,427187034.20009667,5.014122915999906,False
development,False,machine01_UM,1,outer_0,ens_inverse_mae,450025849.0540702,1578134771.0925796,0.39927307183150795,1.5348619336737497,True,0.8481613285883749,0.8249206807037784,False,427187034.20009667,5.014122915999906,False
development,False,machine01_UM,1,outer_0,ens_stacking,594832696.7680514,1590884676.4975348,0.38952719789317747,2.0287413825068707,True,0.83214709371293,0.7656207366984993,False,427187034.20009667,5.014122915999906,False
development,False,machine01_UM,1,outer_0,oracle_upper_bound,239278854.1958337,1356130363.8216443,0.5563997293673402,0.8160864661668149,True,0.9445432977461448,0.9593373493975904,False,427187034.20009667,5.014122915999906,True
development,False,machine01_UM,4,outer_0,persistence,427335047.25637615,1761175363.7548752,0.2521098292444294,1.4574724948292446,True,0.9151083407539329,0.9153800475059383,False,427335047.25637615,7.099614250000741,False
development,False,machine01_UM,4,outer_0,ewma,543680402.6176065,1777808760.9618247,0.23791624122859734,1.8542809392309398,True,0.9079845651528643,0.8269802649364694,False,427335047.25637615,7.099614250000741,False
development,False,machine01_UM,4,outer_0,ridge,431391573.6373015,1575749192.5162768,0.40130337683181694,1.471307717712803,True,0.5529830810329475,0.8746478873239436,False,427335047.25637615,7.099614250000741,False
development,False,machine01_UM,4,outer_0,lightgbm,871556470.4948658,1749398882.92679,0.26207824892761955,2.9725378051537046,True,0.9266844761056693,0.6954778347070617,False,427335047.25637615,7.099614250000741,False
development,False,machine01_UM,4,outer_0,static_router,431391573.6373015,1575749192.5162768,0.40130337683181694,1.471307717712803,True,0.5529830810329475,0.8746478873239436,False,427335047.25637615,7.099614250000741,False
development,False,machine01_UM,4,outer_0,regime_router,436889036.1971101,1733980071.3331168,0.2750286806770291,1.4900574096084638,True,0.9204511724547343,0.8885386819484241,False,427335047.25637615,7.099614250000741,False
development,False,machine01_UM,4,outer_0,constrained_mixture,666482304.8243685,1619503220.9410949,0.3675936030358732,2.273110136433875,True,0.9352923716236272,0.7227064220183487,False,427335047.25637615,7.099614250000741,False
development,False,machine01_UM,4,outer_0,ens_mean,487175061.1501048,1576341735.5032485,0.400853025738354,1.6615633478970142,True,0.9320273078064708,0.7801242236024845,False,427335047.25637615,7.099614250000741,False
development,False,machine01_UM,4,outer_0,ens_inverse_mae,464817926.1970325,1577111005.730635,0.40026810384984257,1.5853119159901448,True,0.9260908281389136,0.7981580966999232,False,427335047.25637615,7.099614250000741,False
development,False,machine01_UM,4,outer_0,ens_stacking,791493313.2072766,1689100513.173129,0.31207101251231917,2.6994737296816975,True,0.9263876521222915,0.7072286426467256,False,427335047.25637615,7.099614250000741,False
development,False,machine01_UM,4,outer_0,oracle_upper_bound,237208673.31644726,1326873776.891123,0.5754861690071953,0.8090258899037661,True,0.9456812110418522,0.959349593495935,False,427335047.25637615,7.099614250000741,True
development,False,machine01_UM,8,outer_0,persistence,426663790.3688475,1760976834.8317194,0.2517917444104181,1.4551831004610107,True,0.9150074294205052,0.9152794292508918,False,426663790.3688475,11.70699204199991,False
development,False,machine01_UM,8,outer_0,ewma,542670751.178798,1776936867.515927,0.23816800834029805,1.8508374135691061,True,0.9078751857355126,0.8267929634641408,False,426663790.3688475,11.70699204199991,False
development,False,machine01_UM,8,outer_0,ridge,431163893.7949427,1575916383.2111943,0.4007865530725233,1.4705311909336505,True,0.5524517087667162,0.874412041392286,False,426663790.3688475,11.70699204199991,False
development,False,machine01_UM,8,outer_0,lightgbm,804792253.3024416,1709666544.3942533,0.2947582142822931,2.7448312062648346,True,0.9084695393759287,0.6883584778203108,False,426663790.3688475,11.70699204199991,False
development,False,machine01_UM,8,outer_0,static_router,431163893.7949427,1575916383.2111943,0.4007865530725233,1.4705311909336505,True,0.5524517087667162,0.874412041392286,False,426663790.3688475,11.70699204199991,False
development,False,machine01_UM,8,outer_0,regime_router,450095759.16102254,1632068534.6299841,0.35732413068313773,1.5351003696706282,True,0.9117384843982169,0.8775743707093822,False,426663790.3688475,11.70699204199991,False
development,False,machine01_UM,8,outer_0,constrained_mixture,538842173.310567,1607151531.613408,0.3767979649121176,1.8377796337939993,True,0.9164933135215453,0.7509130752373996,False,426663790.3688475,11.70699204199991,False
development,False,machine01_UM,8,outer_0,ens_mean,470602214.4038821,1575118864.299621,0.40139288363734693,1.6050398578422687,True,0.912927191679049,0.7832738398776135,False,426663790.3688475,11.70699204199991,False
development,False,machine01_UM,8,outer_0,ens_inverse_mae,447978806.5637979,1578152137.8923306,0.39908513718995986,1.5278802733945995,True,0.9066864784546805,0.8067160232681121,False,426663790.3688475,11.70699204199991,False
development,False,machine01_UM,8,outer_0,ens_stacking,580700374.1777705,1601835497.832054,0.38091392261945267,1.9805415645990474,True,0.9188707280832095,0.7294173154045765,False,426663790.3688475,11.70699204199991,False
development,False,machine01_UM,8,outer_0,oracle_upper_bound,238624936.80204663,1346430467.7014935,0.5625956771121855,0.8138562100213054,True,0.9468053491827637,0.957907396271798,False,426663790.3688475,11.70699204199991,True
development,False,machine01_UM,16,outer_0,persistence,423129225.3431788,1748043534.254799,0.2547154788728986,1.4431280833516678,True,0.9148048853142687,0.91507747318236,False,423129225.3431788,16.322753209002258,False
development,False,machine01_UM,16,outer_0,ewma,540170774.1821434,1766901454.54486,0.2385484601655934,1.8423109710652132,True,0.9076556449210604,0.8264171413072959,False,423129225.3431788,16.322753209002258,False
development,False,machine01_UM,16,outer_0,ridge,428927610.0072468,1565070783.459074,0.4025719890081533,1.4629041026989615,True,0.5513851653261841,0.8739376770538244,False,423129225.3431788,16.322753209002258,False
development,False,machine01_UM,16,outer_0,lightgbm,776979452.4957634,1679768234.5499303,0.3117973490475693,2.649972634658891,True,0.8996127494787012,0.674408217954444,False,423129225.3431788,16.322753209002258,False
development,False,machine01_UM,16,outer_0,static_router,428927610.0072468,1565070783.459074,0.4025719890081533,1.4629041026989615,True,0.5513851653261841,0.8739376770538244,False,423129225.3431788,16.322753209002258,False
development,False,machine01_UM,16,outer_0,regime_router,441284518.60960025,1615368510.5515885,0.36355506000634563,1.5050486787749888,True,0.9028894846589216,0.8734870317002882,False,423129225.3431788,16.322753209002258,False
development,False,machine01_UM,16,outer_0,constrained_mixture,580090873.4413273,1597052209.298083,0.37790624652947424,1.978462796277452,True,0.9305927911826035,0.7087114337568058,False,423129225.3431788,16.322753209002258,False
development,False,machine01_UM,16,outer_0,ens_mean,459806342.71458966,1565389475.6360617,0.402328658137286,1.568219367349221,True,0.926422400953232,0.7645034414945919,False,423129225.3431788,16.322753209002258,False
development,False,machine01_UM,16,outer_0,ens_inverse_mae,439132498.8926109,1568318876.941202,0.40008965316201794,1.497708982286298,True,0.9225498957402443,0.7896481387047425,False,423129225.3431788,16.322753209002258,False
development,False,machine01_UM,16,outer_0,ens_stacking,630718330.7120591,1605580320.4778678,0.3712446614819458,2.151133226491349,True,0.926422400953232,0.6908040870724123,False,423129225.3431788,16.322753209002258,False
development,False,machine01_UM,16,outer_0,oracle_upper_bound,238308738.11732996,1350457109.2392125,0.5551852257086335,0.81277778013629,True,0.9451891569854036,0.9588999697793895,False,423129225.3431788,16.322753209002258,True
development,False,machine01_tx_bond0,1,outer_0,persistence,49.813159476236564,205.0087812532402,-0.6955424326733946,2.006674316607653,True,0.3956043956043956,0.39669421487603307,False,44.85616551510368,4.503290207998361,False
development,False,machine01_tx_bond0,1,outer_0,ewma,46.96028599011714,160.88195179916542,-0.04418725512897437,1.8917491038060477,True,0.635989010989011,0.33869787856620337,False,44.85616551510368,4.503290207998361,False
development,False,machine01_tx_bond0,1,outer_0,ridge,44.85616551510368,152.5440728930216,0.061240357716073834,1.8069866723390764,True,0.6881868131868132,0.3106013639181649,False,44.85616551510368,4.503290207998361,False
development,False,machine01_tx_bond0,1,outer_0,lightgbm,47.313497389857524,155.82160537975625,0.020466972101501835,1.9059778789258066,True,0.5989010989010989,0.27629911280101394,False,44.85616551510368,4.503290207998361,False
development,False,machine01_tx_bond0,1,outer_0,static_router,49.813159476236564,205.0087812532402,-0.6955424326733946,2.006674316607653,True,0.3956043956043956,0.39669421487603307,False,44.85616551510368,4.503290207998361,False
development,False,machine01_tx_bond0,1,outer_0,regime_router,49.818158195927936,205.00699345908313,-0.6955128605973266,2.006875685132076,True,0.39972527472527475,0.3921832884097035,False,44.85616551510368,4.503290207998361,False
development,False,machine01_tx_bond0,1,outer_0,constrained_mixture,44.52296265577251,157.17419557132655,0.003387734503521256,1.793563921662941,True,0.6483516483516484,0.3255172413793103,True,44.85616551510368,4.503290207998361,False
development,False,machine01_tx_bond0,1,outer_0,ens_mean,44.0742036021882,156.8352208249685,0.007681850298460469,1.7754861029371003,True,0.6703296703296703,0.32360742705570295,True,44.85616551510368,4.503290207998361,False
development,False,machine01_tx_bond0,1,outer_0,ens_inverse_mae,44.65500668170496,161.2458839405713,-0.04891672434356287,1.7988831858550975,True,0.6373626373626373,0.3314285714285714,True,44.85616551510368,4.503290207998361,False
development,False,machine01_tx_bond0,1,outer_0,ens_stacking,44.690907900142946,155.10831395185298,0.029414297955847823,1.8003294312595632,True,0.6552197802197802,0.31610337972166996,True,44.85616551510368,4.503290207998361,False
development,False,machine01_tx_bond0,1,outer_0,oracle_upper_bound,24.084539982871686,133.49225035821595,0.2810878163326672,0.9702220922966056,True,0.7912087912087912,0.7137546468401487,False,44.85616551510368,4.503290207998361,True
development,False,machine01_tx_bond0,4,outer_0,persistence,49.73560805436566,205.5713680847098,-0.6977773077707656,2.003550233571744,True,0.3955119214586255,0.3944055944055944,False,44.83730685803402,6.091575500002364,False
development,False,machine01_tx_bond0,4,outer_0,ewma,46.75022481370463,161.11169685160047,-0.04282063377813805,1.8832869951573386,True,0.6367461430575035,0.3380491437081162,False,44.83730685803402,6.091575500002364,False
development,False,machine01_tx_bond0,4,outer_0,ridge,44.83730685803402,152.8600378820946,0.06126416229528786,1.8062269698189932,True,0.6928471248246845,0.30759651307596514,False,44.83730685803402,6.091575500002364,False
development,False,machine01_tx_bond0,4,outer_0,lightgbm,47.642789131668735,156.09186512708135,0.02115029949748326,1.919243074065231,True,0.603085553997195,0.27095148078134845,False,44.83730685803402,6.091575500002364,False
development,False,machine01_tx_bond0,4,outer_0,static_router,49.73560805436566,205.5713680847098,-0.6977773077707656,2.003550233571744,True,0.3955119214586255,0.3944055944055944,False,44.83730685803402,6.091575500002364,False
development,False,machine01_tx_bond0,4,outer_0,regime_router,49.684157168291286,205.55647775120514,-0.6975313634548475,2.0014775850439706,True,0.3997194950911641,0.39094650205761317,False,44.83730685803402,6.091575500002364,False
development,False,machine01_tx_bond0,4,outer_0,constrained_mixture,44.82088042291415,159.49280635621875,-0.021968881166265053,1.8055652469767753,True,0.6311360448807855,0.3230437903804738,True,44.83730685803402,6.091575500002364,False
development,False,machine01_tx_bond0,4,outer_0,ens_mean,44.19725970464037,157.29168386974882,0.006044375033556704,1.7804432974392965,True,0.6732117812061711,0.3195739014647137,True,44.83730685803402,6.091575500002364,False
development,False,machine01_tx_bond0,4,outer_0,ens_inverse_mae,44.72902584250176,161.70906904131218,-0.050568140046157506,1.8018649752149682,True,0.6451612903225806,0.32974910394265233,True,44.83730685803402,6.091575500002364,False
development,False,machine01_tx_bond0,4,outer_0,ens_stacking,44.704503171700686,156.7647240087395,0.012693135196668037,1.8008771034519933,True,0.6479663394109397,0.31600547195622436,True,44.83730685803402,6.091575500002364,False
development,False,machine01_tx_bond0,4,outer_0,oracle_upper_bound,24.09720922733605,133.92355935483434,0.2794411794892595,0.9707324603950114,True,0.7924263674614306,0.7170050761421319,False,44.83730685803402,6.091575500002364,True
development,False,machine01_tx_bond0,8,outer_0,persistence,49.46389347951344,205.6781533606176,-0.7051696312029025,1.992604478182266,True,0.3945868945868946,0.3940256045519203,False,44.52767405407328,7.8462094999995315,False
development,False,machine01_tx_bond0,8,outer_0,ewma,46.336168462653205,161.0051973195433,-0.04489115147877776,1.866607140797176,True,0.6339031339031339,0.34099616858237547,False,44.52767405407328,7.8462094999995315,False
development,False,machine01_tx_bond0,8,outer_0,ridge,44.52767405407328,152.79433130986527,0.058965068683445754,1.7937537157266958,True,0.6866096866096866,0.3085787451984635,False,44.52767405407328,7.8462094999995315,False
development,False,machine01_tx_bond0,8,outer_0,lightgbm,46.85869593529317,155.4466314421589,0.026011361384659537,1.8876566479975523,True,0.6210826210826211,0.28440965427266796,False,44.52767405407328,7.8462094999995315,False
development,False,machine01_tx_bond0,8,outer_0,static_router,49.46389347951344,205.6781533606176,-0.7051696312029025,1.992604478182266,True,0.3945868945868946,0.3940256045519203,False,44.52767405407328,7.8462094999995315,False
development,False,machine01_tx_bond0,8,outer_0,regime_router,49.410829871928286,205.70294741517213,-0.7055807649712156,1.9904668627487685,True,0.3974358974358974,0.3940677966101695,False,44.52767405407328,7.8462094999995315,False
development,False,machine01_tx_bond0,8,outer_0,constrained_mixture,44.54857067546198,159.33235796407496,-0.02329117120483981,1.7945955156423303,True,0.6267806267806267,0.32305433186490456,False,44.52767405407328,7.8462094999995315,False
development,False,machine01_tx_bond0,8,outer_0,ens_mean,43.7484567107922,157.2010327612674,0.0039020409479045837,1.762363708622984,True,0.6908831908831908,0.33241946538725153,True,44.52767405407328,7.8462094999995315,False
development,False,machine01_tx_bond0,8,outer_0,ens_inverse_mae,44.30126013126498,161.44182211518086,-0.050566048991765866,1.7846328527138098,True,0.6609686609686609,0.3386861313868613,True,44.52767405407328,7.8462094999995315,False
development,False,machine01_tx_bond0,8,outer_0,ens_stacking,44.383293268554915,155.43404867754634,0.02616903574075713,1.7879374772636536,True,0.6552706552706553,0.3144224196855776,True,44.52767405407328,7.8462094999995315,False
development,False,machine01_tx_bond0,8,outer_0,oracle_upper_bound,23.984983918941815,133.97734971952121,0.2764741943391179,0.9662115738181316,True,0.7948717948717948,0.7090216010165185,False,44.52767405407328,7.8462094999995315,True
development,False,machine01_tx_bond0,16,outer_0,persistence,47.80016152144655,204.66209605911033,-0.7083764555264631,1.9255826665751372,True,0.3940298507462687,0.3963963963963964,False,43.7155379203814,29.547380084000906,False
development,False,machine01_tx_bond0,16,outer_0,ewma,45.02127420994714,160.26389605677872,-0.047562961617206856,1.8136379143175947,True,0.6268656716417911,0.3389830508474576,False,43.7155379203814,29.547380084000906,False
development,False,machine01_tx_bond0,16,outer_0,ridge,43.7155379203814,152.2023253930067,0.05517512729695573,1.761037607409054,True,0.6880597014925374,0.306312292358804,False,43.7155379203814,29.547380084000906,False
development,False,machine01_tx_bond0,16,outer_0,lightgbm,45.16280548108382,154.67782459731268,0.024190924184690044,1.819339362886066,True,0.6194029850746269,0.28154681139755766,False,43.7155379203814,29.547380084000906,False
development,False,machine01_tx_bond0,16,outer_0,static_router,47.80016152144655,204.66209605911033,-0.7083764555264631,1.9255826665751372,True,0.3940298507462687,0.3963963963963964,False,43.7155379203814,29.547380084000906,False
development,False,machine01_tx_bond0,16,outer_0,regime_router,47.80416466041535,204.71028388721066,-0.7091810270035659,1.925743929105741,True,0.3940298507462687,0.39461883408071746,False,43.7155379203814,29.547380084000906,False
development,False,machine01_tx_bond0,16,outer_0,constrained_mixture,43.44407514192307,158.12346993643817,-0.019768081171261054,1.750101995390564,True,0.6253731343283582,0.3150375939849624,True,43.7155379203814,29.547380084000906,False
development,False,machine01_tx_bond0,16,outer_0,ens_mean,42.474505485900714,156.59721267857137,-0.00017684821289809527,1.7110438318980368,True,0.6835820895522388,0.3269093504639543,True,43.7155379203814,29.547380084000906,False
development,False,machine01_tx_bond0,16,outer_0,ens_inverse_mae,42.985156440731046,161.05918137260204,-0.05798550288830007,1.7316149052164846,True,0.6432835820895523,0.3375097885669538,True,43.7155379203814,29.547380084000906,False
development,False,machine01_tx_bond0,16,outer_0,ens_stacking,43.483532315256554,152.61663962640796,0.05002425740938998,1.751691488953445,True,0.673134328358209,0.3055555555555556,True,43.7155379203814,29.547380084000906,False
development,False,machine01_tx_bond0,16,outer_0,oracle_upper_bound,23.18429487097554,134.05296711692563,0.2670715090663629,0.9339566001317215,True,0.7955223880597015,0.7173620457604307,False,43.7155379203814,29.547380084000906,True
development,False,machine01_rx_bond0,1,outer_0,persistence,19.905000525807964,71.45746396868908,-0.5477930474462198,1.3088463738899234,True,0.40083217753120665,0.4002770083102493,False,16.260608161007188,4.298518416999286,False
development,False,machine01_rx_bond0,1,outer_0,ewma,17.295568458214102,58.463870265122495,-0.03607887171671975,1.137264077513989,True,0.5991678224687933,0.3523654159869494,False,16.260608161007188,4.298518416999286,False
development,False,machine01_rx_bond0,1,outer_0,ridge,16.260608161007188,55.87929125760316,0.053502498728817516,1.0692106237919967,True,0.4576976421636616,0.3055555555555556,False,16.260608161007188,4.298518416999286,False
development,False,machine01_rx_bond0,1,outer_0,lightgbm,17.19278106402385,55.6296225669923,0.061941506030339766,1.1305053282241775,True,0.5686546463245492,0.2930664760543245,False,16.260608161007188,4.298518416999286,False
development,False,machine01_rx_bond0,1,outer_0,static_router,17.19278106402385,55.6296225669923,0.061941506030339766,1.1305053282241775,True,0.5686546463245492,0.2930664760543245,False,16.260608161007188,4.298518416999286,False
development,False,machine01_rx_bond0,1,outer_0,regime_router,19.223384894910502,71.30151245143875,-0.5410444935089664,1.2640269755819387,True,0.39944521497919555,0.3486682808716707,False,16.260608161007188,4.298518416999286,False
development,False,machine01_rx_bond0,1,outer_0,constrained_mixture,16.13960842883255,56.28024910265461,0.03987071681173904,1.061254328563916,True,0.507628294036061,0.35499515033947626,True,16.260608161007188,4.298518416999286,False
development,False,machine01_rx_bond0,1,outer_0,ens_mean,16.070914555635117,55.8801001143433,0.053475097292359663,1.0567373868674645,True,0.5672676837725381,0.3556521739130435,True,16.260608161007188,4.298518416999286,False
development,False,machine01_rx_bond0,1,outer_0,ens_inverse_mae,15.943945863397479,55.36703177602898,0.07077651659936357,1.0483886047502617,True,0.5936199722607489,0.35110746513535684,True,16.260608161007188,4.298518416999286,False
development,False,machine01_rx_bond0,1,outer_0,ens_stacking,17.507411328901707,60.261798961550845,-0.10078341617423647,1.1511937316616696,True,0.49653259361997226,0.37175493250259606,False,16.260608161007188,4.298518416999286,False
development,False,machine01_rx_bond0,1,outer_0,oracle_upper_bound,9.004841828470237,48.60306603241357,0.28394723337123273,0.5921102367902186,True,0.753120665742025,0.7428180574555403,False,16.260608161007188,4.298518416999286,True
development,False,machine01_rx_bond0,4,outer_0,persistence,19.8501290995211,71.44972622524577,-0.545996235711677,1.3052383223737927,True,0.403068340306834,0.4019471488178025,False,16.213118083052226,6.789362166000501,False
development,False,machine01_rx_bond0,4,outer_0,ewma,17.230155598036312,58.46436829458242,-0.03511789592370329,1.1329628776854102,True,0.5983263598326359,0.3548387096774194,False,16.213118083052226,6.789362166000501,False
development,False,machine01_rx_bond0,4,outer_0,ridge,16.213118083052226,55.88397572421841,0.05423794708078933,1.066087930263478,True,0.4630404463040446,0.308263695450325,False,16.213118083052226,6.789362166000501,False
development,False,machine01_rx_bond0,4,outer_0,lightgbm,17.429951857166987,55.60457195960955,0.06367138086915991,1.1461004110876778,True,0.5760111576011158,0.29270021261516654,False,16.213118083052226,6.789362166000501,False
development,False,machine01_rx_bond0,4,outer_0,static_router,17.429951857166987,55.60457195960955,0.06367138086915991,1.1461004110876778,True,0.5760111576011158,0.29270021261516654,False,16.213118083052226,6.789362166000501,False
development,False,machine01_rx_bond0,4,outer_0,regime_router,19.022305130317125,70.80002059626631,-0.5180080062626948,1.250805045725195,True,0.3891213389121339,0.3549618320610687,False,16.213118083052226,6.789362166000501,False
development,False,machine01_rx_bond0,4,outer_0,constrained_mixture,16.244426003345104,55.83070697054845,0.05604009355326156,1.0681465716534262,True,0.5592747559274756,0.35083114610673666,False,16.213118083052226,6.789362166000501,False
development,False,machine01_rx_bond0,4,outer_0,ens_mean,16.078974228240934,55.84157552052323,0.05567253689568252,1.0572673478313532,True,0.5774058577405857,0.3517417162276975,True,16.213118083052226,6.789362166000501,False
development,False,machine01_rx_bond0,4,outer_0,ens_inverse_mae,15.96652752778083,55.25885005795198,0.0752784472202056,1.0498734542234494,True,0.599721059972106,0.3426294820717131,True,16.213118083052226,6.789362166000501,False
development,False,machine01_rx_bond0,4,outer_0,ens_stacking,17.1881998567353,57.7567682448603,-0.010213256002622462,1.1302040925351915,True,0.5299860529986054,0.3460837887067395,False,16.213118083052226,6.789362166000501,False
development,False,machine01_rx_bond0,4,outer_0,oracle_upper_bound,8.99789662331271,48.299871740301015,0.29352101299716915,0.5916535572450679,True,0.7601115760111576,0.7517241379310344,False,16.213118083052226,6.789362166000501,True
development,False,machine01_rx_bond0,8,outer_0,persistence,19.593255816947426,70.90065210937182,-0.5372414744421143,1.288347709182909,True,0.4050632911392405,0.4050632911392405,False,16.06553668050845,8.921249167000497,False
development,False,machine01_rx_bond0,8,outer_0,ewma,16.989186691517055,58.00935964947215,-0.02905307967250459,1.1171180512002752,True,0.6019690576652602,0.3581589958158996,False,16.06553668050845,8.921249167000497,False
development,False,machine01_rx_bond0,8,outer_0,ridge,16.06553668050845,55.567630726275624,0.055753478469389384,1.0563837665623736,True,0.4641350210970464,0.30956848030018763,False,16.06553668050845,8.921249167000497,False
development,False,machine01_rx_bond0,8,outer_0,lightgbm,17.084076030466957,55.199966129879904,0.0682074015706079,1.1233574666197503,True,0.5752461322081576,0.29788783685360526,False,16.06553668050845,8.921249167000497,False
development,False,machine01_rx_bond0,8,outer_0,static_router,17.084076030466957,55.199966129879904,0.0682074015706079,1.1233574666197503,True,0.5752461322081576,0.29788783685360526,False,16.06553668050845,8.921249167000497,False
development,False,machine01_rx_bond0,8,outer_0,regime_router,18.875008668868837,70.7891269388576,-0.5324091837394616,1.2411196182265396,True,0.39943741209563993,0.35018495684340323,False,16.06553668050845,8.921249167000497,False
development,False,machine01_rx_bond0,8,outer_0,constrained_mixture,15.939086305620673,55.855144143928484,0.045956915803194276,1.0480690662219088,True,0.5189873417721519,0.36462450592885376,True,16.06553668050845,8.921249167000497,False
development,False,machine01_rx_bond0,8,outer_0,ens_mean,15.86583450919883,55.452155420159336,0.0596738853477673,1.0432524198719957,True,0.5766526019690577,0.36347517730496454,True,16.06553668050845,8.921249167000497,False
development,False,machine01_rx_bond0,8,outer_0,ens_inverse_mae,15.741671804057166,54.86044521982085,0.07963458744932617,1.0350881444585724,True,0.5949367088607594,0.349009900990099,True,16.06553668050845,8.921249167000497,False
development,False,machine01_rx_bond0,8,outer_0,ens_stacking,17.30960561284692,59.82605158146309,-0.09451650762338959,1.1381870857257737,True,0.5063291139240507,0.37305699481865284,False,16.06553668050845,8.921249167000497,False
development,False,machine01_rx_bond0,8,outer_0,oracle_upper_bound,8.83064971530685,48.05719346821891,0.29375002925830984,0.5806562950845391,True,0.7609001406469761,0.7652050919377652,False,16.06553668050845,8.921249167000497,True
development,False,machine01_rx_bond0,16,outer_0,persistence,19.44384448766432,70.41250640549285,-0.5475549284852395,1.2785232192866784,True,0.4031563845050215,0.4048991354466859,False,15.950666661853589,14.855887833000452,False
development,False,machine01_rx_bond0,16,outer_0,ewma,16.888565066947617,57.560534447690394,-0.034179918745742555,1.1105017113372408,True,0.5968436154949784,0.35738831615120276,False,15.950666661853589,14.855887833000452,False
development,False,machine01_rx_bond0,16,outer_0,ridge,15.950666661853589,55.080980118368586,0.05300042458916665,1.048830528510953,True,0.4562410329985653,0.3057692307692308,False,15.950666661853589,14.855887833000452,False
development,False,machine01_rx_bond0,16,outer_0,lightgbm,16.805968546427533,54.7803272223207,0.06331037602384693,1.105070605910317,True,0.5581061692969871,0.29402872260015117,False,15.950666661853589,14.855887833000452,False
development,False,machine01_rx_bond0,16,outer_0,static_router,16.805968546427533,54.7803272223207,0.06331037602384693,1.105070605910317,True,0.5581061692969871,0.29402872260015117,False,15.950666661853589,14.855887833000452,False
development,False,machine01_rx_bond0,16,outer_0,regime_router,19.02572505839577,69.7198812807025,-0.5172590724387651,1.2510299219043688,True,0.42037302725968434,0.32995495495495497,False,15.950666661853589,14.855887833000452,False
development,False,machine01_rx_bond0,16,outer_0,constrained_mixture,16.001526895365576,55.25006789204689,0.04717729554270422,1.052174825443829,True,0.5609756097560976,0.3541666666666667,False,15.950666661853589,14.855887833000452,False
development,False,machine01_rx_bond0,16,outer_0,ens_mean,15.709555158758464,55.063954200242975,0.053585782556724304,1.0329763256376578,True,0.569583931133429,0.3583032490974729,True,15.950666661853589,14.855887833000452,False
development,False,machine01_rx_bond0,16,outer_0,ens_inverse_mae,15.558150710728544,54.4086936319998,0.07597640268192729,1.0230207789127113,True,0.6011477761836442,0.35328836424957843,True,15.950666661853589,14.855887833000452,False
development,False,machine01_rx_bond0,16,outer_0,ens_stacking,16.78273344305269,57.24421631403712,-0.022844686707117923,1.1035427897839276,True,0.533715925394548,0.36081474296799226,False,15.950666661853589,14.855887833000452,False
development,False,machine01_rx_bond0,16,outer_0,oracle_upper_bound,8.805889689572444,47.83245006585035,0.28584625363314975,0.5790282082197394,True,0.7446197991391679,0.7289325842696629,False,15.950666661853589,14.855887833000452,True
development,False,averageRttWithGoogleDns,1,outer_0,persistence,0.2731413931926314,1.62430796442782,0.1316624908016525,0.7026766572388125,True,0.14606741573033707,0.14942528735632185,False,0.2731413931926314,4.581017208998674,False
development,False,averageRttWithGoogleDns,1,outer_0,ewma,0.2788145170002621,1.4829049528228058,0.27626688379038444,0.7172711924231464,True,0.1348314606741573,0.23076923076923078,False,0.2731413931926314,4.581017208998674,False
development,False,averageRttWithGoogleDns,1,outer_0,ridge,0.35306911136897506,1.5467835921506727,0.2125718671378487,0.9082966885801264,True,0.12359550561797752,0.24444444444444444,False,0.2731413931926314,4.581017208998674,False
development,False,averageRttWithGoogleDns,1,outer_0,lightgbm,0.4482428011298185,1.5968662325541434,0.16075475628366054,1.1531381217900283,True,0.12359550561797752,0.22916666666666666,False,0.2731413931926314,4.581017208998674,False
development,False,averageRttWithGoogleDns,1,outer_0,static_router,0.2788145170002621,1.4829049528228058,0.27626688379038444,0.7172711924231464,True,0.1348314606741573,0.23076923076923078,False,0.2731413931926314,4.581017208998674,False
development,False,averageRttWithGoogleDns,1,outer_0,regime_router,0.2697122660568819,1.6236928774179087,0.13232000404139643,0.6938549712803754,True,0.14606741573033707,0.14942528735632185,True,0.2731413931926314,4.581017208998674,False
development,False,averageRttWithGoogleDns,1,outer_0,constrained_mixture,0.34786218921929807,1.5284039237736156,0.23117392915810575,0.8949014920195764,True,0.11235955056179775,0.2777777777777778,False,0.2731413931926314,4.581017208998674,False
development,False,averageRttWithGoogleDns,1,outer_0,ens_mean,0.3073515202405087,1.4355022240659547,0.3217972392905595,0.7906847670193917,True,0.12359550561797752,0.2619047619047619,False,0.2731413931926314,4.581017208998674,False
development,False,averageRttWithGoogleDns,1,outer_0,ens_inverse_mae,0.29306136712199493,1.4327583054080135,0.32438748905724535,0.7539222796227398,True,0.12359550561797752,0.20754716981132076,False,0.2731413931926314,4.581017208998674,False
development,False,averageRttWithGoogleDns,1,outer_0,ens_stacking,0.35374597861789897,1.5338710556956663,0.22566387898562756,0.910037980188509,True,0.11235955056179775,0.2857142857142857,False,0.2731413931926314,4.581017208998674,False
development,False,averageRttWithGoogleDns,1,outer_0,oracle_upper_bound,0.14928964059321637,1.195439300039886,0.5296654611195619,0.3840587630687056,True,0.1797752808988764,0.7272727272727273,False,0.2731413931926314,4.581017208998674,True
development,False,averageRttWithGoogleDns,4,outer_0,persistence,0.2648052027357108,1.5414508796067266,0.02237982518605619,0.681231183977116,True,0.12941176470588237,0.12941176470588237,False,0.2648052027357108,8.218429708998883,False
development,False,averageRttWithGoogleDns,4,outer_0,ewma,0.26526817897057103,1.341099028974431,0.2599987187427847,0.6824222249588217,True,0.11764705882352941,0.2,False,0.2648052027357108,8.218429708998883,False
development,False,averageRttWithGoogleDns,4,outer_0,ridge,0.33800151249277677,1.385023660578827,0.21073079044012066,0.8695341638408773,True,0.10588235294117647,0.20930232558139536,False,0.2648052027357108,8.218429708998883,False
development,False,averageRttWithGoogleDns,4,outer_0,lightgbm,0.43270341453259237,1.4346388991081385,0.15317049732529497,1.1131618878620577,True,0.10588235294117647,0.19148936170212766,False,0.2648052027357108,8.218429708998883,False
development,False,averageRttWithGoogleDns,4,outer_0,static_router,0.26526817897057103,1.341099028974431,0.2599987187427847,0.6824222249588217,True,0.11764705882352941,0.2,False,0.2648052027357108,8.218429708998883,False
development,False,averageRttWithGoogleDns,4,outer_0,regime_router,0.2616343401497725,1.5408500285963513,0.02314182103524387,0.673073902883952,True,0.12941176470588237,0.12941176470588237,True,0.2648052027357108,8.218429708998883,False
development,False,averageRttWithGoogleDns,4,outer_0,constrained_mixture,0.334052604040385,1.3655582819184962,0.23275996475964789,0.859375301580437,True,0.09411764705882353,0.23529411764705882,False,0.2648052027357108,8.218429708998883,False
development,False,averageRttWithGoogleDns,4,outer_0,ens_mean,0.2949576378894265,1.3003054315723355,0.3043327974468393,0.7588005779593775,True,0.10588235294117647,0.23076923076923078,False,0.2648052027357108,8.218429708998883,False
development,False,averageRttWithGoogleDns,4,outer_0,ens_inverse_mae,0.2804785598102318,1.306454466880572,0.2977377367983287,0.7215520669751303,True,0.10588235294117647,0.17647058823529413,False,0.2648052027357108,8.218429708998883,False
development,False,averageRttWithGoogleDns,4,outer_0,ens_stacking,0.33849601878029983,1.368728558322831,0.22919338470799056,0.8708063182406143,True,0.09411764705882353,0.23529411764705882,False,0.2648052027357108,8.218429708998883,False
development,False,averageRttWithGoogleDns,4,outer_0,oracle_upper_bound,0.14163863320586767,1.096229601109087,0.5055597406475183,0.3643759744857971,True,0.16470588235294117,0.6666666666666666,False,0.2648052027357108,8.218429708998883,True
development,False,averageRttWithGoogleDns,8,outer_0,persistence,0.2650880626223092,1.5425753456210196,0.022371592657190353,0.6819588621853097,True,0.12941176470588237,0.12941176470588237,False,0.2650880626223092,12.79152575000262,False
development,False,averageRttWithGoogleDns,8,outer_0,ewma,0.26547252490155293,1.3420622626805752,0.260009115412845,0.6829479201455686,True,0.11764705882352941,0.2,False,0.2650880626223092,12.79152575000262,False
development,False,averageRttWithGoogleDns,8,outer_0,ridge,0.33754161746231104,1.3856318988013396,0.21118204725327339,0.8683510494878635,True,0.10588235294117647,0.20930232558139536,False,0.2650880626223092,12.79152575000262,False
development,False,averageRttWithGoogleDns,8,outer_0,lightgbm,0.434952089213551,1.4375744086384905,0.1509334989437774,1.118946771616089,True,0.10588235294117647,0.20930232558139536,False,0.2650880626223092,12.79152575000262,False
development,False,averageRttWithGoogleDns,8,outer_0,static_router,0.26547252490155293,1.3420622626805752,0.260009115412845,0.6829479201455686,True,0.11764705882352941,0.2,False,0.2650880626223092,12.79152575000262,False
development,False,averageRttWithGoogleDns,8,outer_0,regime_router,0.2620636037264253,1.5421267554037987,0.022940110459193308,0.6741782155316657,True,0.12941176470588237,0.12941176470588237,True,0.2650880626223092,12.79152575000262,False
development,False,averageRttWithGoogleDns,8,outer_0,constrained_mixture,0.33351033583988227,1.3655472871554242,0.23388400737989268,0.8579802760883196,True,0.09411764705882353,0.23529411764705882,False,0.2650880626223092,12.79152575000262,False
development,False,averageRttWithGoogleDns,8,outer_0,ens_mean,0.2953060593469266,1.3019051233231493,0.3036305457769972,0.7596969182108669,True,0.10588235294117647,0.21951219512195122,False,0.2650880626223092,12.79152575000262,False
development,False,averageRttWithGoogleDns,8,outer_0,ens_inverse_mae,0.28103101951470943,1.3076107566668245,0.2975134561429652,0.7229733108732593,True,0.10588235294117647,0.18,False,0.2650880626223092,12.79152575000262,False
development,False,averageRttWithGoogleDns,8,outer_0,ens_stacking,0.3433054984613798,1.37167849129927,0.22698895708047628,0.8831790643332429,True,0.09411764705882353,0.24242424242424243,False,0.2650880626223092,12.79152575000262,False
development,False,averageRttWithGoogleDns,8,outer_0,oracle_upper_bound,0.1415944388833261,1.0962338809822731,0.5062723132486295,0.36426228128657356,True,0.16470588235294117,0.7,False,0.2650880626223092,12.79152575000262,True
development,False,averageRttWithGoogleDns,16,outer_0,persistence,0.2652145485770363,1.544670562399781,0.02200405064929367,0.682284256761417,True,0.12941176470588237,0.12941176470588237,False,0.26518581849194595,21.54718199999843,False
development,False,averageRttWithGoogleDns,16,outer_0,ewma,0.26518581849194595,1.3437047206326906,0.2599296556762315,0.6822103464693243,True,0.11764705882352941,0.2,False,0.26518581849194595,21.54718199999843,False
development,False,averageRttWithGoogleDns,16,outer_0,ridge,0.3365000261372547,1.386670742605545,0.2118442997958696,0.865671477922585,True,0.10588235294117647,0.20930232558139536,False,0.26518581849194595,21.54718199999843,False
development,False,averageRttWithGoogleDns,16,outer_0,lightgbm,0.43493989724019555,1.4378685439816097,0.15257029829305313,1.1189154068530174,True,0.09411764705882353,0.20512820512820512,False,0.26518581849194595,21.54718199999843,False
development,False,averageRttWithGoogleDns,16,outer_0,static_router,0.26518581849194595,1.3437047206326906,0.2599296556762315,0.6822103464693243,True,0.11764705882352941,0.2,False,0.26518581849194595,21.54718199999843,False
development,False,averageRttWithGoogleDns,16,outer_0,regime_router,0.2775806681653947,1.5467350912091542,0.01938802341831003,0.7140970240384549,True,0.12941176470588237,0.13095238095238096,False,0.26518581849194595,21.54718199999843,False
development,False,averageRttWithGoogleDns,16,outer_0,constrained_mixture,0.33112289897689035,1.3636179797510175,0.23783192451582968,0.851838416245521,True,0.09411764705882353,0.23529411764705882,False,0.26518581849194595,21.54718199999843,False
development,False,averageRttWithGoogleDns,16,outer_0,ens_mean,0.29406235951536924,1.3019645131373296,0.3051939200392074,0.7564974074006146,True,0.10588235294117647,0.21428571428571427,False,0.26518581849194595,21.54718199999843,False
development,False,averageRttWithGoogleDns,16,outer_0,ens_inverse_mae,0.28049292312719737,1.3078617540869315,0.2988854247023446,0.7215890176819941,True,0.10588235294117647,0.17647058823529413,False,0.26518581849194595,21.54718199999843,False
development,False,averageRttWithGoogleDns,16,outer_0,ens_stacking,0.3390477395804799,1.3705631943384586,0.2300483645904987,0.8722256612521887,True,0.09411764705882353,0.24242424242424243,False,0.26518581849194595,21.54718199999843,False
development,False,averageRttWithGoogleDns,16,outer_0,oracle_upper_bound,0.14143413618753828,1.0962699957802504,0.5073932349841518,0.36384989061555173,True,0.15294117647058825,0.6842105263157895,False,0.26518581849194595,21.54718199999843,True
development,False,jitterWithGoogleDns,1,outer_0,persistence,0.28628376235208003,1.3674962959934973,-0.8487056001709805,0.8999381768480046,True,0.1830238726790451,0.184,False,0.2644837661206014,5.504868415999226,False
development,False,jitterWithGoogleDns,1,outer_0,ewma,0.2644837661206014,1.0587902639096638,-0.10824381864843424,0.831409495016156,True,0.22281167108753316,0.18834080717488788,False,0.2644837661206014,5.504868415999226,False
development,False,jitterWithGoogleDns,1,outer_0,ridge,0.28041284195434285,0.9980283733678829,0.01530617185503036,0.8814828325569036,True,0.13527851458885942,0.2463768115942029,False,0.2644837661206014,5.504868415999226,False
development,False,jitterWithGoogleDns,1,outer_0,lightgbm,0.3210117081759219,1.0638744887061258,-0.11891276649788374,1.0091061016845821,True,0.22811671087533156,0.13893376413570274,False,0.2644837661206014,5.504868415999226,False
development,False,jitterWithGoogleDns,1,outer_0,static_router,0.2644837661206014,1.0587902639096638,-0.10824381864843424,0.831409495016156,True,0.22281167108753316,0.18834080717488788,False,0.2644837661206014,5.504868415999226,False
development,False,jitterWithGoogleDns,1,outer_0,regime_router,0.284832602354899,1.3660791554525922,-0.8448759471483775,0.8953764291908959,True,0.1830238726790451,0.18548387096774194,False,0.2644837661206014,5.504868415999226,False
development,False,jitterWithGoogleDns,1,outer_0,constrained_mixture,0.28043786528241693,0.9975191915397628,0.016310672961161732,0.8815614938405917,True,0.15119363395225463,0.2579185520361991,False,0.2644837661206014,5.504868415999226,False
development,False,jitterWithGoogleDns,1,outer_0,ens_mean,0.27130314120019294,1.0477383457377474,-0.08522831611066417,0.8528463237274639,True,0.21750663129973474,0.22043010752688172,False,0.2644837661206014,5.504868415999226,False
development,False,jitterWithGoogleDns,1,outer_0,ens_inverse_mae,0.26943184957815974,1.066552644477409,-0.12455327109691039,0.8469638847206284,True,0.22015915119363394,0.21957671957671956,False,0.2644837661206014,5.504868415999226,False
development,False,jitterWithGoogleDns,1,outer_0,ens_stacking,0.3074662326013039,1.0568446919723815,-0.10417467082644194,0.9665256546029585,True,0.23872679045092837,0.15845070422535212,False,0.2644837661206014,5.504868415999226,False
development,False,jitterWithGoogleDns,1,outer_0,oracle_upper_bound,0.14144356407018344,0.9260980970828756,0.15212969910971397,0.4446303979324518,True,0.35543766578249336,0.708994708994709,False,0.2644837661206014,5.504868415999226,True
development,False,jitterWithGoogleDns,4,outer_0,persistence,0.28405764533463607,1.3650329387201299,-0.8576664641587173,0.8929403378030327,True,0.18010752688172044,0.18010752688172044,False,0.2626333760206855,8.57630141700065,False
development,False,jitterWithGoogleDns,4,outer_0,ewma,0.2626333760206855,1.0560944033623196,-0.11195435706188017,0.8255927603215492,True,0.21774193548387097,0.1832579185520362,False,0.2626333760206855,8.57630141700065,False
development,False,jitterWithGoogleDns,4,outer_0,ridge,0.27853178310396476,0.9951732497994795,0.012632413486019844,0.8755696900913832,True,0.13172043010752688,0.23786407766990292,False,0.2626333760206855,8.57630141700065,False
development,False,jitterWithGoogleDns,4,outer_0,lightgbm,0.3193636598252868,1.0635452085303239,-0.127699503812869,1.0039254319328557,True,0.20430107526881722,0.12751677852348994,False,0.2626333760206855,8.57630141700065,False
development,False,jitterWithGoogleDns,4,outer_0,static_router,0.2626333760206855,1.0560944033623196,-0.11195435706188017,0.8255927603215492,True,0.21774193548387097,0.1832579185520362,False,0.2626333760206855,8.57630141700065,False
development,False,jitterWithGoogleDns,4,outer_0,regime_router,0.2827786157551798,1.363619604782518,-0.8538216575147952,0.8889196852224824,True,0.1774193548387097,0.17983651226158037,False,0.2626333760206855,8.57630141700065,False
development,False,jitterWithGoogleDns,4,outer_0,constrained_mixture,0.27865353179098135,0.9946504567481915,0.013669526026936385,0.875952409287635,True,0.1586021505376344,0.25213675213675213,False,0.2626333760206855,8.57630141700065,False
development,False,jitterWithGoogleDns,4,outer_0,ens_mean,0.26908783055083974,1.0456626833211944,-0.09009587888656467,0.8458824546957336,True,0.20967741935483872,0.20911528150134048,False,0.2626333760206855,8.57630141700065,False
development,False,jitterWithGoogleDns,4,outer_0,ens_inverse_mae,0.2673212706752669,1.0641873529864807,-0.12906167363927334,0.8403292418252087,True,0.21505376344086022,0.21052631578947367,False,0.2626333760206855,8.57630141700065,False
development,False,jitterWithGoogleDns,4,outer_0,ens_stacking,0.3148315183308835,1.0589045157321395,-0.11787972488883014,0.9896785633009056,True,0.1989247311827957,0.12824956672443674,False,0.2626333760206855,8.57630141700065,False
development,False,jitterWithGoogleDns,4,outer_0,oracle_upper_bound,0.14069945389360686,0.926432843539268,0.14432397289526766,0.44229127415476854,True,0.33064516129032256,0.7028571428571428,False,0.2626333760206855,8.57630141700065,True
development,False,jitterWithGoogleDns,8,outer_0,persistence,0.2843819716242662,1.3660235433775085,-0.8577204083028855,0.8939598633513754,True,0.18010752688172044,0.18010752688172044,False,0.2627229027228196,10.255600500000583,False
development,False,jitterWithGoogleDns,8,outer_0,ewma,0.2627229027228196,1.0568257563576797,-0.11191288120387077,0.825874189126438,True,0.21774193548387097,0.1832579185520362,False,0.2627229027228196,10.255600500000583,False
development,False,jitterWithGoogleDns,8,outer_0,ridge,0.27818916758793116,0.9959446353517372,0.012506202530882193,0.8744926720295627,True,0.13172043010752688,0.23444976076555024,False,0.2627229027228196,10.255600500000583,False
development,False,jitterWithGoogleDns,8,outer_0,lightgbm,0.31904514890997654,1.062490821720977,-0.12386554609544143,1.0029241871187051,True,0.19623655913978494,0.12289562289562289,False,0.2627229027228196,10.255600500000583,False
development,False,jitterWithGoogleDns,8,outer_0,static_router,0.2627229027228196,1.0568257563576797,-0.11191288120387077,0.825874189126438,True,0.21774193548387097,0.1832579185520362,False,0.2627229027228196,10.255600500000583,False
development,False,jitterWithGoogleDns,8,outer_0,regime_router,0.282700311197662,1.3649592022023005,-0.8548266396811035,0.8886735334318516,True,0.1881720430107527,0.1891891891891892,False,0.2627229027228196,10.255600500000583,False
development,False,jitterWithGoogleDns,8,outer_0,constrained_mixture,0.2794311584235637,0.9961241166970048,0.012150253657765786,0.8783968926500338,True,0.1693548387096774,0.2413793103448276,False,0.2627229027228196,10.255600500000583,False
development,False,jitterWithGoogleDns,8,outer_0,ens_mean,0.26966555593578767,1.046557357772039,-0.09041057290139598,0.8476985448762498,True,0.20161290322580644,0.2054794520547945,False,0.2627229027228196,10.255600500000583,False
development,False,jitterWithGoogleDns,8,outer_0,ens_inverse_mae,0.2679454551823945,1.064868346256662,-0.1289008977975976,0.8422913770952851,True,0.21236559139784947,0.21293800539083557,False,0.2627229027228196,10.255600500000583,False
development,False,jitterWithGoogleDns,8,outer_0,ens_stacking,0.31904514890997654,1.062490821720977,-0.12386554609544143,1.0029241871187051,True,0.19623655913978494,0.12289562289562289,False,0.2627229027228196,10.255600500000583,False
development,False,jitterWithGoogleDns,8,outer_0,oracle_upper_bound,0.14094433032650586,0.92661762377188,0.14519885504789232,0.4430610476437209,True,0.33064516129032256,0.7192982456140351,False,0.2627229027228196,10.255600500000583,True
development,False,jitterWithGoogleDns,16,outer_0,persistence,0.28456464671246323,1.3678386523550026,-0.8598530796339108,0.8945341057899857,True,0.17166212534059946,0.17166212534059946,False,0.26046612087063653,16.16639504200066,False
development,False,jitterWithGoogleDns,16,outer_0,ewma,0.26046612087063653,1.054036184244627,-0.10438356425806528,0.8187799546196985,True,0.20708446866485014,0.17715617715617715,False,0.26046612087063653,16.16639504200066,False
development,False,jitterWithGoogleDns,16,outer_0,ridge,0.2753210292289087,0.994854627142176,0.01615169234671765,0.8654766273033091,True,0.10626702997275204,0.21666666666666667,False,0.26046612087063653,16.16639504200066,False
development,False,jitterWithGoogleDns,16,outer_0,lightgbm,0.3128032581255638,1.050731366049215,-0.0974690670267635,0.9833026907178705,True,0.2125340599455041,0.13087248322147652,False,0.26046612087063653,16.16639504200066,False
development,False,jitterWithGoogleDns,16,outer_0,static_router,0.26046612087063653,1.054036184244627,-0.10438356425806528,0.8187799546196985,True,0.20708446866485014,0.17715617715617715,False,0.26046612087063653,16.16639504200066,False
development,False,jitterWithGoogleDns,16,outer_0,regime_router,0.2847021878946598,1.3679221241247,-0.8600800800400681,0.8949664689800267,True,0.17166212534059946,0.17166212534059946,False,0.26046612087063653,16.16639504200066,False
development,False,jitterWithGoogleDns,16,outer_0,constrained_mixture,0.27548559628059144,0.99396387226115,0.01791270410710366,0.8659939468021303,True,0.12806539509536785,0.23383084577114427,False,0.26046612087063653,16.16639504200066,False
development,False,jitterWithGoogleDns,16,outer_0,ens_mean,0.2670733689160625,1.04299885923874,-0.08137558837439074,0.8395499581683821,True,0.1907356948228883,0.20710059171597633,False,0.26046612087063653,16.16639504200066,False
development,False,jitterWithGoogleDns,16,outer_0,ens_inverse_mae,0.2654988931785083,1.0621410064019958,-0.12143278026431847,0.8346005652544962,True,0.19346049046321526,0.20520231213872833,False,0.26046612087063653,16.16639504200066,False
development,False,jitterWithGoogleDns,16,outer_0,ens_stacking,0.3128031521290677,1.0507312413951473,-0.09746880662914026,0.9833023575159707,True,0.2125340599455041,0.13087248322147652,False,0.26046612087063653,16.16639504200066,False
development,False,jitterWithGoogleDns,16,outer_0,oracle_upper_bound,0.1402476136818414,0.9280958000700209,0.1437619779393099,0.44087090628946596,True,0.31607629427792916,0.7073170731707317,False,0.26046612087063653,16.16639504200066,True
development,False,machine01_DWT,1,outer_0,persistence,15221065.07279147,56505617.82441906,-0.14279415409924123,1.5878048351506426,True,0.5269461077844312,0.5269461077844312,False,14076058.522791646,4.533046999997168,False
development,False,machine01_DWT,1,outer_0,ewma,14966081.896372741,46647213.42518772,0.22118166863681654,1.5612059395764135,True,0.6646706586826348,0.43023255813953487,False,14076058.522791646,4.533046999997168,False
development,False,machine01_DWT,1,outer_0,ridge,16461154.290743522,46169479.23239263,0.23705240837280606,1.7171663250901466,True,0.626746506986028,0.4492131616595136,False,14076058.522791646,4.533046999997168,False
development,False,machine01_DWT,1,outer_0,lightgbm,14076058.522791646,42858292.53141801,0.34256248230635233,1.4683620151065486,True,0.7405189620758483,0.46962025316455697,False,14076058.522791646,4.533046999997168,False
development,False,machine01_DWT,1,outer_0,static_router,14076058.522791646,42858292.53141801,0.34256248230635233,1.4683620151065486,True,0.7405189620758483,0.46962025316455697,False,14076058.522791646,4.533046999997168,False
development,False,machine01_DWT,1,outer_0,regime_router,13146091.07384517,44388601.98612526,0.29477501724377264,1.3713512734200524,True,0.6706586826347305,0.48,True,14076058.522791646,4.533046999997168,False
development,False,machine01_DWT,1,outer_0,constrained_mixture,14068709.731275009,42849306.52409272,0.3428381404658135,1.467595416537603,True,0.7405189620758483,0.4690265486725664,True,14076058.522791646,4.533046999997168,False
development,False,machine01_DWT,1,outer_0,ens_mean,14124144.51008707,45005175.74221005,0.2750472888233174,1.473378166260593,True,0.6806387225548902,0.4963609898107715,False,14076058.522791646,4.533046999997168,False
development,False,machine01_DWT,1,outer_0,ens_inverse_mae,13908915.049335105,44715719.29831803,0.2843425495113685,1.45092623028801,True,0.7105788423153693,0.5049645390070922,True,14076058.522791646,4.533046999997168,False
development,False,machine01_DWT,1,outer_0,ens_stacking,14072575.964455513,42853794.64634322,0.3427004683554601,1.4679987275876818,True,0.7405189620758483,0.4690265486725664,True,14076058.522791646,4.533046999997168,False
development,False,machine01_DWT,1,outer_0,oracle_upper_bound,7686617.026291787,35091842.5659229,0.5592451508195069,0.8018392682726402,True,0.7924151696606786,0.7406716417910447,False,14076058.522791646,4.533046999997168,True
development,False,machine01_DWT,4,outer_0,persistence,15278413.058624124,56612145.15015824,-0.1430847027808897,1.5937871635064953,True,0.5269461077844312,0.5269461077844312,False,14202562.437079284,6.879635542001779,False
development,False,machine01_DWT,4,outer_0,ewma,15019845.338336388,46735069.97064065,0.22098649915696678,1.5668143416623368,True,0.6646706586826348,0.43023255813953487,False,14202562.437079284,6.879635542001779,False
development,False,machine01_DWT,4,outer_0,ridge,16541384.71113736,46310925.50711849,0.23506222109711772,1.7255356638202741,True,0.6327345309381237,0.45092460881934565,False,14202562.437079284,6.879635542001779,False
development,False,machine01_DWT,4,outer_0,lightgbm,14202562.437079284,42959220.053345755,0.3417786487741087,1.4815584324275972,True,0.7524950099800399,0.48771021992238034,False,14202562.437079284,6.879635542001779,False
development,False,machine01_DWT,4,outer_0,static_router,14202562.437079284,42959220.053345755,0.3417786487741087,1.4815584324275972,True,0.7524950099800399,0.48771021992238034,False,14202562.437079284,6.879635542001779,False
development,False,machine01_DWT,4,outer_0,regime_router,12918647.857198404,45117654.70334095,0.2739739188842756,1.3476252439085237,True,0.6447105788423154,0.5192926045016077,True,14202562.437079284,6.879635542001779,False
development,False,machine01_DWT,4,outer_0,constrained_mixture,14014673.525609672,42697724.2486671,0.34976753972370767,1.461958560757912,True,0.7544910179640718,0.48214285714285715,True,14202562.437079284,6.879635542001779,False
development,False,machine01_DWT,4,outer_0,ens_mean,14234428.895489184,45101288.221184745,0.27450055697242604,1.4848826227191698,True,0.6926147704590818,0.5036284470246735,False,14202562.437079284,6.879635542001779,False
development,False,machine01_DWT,4,outer_0,ens_inverse_mae,14042347.039099885,44854578.37102272,0.282415998974727,1.464845358647234,True,0.716566866267465,0.5099431818181818,True,14202562.437079284,6.879635542001779,False
development,False,machine01_DWT,4,outer_0,ens_stacking,14017817.429782687,42700935.89190128,0.34966971749744125,1.462286521135408,True,0.7544910179640718,0.4833759590792839,True,14202562.437079284,6.879635542001779,False
development,False,machine01_DWT,4,outer_0,oracle_upper_bound,7621093.3620787505,34864939.63789395,0.5664521616793889,0.7950040835889993,True,0.810379241516966,0.7660377358490567,False,14202562.437079284,6.879635542001779,True
development,False,machine01_DWT,8,outer_0,persistence,15351644.764977008,56754768.66825911,-0.143447762450581,1.601426422446482,True,0.5269461077844312,0.5269461077844312,False,14204593.959695987,9.312500457999704,False
development,False,machine01_DWT,8,outer_0,ewma,15082444.427575342,46851526.630628645,0.22078176589820764,1.5733444455738768,True,0.6646706586826348,0.43023255813953487,False,14204593.959695987,9.312500457999704,False
development,False,machine01_DWT,8,outer_0,ridge,16575247.512118064,46427644.028057255,0.23481771813306385,1.729068105135765,True,0.624750499001996,0.45165945165945165,False,14204593.959695987,9.312500457999704,False
development,False,machine01_DWT,8,outer_0,lightgbm,14204593.959695987,43113200.12973404,0.34016988441047114,1.4817703533029167,True,0.7325349301397206,0.4797385620915033,False,14204593.959695987,9.312500457999704,False
development,False,machine01_DWT,8,outer_0,static_router,14204593.959695987,43113200.12973404,0.34016988441047114,1.4817703533029167,True,0.7325349301397206,0.4797385620915033,False,14204593.959695987,9.312500457999704,False
development,False,machine01_DWT,8,outer_0,regime_router,13263483.398178687,44106128.91145686,0.30942715274706445,1.38359720360266,True,0.6846307385229541,0.4921090387374462,True,14204593.959695987,9.312500457999704,False
development,False,machine01_DWT,8,outer_0,constrained_mixture,14012857.347798638,42820263.396223076,0.34910597914196395,1.4617691038509175,True,0.7425149700598802,0.4744897959183674,True,14204593.959695987,9.312500457999704,False
development,False,machine01_DWT,8,outer_0,ens_mean,14278459.808515448,45187059.902755275,0.27516395327598553,1.489475763623887,True,0.6946107784431138,0.5058139534883721,False,14204593.959695987,9.312500457999704,False
development,False,machine01_DWT,8,outer_0,ens_inverse_mae,14048304.192804554,44728927.712487474,0.28978704958534407,1.46546678674118,True,0.7145708582834331,0.5063649222065064,True,14204593.959695987,9.312500457999704,False
development,False,machine01_DWT,8,outer_0,ens_stacking,14015756.308152463,42823707.266898304,0.3490012770782781,1.4620715126012054,True,0.7405189620758483,0.4732142857142857,True,14204593.959695987,9.312500457999704,False
development,False,machine01_DWT,8,outer_0,oracle_upper_bound,7630489.391508497,34954654.90836096,0.5662678139787759,0.795984242394472,True,0.8083832335329342,0.7833655705996132,False,14204593.959695987,9.312500457999704,True
development,False,machine01_DWT,16,outer_0,persistence,15407134.729929337,56872394.15112165,-0.14353825287057242,1.6072149289821478,True,0.5250501002004008,0.5261044176706827,False,14082158.013637817,12.828412499999104,False
development,False,machine01_DWT,16,outer_0,ewma,15117131.130001675,46918188.63464263,0.22173025312642813,1.5769628332205083,True,0.6653306613226453,0.4317295188556567,False,14082158.013637817,12.828412499999104,False
development,False,machine01_DWT,16,outer_0,ridge,16536960.366344614,46423006.82772302,0.2380715196665142,1.725074132644847,True,0.627254509018036,0.4484240687679083,False,14082158.013637817,12.828412499999104,False
development,False,machine01_DWT,16,outer_0,lightgbm,14082158.013637817,42848392.690529674,0.3508923227153723,1.468998291281126,True,0.7434869739478958,0.4888010540184453,False,14082158.013637817,12.828412499999104,False
development,False,machine01_DWT,16,outer_0,static_router,15117131.130001675,46918188.63464263,0.22173025312642813,1.5769628332205083,True,0.6653306613226453,0.4317295188556567,False,14082158.013637817,12.828412499999104,False
development,False,machine01_DWT,16,outer_0,regime_router,13267612.830365943,44686729.54464935,0.29399981054378266,1.3840279705931429,True,0.6833667334669339,0.5036927621861153,True,14082158.013637817,12.828412499999104,False
development,False,machine01_DWT,16,outer_0,constrained_mixture,14080244.568832874,42846751.30753475,0.3509420521838451,1.468798687843485,True,0.7434869739478958,0.4894459102902375,True,14082158.013637817,12.828412499999104,False
development,False,machine01_DWT,16,outer_0,ens_mean,14273647.635067357,45232879.685547136,0.2766372355072654,1.4889737756071533,True,0.6773547094188377,0.49852507374631266,False,14082158.013637817,12.828412499999104,False
development,False,machine01_DWT,16,outer_0,ens_inverse_mae,14063476.309315832,44963665.457055226,0.28522214235249344,1.4670494854446456,True,0.7054108216432866,0.504297994269341,True,14082158.013637817,12.828412499999104,False
development,False,machine01_DWT,16,outer_0,ens_stacking,14082158.013637817,42848392.690529674,0.3508923227153723,1.468998291281126,True,0.7434869739478958,0.4888010540184453,False,14082158.013637817,12.828412499999104,False
development,False,machine01_DWT,16,outer_0,oracle_upper_bound,7659507.682404428,35233465.64339478,0.5611072552361018,0.7990113224556912,True,0.8016032064128257,0.7619047619047619,False,14082158.013637817,12.828412499999104,True
development,False,cluster_mean_CU,1,outer_1,persistence,1.0552762254921197,2.632100348074078,0.38505620000630614,0.9695430417325795,True,0.6375321336760925,0.6375321336760925,False,0.8198032867351922,5.836623000002874,False
development,False,cluster_mean_CU,1,outer_1,ewma,1.1175878758385034,2.8937683347117735,0.2567103900938148,1.0267923434346398,True,0.622107969151671,0.40468227424749165,False,0.8198032867351922,5.836623000002874,False
development,False,cluster_mean_CU,1,outer_1,ridge,1.0040855203986057,2.31812679053841,0.5230147886077021,0.9225111928897273,True,0.5655526992287918,0.6340057636887608,False,0.8198032867351922,5.836623000002874,False
development,False,cluster_mean_CU,1,outer_1,lightgbm,0.8198032867351922,2.087839515203786,0.61307680269358,0.7532004920066682,True,0.6349614395886889,0.5880952380952381,False,0.8198032867351922,5.836623000002874,False
development,False,cluster_mean_CU,1,outer_1,static_router,0.8198032867351922,2.087839515203786,0.61307680269358,0.7532004920066682,True,0.6349614395886889,0.5880952380952381,False,0.8198032867351922,5.836623000002874,False
development,False,cluster_mean_CU,1,outer_1,regime_router,0.8511920953724488,2.2718445005306758,0.5418710396044568,0.7820391981836556,True,0.6503856041131105,0.6140776699029126,False,0.8198032867351922,5.836623000002874,False
development,False,cluster_mean_CU,1,outer_1,constrained_mixture,0.8198784978090273,2.0695187597914813,0.6198374981296045,0.7532695927516073,True,0.6478149100257069,0.5985748218527316,False,0.8198032867351922,5.836623000002874,False
development,False,cluster_mean_CU,1,outer_1,ens_mean,0.9206160871627169,2.253293363646354,0.5493223539821442,0.8458230175700584,True,0.6658097686375322,0.6094117647058823,False,0.8198032867351922,5.836623000002874,False
development,False,cluster_mean_CU,1,outer_1,ens_inverse_mae,0.9050944870478784,2.2138826993576366,0.5649494171143181,0.831562429655383,True,0.6709511568123393,0.6155660377358491,False,0.8198032867351922,5.836623000002874,False
development,False,cluster_mean_CU,1,outer_1,ens_stacking,0.8196841263611374,2.070184145326877,0.6195930013901974,0.7530910125085764,True,0.6478149100257069,0.5957446808510638,True,0.8198032867351922,5.836623000002874,False
development,False,cluster_mean_CU,1,outer_1,oracle_upper_bound,0.48376281962106205,1.5806493912895865,0.7782305911479556,0.4444607622935936,True,0.7763496143958869,0.841225626740947,False,0.8198032867351922,5.836623000002874,True
development,False,cluster_mean_CU,4,outer_1,persistence,1.055364486162843,2.632513595870668,0.38507661579028674,0.9696241318937063,True,0.6375321336760925,0.6375321336760925,False,0.8213921088847252,7.6080978749996575,False
development,False,cluster_mean_CU,4,outer_1,ewma,1.117801447683716,2.8942708920954057,0.2567102963848109,1.0269885641884422,True,0.622107969151671,0.40468227424749165,False,0.8213921088847252,7.6080978749996575,False
development,False,cluster_mean_CU,4,outer_1,ridge,1.0041913173174795,2.3184807839296684,0.5230347220943724,0.9226083946119427,True,0.5655526992287918,0.6340057636887608,False,0.8213921088847252,7.6080978749996575,False
development,False,cluster_mean_CU,4,outer_1,lightgbm,0.8213921088847252,2.098633431046269,0.6092014562563319,0.7546602344157346,True,0.6503856041131105,0.5870069605568445,False,0.8213921088847252,7.6080978749996575,False
development,False,cluster_mean_CU,4,outer_1,static_router,0.8213921088847252,2.098633431046269,0.6092014562563319,0.7546602344157346,True,0.6503856041131105,0.5870069605568445,False,0.8213921088847252,7.6080978749996575,False
development,False,cluster_mean_CU,4,outer_1,regime_router,0.8543679655946528,2.3070444853182392,0.5277285407580188,0.7849570530552061,True,0.6632390745501285,0.6128266033254157,False,0.8213921088847252,7.6080978749996575,False
development,False,cluster_mean_CU,4,outer_1,constrained_mixture,0.823191513600232,2.072404247466775,0.6189089841869473,0.756313451155614,True,0.6580976863753213,0.6037735849056604,False,0.8213921088847252,7.6080978749996575,False
development,False,cluster_mean_CU,4,outer_1,ens_mean,0.9215406843075038,2.2535296812302543,0.5493842905855638,0.8466724982145369,True,0.6683804627249358,0.6103286384976526,False,0.8213921088847252,7.6080978749996575,False
development,False,cluster_mean_CU,4,outer_1,ens_inverse_mae,0.9065859821353328,2.21570229463169,0.5643852486966681,0.8329327520874508,True,0.6632390745501285,0.6172248803827751,False,0.8213921088847252,7.6080978749996575,False
development,False,cluster_mean_CU,4,outer_1,ens_stacking,0.8227730738405278,2.0730073683339425,0.6186871380974669,0.7559290064504219,True,0.6580976863753213,0.6052009456264775,False,0.8213921088847252,7.6080978749996575,False
development,False,cluster_mean_CU,4,outer_1,oracle_upper_bound,0.48277640027592145,1.5802748661017607,0.7784126168862672,0.44355448203330866,True,0.7840616966580977,0.8448753462603878,False,0.8213921088847252,7.6080978749996575,True
development,False,cluster_mean_CU,8,outer_1,persistence,1.055611723758723,2.6331191608479525,0.3850734912651651,0.969851283311458,True,0.6375321336760925,0.6375321336760925,False,0.8185694071138205,10.061322749999817,False
development,False,cluster_mean_CU,8,outer_1,ewma,1.1181403582593004,2.8949521756311998,0.2566985571903949,1.0272999408520964,True,0.622107969151671,0.40468227424749165,False,0.8185694071138205,10.061322749999817,False
development,False,cluster_mean_CU,8,outer_1,ridge,1.0045411548424104,2.319093576798268,0.5229996094338014,0.9229298104932447,True,0.5681233933161953,0.6350574712643678,False,0.8185694071138205,10.061322749999817,False
development,False,cluster_mean_CU,8,outer_1,lightgbm,0.8185694071138205,2.0877673776618373,0.6134137500162373,0.7520668557393689,True,0.6503856041131105,0.5736961451247166,False,0.8185694071138205,10.061322749999817,False
development,False,cluster_mean_CU,8,outer_1,static_router,0.8185694071138205,2.0877673776618373,0.6134137500162373,0.7520668557393689,True,0.6503856041131105,0.5736961451247166,False,0.8185694071138205,10.061322749999817,False
development,False,cluster_mean_CU,8,outer_1,regime_router,0.8513845887604875,2.273447698001558,0.5415920683061516,0.7822160529449438,True,0.6658097686375322,0.6009280742459396,False,0.8185694071138205,10.061322749999817,False
development,False,cluster_mean_CU,8,outer_1,constrained_mixture,0.8195536471460073,2.0648096234793893,0.6218690551370087,0.7529711337393366,True,0.6632390745501285,0.5903890160183066,False,0.8185694071138205,10.061322749999817,False
development,False,cluster_mean_CU,8,outer_1,ens_mean,0.9210972774225594,2.253837855697652,0.5494660459578586,0.8462651147735297,True,0.6658097686375322,0.6122931442080378,False,0.8185694071138205,10.061322749999817,False
development,False,cluster_mean_CU,8,outer_1,ens_inverse_mae,0.9052987128729041,2.214562023223157,0.5650314220599054,0.8317500636822022,True,0.6683804627249358,0.6235011990407674,False,0.8185694071138205,10.061322749999817,False
development,False,cluster_mean_CU,8,outer_1,ens_stacking,0.8192110207055151,2.0652543840525275,0.6217061385691938,0.7526563430965947,True,0.6580976863753213,0.5885057471264368,False,0.8185694071138205,10.061322749999817,False
development,False,cluster_mean_CU,8,outer_1,oracle_upper_bound,0.48164145340089604,1.5797132620063934,0.7786707986621543,0.44251174097761603,True,0.7737789203084833,0.8337950138504155,False,0.8185694071138205,10.061322749999817,True
development,False,cluster_mean_CU,16,outer_1,persistence,1.0557349328493608,2.63412206100619,0.3851512239421232,0.9699644825986402,True,0.6375321336760925,0.6375321336760925,False,0.8176000160853634,15.50166475000151,False
development,False,cluster_mean_CU,16,outer_1,ewma,1.1185598510279795,2.8962257882511997,0.2567047558126663,1.0276853530172767,True,0.622107969151671,0.40468227424749165,False,0.8176000160853634,15.50166475000151,False
development,False,cluster_mean_CU,16,outer_1,ridge,1.0042181074979013,2.3207276850035767,0.5227511528261684,0.9226330082935431,True,0.5681233933161953,0.6314285714285715,False,0.8176000160853634,15.50166475000151,False
development,False,cluster_mean_CU,16,outer_1,lightgbm,0.8176000160853634,2.078506545493258,0.617175860825552,0.7511762203742821,True,0.6349614395886889,0.5825471698113207,False,0.8176000160853634,15.50166475000151,False
development,False,cluster_mean_CU,16,outer_1,static_router,0.8176000160853634,2.078506545493258,0.617175860825552,0.7511762203742821,True,0.6349614395886889,0.5825471698113207,False,0.8176000160853634,15.50166475000151,False
development,False,cluster_mean_CU,16,outer_1,regime_router,0.8516319574693995,2.2324134241454794,0.5583830109227164,0.7824433248237888,True,0.6401028277634961,0.5971223021582733,False,0.8176000160853634,15.50166475000151,False
development,False,cluster_mean_CU,16,outer_1,constrained_mixture,0.8187403947860976,2.0571506324264113,0.625002209583374,0.7522239519610724,True,0.6401028277634961,0.5914489311163895,False,0.8176000160853634,15.50166475000151,False
development,False,cluster_mean_CU,16,outer_1,ens_mean,0.9201208708058273,2.2496825569202925,0.5515242099198716,0.8453680337834668,True,0.6555269922879178,0.6085918854415274,False,0.8176000160853634,15.50166475000151,False
development,False,cluster_mean_CU,16,outer_1,ens_inverse_mae,0.9036135577442383,2.2079606143072756,0.5680045566215257,0.830201814617389,True,0.6555269922879178,0.6174334140435835,False,0.8176000160853634,15.50166475000151,False
development,False,cluster_mean_CU,16,outer_1,ens_stacking,0.8184414463354306,2.0576439943946188,0.6248223182032604,0.751949290802999,True,0.6426735218508998,0.5910165484633569,False,0.8176000160853634,15.50166475000151,False
development,False,cluster_mean_CU,16,outer_1,oracle_upper_bound,0.4819328110723953,1.576495564341642,0.7797671860212269,0.4427794280497148,True,0.7712082262210797,0.8498583569405099,False,0.8176000160853634,15.50166475000151,True
development,False,machine01_CU,1,outer_1,persistence,2.351251900923295,10.485206433403894,0.10844430661424043,0.8131586357073993,True,0.6008771929824561,0.6008771929824561,False,1.9024912651331773,5.879256208001607,False
development,False,machine01_CU,1,outer_1,ewma,2.8183852639235165,10.452227890902849,0.11404380891128796,0.9747123714009281,True,0.5219298245614035,0.29024390243902437,False,1.9024912651331773,5.879256208001607,False
development,False,machine01_CU,1,outer_1,ridge,2.626068107783047,8.981906903622857,0.3457682664376891,0.9082012688479003,True,0.49122807017543857,0.5490196078431373,False,1.9024912651331773,5.879256208001607,False
development,False,machine01_CU,1,outer_1,lightgbm,1.9024912651331773,7.354174010266526,0.5614063794468094,0.6579589371064191,True,0.7587719298245614,0.5580645161290323,False,1.9024912651331773,5.879256208001607,False
development,False,machine01_CU,1,outer_1,static_router,1.9024912651331773,7.354174010266526,0.5614063794468094,0.6579589371064191,True,0.7587719298245614,0.5580645161290323,False,1.9024912651331773,5.879256208001607,False
development,False,machine01_CU,1,outer_1,regime_router,2.0221986976851,9.628068938538988,0.2482509471826223,0.6993586410257365,True,0.6228070175438597,0.5892116182572614,False,1.9024912651331773,5.879256208001607,False
development,False,machine01_CU,1,outer_1,constrained_mixture,1.9024279987092196,7.3542080131984395,0.561402323653875,0.6579370570011988,True,0.7587719298245614,0.5580645161290323,True,1.9024912651331773,5.879256208001607,False
development,False,machine01_CU,1,outer_1,ens_mean,2.1903413527996456,8.533714897298385,0.40943083733877195,0.7575092168885242,True,0.6359649122807017,0.5918367346938775,False,1.9024912651331773,5.879256208001607,False
development,False,machine01_CU,1,outer_1,ens_inverse_mae,2.1410652749654333,8.385578334965388,0.42975623197714574,0.7404675429577364,True,0.6929824561403509,0.6124031007751938,False,1.9024912651331773,5.879256208001607,False
development,False,machine01_CU,1,outer_1,ens_stacking,1.9024912651331773,7.354174010266526,0.5614063794468094,0.6579589371064191,True,0.7587719298245614,0.5580645161290323,False,1.9024912651331773,5.879256208001607,False
development,False,machine01_CU,1,outer_1,oracle_upper_bound,1.0486415934089597,5.9597794378459445,0.7119586205909499,0.36266295717086633,True,0.8157894736842105,0.8611111111111112,False,1.9024912651331773,5.879256208001607,True
development,False,machine01_CU,4,outer_1,persistence,2.347514836153149,10.45942594298258,0.10895183827658594,0.8118662065598252,True,0.6035242290748899,0.6008771929824561,False,1.9031009437311812,7.615497290997155,False
development,False,machine01_CU,4,outer_1,ewma,2.8188401008486013,10.425709149824094,0.11468730851409692,0.974869672527756,True,0.5242290748898678,0.29024390243902437,False,1.9031009437311812,7.615497290997155,False
development,False,machine01_CU,4,outer_1,ridge,2.6071384477447577,8.93875815175689,0.3492115236294351,0.9016546217085207,True,0.4933920704845815,0.5384615384615384,False,1.9031009437311812,7.615497290997155,False
development,False,machine01_CU,4,outer_1,lightgbm,1.9031009437311812,7.3674829101361485,0.5578967024474762,0.6581697887879331,True,0.7709251101321586,0.5520504731861199,False,1.9031009437311812,7.615497290997155,False
development,False,machine01_CU,4,outer_1,static_router,1.9031009437311812,7.3674829101361485,0.5578967024474762,0.6581697887879331,True,0.7709251101321586,0.5520504731861199,False,1.9031009437311812,7.615497290997155,False
development,False,machine01_CU,4,outer_1,regime_router,1.979604055780788,9.33811806030837,0.2897615160109478,0.684627679666065,True,0.6167400881057269,0.5785123966942148,False,1.9031009437311812,7.615497290997155,False
development,False,machine01_CU,4,outer_1,constrained_mixture,1.9030558571530554,7.367532496467154,0.5578907513364952,0.658154196013572,True,0.7709251101321586,0.5520504731861199,True,1.9031009437311812,7.615497290997155,False
development,False,machine01_CU,4,outer_1,ens_mean,2.194963841016328,8.52779186928338,0.40767690727084327,0.7591078615128518,True,0.6255506607929515,0.5916666666666667,False,1.9031009437311812,7.615497290997155,False
development,False,machine01_CU,4,outer_1,ens_inverse_mae,2.142912494970124,8.36817205344836,0.4296431237301519,0.7411063868426795,True,0.6784140969162996,0.6062992125984252,False,1.9031009437311812,7.615497290997155,False
development,False,machine01_CU,4,outer_1,ens_stacking,1.9031009437311812,7.3674829101361485,0.5578967024474762,0.6581697887879331,True,0.7709251101321586,0.5520504731861199,False,1.9031009437311812,7.615497290997155,False
development,False,machine01_CU,4,outer_1,oracle_upper_bound,1.0525477887576862,5.986004510069516,0.708150092887285,0.3640138785584598,True,0.8237885462555066,0.8617511520737328,False,1.9031009437311812,7.615497290997155,True
development,False,machine01_CU,8,outer_1,persistence,2.3581109103524627,10.496453984758665,0.10883172695786802,0.8155307604242517,True,0.6035242290748899,0.6008771929824561,False,1.9008251941162486,10.027475708000566,False
development,False,machine01_CU,8,outer_1,ewma,2.8323914604509963,10.462360414769933,0.11461153872890417,0.9795562844054271,True,0.5242290748898678,0.29024390243902437,False,1.9008251941162486,10.027475708000566,False
development,False,machine01_CU,8,outer_1,ridge,2.619161379206342,8.973962128598682,0.34860717741439773,0.9058126409070023,True,0.4933920704845815,0.5258215962441315,False,1.9008251941162486,10.027475708000566,False
development,False,machine01_CU,8,outer_1,lightgbm,1.9008251941162486,7.345971693095926,0.563511299858811,0.6573827419167053,True,0.775330396475771,0.546583850931677,False,1.9008251941162486,10.027475708000566,False
development,False,machine01_CU,8,outer_1,static_router,1.9008251941162486,7.345971693095926,0.563511299858811,0.6573827419167053,True,0.775330396475771,0.546583850931677,False,1.9008251941162486,10.027475708000566,False
development,False,machine01_CU,8,outer_1,regime_router,1.870970390119526,8.757111057206778,0.3797079443477732,0.6470577351925199,True,0.6255506607929515,0.5966386554621849,True,1.9008251941162486,10.027475708000566,False
development,False,machine01_CU,8,outer_1,constrained_mixture,1.900791427866556,7.34605309519991,0.5635016261772601,0.6573710641728098,True,0.775330396475771,0.546583850931677,True,1.9008251941162486,10.027475708000566,False
development,False,machine01_CU,8,outer_1,ens_mean,2.1984414542999824,8.555291451181295,0.4079694437171113,0.7603105617731446,True,0.6299559471365639,0.6008403361344538,False,1.9008251941162486,10.027475708000566,False
development,False,machine01_CU,8,outer_1,ens_inverse_mae,2.145524469595205,8.397599375385097,0.42959305070826226,0.74200971401141,True,0.6916299559471366,0.6108949416342413,False,1.9008251941162486,10.027475708000566,False
development,False,machine01_CU,8,outer_1,ens_stacking,1.9008251941162486,7.345971693095926,0.563511299858811,0.6573827419167053,True,0.775330396475771,0.546583850931677,False,1.9008251941162486,10.027475708000566,False
development,False,machine01_CU,8,outer_1,oracle_upper_bound,1.0553896605536501,5.99463309677331,0.7093303294546035,0.3649967135288659,True,0.8149779735682819,0.8525345622119815,False,1.9008251941162486,10.027475708000566,True
development,False,machine01_CU,16,outer_1,persistence,2.369489129415995,10.527136416625924,0.1087135878164679,0.8194658118268039,True,0.6017699115044248,0.6017699115044248,False,1.8945503341607932,14.85714158400151,False
development,False,machine01_CU,16,outer_1,ewma,2.8359064187441763,10.482259341049867,0.11629648023233952,0.9807719000904705,True,0.5221238938053098,0.29207920792079206,False,1.8945503341607932,14.85714158400151,False
development,False,machine01_CU,16,outer_1,ridge,2.6296917611021295,9.012145066005173,0.34678953827584336,0.909454475698287,True,0.4911504424778761,0.5211267605633803,False,1.8945503341607932,14.85714158400151,False
development,False,machine01_CU,16,outer_1,lightgbm,1.8945503341607932,7.474598917189137,0.5506625965969284,0.6552126398707997,True,0.7876106194690266,0.5650793650793651,False,1.8945503341607932,14.85714158400151,False
development,False,machine01_CU,16,outer_1,static_router,1.8945503341607932,7.474598917189137,0.5506625965969284,0.6552126398707997,True,0.7876106194690266,0.5650793650793651,False,1.8945503341607932,14.85714158400151,False
development,False,machine01_CU,16,outer_1,regime_router,2.0445030200007865,9.694996303420584,0.24405172611719117,0.7070723837759199,True,0.6548672566371682,0.592,False,1.8945503341607932,14.85714158400151,False
development,False,machine01_CU,16,outer_1,constrained_mixture,1.8924087869974702,7.477753845562204,0.5502831979109077,0.6544720056712283,True,0.7831858407079646,0.5636942675159236,True,1.8945503341607932,14.85714158400151,False
development,False,machine01_CU,16,outer_1,ens_mean,2.2087432864276857,8.625011407276231,0.40170394347999383,0.7638733547494991,True,0.6238938053097345,0.6051502145922747,False,1.8945503341607932,14.85714158400151,False
development,False,machine01_CU,16,outer_1,ens_inverse_mae,2.1559547120357117,8.480094593395469,0.4216400952440532,0.7456169165020021,True,0.6814159292035398,0.6111111111111112,False,1.8945503341607932,14.85714158400151,False
development,False,machine01_CU,16,outer_1,ens_stacking,1.8926390808200295,7.476630277342729,0.5504183319514488,0.6545516506512029,True,0.7831858407079646,0.5636942675159236,True,1.8945503341607932,14.85714158400151,False
development,False,machine01_CU,16,outer_1,oracle_upper_bound,1.081482174825962,6.22439085693199,0.688404988443386,0.3740205672892892,True,0.8097345132743363,0.8632075471698113,False,1.8945503341607932,14.85714158400151,True
development,False,machine06_CU,1,outer_1,persistence,0.0704169623618273,0.2249583000969937,0.878179866507528,1.2041369806403588,True,0.8003597122302158,0.7989228007181328,False,0.0704169623618273,5.907071999998152,False
development,False,machine06_CU,1,outer_1,ewma,0.07259439486868015,0.2546688709331156,0.8438770482774762,1.2413712906192182,True,0.7913669064748201,0.6842923794712286,False,0.0704169623618273,5.907071999998152,False
development,False,machine06_CU,1,outer_1,ridge,0.08236961695437463,0.2610572458142812,0.8359461104341468,1.408528549503449,True,0.75,0.6984924623115578,False,0.0704169623618273,5.907071999998152,False
development,False,machine06_CU,1,outer_1,lightgbm,0.14109272159745756,0.6046882226284034,0.11980672118148827,2.4126994132708077,True,0.7733812949640287,0.7789855072463768,False,0.0704169623618273,5.907071999998152,False
development,False,machine06_CU,1,outer_1,static_router,0.14109272159745756,0.6046882226284034,0.11980672118148827,2.4126994132708077,True,0.7733812949640287,0.7789855072463768,False,0.0704169623618273,5.907071999998152,False
development,False,machine06_CU,1,outer_1,regime_router,0.11065427691687596,0.4829881502354014,0.43845058461858955,1.8921990161543736,True,0.7589928057553957,0.7771639042357275,False,0.0704169623618273,5.907071999998152,False
development,False,machine06_CU,1,outer_1,constrained_mixture,0.10739907818245471,0.400657749575098,0.6135777521008222,1.8365347977049964,True,0.802158273381295,0.7533783783783784,False,0.0704169623618273,5.907071999998152,False
development,False,machine06_CU,1,outer_1,ens_mean,0.08519315340774929,0.27388958502712724,0.8194214905497378,1.4568113005006382,True,0.8075539568345323,0.7433774834437086,False,0.0704169623618273,5.907071999998152,False
development,False,machine06_CU,1,outer_1,ens_inverse_mae,0.08775507445160784,0.28705232646379963,0.8016477323225162,1.5006204022698895,True,0.8093525179856115,0.7450331125827815,False,0.0704169623618273,5.907071999998152,False
development,False,machine06_CU,1,outer_1,ens_stacking,0.11129414773564063,0.4239383212549955,0.5673662665793031,1.903140870075139,True,0.8093525179856115,0.7550335570469798,False,0.0704169623618273,5.907071999998152,False
development,False,machine06_CU,1,outer_1,oracle_upper_bound,0.03421313619373636,0.14016592013836793,0.9527066702047571,0.5850479931650095,True,0.8633093525179856,0.8839779005524862,False,0.0704169623618273,5.907071999998152,True
development,False,machine06_CU,4,outer_1,persistence,0.07048225001490101,0.22562012317170227,0.8782872133326708,1.2052534059277962,True,0.8010849909584087,0.7981981981981981,False,0.07048225001490101,7.7049426669982495,False
development,False,machine06_CU,4,outer_1,ewma,0.0726925825089527,0.2553304413099339,0.8441216738301631,1.2430503089228833,True,0.7938517179023508,0.6838006230529595,False,0.07048225001490101,7.7049426669982495,False
development,False,machine06_CU,4,outer_1,ridge,0.08274375045870162,0.262444272139368,0.8353147363738603,1.414926269216802,True,0.7468354430379747,0.7,False,0.07048225001490101,7.7049426669982495,False
development,False,machine06_CU,4,outer_1,lightgbm,0.14242660968128318,0.6101449877975218,0.10988393791771467,2.435509030668343,True,0.7450271247739603,0.775894538606403,False,0.07048225001490101,7.7049426669982495,False
development,False,machine06_CU,4,outer_1,static_router,0.14242660968128318,0.6101449877975218,0.10988393791771467,2.435509030668343,True,0.7450271247739603,0.775894538606403,False,0.07048225001490101,7.7049426669982495,False
development,False,machine06_CU,4,outer_1,regime_router,0.08325045165365018,0.36918956018499194,0.674103748387685,1.4235909094754533,True,0.7703435804701627,0.7830882352941176,False,0.07048225001490101,7.7049426669982495,False
development,False,machine06_CU,4,outer_1,constrained_mixture,0.1079887062659098,0.40278014922334404,0.612102787338971,1.8466174959114907,True,0.8119349005424955,0.7558922558922558,False,0.07048225001490101,7.7049426669982495,False
development,False,machine06_CU,4,outer_1,ens_mean,0.085608771700083,0.2755882897450089,0.8184057632374991,1.4639184141681956,True,0.8065099457504521,0.7408637873754153,False,0.07048225001490101,7.7049426669982495,False
development,False,machine06_CU,4,outer_1,ens_inverse_mae,0.08824541021985548,0.2891098525335983,0.8001489997192541,1.509005192122707,True,0.8010849909584087,0.7383333333333333,False,0.07048225001490101,7.7049426669982495,False
development,False,machine06_CU,4,outer_1,ens_stacking,0.11185982697345488,0.42580052140184715,0.5664961890314539,1.912814040666233,True,0.8119349005424955,0.7533557046979866,False,0.07048225001490101,7.7049426669982495,False
development,False,machine06_CU,4,outer_1,oracle_upper_bound,0.03420092074994687,0.14058007990002924,0.9527471384696242,0.5848391078750382,True,0.8625678119349005,0.8866171003717472,False,0.07048225001490101,7.7049426669982495,True
development,False,machine06_CU,8,outer_1,persistence,0.0706315163347168,0.22654842385648707,0.8784454803252567,1.207805874674328,True,0.8010849909584087,0.7996389891696751,False,0.0706315163347168,10.211101583001437,False
development,False,machine06_CU,8,outer_1,ewma,0.07290768768263577,0.2564560942762939,0.8442331386363513,1.2467286285446233,True,0.7938517179023508,0.6859375,False,0.0706315163347168,10.211101583001437,False
development,False,machine06_CU,8,outer_1,ridge,0.08291363784662492,0.26312067701049935,0.8360320461058085,1.417831360255687,True,0.7504520795660036,0.7045840407470289,False,0.0706315163347168,10.211101583001437,False
development,False,machine06_CU,8,outer_1,lightgbm,0.14319412388630304,0.6126055592485633,0.11118599600553092,2.4486335990455244,True,0.7667269439421338,0.7737226277372263,False,0.0706315163347168,10.211101583001437,False
development,False,machine06_CU,8,outer_1,static_router,0.14319412388630304,0.6126055592485633,0.11118599600553092,2.4486335990455244,True,0.7667269439421338,0.7737226277372263,False,0.0706315163347168,10.211101583001437,False
development,False,machine06_CU,8,outer_1,regime_router,0.09580299522431052,0.43080530333946954,0.5604471469265633,1.6382406388526642,True,0.7721518987341772,0.7806215722120659,False,0.0706315163347168,10.211101583001437,False
development,False,machine06_CU,8,outer_1,constrained_mixture,0.10845900517461855,0.40375899462674636,0.6139056537736514,1.8546596534959252,True,0.8191681735985533,0.7462932454695222,False,0.0706315163347168,10.211101583001437,False
development,False,machine06_CU,8,outer_1,ens_mean,0.08593962238204872,0.2765838240652004,0.8188232039554753,1.4695759933630768,True,0.810126582278481,0.7392739273927392,False,0.0706315163347168,10.211101583001437,False
development,False,machine06_CU,8,outer_1,ens_inverse_mae,0.08853788151996446,0.28985162552034877,0.8010240888903272,1.51400648011391,True,0.810126582278481,0.740495867768595,False,0.0706315163347168,10.211101583001437,False
development,False,machine06_CU,8,outer_1,ens_stacking,0.11210661055422455,0.42535480531981357,0.5714991296251206,1.9170340641641608,True,0.8137432188065099,0.7475083056478405,False,0.0706315163347168,10.211101583001437,False
development,False,machine06_CU,8,outer_1,oracle_upper_bound,0.034213276642056825,0.1411057810585633,0.9528438179682999,0.5850503948451001,True,0.8625678119349005,0.8866171003717472,False,0.0706315163347168,10.211101583001437,True
development,False,machine06_CU,16,outer_1,persistence,0.07066056016499522,0.22803234637250927,0.8791525851295543,1.2083025270280323,True,0.8003663003663004,0.8003663003663004,False,0.07066056016499522,15.371344915998634,False
development,False,machine06_CU,16,outer_1,ewma,0.0730242924410172,0.25829263390710955,0.8449511696197993,1.2487225813789453,True,0.7912087912087912,0.6889952153110048,False,0.07066056016499522,15.371344915998634,False
development,False,machine06_CU,16,outer_1,ridge,0.0832171183318435,0.26481754949488273,0.8370186249810447,1.4230209063948212,True,0.7490842490842491,0.708838821490468,False,0.07066056016499522,15.371344915998634,False
development,False,machine06_CU,16,outer_1,lightgbm,0.1430919933513818,0.6095467463658719,0.13650766380394486,2.4468871568556536,True,0.7838827838827839,0.7838827838827839,False,0.07066056016499522,15.371344915998634,False
development,False,machine06_CU,16,outer_1,static_router,0.1430919933513818,0.6095467463658719,0.13650766380394486,2.4468871568556536,True,0.7838827838827839,0.7838827838827839,False,0.07066056016499522,15.371344915998634,False
development,False,machine06_CU,16,outer_1,regime_router,0.08255092554817614,0.36396016737364334,0.6921407800135808,1.4116289442859233,True,0.7838827838827839,0.7853211009174312,False,0.07066056016499522,15.371344915998634,False
development,False,machine06_CU,16,outer_1,constrained_mixture,0.10942689610327665,0.40882890749992007,0.6115566908734014,1.8712106835507996,True,0.815018315018315,0.7504215851602024,False,0.07066056016499522,15.371344915998634,False
development,False,machine06_CU,16,outer_1,ens_mean,0.08601606582618256,0.27753440840191373,0.8209896586129213,1.4708831837746155,True,0.8095238095238095,0.7466216216216216,False,0.07066056016499522,15.371344915998634,False
development,False,machine06_CU,16,outer_1,ens_inverse_mae,0.08867327381333395,0.2909239788426477,0.8033003941253797,1.516321701643947,True,0.8076923076923077,0.7487266553480475,False,0.07066056016499522,15.371344915998634,False
development,False,machine06_CU,16,outer_1,ens_stacking,0.11373569390741486,0.43411987592392587,0.5620104054598327,1.9448915496950254,True,0.8168498168498168,0.754653130287648,False,0.07066056016499522,15.371344915998634,False
development,False,machine06_CU,16,outer_1,oracle_upper_bound,0.03431990742103684,0.14216918398219577,0.9530262324998149,0.5868737916508949,True,0.8608058608058609,0.8834586466165414,False,0.07066056016499522,15.371344915998634,True
development,False,cluster_UM,1,outer_1,persistence,843922661.6452392,3257467097.4877105,0.4046580280269858,0.8660559197370332,True,0.725,0.725,False,834422178.6472346,6.0660880409996025,False
development,False,cluster_UM,1,outer_1,ewma,948147148.1383146,3092747449.6603713,0.4633448010372261,0.9730138645952847,True,0.69,0.6952141057934509,False,834422178.6472346,6.0660880409996025,False
development,False,cluster_UM,1,outer_1,ridge,834422178.6472346,2871593904.8023505,0.537350100862643,0.8563062709662057,True,0.6475,0.7944785276073619,False,834422178.6472346,6.0660880409996025,False
development,False,cluster_UM,1,outer_1,lightgbm,1387727524.6296232,3021069398.118758,0.48793177275808086,1.4241229585475068,True,0.7525,0.6310272536687631,False,834422178.6472346,6.0660880409996025,False
development,False,cluster_UM,1,outer_1,static_router,834422178.6472346,2871593904.8023505,0.537350100862643,0.8563062709662057,True,0.6475,0.7944785276073619,False,834422178.6472346,6.0660880409996025,False
development,False,cluster_UM,1,outer_1,regime_router,1060607056.7691027,3086255827.2603035,0.46559529629353946,1.0884232190649277,True,0.725,0.7090464547677262,False,834422178.6472346,6.0660880409996025,False
development,False,cluster_UM,1,outer_1,constrained_mixture,1136822742.7839975,2862176064.4380646,0.5403797896285221,1.166637786643119,True,0.7475,0.7419354838709677,False,834422178.6472346,6.0660880409996025,False
development,False,cluster_UM,1,outer_1,ens_mean,868590830.9193883,2832122168.4588327,0.5499814737467623,0.8913710522721668,True,0.7175,0.7552631578947369,False,834422178.6472346,6.0660880409996025,False
development,False,cluster_UM,1,outer_1,ens_inverse_mae,864065157.1466286,2831951784.8275237,0.5500356193518231,0.8867266852705081,True,0.72,0.7578947368421053,False,834422178.6472346,6.0660880409996025,False
development,False,cluster_UM,1,outer_1,ens_stacking,1171999427.746872,2879724669.4443016,0.5347264548395607,1.2027370379529845,True,0.74,0.7219512195121951,False,834422178.6472346,6.0660880409996025,False
development,False,cluster_UM,1,outer_1,oracle_upper_bound,458544561.5976117,2414412309.852208,0.6729385939114279,0.4705706459649193,True,0.8025,0.8941504178272981,False,834422178.6472346,6.0660880409996025,True
development,False,cluster_UM,4,outer_1,persistence,844146369.4002175,3258052917.7111397,0.4046073991847007,0.8662854945953647,True,0.725,0.725,False,834661665.2054875,7.786475332999544,False
development,False,cluster_UM,4,outer_1,ewma,948350493.8934524,3093297867.8883677,0.4633011683533673,0.9732225434268819,True,0.69,0.6952141057934509,False,834661665.2054875,7.786475332999544,False
development,False,cluster_UM,4,outer_1,ridge,834661665.2054875,2872156795.470427,0.5372957852925386,0.8565520384528472,True,0.6475,0.7944785276073619,False,834661665.2054875,7.786475332999544,False
development,False,cluster_UM,4,outer_1,lightgbm,1439460183.0358725,3056642970.4100804,0.47594533212910617,1.4772123909003734,True,0.7375,0.6223628691983122,False,834661665.2054875,7.786475332999544,False
development,False,cluster_UM,4,outer_1,static_router,834661665.2054875,2872156795.470427,0.5372957852925386,0.8565520384528472,True,0.6475,0.7944785276073619,False,834661665.2054875,7.786475332999544,False
development,False,cluster_UM,4,outer_1,regime_router,853553938.4462085,3043700926.9942584,0.4803737065767768,0.8759397925931597,True,0.735,0.7153284671532847,False,834661665.2054875,7.786475332999544,False
development,False,cluster_UM,4,outer_1,constrained_mixture,1165663729.0146194,2878031506.536654,0.5354010185907442,1.1962351751139884,True,0.725,0.7416879795396419,False,834661665.2054875,7.786475332999544,False
development,False,cluster_UM,4,outer_1,ens_mean,878808632.6211073,2834938072.7838025,0.549209953345902,0.9018568326080347,True,0.72,0.7598944591029023,False,834661665.2054875,7.786475332999544,False
development,False,cluster_UM,4,outer_1,ens_inverse_mae,871800166.0567446,2835356755.2730904,0.5490767921754871,0.894664557495393,True,0.715,0.7586206896551724,False,834661665.2054875,7.786475332999544,False
development,False,cluster_UM,4,outer_1,ens_stacking,1194074817.8131092,2891683493.0784693,0.5309828999064028,1.2253913913863868,True,0.725,0.7213930348258707,False,834661665.2054875,7.786475332999544,False
development,False,cluster_UM,4,outer_1,oracle_upper_bound,458652670.8250093,2419873290.81134,0.6715476166612282,0.4706815905343937,True,0.8025,0.889196675900277,False,834661665.2054875,7.786475332999544,True
development,False,cluster_UM,8,outer_1,persistence,844465442.1477809,3258836986.682608,0.4045636743667381,0.8666129355498656,True,0.725,0.725,False,835005834.3233938,10.250457040998299,False
development,False,cluster_UM,8,outer_1,ewma,948700359.0679071,3094039015.281833,0.4632628892609685,0.9735815843902512,True,0.69,0.6952141057934509,False,835005834.3233938,10.250457040998299,False
development,False,cluster_UM,8,outer_1,ridge,835005834.3233938,2872874480.939748,0.5372532729832824,0.8569052339712284,True,0.6475,0.7944785276073619,False,835005834.3233938,10.250457040998299,False
development,False,cluster_UM,8,outer_1,lightgbm,1391352557.4417188,3061131788.7332115,0.47461930917421435,1.4278430637998483,True,0.74,0.597979797979798,False,835005834.3233938,10.250457040998299,False
development,False,cluster_UM,8,outer_1,static_router,835005834.3233938,2872874480.939748,0.5372532729832824,0.8569052339712284,True,0.6475,0.7944785276073619,False,835005834.3233938,10.250457040998299,False
development,False,cluster_UM,8,outer_1,regime_router,834836428.2184219,3041286439.895671,0.481409324560487,0.8567313849128746,True,0.7125,0.707196029776675,True,835005834.3233938,10.250457040998299,False
development,False,cluster_UM,8,outer_1,constrained_mixture,1116283989.0159402,2873402954.8586197,0.5370830100144612,1.1455603703190094,True,0.7275,0.7480719794344473,False,835005834.3233938,10.250457040998299,False
development,False,cluster_UM,8,outer_1,ens_mean,871132242.5256773,2837755091.208367,0.5484977951011829,0.8939791165725426,True,0.715,0.7586206896551724,False,835005834.3233938,10.250457040998299,False
development,False,cluster_UM,8,outer_1,ens_inverse_mae,864995135.36078,2838214897.7739477,0.5483514678173177,0.887681053690977,True,0.715,0.7586206896551724,False,835005834.3233938,10.250457040998299,False
development,False,cluster_UM,8,outer_1,ens_stacking,1142562270.9086149,2886881319.7187223,0.5327299848499223,1.1725278433209803,True,0.725,0.7286432160804021,False,835005834.3233938,10.250457040998299,False
development,False,cluster_UM,8,outer_1,oracle_upper_bound,461190483.5913398,2428763029.0204387,0.6692648608505207,0.4732859616093213,True,0.7975,0.8861111111111111,False,835005834.3233938,10.250457040998299,True
development,False,cluster_UM,16,outer_1,persistence,844976853.3901465,3260388166.5214877,0.4044894703449463,0.8671377593921444,True,0.725,0.725,False,835539072.0094448,15.606125792000967,False
development,False,cluster_UM,16,outer_1,ewma,949268945.7571559,3095502723.952947,0.46319913179606065,0.9741650831994284,True,0.69,0.6952141057934509,False,835539072.0094448,15.606125792000967,False
development,False,cluster_UM,16,outer_1,ridge,835539072.0094448,2874105280.202899,0.5372396150646939,0.857452456691532,True,0.6475,0.7944785276073619,False,835539072.0094448,15.606125792000967,False
development,False,cluster_UM,16,outer_1,lightgbm,1349331063.716738,3035986618.0458136,0.48364244649724375,1.384719487374298,True,0.7425,0.6098562628336756,False,835539072.0094448,15.606125792000967,False
development,False,cluster_UM,16,outer_1,static_router,835539072.0094448,2874105280.202899,0.5372396150646939,0.857452456691532,True,0.6475,0.7944785276073619,False,835539072.0094448,15.606125792000967,False
development,False,cluster_UM,16,outer_1,regime_router,838433543.499059,3080694398.853256,0.4683227636562193,0.8604228404506356,True,0.705,0.7268041237113402,False,835539072.0094448,15.606125792000967,False
development,False,cluster_UM,16,outer_1,constrained_mixture,1102070057.0505934,2865603908.014289,0.5399731822171963,1.1309736546390092,True,0.7375,0.7375,False,835539072.0094448,15.606125792000967,False
development,False,cluster_UM,16,outer_1,ens_mean,865099889.9619292,2835982724.297306,0.549434441968295,0.887788555653619,True,0.7225,0.762532981530343,False,835539072.0094448,15.606125792000967,False
development,False,cluster_UM,16,outer_1,ens_inverse_mae,859455808.1463549,2836482965.782915,0.5492754766398446,0.8819964485210426,True,0.72,0.7619047619047619,False,835539072.0094448,15.606125792000967,False
development,False,cluster_UM,16,outer_1,ens_stacking,1127628654.9297376,2878605210.9818525,0.5357894107925356,1.1572025687319882,True,0.7325,0.7216748768472906,False,835539072.0094448,15.606125792000967,False
development,False,cluster_UM,16,outer_1,oracle_upper_bound,458047771.84971786,2421440757.5909867,0.671527871389654,0.47006082708982316,True,0.805,0.8969359331476323,False,835539072.0094448,15.606125792000967,True
development,False,machine01_UM,1,outer_1,persistence,271525107.0082165,1419931528.4088922,0.11638250422507768,0.8253247843385605,True,0.8779527559055118,0.8779527559055118,False,271525107.0082165,5.925525082999229,False
development,False,machine01_UM,1,outer_1,ewma,332170418.80810124,1373596587.2958431,0.1731096801764198,1.0096616194617671,True,0.8614173228346457,0.7021822849807445,False,271525107.0082165,5.925525082999229,False
development,False,machine01_UM,1,outer_1,ridge,323324236.2392891,1251235040.1231384,0.3138685955008854,0.9827728584139592,True,0.6527559055118111,0.6954697986577181,False,271525107.0082165,5.925525082999229,False
development,False,machine01_UM,1,outer_1,lightgbm,724259917.5288315,1412536459.0286684,0.12556237916127766,2.2014526274414035,True,0.784251968503937,0.20040241448692153,False,271525107.0082165,5.925525082999229,False
development,False,machine01_UM,1,outer_1,static_router,271525107.0082165,1419931528.4088922,0.11638250422507768,0.8253247843385605,True,0.8779527559055118,0.8779527559055118,False,271525107.0082165,5.925525082999229,False
development,False,machine01_UM,1,outer_1,regime_router,254602273.48217654,1320623648.7119646,0.2356581458174225,0.7738863222229608,True,0.8779527559055118,0.8656832298136646,True,271525107.0082165,5.925525082999229,False
development,False,machine01_UM,1,outer_1,constrained_mixture,333698288.1971182,1251020808.5793588,0.31410352882947457,1.0143057147643417,True,0.8842519685039371,0.5083748302399276,False,271525107.0082165,5.925525082999229,False
development,False,machine01_UM,1,outer_1,ens_mean,333143231.1290937,1250936341.786292,0.314196146824389,1.0126185692918273,True,0.8842519685039371,0.511384335154827,False,271525107.0082165,5.925525082999229,False
development,False,machine01_UM,1,outer_1,ens_inverse_mae,317920033.7198912,1251980613.4830642,0.3130506617119555,0.9663463027705835,True,0.8803149606299212,0.5542885473475458,False,271525107.0082165,5.925525082999229,False
development,False,machine01_UM,1,outer_1,ens_stacking,504370044.09773123,1288876217.4859655,0.27196556434391506,1.533077741717615,True,0.8047244094488188,0.2644243208279431,False,271525107.0082165,5.925525082999229,False
development,False,machine01_UM,1,outer_1,oracle_upper_bound,153755130.30412552,1078688266.6192906,0.49005726256220206,0.46735243439333096,True,0.9173228346456693,0.9231378763866878,False,271525107.0082165,5.925525082999229,True
development,False,machine01_UM,4,outer_1,persistence,271600506.9406503,1420188398.6120093,0.11636972452514949,0.8255539691592967,True,0.8779527559055118,0.8779527559055118,False,271600506.9406503,9.689663749999454,False
development,False,machine01_UM,4,outer_1,ewma,332272171.24900043,1373845077.7749524,0.17309771800873242,1.0099709050827779,True,0.8614173228346457,0.7021822849807445,False,271600506.9406503,9.689663749999454,False
development,False,machine01_UM,4,outer_1,ridge,323315645.84746146,1251436830.314013,0.31388560538026866,0.9827467471516872,True,0.6527559055118111,0.6948868398994132,False,271600506.9406503,9.689663749999454,False
development,False,machine01_UM,4,outer_1,lightgbm,841830328.8436135,1459056279.421125,0.06734128155079788,2.5588183805834586,True,0.8661417322834646,0.18796992481203006,False,271600506.9406503,9.689663749999454,False
development,False,machine01_UM,4,outer_1,static_router,271600506.9406503,1420188398.6120093,0.11636972452514949,0.8255539691592967,True,0.8779527559055118,0.8779527559055118,False,271600506.9406503,9.689663749999454,False
development,False,machine01_UM,4,outer_1,regime_router,254523089.8649917,1320570327.5123749,0.23598526309877244,0.7736456365548976,True,0.8779527559055118,0.8663558663558664,True,271600506.9406503,9.689663749999454,False
development,False,machine01_UM,4,outer_1,constrained_mixture,358994015.1282886,1252444811.1701696,0.31277988644686283,1.0911943332946479,True,0.9511811023622048,0.4395924308588064,False,271600506.9406503,9.689663749999454,False
development,False,machine01_UM,4,outer_1,ens_mean,358037410.79163593,1252327661.478973,0.31290844118740835,1.0882866490788332,True,0.9511811023622048,0.4411979547114682,False,271600506.9406503,9.689663749999454,False
development,False,machine01_UM,4,outer_1,ens_inverse_mae,334381026.71617395,1252881464.977259,0.3123006164848503,1.0163809593971787,True,0.947244094488189,0.4989630858564911,False,271600506.9406503,9.689663749999454,False
development,False,machine01_UM,4,outer_1,ens_stacking,578571400.9778049,1307268578.70541,0.2512991750871775,1.7586193851385388,True,0.8858267716535433,0.22907758094074526,False,271600506.9406503,9.689663749999454,False
development,False,machine01_UM,4,outer_1,oracle_upper_bound,152096726.08588177,1066159831.2757797,0.502006931115557,0.46231156683287083,True,0.915748031496063,0.9252187748607796,False,271600506.9406503,9.689663749999454,True
development,False,machine01_UM,8,outer_1,persistence,271687768.66658604,1420529571.9884214,0.11635855234033154,0.8258192089595218,True,0.8779527559055118,0.8779527559055118,False,271687768.66658604,13.014536624999892,False
development,False,machine01_UM,8,outer_1,ewma,332380381.03882325,1374173322.2070148,0.1730894243627895,1.0102998183918743,True,0.8614173228346457,0.7021822849807445,False,271687768.66658604,13.014536624999892,False
development,False,machine01_UM,8,outer_1,ridge,323284304.3208599,1251710504.0817628,0.31390648595593196,0.9826514817857389,True,0.6527559055118111,0.693723849372385,False,271687768.66658604,13.014536624999892,False
development,False,machine01_UM,8,outer_1,lightgbm,788849932.8120975,1454953072.0721169,0.07301332382013836,2.397779740692381,True,0.8637795275590551,0.2147191231160697,False,271687768.66658604,13.014536624999892,False
development,False,machine01_UM,8,outer_1,static_router,271687768.66658604,1420529571.9884214,0.11635855234033154,0.8258192089595218,True,0.8779527559055118,0.8779527559055118,False,271687768.66658604,13.014536624999892,False
development,False,machine01_UM,8,outer_1,regime_router,253481937.35384426,1310829381.249754,0.24756696500643938,0.770480960620527,True,0.8771653543307086,0.8642358417377812,True,271687768.66658604,13.014536624999892,False
development,False,machine01_UM,8,outer_1,constrained_mixture,349467460.4726087,1252851810.0347936,0.3126547594627307,1.0622375205957375,True,0.9480314960629921,0.4505988023952096,False,271687768.66658604,13.014536624999892,False
development,False,machine01_UM,8,outer_1,ens_mean,348554393.4242706,1252738895.3397717,0.3127786494235091,1.0594621718515291,True,0.9480314960629921,0.4511052828774822,False,271687768.66658604,13.014536624999892,False
development,False,machine01_UM,8,outer_1,ens_inverse_mae,326885783.59612805,1253400725.3289454,0.31205233072478866,0.9935984993153942,True,0.9440944881889763,0.4954545454545455,False,271687768.66658604,13.014536624999892,False
development,False,machine01_UM,8,outer_1,ens_stacking,532975891.860783,1301536021.4856682,0.2581981626854719,1.6200277677980686,True,0.8858267716535433,0.2716735088142961,False,271687768.66658604,13.014536624999892,False
development,False,machine01_UM,8,outer_1,oracle_upper_bound,152233163.70400253,1067892112.0528481,0.5006209975225503,0.46272628114416203,True,0.9133858267716536,0.9257781324820431,False,271687768.66658604,13.014536624999892,True
development,False,machine01_UM,16,outer_1,persistence,271934026.06367266,1421217081.1891627,0.11634975893796584,0.8265677302855299,True,0.8779527559055118,0.8779527559055118,False,271934026.06367266,17.844864791000873,False
development,False,machine01_UM,16,outer_1,ewma,332681040.61021453,1374838298.105685,0.17308131310869712,1.0112136999796655,True,0.8614173228346457,0.7021822849807445,False,271934026.06367266,17.844864791000873,False
development,False,machine01_UM,16,outer_1,ridge,323099011.5389217,1252171850.5913095,0.3140579357026555,0.9820882678458656,True,0.6535433070866141,0.6934001670843776,False,271934026.06367266,17.844864791000873,False
development,False,machine01_UM,16,outer_1,lightgbm,809706732.6172686,1458364122.6843598,0.06955328569259422,2.461175844245613,True,0.852755905511811,0.18950131233595802,False,271934026.06367266,17.844864791000873,False
development,False,machine01_UM,16,outer_1,static_router,271934026.06367266,1421217081.1891627,0.11634975893796584,0.8265677302855299,True,0.8779527559055118,0.8779527559055118,False,271934026.06367266,17.844864791000873,False
development,False,machine01_UM,16,outer_1,regime_router,255303324.20256117,1329813450.0959704,0.2263562779596774,0.7760172284252898,True,0.8779527559055118,0.867704280155642,True,271934026.06367266,17.844864791000873,False
development,False,machine01_UM,16,outer_1,constrained_mixture,351958126.96972066,1254699616.451324,0.31128571071022093,1.0698081235953563,True,0.9377952755905512,0.4523357387011014,False,271934026.06367266,17.844864791000873,False
development,False,machine01_UM,16,outer_1,ens_mean,351095831.7597018,1254585220.0028903,0.3114112911694702,1.0671871003828566,True,0.937007874015748,0.45541523153463453,False,271934026.06367266,17.844864791000873,False
development,False,machine01_UM,16,outer_1,ens_inverse_mae,327372826.70289606,1255329950.7422862,0.3105935461891062,0.9950789102854366,True,0.9322834645669291,0.5231992929739284,False,271934026.06367266,17.844864791000873,False
development,False,machine01_UM,16,outer_1,ens_stacking,507934478.9156091,1289913939.5526779,0.27208438588550443,1.5439121593144558,True,0.8771653543307086,0.25662289794978116,False,271934026.06367266,17.844864791000873,False
development,False,machine01_UM,16,outer_1,oracle_upper_bound,153475199.6924044,1077329042.282707,0.4922425568382962,0.46650156032759854,True,0.915748031496063,0.9311449159327462,False,271934026.06367266,17.844864791000873,True
development,False,machine01_tx_bond0,1,outer_1,persistence,39.078021413551674,190.15256074385204,-0.16999348917356394,1.271153344038345,True,0.5946843853820598,0.5956738768718802,False,38.58011798465228,6.6020456250007555,False
development,False,machine01_tx_bond0,1,outer_1,ewma,38.58011798465228,151.98335514202597,0.2525689360463991,1.2549572423484538,True,0.782392026578073,0.44644549763033176,False,38.58011798465228,6.6020456250007555,False
development,False,machine01_tx_bond0,1,outer_1,ridge,45.498169388352686,151.23877777578338,0.25987443389113674,1.4799917721927243,True,0.7840531561461794,0.34731420161883736,False,38.58011798465228,6.6020456250007555,False
development,False,machine01_tx_bond0,1,outer_1,lightgbm,44.959222850113484,155.3868164206156,0.21871870621082912,1.462460595598838,True,0.7541528239202658,0.3566378633150039,False,38.58011798465228,6.6020456250007555,False
development,False,machine01_tx_bond0,1,outer_1,static_router,38.58011798465228,151.98335514202597,0.2525689360463991,1.2549572423484538,True,0.782392026578073,0.44644549763033176,False,38.58011798465228,6.6020456250007555,False
development,False,machine01_tx_bond0,1,outer_1,regime_router,38.97535758830384,188.9057680855676,-0.1547009582223844,1.2678138334885527,True,0.5996677740863787,0.5766773162939297,False,38.58011798465228,6.6020456250007555,False
development,False,machine01_tx_bond0,1,outer_1,constrained_mixture,40.85744426741147,147.33481347319457,0.2975913623521268,1.3290354790421846,True,0.8388704318936877,0.39147286821705424,False,38.58011798465228,6.6020456250007555,False
development,False,machine01_tx_bond0,1,outer_1,ens_mean,39.362597502645094,149.4576780636769,0.2772043169074554,1.280410205931537,True,0.813953488372093,0.4188034188034188,False,38.58011798465228,6.6020456250007555,False
development,False,machine01_tx_bond0,1,outer_1,ens_inverse_mae,39.38592333357391,149.31929647705326,0.2785421579624996,1.2811689625654479,True,0.813953488372093,0.41737649063032367,False,38.58011798465228,6.6020456250007555,False
development,False,machine01_tx_bond0,1,outer_1,ens_stacking,40.376907145132265,147.37353193020576,0.2972221386571524,1.313404279001234,True,0.8289036544850499,0.39446640316205533,False,38.58011798465228,6.6020456250007555,False
development,False,machine01_tx_bond0,1,outer_1,oracle_upper_bound,19.7053163337306,123.29739151091073,0.5080886245340883,0.6409863613071421,True,0.8870431893687708,0.7617689015691869,False,38.58011798465228,6.6020456250007555,True
development,False,machine01_tx_bond0,4,outer_1,persistence,38.61027072400143,187.96804627752024,-0.1974013946739095,1.255938068758521,True,0.5956375838926175,0.5966386554621849,False,38.21642736449988,9.571974165999563,False
development,False,machine01_tx_bond0,4,outer_1,ewma,38.21642736449988,149.53261413695137,0.24221927158712508,1.2431268954864763,True,0.7835570469798657,0.44561068702290074,False,38.21642736449988,9.571974165999563,False
development,False,machine01_tx_bond0,4,outer_1,ridge,45.051904737060994,148.43807055760672,0.2532722240303604,1.4654754076661718,True,0.785234899328859,0.34951456310679613,False,38.21642736449988,9.571974165999563,False
development,False,machine01_tx_bond0,4,outer_1,lightgbm,44.880813993461786,153.56990736516886,0.20074759936196818,1.4599100652308785,True,0.7718120805369127,0.3685897435897436,False,38.21642736449988,9.571974165999563,False
development,False,machine01_tx_bond0,4,outer_1,static_router,38.21642736449988,149.53261413695137,0.24221927158712508,1.2431268954864763,True,0.7835570469798657,0.44561068702290074,False,38.21642736449988,9.571974165999563,False
development,False,machine01_tx_bond0,4,outer_1,regime_router,38.688929484446845,183.84456812515143,-0.14544254560206138,1.2584967281471315,True,0.6023489932885906,0.5514592933947773,False,38.21642736449988,9.571974165999563,False
development,False,machine01_tx_bond0,4,outer_1,constrained_mixture,40.57705413353544,144.58419621669745,0.2915432300398757,1.319914780413664,True,0.8456375838926175,0.39069767441860465,False,38.21642736449988,9.571974165999563,False
development,False,machine01_tx_bond0,4,outer_1,ens_mean,39.007415779533964,146.61393523569205,0.27151232882346965,1.2688566415814893,True,0.8087248322147651,0.4162348877374784,False,38.21642736449988,9.571974165999563,False
development,False,machine01_tx_bond0,4,outer_1,ens_inverse_mae,39.03087429270393,146.48028888321355,0.27283983354743835,1.2696197141830061,True,0.8104026845637584,0.4160206718346253,False,38.21642736449988,9.571974165999563,False
development,False,machine01_tx_bond0,4,outer_1,ens_stacking,40.10212127574071,144.595354251538,0.29143387797297127,1.3044658792528159,True,0.8456375838926175,0.3981042654028436,False,38.21642736449988,9.571974165999563,False
development,False,machine01_tx_bond0,4,outer_1,oracle_upper_bound,19.27673822227087,120.31880608881642,0.509387360718175,0.6270453151677193,True,0.9026845637583892,0.7577464788732394,False,38.21642736449988,9.571974165999563,True
development,False,machine01_tx_bond0,8,outer_1,persistence,38.34106089197566,187.5020703945121,-0.20977459499735684,1.2471810497015408,True,0.5932203389830508,0.5942275042444821,False,38.061699662027536,13.1276305829997,False
development,False,machine01_tx_bond0,8,outer_1,ewma,38.061699662027536,149.2871575075072,0.23310267489958847,1.238093819877769,True,0.7830508474576271,0.4442307692307692,False,38.061699662027536,13.1276305829997,False
development,False,machine01_tx_bond0,8,outer_1,ridge,44.99882959288649,148.3085040974271,0.2431245234283549,1.463748947508715,True,0.7847457627118644,0.34707646176911544,False,38.061699662027536,13.1276305829997,False
development,False,machine01_tx_bond0,8,outer_1,lightgbm,44.49746174007311,152.58457653406904,0.19885043997191754,1.4474401529576164,True,0.7728813559322034,0.37012987012987014,False,38.061699662027536,13.1276305829997,False
development,False,machine01_tx_bond0,8,outer_1,static_router,38.061699662027536,149.2871575075072,0.23310267489958847,1.238093819877769,True,0.7830508474576271,0.4442307692307692,False,38.061699662027536,13.1276305829997,False
development,False,machine01_tx_bond0,8,outer_1,regime_router,39.05697945883544,187.9436141048506,-0.21547903667910662,1.270468878701178,True,0.5983050847457627,0.5389312977099237,False,38.061699662027536,13.1276305829997,False
development,False,machine01_tx_bond0,8,outer_1,constrained_mixture,40.227785906305805,144.01290418847523,0.28633377777287317,1.3085535738082719,True,0.8440677966101695,0.39712918660287083,False,38.061699662027536,13.1276305829997,False
development,False,machine01_tx_bond0,8,outer_1,ens_mean,38.70154080527885,146.092259065974,0.2655762131388142,1.2589069567633322,True,0.8152542372881356,0.42082239720035,False,38.061699662027536,13.1276305829997,False
development,False,machine01_tx_bond0,8,outer_1,ens_inverse_mae,38.73254163834135,145.94264355147774,0.2670797141162422,1.2599153704749257,True,0.8152542372881356,0.4200873362445415,False,38.061699662027536,13.1276305829997,False
development,False,machine01_tx_bond0,8,outer_1,ens_stacking,39.71608072794315,144.08717845352527,0.2855974451009805,1.2919085205248972,True,0.8372881355932204,0.3990306946688207,False,38.061699662027536,13.1276305829997,False
development,False,machine01_tx_bond0,8,outer_1,oracle_upper_bound,19.096522165375923,119.73105940910388,0.5067058381810051,0.6211831390624579,True,0.8983050847457628,0.7614942528735632,False,38.061699662027536,13.1276305829997,True
development,False,machine01_tx_bond0,16,outer_1,persistence,38.67549837289917,188.65746891490645,-0.22851507503200263,1.258059832886307,True,0.5860869565217391,0.5871080139372822,False,38.2033351682132,17.56751958300083,False
development,False,machine01_tx_bond0,16,outer_1,ewma,38.2033351682132,149.97597275568936,0.22361728485590737,1.2427010246647552,True,0.782608695652174,0.4398826979472141,False,38.2033351682132,17.56751958300083,False
development,False,machine01_tx_bond0,16,outer_1,ridge,45.01621630794386,149.01480293627537,0.2335367989422089,1.464314513015554,True,0.7773913043478261,0.3383800151400454,False,38.2033351682132,17.56751958300083,False
development,False,machine01_tx_bond0,16,outer_1,lightgbm,43.03797195508243,149.45294108470225,0.22902301305263573,1.3999649929143974,True,0.782608695652174,0.37468776019983346,False,38.2033351682132,17.56751958300083,False
development,False,machine01_tx_bond0,16,outer_1,static_router,38.2033351682132,149.97597275568936,0.22361728485590737,1.2427010246647552,True,0.782608695652174,0.4398826979472141,False,38.2033351682132,17.56751958300083,False
development,False,machine01_tx_bond0,16,outer_1,regime_router,39.37251193248543,188.95422664476646,-0.23238301709412834,1.2807327084582747,True,0.5860869565217391,0.5323854660347551,False,38.2033351682132,17.56751958300083,False
development,False,machine01_tx_bond0,16,outer_1,constrained_mixture,39.37371033463417,143.75357560906622,0.28670399018450554,1.2807716908029219,True,0.8295652173913044,0.3909836065573771,False,38.2033351682132,17.56751958300083,False
development,False,machine01_tx_bond0,16,outer_1,ens_mean,38.465200034439476,146.39873591669365,0.26021224829845946,1.251219122264094,True,0.8017391304347826,0.4138240574506284,False,38.2033351682132,17.56751958300083,False
development,False,machine01_tx_bond0,16,outer_1,ens_inverse_mae,38.45344348563145,146.3655768054957,0.2605473321512355,1.2508366981855177,True,0.8034782608695652,0.41397849462365593,False,38.2033351682132,17.56751958300083,False
development,False,machine01_tx_bond0,16,outer_1,ens_stacking,39.17803732758465,143.84720363045375,0.2857745351437364,1.2744067217422625,True,0.8278260869565217,0.39666666666666667,False,38.2033351682132,17.56751958300083,False
development,False,machine01_tx_bond0,16,outer_1,oracle_upper_bound,19.201211354881213,120.46806809830156,0.4990707695568639,0.6245885318768998,True,0.9026086956521739,0.7677514792899408,False,38.2033351682132,17.56751958300083,True
development,False,machine01_rx_bond0,1,outer_1,persistence,17.061195028430255,71.84064665888813,-0.674384962386424,1.038325452030382,True,0.4305239179954442,0.42954545454545456,False,14.29825423501927,6.55886449999889,False
development,False,machine01_rx_bond0,1,outer_1,ewma,14.52616415533429,55.93251535095794,-0.014947434611835675,0.8840462779847102,True,0.5990888382687927,0.3283395755305868,False,14.29825423501927,6.55886449999889,False
development,False,machine01_rx_bond0,1,outer_1,ridge,14.29825423501927,53.35934463634745,0.07628962203818646,0.8701759324058124,True,0.5808656036446469,0.3286082474226804,False,14.29825423501927,6.55886449999889,False
development,False,machine01_rx_bond0,1,outer_1,lightgbm,14.519389985559013,54.23430090734141,0.045748300862573865,0.8836340095074832,True,0.6013667425968109,0.2727272727272727,False,14.29825423501927,6.55886449999889,False
development,False,machine01_rx_bond0,1,outer_1,static_router,14.29825423501927,53.35934463634745,0.07628962203818646,0.8701759324058124,True,0.5808656036446469,0.3286082474226804,False,14.29825423501927,6.55886449999889,False
development,False,machine01_rx_bond0,1,outer_1,regime_router,14.102607006288805,64.01796489186007,-0.3295925625642011,0.8582690585396185,True,0.46697038724373574,0.37683823529411764,True,14.29825423501927,6.55886449999889,False
development,False,machine01_rx_bond0,1,outer_1,constrained_mixture,14.000752010760666,53.3145416393104,0.07784015153672297,0.8520702762094785,True,0.6287015945330297,0.3325301204819277,True,14.29825423501927,6.55886449999889,False
development,False,machine01_rx_bond0,1,outer_1,ens_mean,14.096326563264673,55.07476751028054,0.015943137737397084,0.8578868377261811,True,0.6127562642369021,0.34935064935064936,True,14.29825423501927,6.55886449999889,False
development,False,machine01_rx_bond0,1,outer_1,ens_inverse_mae,14.056934319850438,54.77133738740213,0.026756436534729255,0.8554894693776323,True,0.6104783599088838,0.3444730077120823,True,14.29825423501927,6.55886449999889,False
development,False,machine01_rx_bond0,1,outer_1,ens_stacking,13.996274156405365,53.358707400813884,0.07631168443662151,0.8517977589479475,True,0.6287015945330297,0.3333333333333333,True,14.29825423501927,6.55886449999889,False
development,False,machine01_rx_bond0,1,outer_1,oracle_upper_bound,7.6313473708134705,46.802041542640744,0.2893685159533923,0.46443535726522955,True,0.8041002277904328,0.7293388429752066,False,14.29825423501927,6.55886449999889,True
development,False,machine01_rx_bond0,4,outer_1,persistence,17.109238772768766,72.03076213859703,-0.6745111005459503,1.0412493411527084,True,0.4315068493150685,0.4305239179954442,False,14.341979380852994,8.775887625000905,False
development,False,machine01_rx_bond0,4,outer_1,ewma,14.573036820606147,56.082670155041946,-0.015101282102860436,0.8868988965307832,True,0.6004566210045662,0.32875,False,14.341979380852994,8.775887625000905,False
development,False,machine01_rx_bond0,4,outer_1,ridge,14.341979380852994,53.51972016029418,0.07555797783864426,0.8728369964014611,True,0.5753424657534246,0.32684824902723736,False,14.341979380852994,8.775887625000905,False
development,False,machine01_rx_bond0,4,outer_1,lightgbm,14.762749059727337,54.580885399954354,0.0385356985069395,0.89844457349614,True,0.5821917808219178,0.2604698672114402,False,14.341979380852994,8.775887625000905,False
development,False,machine01_rx_bond0,4,outer_1,static_router,14.341979380852994,53.51972016029418,0.07555797783864426,0.8728369964014611,True,0.5753424657534246,0.32684824902723736,False,14.341979380852994,8.775887625000905,False
development,False,machine01_rx_bond0,4,outer_1,regime_router,14.742224546180632,66.55981160726901,-0.42980291799433346,0.8971954743110844,True,0.4634703196347032,0.3644524236983842,False,14.341979380852994,8.775887625000905,False
development,False,machine01_rx_bond0,4,outer_1,constrained_mixture,14.102408673174565,53.511504506179854,0.0758417727817069,0.8582569882057322,True,0.6187214611872146,0.3122119815668203,True,14.341979380852994,8.775887625000905,False
development,False,machine01_rx_bond0,4,outer_1,ens_mean,14.204925141511566,55.28923569646035,0.013418008618930055,0.8644960270391314,True,0.6027397260273972,0.34108527131782945,True,14.341979380852994,8.775887625000905,False
development,False,machine01_rx_bond0,4,outer_1,ens_inverse_mae,14.16132473851423,54.957529437342004,0.025220441319745768,0.8618425547544832,True,0.6141552511415526,0.34050632911392403,True,14.341979380852994,8.775887625000905,False
development,False,machine01_rx_bond0,4,outer_1,ens_stacking,14.103233990671717,53.551963192129776,0.07444377948184777,0.8583072161154343,True,0.6210045662100456,0.3130034522439586,True,14.341979380852994,8.775887625000905,False
development,False,machine01_rx_bond0,4,outer_1,oracle_upper_bound,7.696408063796267,47.04841840074246,0.28559897641462395,0.46839487905360383,True,0.7945205479452054,0.7310924369747899,False,14.341979380852994,8.775887625000905,True
development,False,machine01_rx_bond0,8,outer_1,persistence,17.197083459141073,72.30396449895972,-0.6750272190685567,1.0465954715693646,True,0.43249427917620137,0.4305239179954442,False,14.359091077647681,11.711206874999334,False
development,False,machine01_rx_bond0,8,outer_1,ewma,14.64222405031464,56.290312578847995,-0.015231227536204317,0.8911095547784671,True,0.6018306636155606,0.32916145181476847,False,14.359091077647681,11.711206874999334,False
development,False,machine01_rx_bond0,8,outer_1,ridge,14.359091077647681,53.69500023894785,0.07622682999792729,0.873878395335108,True,0.5789473684210527,0.3315858453473132,False,14.359091077647681,11.711206874999334,False
development,False,machine01_rx_bond0,8,outer_1,lightgbm,14.70217584375221,54.497616188143745,0.04840388762470027,0.8947581545932729,True,0.6041189931350115,0.27132579650565264,False,14.359091077647681,11.711206874999334,False
development,False,machine01_rx_bond0,8,outer_1,static_router,14.359091077647681,53.69500023894785,0.07622682999792729,0.873878395335108,True,0.5789473684210527,0.3315858453473132,False,14.359091077647681,11.711206874999334,False
development,False,machine01_rx_bond0,8,outer_1,regime_router,14.875127031379593,68.3091398919459,-0.4950484985635353,0.9052837725100219,True,0.448512585812357,0.3712121212121212,False,14.359091077647681,11.711206874999334,False
development,False,machine01_rx_bond0,8,outer_1,constrained_mixture,14.111421808467265,53.62437140952172,0.07865543998658397,0.8588055176470408,True,0.6064073226544623,0.3151010701545779,True,14.359091077647681,11.711206874999334,False
development,False,machine01_rx_bond0,8,outer_1,ens_mean,14.252910874657715,55.48529935364236,0.013598976674265129,0.8674163856644772,True,0.6109839816933639,0.34810951760104303,True,14.359091077647681,11.711206874999334,False
development,False,machine01_rx_bond0,8,outer_1,ens_inverse_mae,14.208475316973317,55.15476570949124,0.025316227896094445,0.8647120867896334,True,0.6132723112128147,0.34271099744245526,True,14.359091077647681,11.711206874999334,False
development,False,machine01_rx_bond0,8,outer_1,ens_stacking,14.11524061058699,53.681135481447264,0.0767038292472958,0.8590379257187246,True,0.6018306636155606,0.31161137440758296,True,14.359091077647681,11.711206874999334,False
development,False,machine01_rx_bond0,8,outer_1,oracle_upper_bound,7.740024350019559,47.14671348284552,0.2878024168097473,0.4710493179738096,True,0.8032036613272311,0.7343096234309623,False,14.359091077647681,11.711206874999334,True
development,False,machine01_rx_bond0,16,outer_1,persistence,17.239757645827012,72.63291980664467,-0.6736194402948621,1.0491925753541154,True,0.43648960739030024,0.43448275862068964,False,14.323311624360311,17.490750540997396,False
development,False,machine01_rx_bond0,16,outer_1,ewma,14.701506204698559,56.57976609624849,-0.015574999937317369,0.8947174011013914,True,0.6027713625866051,0.3299620733249052,False,14.323311624360311,17.490750540997396,False
development,False,machine01_rx_bond0,16,outer_1,ridge,14.323311624360311,53.941324302889505,0.07693365888427828,0.8717008973963001,True,0.5681293302540416,0.336986301369863,False,14.323311624360311,17.490750540997396,False
development,False,machine01_rx_bond0,16,outer_1,lightgbm,14.875308510740366,54.858650846705956,0.04527135865757037,0.9052948171431202,True,0.5450346420323325,0.2554112554112554,False,14.323311624360311,17.490750540997396,False
development,False,machine01_rx_bond0,16,outer_1,static_router,14.323311624360311,53.941324302889505,0.07693365888427828,0.8717008973963001,True,0.5681293302540416,0.336986301369863,False,14.323311624360311,17.490750540997396,False
development,False,machine01_rx_bond0,16,outer_1,regime_router,13.395505306487367,58.350221086660554,-0.0801267401427157,0.8152356314640633,True,0.5080831408775982,0.3832752613240418,True,14.323311624360311,17.490750540997396,False
development,False,machine01_rx_bond0,16,outer_1,constrained_mixture,14.169318419847654,53.92854365574412,0.07737102254699091,0.8623290413558077,True,0.6027713625866051,0.32301980198019803,True,14.323311624360311,17.490750540997396,False
development,False,machine01_rx_bond0,16,outer_1,ens_mean,14.307010533792786,55.715979817354885,0.01519725425991747,0.8707088310607409,True,0.6120092378752887,0.35475234270414996,True,14.323311624360311,17.490750540997396,False
development,False,machine01_rx_bond0,16,outer_1,ens_inverse_mae,14.26003039179087,55.38081875320121,0.027009835569189344,0.8678496715997944,True,0.6143187066974596,0.35092348284960423,True,14.323311624360311,17.490750540997396,False
development,False,machine01_rx_bond0,16,outer_1,ens_stacking,14.177925974175045,54.00023191075485,0.07491645512782807,0.8628528875883237,True,0.6073903002309469,0.32509270704573545,True,14.323311624360311,17.490750540997396,False
development,False,machine01_rx_bond0,16,outer_1,oracle_upper_bound,7.741654268992646,47.39455360296187,0.2873987493418815,0.47114851303908395,True,0.7944572748267898,0.7381974248927039,False,14.323311624360311,17.490750540997396,True
development,False,averageRttWithGoogleDns,1,outer_1,persistence,0.22476448439208066,1.6480258838190005,-0.8757412079896723,0.7964798188494452,True,0.04819277108433735,0.04819277108433735,False,0.20481859697506333,6.445039458001702,False
development,False,averageRttWithGoogleDns,1,outer_1,ewma,0.20481859697506333,1.2488706724905247,-0.0771589562607613,0.7257991824505696,True,0.12048192771084337,0.09900990099009901,False,0.20481859697506333,6.445039458001702,False
development,False,averageRttWithGoogleDns,1,outer_1,ridge,0.25381493997743615,1.2424195721197944,-0.06605946716028321,0.8994235809153218,True,0.10843373493975904,0.1,False,0.20481859697506333,6.445039458001702,False
development,False,averageRttWithGoogleDns,1,outer_1,lightgbm,0.2777674196860344,1.2600702428344215,-0.09656498447573902,0.9843020560485202,True,0.060240963855421686,0.05952380952380952,False,0.20481859697506333,6.445039458001702,False
development,False,averageRttWithGoogleDns,1,outer_1,static_router,0.20481859697506333,1.2488706724905247,-0.0771589562607613,0.7257991824505696,True,0.12048192771084337,0.09900990099009901,False,0.20481859697506333,6.445039458001702,False
development,False,averageRttWithGoogleDns,1,outer_1,regime_router,0.2239658859286255,1.6474162995703012,-0.8743538380006222,0.7936498897295197,True,0.04819277108433735,0.04878048780487805,False,0.20481859697506333,6.445039458001702,False
development,False,averageRttWithGoogleDns,1,outer_1,constrained_mixture,0.24539190280386322,1.2604274867708538,-0.097186849368319,0.8695755417986674,True,0.060240963855421686,0.09259259259259259,False,0.20481859697506333,6.445039458001702,False
development,False,averageRttWithGoogleDns,1,outer_1,ens_mean,0.21929571667001047,1.2796245223231975,-0.13086293777703317,0.7771005866883448,True,0.08433734939759036,0.109375,False,0.20481859697506333,6.445039458001702,False
development,False,averageRttWithGoogleDns,1,outer_1,ens_inverse_mae,0.2179921619310521,1.2863672146697593,-0.14281199003425504,0.7724812846435664,True,0.08433734939759036,0.1076923076923077,False,0.20481859697506333,6.445039458001702,False
development,False,averageRttWithGoogleDns,1,outer_1,ens_stacking,0.2520293816207915,1.2853700509549109,-0.14104091105890437,0.8930962414324319,True,0.060240963855421686,0.08620689655172414,False,0.20481859697506333,6.445039458001702,False
development,False,averageRttWithGoogleDns,1,outer_1,oracle_upper_bound,0.11959949910212465,1.1222460310319917,0.13019676430450178,0.42381512202423816,True,0.1686746987951807,0.4666666666666667,False,0.20481859697506333,6.445039458001702,True
development,False,averageRttWithGoogleDns,4,outer_1,persistence,0.2247477816944208,1.6485604142423265,-0.87586367520329,0.7964206308436427,True,0.04819277108433735,0.04819277108433735,False,0.20478464748015635,9.419276625001658,False
development,False,averageRttWithGoogleDns,4,outer_1,ewma,0.20478464748015635,1.2492337800649145,-0.07715692502471061,0.7256788783570352,True,0.12048192771084337,0.09900990099009901,False,0.20478464748015635,9.419276625001658,False
development,False,averageRttWithGoogleDns,4,outer_1,ridge,0.25361402727932175,1.2426504509055432,-0.06583383471992166,0.8987116227523962,True,0.10843373493975904,0.1,False,0.20478464748015635,9.419276625001658,False
development,False,averageRttWithGoogleDns,4,outer_1,lightgbm,0.2778002442806301,1.26185501460565,-0.09903229700052907,0.9844183739233308,True,0.03614457831325301,0.04,False,0.20478464748015635,9.419276625001658,False
development,False,averageRttWithGoogleDns,4,outer_1,static_router,0.20478464748015635,1.2492337800649145,-0.07715692502471061,0.7256788783570352,True,0.12048192771084337,0.09900990099009901,False,0.20478464748015635,9.419276625001658,False
development,False,averageRttWithGoogleDns,4,outer_1,regime_router,0.22268176608561033,1.6476312709854584,-0.8737497643030436,0.7890994575617686,True,0.04819277108433735,0.04878048780487805,False,0.20478464748015635,9.419276625001658,False
development,False,averageRttWithGoogleDns,4,outer_1,constrained_mixture,0.23518710621335515,1.2255439185193153,-0.03669092704746402,0.8334136251961096,True,0.07228915662650602,0.10344827586206896,False,0.20478464748015635,9.419276625001658,False
development,False,averageRttWithGoogleDns,4,outer_1,ens_mean,0.21950108166394283,1.2814858146739765,-0.13349379108449244,0.77782832209373,True,0.08433734939759036,0.109375,False,0.20478464748015635,9.419276625001658,False
development,False,averageRttWithGoogleDns,4,outer_1,ens_inverse_mae,0.2181237780743709,1.286252650445727,-0.14194215311307534,0.7729476821808453,True,0.08433734939759036,0.10606060606060606,False,0.20478464748015635,9.419276625001658,False
development,False,averageRttWithGoogleDns,4,outer_1,ens_stacking,0.2404536624340349,1.2413482317246014,-0.06360115211689554,0.8520762967296165,True,0.07228915662650602,0.10526315789473684,False,0.20478464748015635,9.419276625001658,False
development,False,averageRttWithGoogleDns,4,outer_1,oracle_upper_bound,0.12014883135864111,1.124124239886792,0.12779180117525613,0.4257617465425279,True,0.1566265060240964,0.4482758620689655,False,0.20478464748015635,9.419276625001658,True
development,False,averageRttWithGoogleDns,8,outer_1,persistence,0.2249588757756418,1.649362510401104,-0.875881147959922,0.7971686679546918,True,0.04819277108433735,0.04819277108433735,False,0.20492886333690377,12.356768290999753,False
development,False,averageRttWithGoogleDns,8,outer_1,ewma,0.20492886333690377,1.2498388208820645,-0.07716219117898859,0.7261899244850214,True,0.12048192771084337,0.09900990099009901,False,0.20492886333690377,12.356768290999753,False
development,False,averageRttWithGoogleDns,8,outer_1,ridge,0.25330841502115825,1.242995333743484,-0.06539849165964773,0.8976286491826234,True,0.10843373493975904,0.1,False,0.20492886333690377,12.356768290999753,False
development,False,averageRttWithGoogleDns,8,outer_1,lightgbm,0.2764362946142242,1.2654668781089566,-0.10426840430432893,0.9795850552335164,True,0.04819277108433735,0.058823529411764705,False,0.20492886333690377,12.356768290999753,False
development,False,averageRttWithGoogleDns,8,outer_1,static_router,0.20492886333690377,1.2498388208820645,-0.07716219117898859,0.7261899244850214,True,0.12048192771084337,0.09900990099009901,False,0.20492886333690377,12.356768290999753,False
development,False,averageRttWithGoogleDns,8,outer_1,regime_router,0.22369841437412405,1.6476564685240125,-0.8720024655962286,0.7927020723025231,True,0.04819277108433735,0.04878048780487805,False,0.20492886333690377,12.356768290999753,False
development,False,averageRttWithGoogleDns,8,outer_1,constrained_mixture,0.2341987246644756,1.227205933554263,-0.03850352232291243,0.8299111770262624,True,0.07228915662650602,0.09836065573770492,False,0.20492886333690377,12.356768290999753,False
development,False,averageRttWithGoogleDns,8,outer_1,ens_mean,0.21900783078850422,1.2818317314125347,-0.13301358586961376,0.7760804286532728,True,0.08433734939759036,0.1111111111111111,False,0.20492886333690377,12.356768290999753,False
development,False,averageRttWithGoogleDns,8,outer_1,ens_inverse_mae,0.21774175265784435,1.2863989833249394,-0.14110197585794304,0.7715939294499639,True,0.08433734939759036,0.109375,False,0.20492886333690377,12.356768290999753,False
development,False,averageRttWithGoogleDns,8,outer_1,ens_stacking,0.24157773886378645,1.2442014347973058,-0.06746704594549158,0.8560595959308358,True,0.07228915662650602,0.0967741935483871,False,0.20492886333690377,12.356768290999753,False
development,False,averageRttWithGoogleDns,8,outer_1,oracle_upper_bound,0.11997522433764443,1.1244772975972206,0.12808436672392765,0.4251465493105968,True,0.1686746987951807,0.45161290322580644,False,0.20492886333690377,12.356768290999753,True
development,False,averageRttWithGoogleDns,16,outer_1,persistence,0.22460026819456297,1.6505649667603288,-0.8757793104411624,0.7958978991230935,True,0.04878048780487805,0.04878048780487805,False,0.20465733016815704,19.32025962499756,False
development,False,averageRttWithGoogleDns,16,outer_1,ewma,0.20465733016815704,1.250816302103575,-0.07721789918610322,0.7252277142424204,True,0.12195121951219512,0.09900990099009901,False,0.20465733016815704,19.32025962499756,False
development,False,averageRttWithGoogleDns,16,outer_1,ridge,0.2522514460140264,1.2427375462050074,-0.06334779470098617,0.893883153155496,True,0.10975609756097561,0.10465116279069768,False,0.20465733016815704,19.32025962499756,False
development,False,averageRttWithGoogleDns,16,outer_1,lightgbm,0.2751056245248086,1.2645821596300568,-0.10105901386687166,0.9748696667030166,True,0.024390243902439025,0.030303030303030304,False,0.20465733016815704,19.32025962499756,False
development,False,averageRttWithGoogleDns,16,outer_1,static_router,0.20465733016815704,1.250816302103575,-0.07721789918610322,0.7252277142424204,True,0.12195121951219512,0.09900990099009901,False,0.20465733016815704,19.32025962499756,False
development,False,averageRttWithGoogleDns,16,outer_1,regime_router,0.22459091350059165,1.649363997217319,-0.8730506274724199,0.7958647496467435,True,0.04878048780487805,0.04938271604938271,False,0.20465733016815704,19.32025962499756,False
development,False,averageRttWithGoogleDns,16,outer_1,constrained_mixture,0.23401704881270657,1.2276516621697273,-0.03768803163733114,0.8292673869279392,True,0.06097560975609756,0.09615384615384616,False,0.20465733016815704,19.32025962499756,False
development,False,averageRttWithGoogleDns,16,outer_1,ens_mean,0.21837108241808964,1.2823246717533079,-0.1321722126954974,0.7738240346856395,True,0.08536585365853659,0.109375,False,0.20465733016815704,19.32025962499756,False
development,False,averageRttWithGoogleDns,16,outer_1,ens_inverse_mae,0.21716647253032295,1.2865169486859473,-0.1395870869075695,0.7695553555489526,True,0.08536585365853659,0.109375,False,0.20465733016815704,19.32025962499756,False
development,False,averageRttWithGoogleDns,16,outer_1,ens_stacking,0.23968197798264232,1.244132789612251,-0.06573681377093665,0.8493417406287428,True,0.06097560975609756,0.09803921568627451,False,0.20465733016815704,19.32025962499756,False
development,False,averageRttWithGoogleDns,16,outer_1,oracle_upper_bound,0.11990280053902724,1.1247884108389348,0.1289197614770481,0.42488990692263673,True,0.14634146341463414,0.41379310344827586,False,0.20465733016815704,19.32025962499756,True
development,False,jitterWithGoogleDns,1,outer_1,persistence,0.21076830308198322,1.162943260038489,-0.696007034268666,0.8034656940352705,True,0.17132867132867133,0.17132867132867133,False,0.19395508307060608,6.552727458998561,False
development,False,jitterWithGoogleDns,1,outer_1,ewma,0.19395508307060608,0.918556919988305,-0.05809032600907171,0.7393723494105132,True,0.22377622377622378,0.17777777777777778,False,0.19395508307060608,6.552727458998561,False
development,False,jitterWithGoogleDns,1,outer_1,ridge,0.20696962719478987,0.867107811402702,0.05711919542005961,0.7889848365558055,True,0.1258741258741259,0.20809248554913296,False,0.19395508307060608,6.552727458998561,False
development,False,jitterWithGoogleDns,1,outer_1,lightgbm,0.2149270456040615,0.9109555085560432,-0.040650578179061814,0.8193191544368371,True,0.1958041958041958,0.1462140992167102,False,0.19395508307060608,6.552727458998561,False
development,False,jitterWithGoogleDns,1,outer_1,static_router,0.20696962719478987,0.867107811402702,0.05711919542005961,0.7889848365558055,True,0.1258741258741259,0.20809248554913296,False,0.19395508307060608,6.552727458998561,False
development,False,jitterWithGoogleDns,1,outer_1,regime_router,0.20914725662899372,1.1602799269346513,-0.6882476543271301,0.7972861348018879,True,0.17132867132867133,0.17689530685920576,False,0.19395508307060608,6.552727458998561,False
development,False,jitterWithGoogleDns,1,outer_1,constrained_mixture,0.2053912505558028,0.8695518983463043,0.051796373006320784,0.7829679380793799,True,0.13286713286713286,0.20105820105820105,False,0.19395508307060608,6.552727458998561,False
development,False,jitterWithGoogleDns,1,outer_1,ens_mean,0.19571330210254217,0.9011676438586703,-0.01840794172860538,0.7460748215284914,True,0.17482517482517482,0.19305019305019305,False,0.19395508307060608,6.552727458998561,False
development,False,jitterWithGoogleDns,1,outer_1,ens_inverse_mae,0.19567810748066253,0.8989428098578617,-0.013385587226575346,0.7459406568040933,True,0.17832167832167833,0.19921875,False,0.19395508307060608,6.552727458998561,False
development,False,jitterWithGoogleDns,1,outer_1,ens_stacking,0.20462173989117846,0.8700590082464871,0.050690093650317736,0.7800345016414567,True,0.13986013986013987,0.19801980198019803,False,0.19395508307060608,6.552727458998561,False
development,False,jitterWithGoogleDns,1,outer_1,oracle_upper_bound,0.10519252373387906,0.7749568599012321,0.2468774506177469,0.40100234643103494,True,0.34265734265734266,0.7,False,0.19395508307060608,6.552727458998561,True
development,False,jitterWithGoogleDns,4,outer_1,persistence,0.2062600268194563,1.124566376723796,-0.6919767448808891,0.7862797829508842,True,0.16842105263157894,0.16901408450704225,False,0.1902823060520437,8.992097999998805,False
development,False,jitterWithGoogleDns,4,outer_1,ewma,0.1902823060520437,0.8897661258778766,-0.059195034950713765,0.7253714285267493,True,0.22105263157894736,0.17647058823529413,False,0.1902823060520437,8.992097999998805,False
development,False,jitterWithGoogleDns,4,outer_1,ridge,0.204319557835599,0.8438669090297857,0.04726501123334659,0.7788825593832476,True,0.12280701754385964,0.20588235294117646,False,0.1902823060520437,8.992097999998805,False
development,False,jitterWithGoogleDns,4,outer_1,lightgbm,0.21012591622374094,0.8865310947561794,-0.05150694775968345,0.8010168637541062,True,0.20350877192982456,0.15263157894736842,False,0.1902823060520437,8.992097999998805,False
development,False,jitterWithGoogleDns,4,outer_1,static_router,0.204319557835599,0.8438669090297857,0.04726501123334659,0.7788825593832476,True,0.12280701754385964,0.20588235294117646,False,0.1902823060520437,8.992097999998805,False
development,False,jitterWithGoogleDns,4,outer_1,regime_router,0.20622635902533143,1.1243180727854205,-0.6912296513941838,0.7861514386164771,True,0.16842105263157894,0.17328519855595667,False,0.1902823060520437,8.992097999998805,False
development,False,jitterWithGoogleDns,4,outer_1,constrained_mixture,0.20215501988286644,0.8470626887666064,0.04003520653767367,0.770631166915655,True,0.12631578947368421,0.19672131147540983,False,0.1902823060520437,8.992097999998805,False
development,False,jitterWithGoogleDns,4,outer_1,ens_mean,0.19179675112173886,0.8742906549620638,-0.022670841522843155,0.7311446147279382,True,0.1824561403508772,0.2,False,0.1902823060520437,8.992097999998805,False
development,False,jitterWithGoogleDns,4,outer_1,ens_inverse_mae,0.19183658704328788,0.872112779659436,-0.01758220081852868,0.731296472459328,True,0.17894736842105263,0.19844357976653695,False,0.1902823060520437,8.992097999998805,False
development,False,jitterWithGoogleDns,4,outer_1,ens_stacking,0.2005042482048727,0.8477429173431563,0.038492799616206,0.764338292737904,True,0.13333333333333333,0.19,False,0.1902823060520437,8.992097999998805,False
development,False,jitterWithGoogleDns,4,outer_1,oracle_upper_bound,0.10296884651199477,0.7530703706652179,0.2412559083377569,0.392525510321116,True,0.3368421052631579,0.6857142857142857,False,0.1902823060520437,8.992097999998805,True
development,False,jitterWithGoogleDns,8,outer_1,persistence,0.2060564978645516,1.1248968033476752,-0.6937842098461611,0.7855039142333514,True,0.16607773851590105,0.16607773851590105,False,0.1897150142150286,12.31090733399833,False
development,False,jitterWithGoogleDns,8,outer_1,ewma,0.1897150142150286,0.8895008230054552,-0.05907184613222283,0.7232088664959178,True,0.21554770318021202,0.17280453257790368,False,0.1897150142150286,12.31090733399833,False
development,False,jitterWithGoogleDns,8,outer_1,ridge,0.20386945954744945,0.8439290748294611,0.0466670290936253,0.7771667485702171,True,0.12014134275618374,0.20359281437125748,False,0.1897150142150286,12.31090733399833,False
development,False,jitterWithGoogleDns,8,outer_1,lightgbm,0.21011799689676391,0.8892840815902804,-0.058555788679315324,0.8009866746438232,True,0.18021201413427562,0.14166666666666666,False,0.1897150142150286,12.31090733399833,False
development,False,jitterWithGoogleDns,8,outer_1,static_router,0.20386945954744945,0.8439290748294611,0.0466670290936253,0.7771667485702171,True,0.12014134275618374,0.20359281437125748,False,0.1897150142150286,12.31090733399833,False
development,False,jitterWithGoogleDns,8,outer_1,regime_router,0.20450424547256482,1.1221903529191617,-0.68564367932393,0.7795866034840191,True,0.16607773851590105,0.17153284671532848,False,0.1897150142150286,12.31090733399833,False
development,False,jitterWithGoogleDns,8,outer_1,constrained_mixture,0.2022821741940226,0.8460029302902485,0.041975867099256825,0.7711158893590622,True,0.127208480565371,0.21052631578947367,False,0.1897150142150286,12.31090733399833,False
development,False,jitterWithGoogleDns,8,outer_1,ens_mean,0.19162252401889734,0.8751055086673728,-0.02507006242019494,0.7304804470231299,True,0.18021201413427562,0.19540229885057472,False,0.1897150142150286,12.31090733399833,False
development,False,jitterWithGoogleDns,8,outer_1,ens_inverse_mae,0.1916577132313906,0.8726708558785664,-0.01937425088352218,0.7306145911265127,True,0.17667844522968199,0.1953125,False,0.1897150142150286,12.31090733399833,False
development,False,jitterWithGoogleDns,8,outer_1,ens_stacking,0.20176684446581397,0.8462936516461433,0.0413173210823381,0.7691514110590632,True,0.127208480565371,0.2033898305084746,False,0.1897150142150286,12.31090733399833,False
development,False,jitterWithGoogleDns,8,outer_1,oracle_upper_bound,0.1032880756911727,0.7553985312001759,0.23619062129284962,0.39374243758320404,True,0.31802120141342755,0.6870229007633588,False,0.1897150142150286,12.31090733399833,True
development,False,jitterWithGoogleDns,16,outer_1,persistence,0.200742755838122,1.1067816423040675,-0.6860790369766718,0.7652475029857411,True,0.16487455197132617,0.16487455197132617,False,0.18612510689581246,20.88108129200191,False
development,False,jitterWithGoogleDns,16,outer_1,ewma,0.18612510689581246,0.8802537848045551,-0.06652204520665705,0.7095238515597092,True,0.20430107526881722,0.16521739130434782,False,0.18612510689581246,20.88108129200191,False
development,False,jitterWithGoogleDns,16,outer_1,ridge,0.2003569185284553,0.8345098299176016,0.04144519593637408,0.7637766601822314,True,0.1003584229390681,0.19444444444444445,False,0.18612510689581246,20.88108129200191,False
development,False,jitterWithGoogleDns,16,outer_1,lightgbm,0.20655836660300728,0.8699087578434358,-0.04160112662701798,0.7874170781596229,True,0.20430107526881722,0.14921465968586387,False,0.18612510689581246,20.88108129200191,False
development,False,jitterWithGoogleDns,16,outer_1,static_router,0.2003569185284553,0.8345098299176016,0.04144519593637408,0.7637766601822314,True,0.1003584229390681,0.19444444444444445,False,0.18612510689581246,20.88108129200191,False
development,False,jitterWithGoogleDns,16,outer_1,regime_router,0.20037649644266625,1.104829960852698,-0.6801378690327811,0.7638512927631236,True,0.16487455197132617,0.16606498194945848,False,0.18612510689581246,20.88108129200191,False
development,False,jitterWithGoogleDns,16,outer_1,constrained_mixture,0.19775167140481437,0.8363364214806501,0.03724439627124487,0.7538452489703884,True,0.12544802867383512,0.19444444444444445,False,0.18612510689581246,20.88108129200191,False
development,False,jitterWithGoogleDns,16,outer_1,ens_mean,0.18727792160185747,0.8588885677730995,-0.015377835178388422,0.7139184737791908,True,0.17204301075268819,0.18972332015810275,False,0.18612510689581246,20.88108129200191,False
development,False,jitterWithGoogleDns,16,outer_1,ens_inverse_mae,0.18733889155408448,0.8563591726630421,-0.009406140909213434,0.7141508961323865,True,0.17562724014336917,0.19678714859437751,False,0.18612510689581246,20.88108129200191,False
development,False,jitterWithGoogleDns,16,outer_1,ens_stacking,0.1973739482200288,0.8369146398373958,0.03591269437250866,0.7524053378624126,True,0.12544802867383512,0.18518518518518517,False,0.18612510689581246,20.88108129200191,False
development,False,jitterWithGoogleDns,16,outer_1,oracle_upper_bound,0.09946615463710963,0.7453761733305406,0.23527542520498046,0.3791729676612664,True,0.3225806451612903,0.7142857142857143,False,0.18612510689581246,20.88108129200191,True
development,False,machine01_DWT,1,outer_1,persistence,5235345.267122638,32207912.177833322,-0.451951199145584,0.45522479157561285,True,0.26548672566371684,0.2631578947368421,False,5102658.659881696,6.631733125002938,False
development,False,machine01_DWT,1,outer_1,ewma,5102658.659881696,25924757.88320573,0.05928885077220247,0.44368739909350624,True,0.26548672566371684,0.23255813953488372,False,5102658.659881696,6.631733125002938,False
development,False,machine01_DWT,1,outer_1,ridge,6899310.548662293,25503062.942885693,0.08964337186909965,0.5999102344316591,True,0.2743362831858407,0.3069306930693069,False,5102658.659881696,6.631733125002938,False
development,False,machine01_DWT,1,outer_1,lightgbm,6374524.937212799,24677867.36409824,0.14760258409560512,0.5542789707031307,True,0.49557522123893805,0.3522012578616352,False,5102658.659881696,6.631733125002938,False
development,False,machine01_DWT,1,outer_1,static_router,5102658.659881696,25924757.88320573,0.05928885077220247,0.44368739909350624,True,0.26548672566371684,0.23255813953488372,False,5102658.659881696,6.631733125002938,False
development,False,machine01_DWT,1,outer_1,regime_router,4956258.254274431,30883664.861452155,-0.33501004985709737,0.4309575616656529,True,0.26548672566371684,0.2777777777777778,True,5102658.659881696,6.631733125002938,False
development,False,machine01_DWT,1,outer_1,constrained_mixture,6333242.340826587,24637793.767008934,0.15036869800238417,0.5506893581032454,True,0.5132743362831859,0.36024844720496896,False,5102658.659881696,6.631733125002938,False
development,False,machine01_DWT,1,outer_1,ens_mean,5566130.597770458,25351761.377707615,0.10041304326071043,0.48398730398259,True,0.35398230088495575,0.38095238095238093,False,5102658.659881696,6.631733125002938,False
development,False,machine01_DWT,1,outer_1,ens_inverse_mae,5536420.982438253,25353401.26045896,0.1002966596434901,0.4814039875521862,True,0.35398230088495575,0.37735849056603776,False,5102658.659881696,6.631733125002938,False
development,False,machine01_DWT,1,outer_1,ens_stacking,6333821.761160791,24638493.369866677,0.15032044587950844,0.5507397399763434,True,0.5132743362831859,0.36024844720496896,False,5102658.659881696,6.631733125002938,False
development,False,machine01_DWT,1,outer_1,oracle_upper_bound,2707649.6418446135,20555887.808862083,0.4085754467978091,0.23543609465626164,True,0.5486725663716814,0.7294117647058823,False,5102658.659881696,6.631733125002938,True
development,False,machine01_DWT,4,outer_1,persistence,5265472.7960971445,32327929.465262044,-0.45224773148538433,0.4578444465168514,True,0.26548672566371684,0.2631578947368421,False,5125772.916947661,8.931260499997734,False
development,False,machine01_DWT,4,outer_1,ewma,5125772.916947661,26018392.912332118,0.05931143957935214,0.44569723460929483,True,0.26548672566371684,0.23255813953488372,False,5125772.916947661,8.931260499997734,False
development,False,machine01_DWT,4,outer_1,ridge,6919350.480647207,25591220.382183544,0.08994650760666878,0.6016527506164677,True,0.2743362831858407,0.30097087378640774,False,5125772.916947661,8.931260499997734,False
development,False,machine01_DWT,4,outer_1,lightgbm,6174838.835643053,24863702.334796544,0.14095379682200815,0.5369158247539058,True,0.48672566371681414,0.3254437869822485,False,5125772.916947661,8.931260499997734,False
development,False,machine01_DWT,4,outer_1,static_router,6174838.835643053,24863702.334796544,0.14095379682200815,0.5369158247539058,True,0.48672566371681414,0.3254437869822485,False,5125772.916947661,8.931260499997734,False
development,False,machine01_DWT,4,outer_1,regime_router,5027135.172434376,31208807.250125982,-0.3534408143245318,0.43712046566732454,True,0.26548672566371684,0.2777777777777778,True,5125772.916947661,8.931260499997734,False
development,False,machine01_DWT,4,outer_1,constrained_mixture,6119170.48353246,24792615.714466564,0.14585889052399892,0.53207533903732,True,0.49557522123893805,0.3373493975903614,False,5125772.916947661,8.931260499997734,False
development,False,machine01_DWT,4,outer_1,ens_mean,5542391.610730518,25430202.47546724,0.10136244738730804,0.4819231468208194,True,0.37168141592920356,0.38181818181818183,False,5125772.916947661,8.931260499997734,False
development,False,machine01_DWT,4,outer_1,ens_inverse_mae,5511871.266397363,25419610.46141942,0.10211088022615378,0.4792693357197394,True,0.37168141592920356,0.38181818181818183,False,5125772.916947661,8.931260499997734,False
development,False,machine01_DWT,4,outer_1,ens_stacking,6121729.162010802,24795753.022894982,0.1456427073120049,0.5322978217614923,True,0.49557522123893805,0.3373493975903614,False,5125772.916947661,8.931260499997734,False
development,False,machine01_DWT,4,outer_1,oracle_upper_bound,2685988.218470094,20484348.277576763,0.4169185443422182,0.23355258622696634,True,0.5309734513274337,0.7228915662650602,False,5125772.916947661,8.931260499997734,True
development,False,machine01_DWT,8,outer_1,persistence,5267041.348522698,32293314.825827524,-0.43496255626607594,0.4579808356019194,True,0.26548672566371684,0.26548672566371684,False,5130757.975259318,12.147314999998343,False
development,False,machine01_DWT,8,outer_1,ewma,5130757.975259318,26101063.627576124,0.0625853715200212,0.4461306963993257,True,0.26548672566371684,0.23622047244094488,False,5130757.975259318,12.147314999998343,False
development,False,machine01_DWT,8,outer_1,ridge,6940948.161704368,25677443.26380829,0.09276693039825668,0.603530716511001,True,0.2743362831858407,0.31,False,5130757.975259318,12.147314999998343,False
development,False,machine01_DWT,8,outer_1,lightgbm,6389703.92501662,24996277.735661138,0.14026224548312494,0.5555988170946794,True,0.4690265486725664,0.3212121212121212,False,5130757.975259318,12.147314999998343,False
development,False,machine01_DWT,8,outer_1,static_router,5130757.975259318,26101063.627576124,0.0625853715200212,0.4461306963993257,True,0.26548672566371684,0.23622047244094488,False,5130757.975259318,12.147314999998343,False
development,False,machine01_DWT,8,outer_1,regime_router,4991029.214848346,30953204.677286625,-0.31833734517306445,0.43398097320252826,True,0.26548672566371684,0.2830188679245283,True,5130757.975259318,12.147314999998343,False
development,False,machine01_DWT,8,outer_1,constrained_mixture,6302732.705599467,24894638.10238985,0.14723974606567702,0.548036478182501,True,0.49557522123893805,0.35,False,5130757.975259318,12.147314999998343,False
development,False,machine01_DWT,8,outer_1,ens_mean,5606238.778922451,25516591.35683442,0.10409773858302285,0.4874747985935094,True,0.35398230088495575,0.38095238095238093,False,5130757.975259318,12.147314999998343,False
development,False,machine01_DWT,8,outer_1,ens_inverse_mae,5577408.0420756135,25510775.316867914,0.10450610108370251,0.48496790258141775,True,0.35398230088495575,0.38095238095238093,False,5130757.975259318,12.147314999998343,False
development,False,machine01_DWT,8,outer_1,ens_stacking,6304783.046804942,24896899.46067332,0.14708481438591947,0.5482147598621798,True,0.49557522123893805,0.34782608695652173,False,5130757.975259318,12.147314999998343,False
development,False,machine01_DWT,8,outer_1,oracle_upper_bound,2712577.906524181,20615834.63458567,0.4151868094043577,0.23586461811500548,True,0.5486725663716814,0.7045454545454546,False,5130757.975259318,12.147314999998343,True
development,False,machine01_DWT,16,outer_1,persistence,5278112.334401468,32324229.44396347,-0.44207281628706174,0.4589434821862524,True,0.2702702702702703,0.26785714285714285,False,5100155.236902762,19.216865041002166,False
development,False,machine01_DWT,16,outer_1,ewma,5100155.236902762,26016438.020955857,0.0658287433236665,0.4434697209565995,True,0.2702702702702703,0.24193548387096775,False,5100155.236902762,19.216865041002166,False
development,False,machine01_DWT,16,outer_1,ridge,6852025.353514365,25547260.884025835,0.09921838305754227,0.5957986826604695,True,0.27927927927927926,0.3069306930693069,False,5100155.236902762,19.216865041002166,False
development,False,machine01_DWT,16,outer_1,lightgbm,6148043.553638126,24659285.001289073,0.16074915207836626,0.5345859160194228,True,0.5135135135135135,0.34545454545454546,False,5100155.236902762,19.216865041002166,False
development,False,machine01_DWT,16,outer_1,static_router,6148043.553638126,24659285.001289073,0.16074915207836626,0.5345859160194228,True,0.5135135135135135,0.34545454545454546,False,5100155.236902762,19.216865041002166,False
development,False,machine01_DWT,16,outer_1,regime_router,5040043.3615866555,31184132.18800172,-0.34214103284884034,0.43824286111913296,True,0.2702702702702703,0.2830188679245283,True,5100155.236902762,19.216865041002166,False
development,False,machine01_DWT,16,outer_1,constrained_mixture,6113412.070299797,24616842.456462096,0.16363563381897217,0.5315746323351074,True,0.4954954954954955,0.34810126582278483,False,5100155.236902762,19.216865041002166,False
development,False,machine01_DWT,16,outer_1,ens_mean,5511822.979487354,25365785.17421554,0.1119703862699869,0.47926513706665674,True,0.36936936936936937,0.39805825242718446,False,5100155.236902762,19.216865041002166,False
development,False,machine01_DWT,16,outer_1,ens_inverse_mae,5483780.516000482,25347959.9724645,0.11321803108622963,0.47682678315784305,True,0.36936936936936937,0.3904761904761905,False,5100155.236902762,19.216865041002166,False
development,False,machine01_DWT,16,outer_1,ens_stacking,6114155.78107451,24617886.137353234,0.1635647135933027,0.5316392996235357,True,0.4954954954954955,0.34810126582278483,False,5100155.236902762,19.216865041002166,False
development,False,machine01_DWT,16,outer_1,oracle_upper_bound,2666791.0165914344,20298395.062504094,0.4313379709947984,0.23188334727935997,True,0.5585585585585585,0.7560975609756098,False,5100155.236902762,19.216865041002166,True
development,False,cluster_mean_CU,1,outer_2,persistence,1.341430523059793,3.1922990667335633,0.37513379991944573,1.141877730141291,True,0.5875,0.5875,False,1.090395081497911,10.205450249999558,False
development,False,cluster_mean_CU,1,outer_2,ewma,1.5022822610420847,3.4917960941657262,0.25238562815948795,1.2788009731263577,True,0.5232142857142857,0.39809782608695654,False,1.090395081497911,10.205450249999558,False
development,False,cluster_mean_CU,1,outer_2,ridge,1.3009527738415996,2.867729291503491,0.49573805290538697,1.1074214988240922,True,0.5267857142857143,0.6236786469344608,False,1.090395081497911,10.205450249999558,False
development,False,cluster_mean_CU,1,outer_2,lightgbm,1.090395081497911,2.46766726694476,0.6266182452333391,0.9281866181022956,True,0.6285714285714286,0.6342342342342342,False,1.090395081497911,10.205450249999558,False
development,False,cluster_mean_CU,1,outer_2,static_router,1.090395081497911,2.46766726694476,0.6266182452333391,0.9281866181022956,True,0.6285714285714286,0.6342342342342342,False,1.090395081497911,10.205450249999558,False
development,False,cluster_mean_CU,1,outer_2,regime_router,1.1256840808118598,2.738431449264934,0.5401844656404544,0.9582259840946954,True,0.5571428571428572,0.6473029045643154,False,1.090395081497911,10.205450249999558,False
development,False,cluster_mean_CU,1,outer_2,constrained_mixture,1.0960902034939652,2.46073416565936,0.6287133874687665,0.9330345270069614,True,0.6232142857142857,0.6391941391941391,False,1.090395081497911,10.205450249999558,False
development,False,cluster_mean_CU,1,outer_2,ens_mean,1.1982978369643273,2.7222024266400195,0.545618411617716,1.0200376319042905,True,0.5767857142857142,0.6333333333333333,False,1.090395081497911,10.205450249999558,False
development,False,cluster_mean_CU,1,outer_2,ens_inverse_mae,1.1860626677185706,2.6871199790838545,0.557254650903668,1.009622580922469,True,0.5946428571428571,0.6416184971098265,False,1.090395081497911,10.205450249999558,False
development,False,cluster_mean_CU,1,outer_2,ens_stacking,1.0857356396970683,2.4551006415331,0.6304114642775076,0.9242203203807142,True,0.6339285714285714,0.6350626118067979,True,1.090395081497911,10.205450249999558,False
development,False,cluster_mean_CU,1,outer_2,oracle_upper_bound,0.6254109995002759,1.8313252808459477,0.794358447811872,0.5323741187026344,True,0.7392857142857143,0.8734177215189873,False,1.090395081497911,10.205450249999558,True
development,False,cluster_mean_CU,4,outer_2,persistence,1.3417416979791574,3.192858226425313,0.3751059508334038,1.1421426143112072,True,0.5875,0.5875,False,1.0905255837373433,11.834277375000966,False
development,False,cluster_mean_CU,4,outer_2,ewma,1.5026929239567577,3.4924190679265665,0.25234744692213884,1.2791505453396024,True,0.5232142857142857,0.39809782608695654,False,1.0905255837373433,11.834277375000966,False
development,False,cluster_mean_CU,4,outer_2,ridge,1.3013252131893358,2.868220169027407,0.49571959839912993,1.107738533653476,True,0.5267857142857143,0.6236786469344608,False,1.0905255837373433,11.834277375000966,False
development,False,cluster_mean_CU,4,outer_2,lightgbm,1.0905255837373433,2.4803364516810884,0.6228897725451225,0.92829770667407,True,0.6321428571428571,0.6413043478260869,False,1.0905255837373433,11.834277375000966,False
development,False,cluster_mean_CU,4,outer_2,static_router,1.0905255837373433,2.4803364516810884,0.6228897725451225,0.92829770667407,True,0.6321428571428571,0.6413043478260869,False,1.0905255837373433,11.834277375000966,False
development,False,cluster_mean_CU,4,outer_2,regime_router,1.129883790450492,2.8081681218267835,0.5166148224394882,0.9618009399548582,True,0.5785714285714286,0.6545454545454545,False,1.0905255837373433,11.834277375000966,False
development,False,cluster_mean_CU,4,outer_2,constrained_mixture,1.0978811771616677,2.4705798263022203,0.6258507311197354,0.934559073311271,True,0.6303571428571428,0.6537037037037037,False,1.0905255837373433,11.834277375000966,False
development,False,cluster_mean_CU,4,outer_2,ens_mean,1.1983831322023426,2.7231080522950992,0.5454550176568289,1.0201102385217056,True,0.575,0.625242718446602,False,1.0905255837373433,11.834277375000966,False
development,False,cluster_mean_CU,4,outer_2,ens_inverse_mae,1.1863081012429437,2.68814047545566,0.5570537396161386,1.009831503465153,True,0.5892857142857143,0.6346153846153846,False,1.0905255837373433,11.834277375000966,False
development,False,cluster_mean_CU,4,outer_2,ens_stacking,1.0854693401224231,2.4641735332534043,0.6277885776145015,0.9239936358461028,True,0.65,0.6465364120781527,True,1.0905255837373433,11.834277375000966,False
development,False,cluster_mean_CU,4,outer_2,oracle_upper_bound,0.6212092723387033,1.8276423170880136,0.7952473508576859,0.5287974454486326,True,0.7464285714285714,0.8874734607218684,False,1.0905255837373433,11.834277375000966,True
development,False,cluster_mean_CU,8,outer_2,persistence,1.342198790256855,3.193616727196975,0.3750605065840379,1.1425317090004588,True,0.5875,0.5875,False,1.0948288310869339,14.518798916997184,False
development,False,cluster_mean_CU,8,outer_2,ewma,1.5032491760668374,3.493253532029342,0.25229102083450494,1.2796240487271615,True,0.5232142857142857,0.39809782608695654,False,1.0948288310869339,14.518798916997184,False
development,False,cluster_mean_CU,8,outer_2,ridge,1.3018172984994685,2.868899620593434,0.49568360326215655,1.1081574157702243,True,0.5267857142857143,0.6236786469344608,False,1.0948288310869339,14.518798916997184,False
development,False,cluster_mean_CU,8,outer_2,lightgbm,1.0948288310869339,2.476189741490551,0.6243008413610134,0.9319607978527161,True,0.625,0.6398537477148081,False,1.0948288310869339,14.518798916997184,False
development,False,cluster_mean_CU,8,outer_2,static_router,1.0948288310869339,2.476189741490551,0.6243008413610134,0.9319607978527161,True,0.625,0.6398537477148081,False,1.0948288310869339,14.518798916997184,False
development,False,cluster_mean_CU,8,outer_2,regime_router,1.1212348911639152,2.725598982802941,0.5448062405950977,0.9544386611668,True,0.55,0.6350515463917525,False,1.0948288310869339,14.518798916997184,False
development,False,cluster_mean_CU,8,outer_2,constrained_mixture,1.098894564740279,2.4653373225301953,0.6275867850155414,0.9354217081537962,True,0.6285714285714286,0.6470588235294118,False,1.0948288310869339,14.518798916997184,False
development,False,cluster_mean_CU,8,outer_2,ens_mean,1.1987035846868561,2.721477433995394,0.5461818536779466,1.0203830201151942,True,0.5857142857142857,0.6344294003868471,False,1.0948288310869339,14.518798916997184,False
development,False,cluster_mean_CU,8,outer_2,ens_inverse_mae,1.1865378713452346,2.6860574524347287,0.5579178521179798,1.0100270926949702,True,0.5910714285714286,0.6353166986564299,False,1.0948288310869339,14.518798916997184,False
development,False,cluster_mean_CU,8,outer_2,ens_stacking,1.0892572416185304,2.461792504043564,0.628656973787294,0.9272180446306202,True,0.6357142857142857,0.6496350364963503,True,1.0948288310869339,14.518798916997184,False
development,False,cluster_mean_CU,8,outer_2,oracle_upper_bound,0.621486526958134,1.8192065191743996,0.7972147373054218,0.5290334553425962,True,0.7375,0.8658280922431866,False,1.0948288310869339,14.518798916997184,True
development,False,cluster_mean_CU,16,outer_2,persistence,1.3427821242756643,3.195023458422129,0.3750504428581126,1.1430282655599389,True,0.5875,0.5875,False,1.0859346255501228,21.595309083000757,False
development,False,cluster_mean_CU,16,outer_2,ewma,1.5041940795777564,3.4948886980422706,0.25223770794868416,1.2804283872729922,True,0.5232142857142857,0.39809782608695654,False,1.0859346255501228,21.595309083000757,False
development,False,cluster_mean_CU,16,outer_2,ridge,1.3025433131926547,2.8702087756797896,0.49565950747664933,1.1087754276580215,True,0.5267857142857143,0.6236786469344608,False,1.0859346255501228,21.595309083000757,False
development,False,cluster_mean_CU,16,outer_2,lightgbm,1.0859346255501228,2.4541569667616,0.6312758905233781,0.924389704862661,True,0.6357142857142857,0.6484517304189436,False,1.0859346255501228,21.595309083000757,False
development,False,cluster_mean_CU,16,outer_2,static_router,1.0859346255501228,2.4541569667616,0.6312758905233781,0.924389704862661,True,0.6357142857142857,0.6484517304189436,False,1.0859346255501228,21.595309083000757,False
development,False,cluster_mean_CU,16,outer_2,regime_router,1.1568532134392677,2.8367305390652073,0.5073561897042598,0.9847583596469334,True,0.5696428571428571,0.6279527559055118,False,1.0859346255501228,21.595309083000757,False
development,False,cluster_mean_CU,16,outer_2,constrained_mixture,1.092275288417283,2.4465667151953676,0.6335531538314703,0.9297871232141006,True,0.6303571428571428,0.6537037037037037,False,1.0859346255501228,21.595309083000757,False
development,False,cluster_mean_CU,16,outer_2,ens_mean,1.1989596062353391,2.71821551898765,0.547660370912485,1.0206009555949849,True,0.5839285714285715,0.630057803468208,False,1.0859346255501228,21.595309083000757,False
development,False,cluster_mean_CU,16,outer_2,ens_inverse_mae,1.1865267909711643,2.681319360802886,0.5598568467806055,1.010017660650466,True,0.6,0.6363636363636364,False,1.0859346255501228,21.595309083000757,False
development,False,cluster_mean_CU,16,outer_2,ens_stacking,1.0821447402490736,2.442268919204978,0.6348394710850348,0.9211636073863738,True,0.6410714285714286,0.6527272727272727,True,1.0859346255501228,21.595309083000757,False
development,False,cluster_mean_CU,16,outer_2,oracle_upper_bound,0.6176860402778127,1.8052558030813202,0.8004855470346499,0.5257983335607698,True,0.7357142857142858,0.8637316561844863,False,1.0859346255501228,21.595309083000757,True
development,False,machine01_CU,1,outer_2,persistence,2.3738985721882613,10.275400575348646,0.22895456579390838,0.7642449293809718,True,0.6434426229508197,0.6434426229508197,False,1.8952678096073612,8.238661040999432,False
development,False,machine01_CU,1,outer_2,ewma,3.1318189340521716,10.983509400873286,0.1190227384331849,1.0082472638594595,True,0.5368852459016393,0.3104265402843602,False,1.8952678096073612,8.238661040999432,False
development,False,machine01_CU,1,outer_2,ridge,2.88843466503856,9.164565905098234,0.38665300131926716,0.9298929501310145,True,0.48360655737704916,0.6820809248554913,False,1.8952678096073612,8.238661040999432,False
development,False,machine01_CU,1,outer_2,lightgbm,1.8952678096073612,6.736826756914466,0.6685689401970314,0.6101561500061167,True,0.8114754098360656,0.6644295302013423,False,1.8952678096073612,8.238661040999432,False
development,False,machine01_CU,1,outer_2,static_router,1.8952678096073612,6.736826756914466,0.6685689401970314,0.6101561500061167,True,0.8114754098360656,0.6644295302013423,False,1.8952678096073612,8.238661040999432,False
development,False,machine01_CU,1,outer_2,regime_router,2.3876205042316228,10.326598210750756,0.22125188842533172,0.768662522073562,True,0.5901639344262295,0.6457399103139013,False,1.8952678096073612,8.238661040999432,False
development,False,machine01_CU,1,outer_2,constrained_mixture,1.899210974912504,6.760475755853763,0.6662379406419936,0.6114255993943389,True,0.8073770491803278,0.6655405405405406,False,1.8952678096073612,8.238661040999432,False
development,False,machine01_CU,1,outer_2,ens_mean,2.3047941028555905,8.376606184264618,0.48758876516965,0.7419976687339537,True,0.6885245901639344,0.6885245901639344,False,1.8952678096073612,8.238661040999432,False
development,False,machine01_CU,1,outer_2,ens_inverse_mae,2.228478207862214,8.084241936278502,0.5227333905471021,0.717428785942093,True,0.7827868852459017,0.7022058823529411,False,1.8952678096073612,8.238661040999432,False
development,False,machine01_CU,1,outer_2,ens_stacking,1.900326386711161,6.76467212945161,0.6658234653793638,0.6117846913207096,True,0.8032786885245902,0.6644067796610169,False,1.8952678096073612,8.238661040999432,False
development,False,machine01_CU,1,outer_2,oracle_upper_bound,0.9825866515849453,5.293870683652423,0.7953418218610131,0.31633064485101736,True,0.8729508196721312,0.9342105263157895,False,1.8952678096073612,8.238661040999432,True
development,False,machine01_CU,4,outer_2,persistence,2.38308902987142,10.31273758867825,0.22890291283867736,0.7672036744450332,True,0.6434426229508197,0.6434426229508197,False,1.9092510667636555,10.669923166002263,False
development,False,machine01_CU,4,outer_2,ewma,3.148559825616914,11.023768715463024,0.11890788601146529,1.0136367702358324,True,0.5368852459016393,0.3104265402843602,False,1.9092510667636555,10.669923166002263,False
development,False,machine01_CU,4,outer_2,ridge,2.884918466407812,9.193994421860934,0.38712825430135966,0.9287609569592217,True,0.48360655737704916,0.6704545454545454,False,1.9092510667636555,10.669923166002263,False
development,False,machine01_CU,4,outer_2,lightgbm,1.9092510667636555,6.762395271800084,0.6684399221205695,0.6146578728274406,True,0.8278688524590164,0.6688741721854304,False,1.9092510667636555,10.669923166002263,False
development,False,machine01_CU,4,outer_2,static_router,1.9092510667636555,6.762395271800084,0.6684399221205695,0.6146578728274406,True,0.8278688524590164,0.6688741721854304,False,1.9092510667636555,10.669923166002263,False
development,False,machine01_CU,4,outer_2,regime_router,2.31325509652295,9.916224959143165,0.28705854266517583,0.7447215726039674,True,0.6352459016393442,0.6623931623931624,False,1.9092510667636555,10.669923166002263,False
development,False,machine01_CU,4,outer_2,constrained_mixture,1.9093557430777748,6.768788963516748,0.6678126606270705,0.6146915719682671,True,0.8237704918032787,0.67,False,1.9092510667636555,10.669923166002263,False
development,False,machine01_CU,4,outer_2,ens_mean,2.317858210347981,8.41615457789337,0.48644313941016204,0.7462034836010749,True,0.6639344262295082,0.680672268907563,False,1.9092510667636555,10.669923166002263,False
development,False,machine01_CU,4,outer_2,ens_inverse_mae,2.2399530398585648,8.109222743572536,0.5232182889742083,0.7211229547964202,True,0.7336065573770492,0.6911196911196911,False,1.9092510667636555,10.669923166002263,False
development,False,machine01_CU,4,outer_2,ens_stacking,1.909892349610866,6.774958679508785,0.6672068105684739,0.6148643252723854,True,0.8237704918032787,0.67,False,1.9092510667636555,10.669923166002263,False
development,False,machine01_CU,4,outer_2,oracle_upper_bound,0.9771274670871333,5.270480858258959,0.7985990062646453,0.31457313333814674,True,0.889344262295082,0.9194915254237288,False,1.9092510667636555,10.669923166002263,True
development,False,machine01_CU,8,outer_2,persistence,2.4003969232396454,10.364128817797223,0.22867945720824578,0.7727757194767381,True,0.6434426229508197,0.6434426229508197,False,1.9336204150074248,13.804879999999685,False
development,False,machine01_CU,8,outer_2,ewma,3.16653846044099,11.073719453412401,0.11944532521432305,1.0194247515179589,True,0.5368852459016393,0.3119047619047619,False,1.9336204150074248,13.804879999999685,False
development,False,machine01_CU,8,outer_2,ridge,2.899141502220173,9.238877277469323,0.3870744996811486,0.9333398733153578,True,0.48360655737704916,0.6704545454545454,False,1.9336204150074248,13.804879999999685,False
development,False,machine01_CU,8,outer_2,lightgbm,1.9336204150074248,6.75508403456378,0.6723344328131879,0.6225032589133558,True,0.8278688524590164,0.6332288401253918,False,1.9336204150074248,13.804879999999685,False
development,False,machine01_CU,8,outer_2,static_router,1.9336204150074248,6.75508403456378,0.6723344328131879,0.6225032589133558,True,0.8278688524590164,0.6332288401253918,False,1.9336204150074248,13.804879999999685,False
development,False,machine01_CU,8,outer_2,regime_router,2.2516579118879063,9.337887572761021,0.37386702663271765,0.7248911819659709,True,0.7090163934426229,0.6070175438596491,False,1.9336204150074248,13.804879999999685,False
development,False,machine01_CU,8,outer_2,constrained_mixture,1.9335872863874952,6.755131999769625,0.6723297795469676,0.6224925935967769,True,0.8278688524590164,0.6332288401253918,True,1.9336204150074248,13.804879999999685,False
development,False,machine01_CU,8,outer_2,ens_mean,2.3325628028766396,8.443936028103362,0.488012730486045,0.7509374307082934,True,0.6721311475409836,0.6612903225806451,False,1.9336204150074248,13.804879999999685,False
development,False,machine01_CU,8,outer_2,ens_inverse_mae,2.245604195446336,8.089857504027904,0.5300506669977452,0.7229422688369169,True,0.7663934426229508,0.68,False,1.9336204150074248,13.804879999999685,False
development,False,machine01_CU,8,outer_2,ens_stacking,1.9336204150074248,6.75508403456378,0.6723344328131879,0.6225032589133558,True,0.8278688524590164,0.6332288401253918,False,1.9336204150074248,13.804879999999685,False
development,False,machine01_CU,8,outer_2,oracle_upper_bound,0.9929015938153111,5.282407630972427,0.7996298067998421,0.31965140269163056,True,0.8811475409836066,0.9148936170212766,False,1.9336204150074248,13.804879999999685,True
development,False,machine01_CU,16,outer_2,persistence,2.3999952686380905,10.383221493256572,0.22631139470989758,0.7726464121439829,True,0.6428571428571429,0.6428571428571429,False,1.941604540969526,20.109593625002162,False
development,False,machine01_CU,16,outer_2,ewma,3.163045625864652,11.080379732528641,0.11892829917776593,1.0183002800913332,True,0.542016806722689,0.3131067961165049,False,1.941604540969526,20.109593625002162,False
development,False,machine01_CU,16,outer_2,ridge,2.908463229652151,9.256332994172572,0.38513481421960727,0.9363408789212517,True,0.48739495798319327,0.6705202312138728,False,1.941604540969526,20.109593625002162,False
development,False,machine01_CU,16,outer_2,lightgbm,1.941604540969526,6.789235108019217,0.6692166352310055,0.6250736415967448,True,0.8109243697478992,0.6411960132890365,False,1.941604540969526,20.109593625002162,False
development,False,machine01_CU,16,outer_2,static_router,1.941604540969526,6.789235108019217,0.6692166352310055,0.6250736415967448,True,0.8109243697478992,0.6411960132890365,False,1.941604540969526,20.109593625002162,False
development,False,machine01_CU,16,outer_2,regime_router,2.3888716886364274,10.032387246671178,0.27771176860700053,0.7690653241765226,True,0.6596638655462185,0.6305220883534136,False,1.941604540969526,20.109593625002162,False
development,False,machine01_CU,16,outer_2,constrained_mixture,1.9415558281742729,6.789251404303073,0.6692150472624079,0.6250579591631293,True,0.8109243697478992,0.6411960132890365,True,1.941604540969526,20.109593625002162,False
development,False,machine01_CU,16,outer_2,ens_mean,2.333483932944311,8.44220622180124,0.48853740565700376,0.7512339762270303,True,0.6932773109243697,0.6790123456790124,False,1.941604540969526,20.109593625002162,False
development,False,machine01_CU,16,outer_2,ens_inverse_mae,2.2503332658925683,8.098207701689828,0.5293698060841332,0.7244647298854051,True,0.7647058823529411,0.6791044776119403,False,1.941604540969526,20.109593625002162,False
development,False,machine01_CU,16,outer_2,ens_stacking,1.941604540969526,6.789235108019217,0.6692166352310055,0.6250736415967448,True,0.8109243697478992,0.6411960132890365,False,1.941604540969526,20.109593625002162,False
development,False,machine01_CU,16,outer_2,oracle_upper_bound,0.9740918641761549,5.214375766481999,0.804877831710093,0.31359586153744345,True,0.8781512605042017,0.9330357142857143,False,1.941604540969526,20.109593625002162,True
development,False,machine06_CU,1,outer_2,persistence,0.0811318962273109,0.1932857826075155,0.04064693025162236,1.2850886656488578,True,0.5298969072164949,0.53099173553719,False,0.06329978071082444,8.42329558399797,False
development,False,machine06_CU,1,outer_2,ewma,0.0725095470909287,0.1696510612481339,0.2609193862659013,1.1485149669966375,True,0.5525773195876289,0.45193929173693087,False,0.06329978071082444,8.42329558399797,False
development,False,machine06_CU,1,outer_2,ridge,0.06855704463423568,0.1646728684116072,0.30365774378861354,1.085909304560072,True,0.4742268041237113,0.5,False,0.06329978071082444,8.42329558399797,False
development,False,machine06_CU,1,outer_2,lightgbm,0.06329978071082444,0.16316075097693844,0.3163874288365901,1.0026368729461024,True,0.5567010309278351,0.5487804878048781,False,0.06329978071082444,8.42329558399797,False
development,False,machine06_CU,1,outer_2,static_router,0.0811318962273109,0.1932857826075155,0.04064693025162236,1.2850886656488578,True,0.5298969072164949,0.53099173553719,False,0.06329978071082444,8.42329558399797,False
development,False,machine06_CU,1,outer_2,regime_router,0.06511284295917671,0.16860072526144346,0.2700425820297454,1.0313548723251067,True,0.5525773195876289,0.5214007782101168,False,0.06329978071082444,8.42329558399797,False
development,False,machine06_CU,1,outer_2,constrained_mixture,0.07460869547201439,0.17811009975605613,0.18537873435565477,1.181764427658698,True,0.5298969072164949,0.5410526315789473,False,0.06329978071082444,8.42329558399797,False
development,False,machine06_CU,1,outer_2,ens_mean,0.06717335823096625,0.1626902092492485,0.3203247042715247,1.0639924038546822,True,0.5731958762886598,0.5305343511450382,False,0.06329978071082444,8.42329558399797,False
development,False,machine06_CU,1,outer_2,ens_inverse_mae,0.06950944732783672,0.16578084694580053,0.2942557353862125,1.1009948869708543,True,0.5587628865979382,0.5181644359464627,False,0.06329978071082444,8.42329558399797,False
development,False,machine06_CU,1,outer_2,ens_stacking,0.07092516092265251,0.17113374400382986,0.247944393980136,1.12341908237491,True,0.5484536082474227,0.5428571428571428,False,0.06329978071082444,8.42329558399797,False
development,False,machine06_CU,1,outer_2,oracle_upper_bound,0.04125738381585137,0.12853612787705415,0.5757429431570698,0.6534963285897865,True,0.6577319587628866,0.7435897435897436,False,0.06329978071082444,8.42329558399797,True
development,False,machine06_CU,4,outer_2,persistence,0.08111921926976975,0.192962495597295,0.04082627838786257,1.2848878689806105,True,0.5300207039337475,0.5311203319502075,False,0.06356929935525439,10.514718833001098,False
development,False,machine06_CU,4,outer_2,ewma,0.07248600170867915,0.16957228109202332,0.25926787153624653,1.1481420199158432,True,0.5507246376811594,0.4523809523809524,False,0.06356929935525439,10.514718833001098,False
development,False,machine06_CU,4,outer_2,ridge,0.06855973726095352,0.16464273202891194,0.30170877355358716,1.0859519544208152,True,0.4720496894409938,0.5,False,0.06356929935525439,10.514718833001098,False
development,False,machine06_CU,4,outer_2,lightgbm,0.06356929935525439,0.16334721463982096,0.3126547683237366,1.0069059134991245,True,0.5507246376811594,0.5473251028806584,False,0.06356929935525439,10.514718833001098,False
development,False,machine06_CU,4,outer_2,static_router,0.08111921926976975,0.192962495597295,0.04082627838786257,1.2848878689806105,True,0.5300207039337475,0.5311203319502075,False,0.06356929935525439,10.514718833001098,False
development,False,machine06_CU,4,outer_2,regime_router,0.06570815307182643,0.16854030479986948,0.2682562740991892,1.0407842868203487,True,0.5445134575569358,0.5228628230616302,False,0.06356929935525439,10.514718833001098,False
development,False,machine06_CU,4,outer_2,constrained_mixture,0.07490061074474483,0.17839223642732224,0.18020860083441637,1.186388219604404,True,0.5300207039337475,0.5389473684210526,False,0.06356929935525439,10.514718833001098,False
development,False,machine06_CU,4,outer_2,ens_mean,0.0672223359554701,0.16250626261725523,0.3197137984709528,1.0647681865191576,True,0.5734989648033126,0.5276190476190477,False,0.06356929935525439,10.514718833001098,False
development,False,machine06_CU,4,outer_2,ens_inverse_mae,0.06956940529585735,0.16563286525922602,0.2932847110526755,1.1019445912018855,True,0.5610766045548654,0.5152091254752852,False,0.06356929935525439,10.514718833001098,False
development,False,machine06_CU,4,outer_2,ens_stacking,0.07053295116882517,0.16998665182229566,0.255643308240172,1.1172066760016102,True,0.5590062111801242,0.5443548387096774,False,0.06356929935525439,10.514718833001098,False
development,False,machine06_CU,4,outer_2,oracle_upper_bound,0.04123782236219868,0.12842435407523292,0.5751396157484601,0.6531864849457742,True,0.6563146997929606,0.7423887587822015,False,0.06356929935525439,10.514718833001098,True
development,False,machine06_CU,8,outer_2,persistence,0.0811995540306159,0.19315499680995474,0.024356597621780662,1.286160331420435,True,0.5253164556962026,0.527542372881356,False,0.06323673437139982,13.61515045899796,False
development,False,machine06_CU,8,outer_2,ewma,0.07249741993076256,0.16974091650561673,0.24655370349694228,1.1483228788438797,True,0.5464135021097046,0.44809688581314877,False,0.06323673437139982,13.61515045899796,False
development,False,machine06_CU,8,outer_2,ridge,0.06854730184977047,0.16457740583686,0.291696085796714,1.085754983726093,True,0.46835443037974683,0.4955357142857143,False,0.06323673437139982,13.61515045899796,False
development,False,machine06_CU,8,outer_2,lightgbm,0.06323673437139982,0.16337791302310112,0.3019831522683877,1.0016382504563945,True,0.5548523206751055,0.5445134575569358,False,0.06323673437139982,13.61515045899796,False
development,False,machine06_CU,8,outer_2,static_router,0.0811995540306159,0.19315499680995474,0.024356597621780662,1.286160331420435,True,0.5253164556962026,0.527542372881356,False,0.06323673437139982,13.61515045899796,False
development,False,machine06_CU,8,outer_2,regime_router,0.06437201278495336,0.16740667516393343,0.2671336876122865,1.0196204928228976,True,0.5506329113924051,0.5326530612244897,False,0.06323673437139982,13.61515045899796,False
development,False,machine06_CU,8,outer_2,constrained_mixture,0.07464937979445922,0.17795369471480688,0.17188007216839774,1.1824088469817344,True,0.5253164556962026,0.5366379310344828,False,0.06323673437139982,13.61515045899796,False
development,False,machine06_CU,8,outer_2,ens_mean,0.06722648600620881,0.1626019749863419,0.30859765293826835,1.064833921247596,True,0.5675105485232067,0.5243664717348928,False,0.06323673437139982,13.61515045899796,False
development,False,machine06_CU,8,outer_2,ens_inverse_mae,0.0696059285045263,0.16580256450928577,0.2811112222112845,1.1025231005635068,True,0.5443037974683544,0.5098814229249012,False,0.06323673437139982,13.61515045899796,False
development,False,machine06_CU,8,outer_2,ens_stacking,0.06952171096031272,0.16829515154991476,0.2593339712297843,1.1011891367767561,True,0.5485232067510548,0.5327868852459017,False,0.06323673437139982,13.61515045899796,False
development,False,machine06_CU,8,outer_2,oracle_upper_bound,0.04128030079411215,0.12875284909022716,0.5664961957747241,0.6538593220656365,True,0.6476793248945147,0.7326968973747017,False,0.06323673437139982,13.61515045899796,True
development,False,machine06_CU,16,outer_2,persistence,0.08089002790676801,0.1924926436841164,0.030822343270466734,1.2812575923994622,True,0.5291576673866091,0.5291576673866091,False,0.0627520377005385,19.403793792000215,False
development,False,machine06_CU,16,outer_2,ewma,0.07241462476851132,0.16964513301499526,0.24723758243976912,1.1470114448761402,True,0.550755939524838,0.4458041958041958,False,0.0627520377005385,19.403793792000215,False
development,False,machine06_CU,16,outer_2,ridge,0.06837781186998364,0.16440847054103183,0.2929933518623802,1.0830703472009604,True,0.468682505399568,0.49318181818181817,False,0.0627520377005385,19.403793792000215,False
development,False,machine06_CU,16,outer_2,lightgbm,0.0627520377005385,0.16192945244490695,0.3141536782050157,0.9939608975660287,True,0.572354211663067,0.5532359081419624,False,0.0627520377005385,19.403793792000215,False
development,False,machine06_CU,16,outer_2,static_router,0.08089002790676801,0.1924926436841164,0.030822343270466734,1.2812575923994622,True,0.5291576673866091,0.5291576673866091,False,0.0627520377005385,19.403793792000215,False
development,False,machine06_CU,16,outer_2,regime_router,0.06430891829702828,0.1662560008905968,0.2770141812165934,1.0186211076850196,True,0.5831533477321814,0.5232558139534884,False,0.0627520377005385,19.403793792000215,False
development,False,machine06_CU,16,outer_2,constrained_mixture,0.07435503267646842,0.17733289618180464,0.1774662381118679,1.1777465358231662,True,0.5291576673866091,0.5384615384615384,False,0.0627520377005385,19.403793792000215,False
development,False,machine06_CU,16,outer_2,ens_mean,0.06696606929520749,0.16215300143010972,0.31225870383472076,1.0607090507685955,True,0.5766738660907127,0.5276679841897233,False,0.0627520377005385,19.403793792000215,False
development,False,machine06_CU,16,outer_2,ens_inverse_mae,0.0693981069696816,0.16538560443223044,0.28456442967077744,1.0992313113742291,True,0.5658747300215983,0.5177865612648221,False,0.0627520377005385,19.403793792000215,False
development,False,machine06_CU,16,outer_2,ens_stacking,0.07017769779297395,0.1694116552310426,0.24930816773546505,1.1115796401751479,True,0.5593952483801296,0.5429769392033543,False,0.0627520377005385,19.403793792000215,False
development,False,machine06_CU,16,outer_2,oracle_upper_bound,0.04113918740361475,0.12825867263205243,0.5697225350671322,0.6516241565249296,True,0.6609071274298056,0.7320574162679426,False,0.0627520377005385,19.403793792000215,True
development,False,cluster_UM,1,outer_2,persistence,1042314122.8689455,3661784482.4723907,0.2966547737572509,0.9889313939551116,True,0.6463768115942029,0.6463768115942029,False,1042314122.8689455,18.182091332997516,False
development,False,cluster_UM,1,outer_2,ewma,1194745245.3424213,3514992175.1461687,0.35191538855520754,1.1335556671204006,True,0.518840579710145,0.5682539682539682,False,1042314122.8689455,18.182091332997516,False
development,False,cluster_UM,1,outer_2,ridge,1062872941.5920458,3262260036.525947,0.4417610488243354,1.008437280723627,True,0.5362318840579711,0.7520325203252033,False,1042314122.8689455,18.182091332997516,False
development,False,cluster_UM,1,outer_2,lightgbm,1301076111.0727248,3355690292.886216,0.40932753308368863,1.2344407352203022,True,0.6405797101449275,0.6538461538461539,False,1042314122.8689455,18.182091332997516,False
development,False,cluster_UM,1,outer_2,static_router,1042314122.8689455,3661784482.4723907,0.2966547737572509,0.9889313939551116,True,0.6463768115942029,0.6463768115942029,False,1042314122.8689455,18.182091332997516,False
development,False,cluster_UM,1,outer_2,regime_router,1011088216.4285089,3528809416.3429666,0.34681020410898533,0.9593047406208408,True,0.6405797101449275,0.6656626506024096,True,1042314122.8689455,18.182091332997516,False
development,False,cluster_UM,1,outer_2,constrained_mixture,1087993743.7620754,3196043194.1068215,0.46419314631948727,1.0322715062821362,True,0.5884057971014492,0.7408759124087592,False,1042314122.8689455,18.182091332997516,False
development,False,cluster_UM,1,outer_2,ens_mean,1035641787.1420044,3221467279.178373,0.45563470054336597,0.9826007858144312,True,0.6,0.6923076923076923,True,1042314122.8689455,18.182091332997516,False
development,False,cluster_UM,1,outer_2,ens_inverse_mae,1015565184.1529295,3246684742.4052224,0.4470788222312525,0.9635524178183991,True,0.591304347826087,0.6732673267326733,True,1042314122.8689455,18.182091332997516,False
development,False,cluster_UM,1,outer_2,ens_stacking,1080706773.1965275,3204335102.03891,0.46140931382768047,1.02535774218647,True,0.6115942028985507,0.7275862068965517,False,1042314122.8689455,18.182091332997516,False
development,False,cluster_UM,1,outer_2,oracle_upper_bound,567186778.3933873,2793667430.747347,0.5906145590415273,0.5381379749950936,True,0.6985507246376812,0.8925925925925926,False,1042314122.8689455,18.182091332997516,True
development,False,cluster_UM,4,outer_2,persistence,1042573877.2044466,3662442111.237797,0.2965858831328244,0.9891778448200255,True,0.6463768115942029,0.6463768115942029,False,1042573877.2044466,12.639154125001369,False
development,False,cluster_UM,4,outer_2,ewma,1195105814.7968397,3515626385.0766816,0.35185082504027676,1.1338977697988082,True,0.518840579710145,0.5682539682539682,False,1042573877.2044466,12.639154125001369,False
development,False,cluster_UM,4,outer_2,ridge,1063209729.9452193,3262846102.511768,0.4417063063337394,1.0087568202638328,True,0.5362318840579711,0.7520325203252033,False,1042573877.2044466,12.639154125001369,False
development,False,cluster_UM,4,outer_2,lightgbm,1285722015.627048,3321693282.615883,0.4213864516146145,1.2198730087750163,True,0.6463768115942029,0.6617210682492581,False,1042573877.2044466,12.639154125001369,False
development,False,cluster_UM,4,outer_2,static_router,1042573877.2044466,3662442111.237797,0.2965858831328244,0.9891778448200255,True,0.6463768115942029,0.6463768115942029,False,1042573877.2044466,12.639154125001369,False
development,False,cluster_UM,4,outer_2,regime_router,995688260.9850823,3486051348.7803445,0.36271000289042765,0.9446935029244776,True,0.6521739130434783,0.6716417910447762,True,1042573877.2044466,12.639154125001369,False
development,False,cluster_UM,4,outer_2,constrained_mixture,1099683080.3862731,3190072952.0636606,0.4663324798937796,1.0433621666776414,True,0.6173913043478261,0.7447552447552448,False,1042573877.2044466,12.639154125001369,False
development,False,cluster_UM,4,outer_2,ens_mean,1032339064.7596599,3217045315.9802923,0.457269911578871,0.979467214295292,True,0.5942028985507246,0.6902356902356902,True,1042573877.2044466,12.639154125001369,False
development,False,cluster_UM,4,outer_2,ens_inverse_mae,1015754753.9510231,3241710316.470873,0.4489158143821226,0.963732278688138,True,0.5942028985507246,0.6743421052631579,True,1042573877.2044466,12.639154125001369,False
development,False,cluster_UM,4,outer_2,ens_stacking,1095209553.4001198,3199960737.2832313,0.4630190963258418,1.0391177539989227,True,0.6289855072463768,0.7138157894736842,False,1042573877.2044466,12.639154125001369,False
development,False,cluster_UM,4,outer_2,oracle_upper_bound,566434840.7611678,2781700050.0054994,0.5942204663145754,0.5374245482895709,True,0.6956521739130435,0.8856088560885609,False,1042573877.2044466,12.639154125001369,True
development,False,cluster_UM,8,outer_2,persistence,1043003720.7891682,3663325447.401787,0.29649760487173127,0.9895856737135375,True,0.6463768115942029,0.6463768115942029,False,1043003720.7891682,13.492364541001734,False
development,False,cluster_UM,8,outer_2,ewma,1195638143.463112,3516474705.740206,0.35176933701103885,1.134402834940332,True,0.518840579710145,0.5682539682539682,False,1043003720.7891682,13.492364541001734,False
development,False,cluster_UM,8,outer_2,ridge,1063739741.8137753,3263651526.3300595,0.44162992228970765,1.0092596872637938,True,0.5362318840579711,0.7520325203252033,False,1043003720.7891682,13.492364541001734,False
development,False,cluster_UM,8,outer_2,lightgbm,1310303245.9898474,3358667511.4797883,0.4086445530557675,1.2431952970127544,True,0.6405797101449275,0.6538461538461539,False,1043003720.7891682,13.492364541001734,False
development,False,cluster_UM,8,outer_2,static_router,1043003720.7891682,3663325447.401787,0.29649760487173127,0.9895856737135375,True,0.6463768115942029,0.6463768115942029,False,1043003720.7891682,13.492364541001734,False
development,False,cluster_UM,8,outer_2,regime_router,1001285858.3676497,3504754622.2667375,0.3560831214334146,0.9500044160752129,True,0.6318840579710145,0.6749226006191951,True,1043003720.7891682,13.492364541001734,False
development,False,cluster_UM,8,outer_2,constrained_mixture,1090886140.3234117,3197454825.7503834,0.46405106836056664,1.0350157670577649,True,0.5942028985507246,0.7481751824817519,False,1043003720.7891682,13.492364541001734,False
development,False,cluster_UM,8,outer_2,ens_mean,1038447799.2178172,3222142302.519925,0.4557430192868126,0.9852630863366101,True,0.6,0.680921052631579,True,1043003720.7891682,13.492364541001734,False
development,False,cluster_UM,8,outer_2,ens_inverse_mae,1016981122.4145814,3249118180.6883507,0.4465917981980273,0.9648958379718127,True,0.5942028985507246,0.6721311475409836,True,1043003720.7891682,13.492364541001734,False
development,False,cluster_UM,8,outer_2,ens_stacking,1082931352.2799401,3206605271.6638618,0.4609791318766725,1.02746838814785,True,0.6115942028985507,0.717687074829932,False,1043003720.7891682,13.492364541001734,False
development,False,cluster_UM,8,outer_2,oracle_upper_bound,566676975.8021,2790980991.381487,0.5916539753215837,0.5376542822424174,True,0.6956521739130435,0.8888888888888888,False,1043003720.7891682,13.492364541001734,True
development,False,cluster_UM,16,outer_2,persistence,1043733133.2584704,3665074463.697808,0.2963175104271146,0.9902777288955681,True,0.6463768115942029,0.6463768115942029,False,1043733133.2584704,20.80246583400003,False
development,False,cluster_UM,16,outer_2,ewma,1196476527.8920107,3518156285.8008075,0.351602405543478,1.1351982810191579,True,0.518840579710145,0.5682539682539682,False,1043733133.2584704,20.80246583400003,False
development,False,cluster_UM,16,outer_2,ridge,1065098498.0995754,3265502732.80288,0.441386738149121,1.0105488540497747,True,0.5362318840579711,0.7520325203252033,False,1043733133.2584704,20.80246583400003,False
development,False,cluster_UM,16,outer_2,lightgbm,1282824944.0703955,3335259940.4872174,0.4172657916760033,1.217124312436697,True,0.6405797101449275,0.6616766467065869,False,1043733133.2584704,20.80246583400003,False
development,False,cluster_UM,16,outer_2,static_router,1043733133.2584704,3665074463.697808,0.2963175104271146,0.9902777288955681,True,0.6463768115942029,0.6463768115942029,False,1043733133.2584704,20.80246583400003,False
development,False,cluster_UM,16,outer_2,regime_router,1006600166.5189172,3504367721.7837615,0.35667492137549595,0.9550465488187225,True,0.6231884057971014,0.671875,True,1043733133.2584704,20.80246583400003,False
development,False,cluster_UM,16,outer_2,constrained_mixture,1096211875.3724475,3198059881.922011,0.46422268477433226,1.040068741463774,True,0.6,0.7392857142857143,False,1043733133.2584704,20.80246583400003,False
development,False,cluster_UM,16,outer_2,ens_mean,1034547484.6892142,3222502385.534478,0.4560015855667855,0.9815625287033527,True,0.5942028985507246,0.68561872909699,True,1043733133.2584704,20.80246583400003,False
development,False,cluster_UM,16,outer_2,ens_inverse_mae,1017612833.8717196,3246151687.2944703,0.4479876953542572,0.9654951959562996,True,0.591304347826087,0.6710526315789473,True,1043733133.2584704,20.80246583400003,False
development,False,cluster_UM,16,outer_2,ens_stacking,1091294317.2607424,3208335790.8995414,0.4607740663376594,1.0354030389739353,True,0.6231884057971014,0.7072368421052632,False,1043733133.2584704,20.80246583400003,False
development,False,cluster_UM,16,outer_2,oracle_upper_bound,566549659.6241581,2787215353.0119967,0.5930395639002252,0.5375334866371747,True,0.7043478260869566,0.8836363636363637,False,1043733133.2584704,20.80246583400003,True
development,False,machine01_UM,1,outer_2,persistence,245625694.34182873,1270019180.9155803,0.27726126173369103,0.6979899752670999,True,0.6915584415584416,0.6915584415584416,False,245625694.34182873,8.376921500002936,False
development,False,machine01_UM,1,outer_2,ewma,317475143.19567585,1317619192.700899,0.22206986102709791,0.9021632201014096,True,0.6428571428571429,0.3542039355992844,False,245625694.34182873,8.376921500002936,False
development,False,machine01_UM,1,outer_2,ridge,263946876.66099674,1157566431.8645868,0.3995834959206468,0.7500529389081247,True,0.7012987012987013,0.5,False,245625694.34182873,8.376921500002936,False
development,False,machine01_UM,1,outer_2,lightgbm,292303893.4854023,1121420199.0025978,0.43649532724693607,0.830634547135033,True,0.8084415584415584,0.4115702479338843,False,245625694.34182873,8.376921500002936,False
development,False,machine01_UM,1,outer_2,static_router,245625694.34182873,1270019180.9155803,0.27726126173369103,0.6979899752670999,True,0.6915584415584416,0.6915584415584416,False,245625694.34182873,8.376921500002936,False
development,False,machine01_UM,1,outer_2,regime_router,244705420.5081521,1242138020.9639587,0.30864599366153544,0.6953748501999603,True,0.698051948051948,0.6739811912225705,True,245625694.34182873,8.376921500002936,False
development,False,machine01_UM,1,outer_2,constrained_mixture,258620693.567105,1098412944.9791195,0.4593800624746155,0.7349176232973733,True,0.8116883116883117,0.4570383912248629,False,245625694.34182873,8.376921500002936,False
development,False,machine01_UM,1,outer_2,ens_mean,238898654.2359197,1130930034.6208363,0.42689757122224425,0.6788738702939379,True,0.762987012987013,0.5280898876404494,True,245625694.34182873,8.376921500002936,False
development,False,machine01_UM,1,outer_2,ens_inverse_mae,236966919.4638049,1132879876.0208979,0.424919690865904,0.6733844954570586,True,0.762987012987013,0.5529411764705883,True,245625694.34182873,8.376921500002936,False
development,False,machine01_UM,1,outer_2,ens_stacking,258950237.99171704,1096123367.8603978,0.4616314944033084,0.7358540835703945,True,0.8181818181818182,0.45652173913043476,False,245625694.34182873,8.376921500002936,False
development,False,machine01_UM,1,outer_2,oracle_upper_bound,132544882.66767277,986749483.182817,0.5637106736912021,0.3766503322174417,True,0.8311688311688312,0.8797250859106529,False,245625694.34182873,8.376921500002936,True
development,False,machine01_UM,4,outer_2,persistence,245710480.76558724,1270249327.3550642,0.2772191337833556,0.6982309112733299,True,0.6915584415584416,0.6915584415584416,False,245710480.76558724,10.66316045900021,False
development,False,machine01_UM,4,outer_2,ewma,317581830.68663496,1317857899.4376376,0.22202459338323588,0.9024663919636832,True,0.6428571428571429,0.3542039355992844,False,245710480.76558724,10.66316045900021,False
development,False,machine01_UM,4,outer_2,ridge,264053940.8688267,1157785286.3340118,0.39953907340993544,0.750357181279736,True,0.7012987012987013,0.5,False,245710480.76558724,10.66316045900021,False
development,False,machine01_UM,4,outer_2,lightgbm,293388220.24983007,1117850522.4298456,0.4402473372181551,0.8337158583696432,True,0.8246753246753247,0.40253565768621236,False,245710480.76558724,10.66316045900021,False
development,False,machine01_UM,4,outer_2,static_router,245710480.76558724,1270249327.3550642,0.2772191337833556,0.6982309112733299,True,0.6915584415584416,0.6915584415584416,False,245710480.76558724,10.66316045900021,False
development,False,machine01_UM,4,outer_2,regime_router,243631608.30002883,1238690868.7645938,0.3126869779990803,0.6923234179847849,True,0.6948051948051948,0.66875,True,245710480.76558724,10.66316045900021,False
development,False,machine01_UM,4,outer_2,constrained_mixture,263602022.88742027,1097230057.7522745,0.46070785770610523,0.7490729743423883,True,0.8084415584415584,0.437609841827768,False,245710480.76558724,10.66316045900021,False
development,False,machine01_UM,4,outer_2,ens_mean,239977238.74743482,1130179247.411173,0.4278322743545412,0.6819388638750581,True,0.7564935064935064,0.5247747747747747,True,245710480.76558724,10.66316045900021,False
development,False,machine01_UM,4,outer_2,ens_inverse_mae,238011378.09053344,1132091222.1799421,0.42589471335854057,0.67635251414497,True,0.7564935064935064,0.5521327014218009,True,245710480.76558724,10.66316045900021,False
development,False,machine01_UM,4,outer_2,ens_stacking,263663344.0264932,1094897056.180781,0.46299877528708144,0.7492472294847892,True,0.8214285714285714,0.4392361111111111,False,245710480.76558724,10.66316045900021,False
development,False,machine01_UM,4,outer_2,oracle_upper_bound,132639050.67483342,983212659.984671,0.5669643774908295,0.37691792769504484,True,0.8441558441558441,0.8843537414965986,False,245710480.76558724,10.66316045900021,True
development,False,machine01_UM,8,outer_2,persistence,245820356.5802708,1270556272.8646123,0.2771603748364674,0.6985431433359361,True,0.6915584415584416,0.6915584415584416,False,245820356.5802708,13.755185625002923,False
development,False,machine01_UM,8,outer_2,ewma,317713040.4946334,1318176031.958944,0.22196172182591778,0.9028392484390003,True,0.6428571428571429,0.3542039355992844,False,245820356.5802708,13.755185625002923,False
development,False,machine01_UM,8,outer_2,ridge,264179578.46971598,1158072522.6457787,0.3994825147307831,0.750714203317566,True,0.7012987012987013,0.5,False,245820356.5802708,13.755185625002923,False
development,False,machine01_UM,8,outer_2,lightgbm,291248019.8660163,1122915243.6044765,0.4353906088302687,0.8276340906744205,True,0.814935064935065,0.4121510673234811,False,245820356.5802708,13.755185625002923,False
development,False,machine01_UM,8,outer_2,static_router,245820356.5802708,1270556272.8646123,0.2771603748364674,0.6985431433359361,True,0.6915584415584416,0.6915584415584416,False,245820356.5802708,13.755185625002923,False
development,False,machine01_UM,8,outer_2,regime_router,243947154.85323584,1246963973.1217747,0.30375521544710515,0.6932201007665222,True,0.6948051948051948,0.6750788643533123,True,245820356.5802708,13.755185625002923,False
development,False,machine01_UM,8,outer_2,constrained_mixture,260637421.02363318,1101731662.483038,0.4564921712470318,0.7406485202675559,True,0.8051948051948052,0.4484629294755877,False,245820356.5802708,13.755185625002923,False
development,False,machine01_UM,8,outer_2,ens_mean,239319809.64043406,1132521595.7220147,0.42568900996235226,0.6800706597876766,True,0.7564935064935064,0.5344036697247706,True,245820356.5802708,13.755185625002923,False
development,False,machine01_UM,8,outer_2,ens_inverse_mae,237477768.8549061,1134596933.5894682,0.4235822396998654,0.6748361666872017,True,0.75,0.559322033898305,True,245820356.5802708,13.755185625002923,False
development,False,machine01_UM,8,outer_2,ens_stacking,260469106.28026384,1099171310.6862683,0.45901538871148606,0.7401702233862941,True,0.8084415584415584,0.4519056261343013,False,245820356.5802708,13.755185625002923,False
development,False,machine01_UM,8,outer_2,oracle_upper_bound,133909870.11899364,990191841.7870632,0.5609713822360721,0.380529191715184,True,0.8538961038961039,0.8855218855218855,False,245820356.5802708,13.755185625002923,True
development,False,machine01_UM,16,outer_2,persistence,245994156.48402712,1271168422.6293182,0.2769954037445205,0.6990370272956308,True,0.6915584415584416,0.6915584415584416,False,245994156.48402712,19.39752099999896,False
development,False,machine01_UM,16,outer_2,ewma,317952437.0994927,1318810404.079565,0.22178500347965013,0.9035195373263358,True,0.6428571428571429,0.3542039355992844,False,245994156.48402712,19.39752099999896,False
development,False,machine01_UM,16,outer_2,ridge,264425344.36935008,1158754501.9273095,0.3992168616225339,0.7514125917116091,True,0.7012987012987013,0.4954128440366973,False,245994156.48402712,19.39752099999896,False
development,False,machine01_UM,16,outer_2,lightgbm,289248746.4818024,1123841041.8016388,0.43487484050388603,0.8219527926174769,True,0.8116883116883117,0.4152823920265781,False,245994156.48402712,19.39752099999896,False
development,False,machine01_UM,16,outer_2,static_router,245994156.48402712,1271168422.6293182,0.2769954037445205,0.6990370272956308,True,0.6915584415584416,0.6915584415584416,False,245994156.48402712,19.39752099999896,False
development,False,machine01_UM,16,outer_2,regime_router,244096135.4872257,1236779887.6395981,0.31558472342446975,0.6936434562681218,True,0.6948051948051948,0.654434250764526,True,245994156.48402712,19.39752099999896,False
development,False,machine01_UM,16,outer_2,constrained_mixture,253652371.2623179,1098376667.5480897,0.4601943028411771,0.7207992340468934,True,0.8084415584415584,0.4602587800369686,False,245994156.48402712,19.39752099999896,False
development,False,machine01_UM,16,outer_2,ens_mean,238445499.92441407,1131440845.5724535,0.42720585216943374,0.6775861501003011,True,0.7564935064935064,0.535632183908046,True,245994156.48402712,19.39752099999896,False
development,False,machine01_UM,16,outer_2,ens_inverse_mae,236603181.70043012,1133464427.2878299,0.425155135527852,0.6723508686081169,True,0.7564935064935064,0.5655339805825242,True,245994156.48402712,19.39752099999896,False
development,False,machine01_UM,16,outer_2,ens_stacking,253166884.34700167,1095167599.411626,0.46334393769568194,0.719419634893303,True,0.8181818181818182,0.46494464944649444,False,245994156.48402712,19.39752099999896,False
development,False,machine01_UM,16,outer_2,oracle_upper_bound,132906192.09902875,987890516.5899189,0.5633308617657704,0.3776770585203706,True,0.8376623376623377,0.8835616438356164,False,245994156.48402712,19.39752099999896,True
development,False,machine01_tx_bond0,1,outer_2,persistence,55.263729857155,198.18101345124876,-0.41690904197482315,1.3717583152600155,True,0.4523809523809524,0.45310015898251194,False,54.54006268089981,8.194549709001876,False
development,False,machine01_tx_bond0,1,outer_2,ewma,54.54006268089981,162.31389133399165,0.04955003016468762,1.3537954222545179,True,0.6174603174603175,0.34242957746478875,False,54.54006268089981,8.194549709001876,False
development,False,machine01_tx_bond0,1,outer_2,ridge,55.71797201188356,155.24933346452337,0.1304844154150243,1.3830335305685213,True,0.5111111111111111,0.3188118811881188,False,54.54006268089981,8.194549709001876,False
development,False,machine01_tx_bond0,1,outer_2,lightgbm,55.383498557507004,157.01172184959069,0.11063090413767773,1.3747312183022171,True,0.5936507936507937,0.3300970873786408,False,54.54006268089981,8.194549709001876,False
development,False,machine01_tx_bond0,1,outer_2,static_router,55.263729857155,198.18101345124876,-0.41690904197482315,1.3717583152600155,True,0.4523809523809524,0.45310015898251194,False,54.54006268089981,8.194549709001876,False
development,False,machine01_tx_bond0,1,outer_2,regime_router,55.34279985149233,198.19577695181272,-0.41712015520145873,1.373720993539244,True,0.4523809523809524,0.45310015898251194,False,54.54006268089981,8.194549709001876,False
development,False,machine01_tx_bond0,1,outer_2,constrained_mixture,52.77772623709872,155.53645282616262,0.12726526321949883,1.310050642860897,True,0.6333333333333333,0.3512323943661972,True,54.54006268089981,8.194549709001876,False
development,False,machine01_tx_bond0,1,outer_2,ens_mean,52.092065873084195,155.72477495227312,0.12515058517326072,1.2930311563330734,True,0.5984126984126984,0.37587238285144564,True,54.54006268089981,8.194549709001876,False
development,False,machine01_tx_bond0,1,outer_2,ens_inverse_mae,51.9275313145574,158.97197946006133,0.08828511417194551,1.2889470735288515,True,0.5714285714285714,0.38095238095238093,True,54.54006268089981,8.194549709001876,False
development,False,machine01_tx_bond0,1,outer_2,ens_stacking,52.77190733742669,155.33131581424536,0.1295658446124116,1.3099062059213094,True,0.6317460317460317,0.35221238938053095,True,54.54006268089981,8.194549709001876,False
development,False,machine01_tx_bond0,1,outer_2,oracle_upper_bound,27.646993585900933,124.81750755550493,0.4379578403545561,0.6862546817130868,True,0.765079365079365,0.7151335311572701,False,54.54006268089981,8.194549709001876,True
development,False,machine01_tx_bond0,4,outer_2,persistence,54.87143510534009,197.1624378997793,-0.41368126140627015,1.362020760642802,True,0.4512,0.4533762057877814,False,54.36126710812165,10.397743792000256,False
development,False,machine01_tx_bond0,4,outer_2,ewma,54.36126710812165,161.77475709466034,0.048246121880220594,1.3493573520351523,True,0.616,0.3416149068322981,False,54.36126710812165,10.397743792000256,False
development,False,machine01_tx_bond0,4,outer_2,ridge,55.59928453235498,154.6209002353229,0.1305601590226778,1.3800874656289777,True,0.512,0.31746031746031744,False,54.36126710812165,10.397743792000256,False
development,False,machine01_tx_bond0,4,outer_2,lightgbm,55.080756368464215,155.97193796553555,0.115299894656959,1.3672165406597037,True,0.6016,0.3315696649029982,False,54.36126710812165,10.397743792000256,False
development,False,machine01_tx_bond0,4,outer_2,static_router,54.87143510534009,197.1624378997793,-0.41368126140627015,1.362020760642802,True,0.4512,0.4533762057877814,False,54.36126710812165,10.397743792000256,False
development,False,machine01_tx_bond0,4,outer_2,regime_router,54.996054314916165,197.19853925287148,-0.4141990119409815,1.3651140632016228,True,0.4512,0.45264847512038525,False,54.36126710812165,10.397743792000256,False
development,False,machine01_tx_bond0,4,outer_2,constrained_mixture,52.5282684027127,155.49404989676796,0.12071291873206402,1.3038585914103291,True,0.6352,0.35446428571428573,True,54.36126710812165,10.397743792000256,False
development,False,machine01_tx_bond0,4,outer_2,ens_mean,51.960721883809896,155.10039903872467,0.12515931366288024,1.289770931047662,True,0.5936,0.37399193548387094,True,54.36126710812165,10.397743792000256,False
development,False,machine01_tx_bond0,4,outer_2,ens_inverse_mae,51.747915488225516,158.4390127291022,0.08709119175023516,1.284488642945901,True,0.5664,0.3827027027027027,True,54.36126710812165,10.397743792000256,False
development,False,machine01_tx_bond0,4,outer_2,ens_stacking,52.51651467352638,155.4335701732422,0.12139678666865639,1.3035668399163869,True,0.6352,0.35446428571428573,True,54.36126710812165,10.397743792000256,False
development,False,machine01_tx_bond0,4,outer_2,oracle_upper_bound,27.5407014726882,123.92364792551174,0.4415149902564929,0.6836162950076833,True,0.7664,0.7013177159590044,False,54.36126710812165,10.397743792000256,True
development,False,machine01_tx_bond0,8,outer_2,persistence,54.78055694831715,197.0745637040225,-0.41639046459808315,1.3597649797193294,True,0.45161290322580644,0.45161290322580644,False,54.294153859324034,12.767010916999425,False
development,False,machine01_tx_bond0,8,outer_2,ewma,54.294153859324034,161.5585778165182,0.04812068425659943,1.3476914645291838,True,0.6161290322580645,0.3398576512455516,False,54.294153859324034,12.767010916999425,False
development,False,machine01_tx_bond0,8,outer_2,ridge,55.52220029252722,154.3681910646008,0.13096458185420334,1.378174077820508,True,0.5145161290322581,0.3155291790306627,False,54.294153859324034,12.767010916999425,False
development,False,machine01_tx_bond0,8,outer_2,lightgbm,54.4950916871225,155.34640346231734,0.11991574195948196,1.352679150609101,True,0.6209677419354839,0.3434433541480821,False,54.294153859324034,12.767010916999425,False
development,False,machine01_tx_bond0,8,outer_2,static_router,54.78055694831715,197.0745637040225,-0.41639046459808315,1.3597649797193294,True,0.45161290322580644,0.45161290322580644,False,54.294153859324034,12.767010916999425,False
development,False,machine01_tx_bond0,8,outer_2,regime_router,54.71310024548627,197.0772117028155,-0.41642852760700455,1.3580905669848384,True,0.45161290322580644,0.45161290322580644,False,54.294153859324034,12.767010916999425,False
development,False,machine01_tx_bond0,8,outer_2,constrained_mixture,52.2684726021497,155.63176289415821,0.1166794777007456,1.2974099305868003,True,0.6274193548387097,0.3591874422899354,True,54.294153859324034,12.767010916999425,False
development,False,machine01_tx_bond0,8,outer_2,ens_mean,51.791543349482446,154.77249330454123,0.12640647860736842,1.2855715753069792,True,0.5951612903225807,0.3769152196118488,True,54.294153859324034,12.767010916999425,False
development,False,machine01_tx_bond0,8,outer_2,ens_inverse_mae,51.58318126688716,158.25213696795836,0.08668411066428094,1.2803996041040986,True,0.5645161290322581,0.3808487486398259,True,54.294153859324034,12.767010916999425,False
development,False,machine01_tx_bond0,8,outer_2,ens_stacking,52.27222938034992,155.65920326368538,0.11636796316255404,1.2975031814721107,True,0.6274193548387097,0.35885608856088563,True,54.294153859324034,12.767010916999425,False
development,False,machine01_tx_bond0,8,outer_2,oracle_upper_bound,27.387340161908874,123.69250847299307,0.44203283703877816,0.6798095549659872,True,0.7774193548387097,0.7036496350364964,False,54.294153859324034,12.767010916999425,True
development,False,machine01_tx_bond0,16,outer_2,persistence,54.94360969795416,197.47304962955081,-0.4147491065390887,1.3638122810093203,True,0.4521880064829822,0.45292207792207795,False,54.37969207814387,16.064750666999316,False
development,False,machine01_tx_bond0,16,outer_2,ewma,54.37969207814387,161.93284263747253,0.048664635065548745,1.3498146973120946,True,0.6158833063209076,0.34080717488789236,False,54.37969207814387,16.064750666999316,False
development,False,machine01_tx_bond0,16,outer_2,ridge,55.40841213741734,154.73390524680286,0.1313701786693987,1.3753496240901224,True,0.5040518638573744,0.31702344546381245,False,54.37969207814387,16.064750666999316,False
development,False,machine01_tx_bond0,16,outer_2,lightgbm,54.858741351876795,156.1569418955512,0.11531970759346233,1.3617056758320205,True,0.6077795786061588,0.3306878306878307,False,54.37969207814387,16.064750666999316,False
development,False,machine01_tx_bond0,16,outer_2,static_router,54.94360969795416,197.47304962955081,-0.4147491065390887,1.3638122810093203,True,0.4521880064829822,0.45292207792207795,False,54.37969207814387,16.064750666999316,False
development,False,machine01_tx_bond0,16,outer_2,regime_router,55.13175675746316,197.51072856855168,-0.4152890417955557,1.3684824741729071,True,0.4521880064829822,0.4507269789983845,False,54.37969207814387,16.064750666999316,False
development,False,machine01_tx_bond0,16,outer_2,constrained_mixture,52.44918128021093,155.28305278879625,0.12519373824686308,1.3018954879751792,True,0.6353322528363047,0.35315315315315315,True,54.37969207814387,16.064750666999316,False
development,False,machine01_tx_bond0,16,outer_2,ens_mean,51.83989233287011,155.2442353142194,0.12563104965791327,1.2867716955335333,True,0.5850891410048622,0.3717816683831102,True,54.37969207814387,16.064750666999316,False
development,False,machine01_tx_bond0,16,outer_2,ens_inverse_mae,51.65654251626841,158.63741072865704,0.0869911495406388,1.2822205797081108,True,0.5640194489465153,0.38074398249452956,True,54.37969207814387,16.064750666999316,False
development,False,machine01_tx_bond0,16,outer_2,ens_stacking,52.4544015704262,155.31954071760663,0.124782571435751,1.3020250662090294,True,0.6337115072933549,0.3525698827772768,True,54.37969207814387,16.064750666999316,False
development,False,machine01_tx_bond0,16,outer_2,oracle_upper_bound,27.471288101157004,124.28594381189387,0.43958752882128316,0.6818933137714499,True,0.7763371150729336,0.7044117647058824,False,54.37969207814387,16.064750666999316,True
development,False,machine01_rx_bond0,1,outer_2,persistence,23.29577219965851,96.24714423856044,-0.9291147001938527,1.2802924172117323,True,0.17105263157894737,0.17060367454068243,False,18.12777280554524,6.914551249999931,False
development,False,machine01_rx_bond0,1,outer_2,ewma,19.286759105066178,71.83762663580949,-0.07469764488032915,1.0599644958396155,True,0.3631578947368421,0.18878248974008208,False,18.12777280554524,6.914551249999931,False
development,False,machine01_rx_bond0,1,outer_2,ridge,18.12777280554524,67.77007561274722,0.04355877702490374,0.9962687591964364,True,0.3157894736842105,0.17467248908296942,False,18.12777280554524,6.914551249999931,False
development,False,machine01_rx_bond0,1,outer_2,lightgbm,18.366673979577076,67.3400362173071,0.05565858398930745,1.0093983244649543,True,0.42894736842105263,0.17621621621621622,False,18.12777280554524,6.914551249999931,False
development,False,machine01_rx_bond0,1,outer_2,static_router,19.286759105066178,71.83762663580949,-0.07469764488032915,1.0599644958396155,True,0.3631578947368421,0.18878248974008208,False,18.12777280554524,6.914551249999931,False
development,False,machine01_rx_bond0,1,outer_2,regime_router,21.139557470047222,91.86841897585889,-0.7575789012213978,1.1617908563043826,True,0.16842105263157894,0.1671018276762402,False,18.12777280554524,6.914551249999931,False
development,False,machine01_rx_bond0,1,outer_2,constrained_mixture,17.91183493801308,67.43216655089705,0.05307284123675615,0.9844012146471147,True,0.3473684210526316,0.1853932584269663,True,18.12777280554524,6.914551249999931,False
development,False,machine01_rx_bond0,1,outer_2,ens_mean,18.906888039008237,71.86564030831008,-0.07553598265278616,1.0390874868603104,True,0.33157894736842103,0.20192307692307693,False,18.12777280554524,6.914551249999931,False
development,False,machine01_rx_bond0,1,outer_2,ens_inverse_mae,18.864607087910862,71.59945289106231,-0.06758325494587658,1.0367638042359042,True,0.33157894736842103,0.19718309859154928,False,18.12777280554524,6.914551249999931,False
development,False,machine01_rx_bond0,1,outer_2,ens_stacking,17.914485419185194,67.43751076676799,0.05292274124907759,0.9845468801746421,True,0.3526315789473684,0.1871508379888268,True,18.12777280554524,6.914551249999931,False
development,False,machine01_rx_bond0,1,outer_2,oracle_upper_bound,10.85649516763997,62.028332083598045,0.19876012900213624,0.5966528313162771,True,0.6,0.6096256684491979,False,18.12777280554524,6.914551249999931,True
development,False,machine01_rx_bond0,4,outer_2,persistence,23.322158122108668,96.3978804056759,-0.9298410877525174,1.2817425385532593,True,0.16533333333333333,0.16445623342175067,False,18.124710751999476,8.580173250000371,False
development,False,machine01_rx_bond0,4,outer_2,ewma,19.266936351387884,71.9155425680137,-0.07406880149083284,1.0588750740765134,True,0.3546666666666667,0.18497913769123783,False,18.124710751999476,8.580173250000371,False
development,False,machine01_rx_bond0,4,outer_2,ridge,18.124710751999476,67.84985945801695,0.043941462735829884,0.9961004744148829,True,0.3253333333333333,0.17732558139534885,False,18.124710751999476,8.580173250000371,False
development,False,machine01_rx_bond0,4,outer_2,lightgbm,18.444640531352725,67.73833583620534,0.04708179299808202,1.013683221491719,True,0.39466666666666667,0.1608695652173913,False,18.124710751999476,8.580173250000371,False
development,False,machine01_rx_bond0,4,outer_2,static_router,19.266936351387884,71.9155425680137,-0.07406880149083284,1.0588750740765134,True,0.3546666666666667,0.18497913769123783,False,18.124710751999476,8.580173250000371,False
development,False,machine01_rx_bond0,4,outer_2,regime_router,20.88634316117467,91.36450526264989,-0.733570838571376,1.1478746677015512,True,0.17333333333333334,0.16666666666666666,False,18.124710751999476,8.580173250000371,False
development,False,machine01_rx_bond0,4,outer_2,constrained_mixture,17.93068269929957,67.59126279424103,0.05121524070885364,0.9854370526373601,True,0.3626666666666667,0.18758620689655173,True,18.124710751999476,8.580173250000371,False
development,False,machine01_rx_bond0,4,outer_2,ens_mean,18.925021580091435,72.08931771646569,-0.07926578570252674,1.0400840726333442,True,0.32266666666666666,0.19803600654664485,False,18.124710751999476,8.580173250000371,False
development,False,machine01_rx_bond0,4,outer_2,ens_inverse_mae,18.874892673400595,71.78652228083796,-0.07021838603577657,1.0373290809305862,True,0.328,0.1977491961414791,False,18.124710751999476,8.580173250000371,False
development,False,machine01_rx_bond0,4,outer_2,ens_stacking,17.93721058345849,67.60573549854652,0.05080888785193571,0.9857958130389246,True,0.37066666666666664,0.18834688346883469,True,18.124710751999476,8.580173250000371,False
development,False,machine01_rx_bond0,4,outer_2,oracle_upper_bound,10.912223034312195,62.31974882647892,0.19343760870730087,0.5997155314713243,True,0.5893333333333334,0.6054794520547945,False,18.124710751999476,8.580173250000371,True
development,False,machine01_rx_bond0,8,outer_2,persistence,23.084318870215135,96.03075492745843,-0.9206438227179805,1.2686713345551763,True,0.16531165311653118,0.16486486486486487,False,18.00519040644456,10.83005737500207,False
development,False,machine01_rx_bond0,8,outer_2,ewma,19.11219646807253,71.79982628821695,-0.07367523223802608,1.050370857193255,True,0.3523035230352303,0.18387553041018387,False,18.00519040644456,10.83005737500207,False
development,False,machine01_rx_bond0,8,outer_2,ridge,18.00519040644456,67.73654187608729,0.04440869403023329,0.9895318579807503,True,0.3224932249322493,0.1744868035190616,False,18.00519040644456,10.83005737500207,False
development,False,machine01_rx_bond0,8,outer_2,lightgbm,18.107071404278756,67.39742695303546,0.05395285117770077,0.9951310485921265,True,0.4281842818428184,0.18436406067677946,False,18.00519040644456,10.83005737500207,False
development,False,machine01_rx_bond0,8,outer_2,static_router,19.11219646807253,71.79982628821695,-0.07367523223802608,1.050370857193255,True,0.3523035230352303,0.18387553041018387,False,18.00519040644456,10.83005737500207,False
development,False,machine01_rx_bond0,8,outer_2,regime_router,21.185695092738243,92.67106667033926,-0.7886051281954591,1.1643264944439224,True,0.16802168021680217,0.16445623342175067,False,18.00519040644456,10.83005737500207,False
development,False,machine01_rx_bond0,8,outer_2,constrained_mixture,17.775782371566056,67.4808128666624,0.05161045295947475,0.9769240180265677,True,0.34959349593495936,0.1880466472303207,True,18.00519040644456,10.83005737500207,False
development,False,machine01_rx_bond0,8,outer_2,ens_mean,18.722288035246894,71.8935996091835,-0.0764815855318306,1.028942213159687,True,0.33875338753387535,0.2032520325203252,False,18.00519040644456,10.83005737500207,False
development,False,machine01_rx_bond0,8,outer_2,ens_inverse_mae,18.67442620083264,71.58943563854852,-0.06739220110380129,1.0263118155429338,True,0.33875338753387535,0.2,False,18.00519040644456,10.83005737500207,False
development,False,machine01_rx_bond0,8,outer_2,ens_stacking,17.77739940219851,67.4889359019395,0.05138211352210931,0.9770128870298952,True,0.35772357723577236,0.191027496382055,True,18.00519040644456,10.83005737500207,False
development,False,machine01_rx_bond0,8,outer_2,oracle_upper_bound,10.812002725854816,62.22914251499775,0.19348252618211648,0.5942076092668616,True,0.5880758807588076,0.6112676056338028,False,18.00519040644456,10.83005737500207,True
development,False,machine01_rx_bond0,16,outer_2,persistence,22.834122430810762,94.99949969733095,-0.9281300130511259,1.2549210024589736,True,0.1634349030470914,0.162534435261708,False,17.79107316395776,15.315319249999447,False
development,False,machine01_rx_bond0,16,outer_2,ewma,18.916324625373313,70.91511136189348,-0.07441300629548842,1.0396061041383307,True,0.3545706371191136,0.18311874105865522,False,17.79107316395776,15.315319249999447,False
development,False,machine01_rx_bond0,16,outer_2,ridge,17.79107316395776,66.84341240971423,0.04542313573321699,0.9777643716059413,True,0.3185595567867036,0.1721556886227545,False,17.79107316395776,15.315319249999447,False
development,False,machine01_rx_bond0,16,outer_2,lightgbm,17.997753019686037,66.68239147813223,0.050016609228463293,0.9891231130037993,True,0.40166204986149584,0.169392523364486,False,17.79107316395776,15.315319249999447,False
development,False,machine01_rx_bond0,16,outer_2,static_router,18.916324625373313,70.91511136189348,-0.07441300629548842,1.0396061041383307,True,0.3545706371191136,0.18311874105865522,False,17.79107316395776,15.315319249999447,False
development,False,machine01_rx_bond0,16,outer_2,regime_router,20.515876222816004,89.506794398153,-0.7116134308905318,1.127514492132218,True,0.16897506925207756,0.16353887399463807,False,17.79107316395776,15.315319249999447,False
development,False,machine01_rx_bond0,16,outer_2,constrained_mixture,17.558131862934584,66.54831529422476,0.0538329720018339,0.9649623499000552,True,0.3407202216066482,0.17903930131004367,True,17.79107316395776,15.315319249999447,False
development,False,machine01_rx_bond0,16,outer_2,ens_mean,18.539177735442625,71.0103959754638,-0.07730220167041546,1.018878810824554,True,0.33518005540166207,0.20302013422818793,False,17.79107316395776,15.315319249999447,False
development,False,machine01_rx_bond0,16,outer_2,ens_inverse_mae,18.476370816773308,70.63144284352906,-0.06583464921116877,1.0154270591061911,True,0.3379501385041551,0.1986970684039088,False,17.79107316395776,15.315319249999447,False
development,False,machine01_rx_bond0,16,outer_2,ens_stacking,17.558497016011973,66.54982231353316,0.05379011868184069,0.964982418035685,True,0.3407202216066482,0.1793002915451895,True,17.79107316395776,15.315319249999447,False
development,False,machine01_rx_bond0,16,outer_2,oracle_upper_bound,10.657434798853634,61.55879176259034,0.19039374855839153,0.5857128427835832,True,0.5817174515235457,0.6176470588235294,False,17.79107316395776,15.315319249999447,True
development,False,averageRttWithGoogleDns,1,outer_2,persistence,0.4196355840077303,2.2058131811081547,-0.09448569374831028,1.4291476088191983,True,0.3824561403508772,0.3824561403508772,False,0.3946176132640035,7.027647417002299,False
development,False,averageRttWithGoogleDns,1,outer_2,ewma,0.3946176132640035,1.7360311740894778,0.3220655975027156,1.3439442218127067,True,0.3824561403508772,0.3323170731707317,False,0.3946176132640035,7.027647417002299,False
development,False,averageRttWithGoogleDns,1,outer_2,ridge,0.4281653057269236,1.7376336783837463,0.3208134377213846,1.4581971743552176,True,0.38596491228070173,0.3654485049833887,False,0.3946176132640035,7.027647417002299,False
development,False,averageRttWithGoogleDns,1,outer_2,lightgbm,0.5601967148076067,1.9962488638976856,0.10359969010745307,1.9078548768183425,True,0.37543859649122807,0.17398373983739837,False,0.3946176132640035,7.027647417002299,False
development,False,averageRttWithGoogleDns,1,outer_2,static_router,0.3946176132640035,1.7360311740894778,0.3220655975027156,1.3439442218127067,True,0.3824561403508772,0.3323170731707317,False,0.3946176132640035,7.027647417002299,False
development,False,averageRttWithGoogleDns,1,outer_2,regime_router,0.4189579593857548,2.2085468031029376,-0.09720012496080455,1.4268398312019517,True,0.37543859649122807,0.3767605633802817,False,0.3946176132640035,7.027647417002299,False
development,False,averageRttWithGoogleDns,1,outer_2,constrained_mixture,0.45149845049851145,1.7648202288900987,0.29939443877663563,1.5376625708262963,True,0.3824561403508772,0.2906666666666667,False,0.3946176132640035,7.027647417002299,False
development,False,averageRttWithGoogleDns,1,outer_2,ens_mean,0.42067307838951423,1.770791739935538,0.294645227728874,1.4326809903325797,True,0.38596491228070173,0.38596491228070173,False,0.3946176132640035,7.027647417002299,False
development,False,averageRttWithGoogleDns,1,outer_2,ens_inverse_mae,0.417088094488155,1.7697834681741271,0.29544824347652454,1.4204716559349788,True,0.38596491228070173,0.3873239436619718,False,0.3946176132640035,7.027647417002299,False
development,False,averageRttWithGoogleDns,1,outer_2,ens_stacking,0.3978814289873651,1.7285320980579995,0.3279098488817669,1.3550597578025783,True,0.3824561403508772,0.34169278996865204,False,0.3946176132640035,7.027647417002299,False
development,False,averageRttWithGoogleDns,1,outer_2,oracle_upper_bound,0.22137241755816792,1.4826072973193933,0.5055471314563229,0.7539252467349211,True,0.49122807017543857,0.8484848484848485,False,0.3946176132640035,7.027647417002299,True
development,False,averageRttWithGoogleDns,4,outer_2,persistence,0.41965152247462545,2.206195936536801,-0.09447722862666375,1.429201890254614,True,0.3824561403508772,0.3824561403508772,False,0.39465743647315593,8.959557334001147,False
development,False,averageRttWithGoogleDns,4,outer_2,ewma,0.39465743647315593,1.7363358841935832,0.3220681298088528,1.3440798472131843,True,0.3824561403508772,0.3323170731707317,False,0.39465743647315593,8.959557334001147,False
development,False,averageRttWithGoogleDns,4,outer_2,ridge,0.42550376464060014,1.735799333334369,0.32248704498504965,1.4491327974904968,True,0.37894736842105264,0.3737024221453287,False,0.39465743647315593,8.959557334001147,False
development,False,averageRttWithGoogleDns,4,outer_2,lightgbm,0.5299948031837097,1.9002569927339608,0.18802389631961847,1.8049966078249629,True,0.38596491228070173,0.18998272884283246,False,0.39465743647315593,8.959557334001147,False
development,False,averageRttWithGoogleDns,4,outer_2,static_router,0.39465743647315593,1.7363358841935832,0.3220681298088528,1.3440798472131843,True,0.3824561403508772,0.3323170731707317,False,0.39465743647315593,8.959557334001147,False
development,False,averageRttWithGoogleDns,4,outer_2,regime_router,0.42311659625627973,2.211031282501294,-0.09928004366737264,1.4410028482718973,True,0.3824561403508772,0.3707482993197279,False,0.39465743647315593,8.959557334001147,False
development,False,averageRttWithGoogleDns,4,outer_2,constrained_mixture,0.44414149888453336,1.7427959415566523,0.31701423930314776,1.5126070936265323,True,0.39649122807017545,0.3147632311977716,False,0.39465743647315593,8.959557334001147,False
development,False,averageRttWithGoogleDns,4,outer_2,ens_mean,0.415959347764518,1.7581882230759502,0.3048967759837271,1.416627497473387,True,0.3894736842105263,0.3801369863013699,False,0.39465743647315593,8.959557334001147,False
development,False,averageRttWithGoogleDns,4,outer_2,ens_inverse_mae,0.4137335805154676,1.7579305191024512,0.3051005286110541,1.4090472300628192,True,0.3894736842105263,0.38144329896907214,False,0.39465743647315593,8.959557334001147,False
development,False,averageRttWithGoogleDns,4,outer_2,ens_stacking,0.40610966587006125,1.716335943435101,0.3375956670623712,1.383082560238433,True,0.3824561403508772,0.34276729559748426,False,0.39465743647315593,8.959557334001147,False
development,False,averageRttWithGoogleDns,4,outer_2,oracle_upper_bound,0.22211974115797678,1.4827659984962895,0.5056166833696312,0.756470397280737,True,0.4807017543859649,0.8203592814371258,False,0.39465743647315593,8.959557334001147,True
development,False,averageRttWithGoogleDns,8,outer_2,persistence,0.41983861218568663,2.206729017537577,-0.09449042339642144,1.4298390593207932,True,0.3824561403508772,0.3824561403508772,False,0.3946424135588945,11.419038957999874,False
development,False,averageRttWithGoogleDns,8,outer_2,ewma,0.3946424135588945,1.7367266078469652,0.32208246062759505,1.3440286838638107,True,0.3824561403508772,0.3323170731707317,False,0.3946424135588945,11.419038957999874,False
development,False,averageRttWithGoogleDns,8,outer_2,ridge,0.4257858529579539,1.7362415375503046,0.3224610944759255,1.4500935021103762,True,0.37894736842105264,0.3724137931034483,False,0.3946424135588945,11.419038957999874,False
development,False,averageRttWithGoogleDns,8,outer_2,lightgbm,0.5433281266744271,1.920111502940392,0.17135816955413885,1.8504057392489093,True,0.3894736842105263,0.1819672131147541,False,0.3946424135588945,11.419038957999874,False
development,False,averageRttWithGoogleDns,8,outer_2,static_router,0.3946424135588945,1.7367266078469652,0.32208246062759505,1.3440286838638107,True,0.3824561403508772,0.3323170731707317,False,0.3946424135588945,11.419038957999874,False
development,False,averageRttWithGoogleDns,8,outer_2,regime_router,0.419656116060842,2.2077599266653025,-0.09551328004553472,1.4292175345731788,True,0.3719298245614035,0.3719298245614035,False,0.3946424135588945,11.419038957999874,False
development,False,averageRttWithGoogleDns,8,outer_2,constrained_mixture,0.45124879660921247,1.7491293355838438,0.3123652727443458,1.5368123277284245,True,0.40350877192982454,0.28967254408060455,False,0.3946424135588945,11.419038957999874,False
development,False,averageRttWithGoogleDns,8,outer_2,ens_mean,0.41909247792804194,1.7592635067748785,0.3043741020605776,1.4272979593025656,True,0.38596491228070173,0.37542662116040953,False,0.3946424135588945,11.419038957999874,False
development,False,averageRttWithGoogleDns,8,outer_2,ens_inverse_mae,0.41641827308660634,1.7589050501775305,0.30465754599977934,1.4181904536469918,True,0.3894736842105263,0.37755102040816324,False,0.3946424135588945,11.419038957999874,False
development,False,averageRttWithGoogleDns,8,outer_2,ens_stacking,0.41342652056769724,1.7147388422591126,0.33913930091402467,1.4080014798766003,True,0.3824561403508772,0.33746130030959753,False,0.3946424135588945,11.419038957999874,False
development,False,averageRttWithGoogleDns,8,outer_2,oracle_upper_bound,0.22116240433608728,1.4794777270527348,0.5080388397541831,0.7532100073567672,True,0.48771929824561405,0.8224852071005917,False,0.3946424135588945,11.419038957999874,True
development,False,averageRttWithGoogleDns,16,outer_2,persistence,0.4172376573088093,2.20085810808127,-0.0911595199281452,1.4209810201444315,True,0.38380281690140844,0.38380281690140844,False,0.3923285587653096,16.897257374999754,False
development,False,averageRttWithGoogleDns,16,outer_2,ewma,0.3923285587653096,1.7326853005614726,0.32369353318718164,1.3361484178152911,True,0.38380281690140844,0.3353846153846154,False,0.3923285587653096,16.897257374999754,False
development,False,averageRttWithGoogleDns,16,outer_2,ridge,0.42446491143257903,1.732809899542458,0.323596262059605,1.4455947882397606,True,0.38028169014084506,0.375,False,0.3923285587653096,16.897257374999754,False
development,False,averageRttWithGoogleDns,16,outer_2,lightgbm,0.5408673355262535,1.9300017375471696,0.16088872225293638,1.842025053913247,True,0.3732394366197183,0.17966101694915254,False,0.3923285587653096,16.897257374999754,False
development,False,averageRttWithGoogleDns,16,outer_2,static_router,0.3923285587653096,1.7326853005614726,0.32369353318718164,1.3361484178152911,True,0.38380281690140844,0.3353846153846154,False,0.3923285587653096,16.897257374999754,False
development,False,averageRttWithGoogleDns,16,outer_2,regime_router,0.41794334577242215,2.2030288904629374,-0.0933130781272884,1.4233843744327206,True,0.3732394366197183,0.3693379790940767,False,0.3923285587653096,16.897257374999754,False
development,False,averageRttWithGoogleDns,16,outer_2,constrained_mixture,0.4503260937899322,1.753012623012713,0.3077320192216346,1.5336698903897434,True,0.39436619718309857,0.2962962962962963,False,0.3923285587653096,16.897257374999754,False
development,False,averageRttWithGoogleDns,16,outer_2,ens_mean,0.4169279014135157,1.7577995865706402,0.30394609532695716,1.4199260884037803,True,0.3908450704225352,0.375,False,0.3923285587653096,16.897257374999754,False
development,False,averageRttWithGoogleDns,16,outer_2,ens_inverse_mae,0.41423259587358774,1.7569800754240454,0.3045949644790442,1.4107467203658348,True,0.3908450704225352,0.38408304498269896,False,0.3923285587653096,16.897257374999754,False
development,False,averageRttWithGoogleDns,16,outer_2,ens_stacking,0.40665221230940046,1.7133804519755136,0.3386798226735561,1.3849303037949965,True,0.38028169014084506,0.3450479233226837,False,0.3923285587653096,16.897257374999754,False
development,False,averageRttWithGoogleDns,16,outer_2,oracle_upper_bound,0.22009311251745875,1.476406758943168,0.5089607502550757,0.7495683337142985,True,0.47183098591549294,0.8170731707317073,False,0.3923285587653096,16.897257374999754,True
development,False,jitterWithGoogleDns,1,outer_2,persistence,0.37314758670870724,1.72694867814981,-0.757018025821369,1.378939137857972,True,0.21294363256784968,0.21294363256784968,False,0.33100163948438543,7.011584208001295,False
development,False,jitterWithGoogleDns,1,outer_2,ewma,0.3428555133684538,1.326957481479198,-0.03736447006247867,1.266997035098649,True,0.2797494780793319,0.20180722891566266,False,0.33100163948438543,7.011584208001295,False
development,False,jitterWithGoogleDns,1,outer_2,ridge,0.33100163948438543,1.2640693010044812,0.058632668113125064,1.2231919262993405,True,0.17536534446764093,0.22764227642276422,False,0.33100163948438543,7.011584208001295,False
development,False,jitterWithGoogleDns,1,outer_2,lightgbm,0.339453736807541,1.2802579573285238,0.03436650410514619,1.254426022970538,True,0.2588726513569937,0.18731117824773413,False,0.33100163948438543,7.011584208001295,False
development,False,jitterWithGoogleDns,1,outer_2,static_router,0.3428555133684538,1.326957481479198,-0.03736447006247867,1.266997035098649,True,0.2797494780793319,0.20180722891566266,False,0.33100163948438543,7.011584208001295,False
development,False,jitterWithGoogleDns,1,outer_2,regime_router,0.3494179336455244,1.5897240356093523,-0.4888839063591146,1.291247970871656,True,0.22964509394572025,0.21956087824351297,False,0.33100163948438543,7.011584208001295,False
development,False,jitterWithGoogleDns,1,outer_2,constrained_mixture,0.3301212834855614,1.26538875462904,0.056666417064941466,1.2199386362198466,True,0.1837160751565762,0.2233502538071066,True,0.33100163948438543,7.011584208001295,False
development,False,jitterWithGoogleDns,1,outer_2,ens_mean,0.33151357395203823,1.310528131734599,-0.011835821263373791,1.2250837420275122,True,0.24843423799582465,0.2328767123287671,False,0.33100163948438543,7.011584208001295,False
development,False,jitterWithGoogleDns,1,outer_2,ens_inverse_mae,0.33145757228791395,1.30891636908466,-0.009348524279295,1.224876792045262,True,0.25052192066805845,0.23300970873786409,False,0.33100163948438543,7.011584208001295,False
development,False,jitterWithGoogleDns,1,outer_2,ens_stacking,0.330681679943951,1.2651553471446255,0.05701439046201773,1.2220095396283512,True,0.1732776617954071,0.21899736147757257,True,0.33100163948438543,7.011584208001295,False
development,False,jitterWithGoogleDns,1,outer_2,oracle_upper_bound,0.18388762272828602,1.1572028397505438,0.21107387837391156,0.679543025279273,True,0.3903966597077244,0.7695473251028807,False,0.33100163948438543,7.011584208001295,True
development,False,jitterWithGoogleDns,4,outer_2,persistence,0.37198859223300973,1.72570897109351,-0.7608078785820538,1.374656160022856,True,0.21174004192872117,0.21174004192872117,False,0.3291932647601243,8.820375208997575,False
development,False,jitterWithGoogleDns,4,outer_2,ewma,0.3420665337105884,1.3255198199179283,-0.03884154880534174,1.2640814194871413,True,0.27672955974842767,0.19969742813918306,False,0.3291932647601243,8.820375208997575,False
development,False,jitterWithGoogleDns,4,outer_2,ridge,0.3291932647601243,1.2629262576712506,0.05695407055571311,1.2165092120811096,True,0.16352201257861634,0.2215909090909091,False,0.3291932647601243,8.820375208997575,False
development,False,jitterWithGoogleDns,4,outer_2,lightgbm,0.33894777115085806,1.2785386749159757,0.033493901886783806,1.2525562645391193,True,0.2557651991614256,0.1958266452648475,False,0.3291932647601243,8.820375208997575,False
development,False,jitterWithGoogleDns,4,outer_2,static_router,0.3420665337105884,1.3255198199179283,-0.03884154880534174,1.2640814194871413,True,0.27672955974842767,0.19969742813918306,False,0.3291932647601243,8.820375208997575,False
development,False,jitterWithGoogleDns,4,outer_2,regime_router,0.34765754757045814,1.554761077903863,-0.4292367641754664,1.2847425951353149,True,0.22851153039832284,0.21165048543689322,False,0.3291932647601243,8.820375208997575,False
development,False,jitterWithGoogleDns,4,outer_2,constrained_mixture,0.3283243741602343,1.269000514572485,0.04786077816328449,1.2132982915301467,True,0.1949685534591195,0.21728971962616822,True,0.3291932647601243,8.820375208997575,False
development,False,jitterWithGoogleDns,4,outer_2,ens_mean,0.33036205561408405,1.309552556483564,-0.013964440438279047,1.220828391703069,True,0.24947589098532494,0.23196881091617932,False,0.3291932647601243,8.820375208997575,False
development,False,jitterWithGoogleDns,4,outer_2,ens_inverse_mae,0.33042274173992414,1.309110790033061,-0.013280451214700895,1.2210526527649828,True,0.25157232704402516,0.23166023166023167,False,0.3291932647601243,8.820375208997575,False
development,False,jitterWithGoogleDns,4,outer_2,ens_stacking,0.32814455169493395,1.2662915248801656,0.05192158381193457,1.2126337709916222,True,0.18658280922431866,0.2176039119804401,True,0.3291932647601243,8.820375208997575,False
development,False,jitterWithGoogleDns,4,outer_2,oracle_upper_bound,0.1837283776584893,1.1567435533625374,0.20886420468248867,0.6789545469745076,True,0.38784067085953877,0.7805907172995781,False,0.3291932647601243,8.820375208997575,True
development,False,jitterWithGoogleDns,8,outer_2,persistence,0.36831608357628765,1.7151510743155973,-0.7734951908394185,1.3610846775819698,True,0.2088607594936709,0.2088607594936709,False,0.3267890908034918,11.21071029200175,False
development,False,jitterWithGoogleDns,8,outer_2,ewma,0.34002482523079214,1.320304184542218,-0.05092870677142325,1.256536437739516,True,0.2721518987341772,0.1963470319634703,False,0.3267890908034918,11.21071029200175,False
development,False,jitterWithGoogleDns,8,outer_2,ridge,0.3267890908034918,1.2521366662503814,0.05478909807766208,1.2076247661377209,True,0.15822784810126583,0.21367521367521367,False,0.3267890908034918,11.21071029200175,False
development,False,jitterWithGoogleDns,8,outer_2,lightgbm,0.3379997921389344,1.2716101485092441,0.025160257388184615,1.249053078647072,True,0.270042194092827,0.19541984732824427,False,0.3267890908034918,11.21071029200175,False
development,False,jitterWithGoogleDns,8,outer_2,static_router,0.34002482523079214,1.320304184542218,-0.05092870677142325,1.256536437739516,True,0.2721518987341772,0.1963470319634703,False,0.3267890908034918,11.21071029200175,False
development,False,jitterWithGoogleDns,8,outer_2,regime_router,0.33864835339870436,1.4686160953291905,-0.30029479136209125,1.251449788518047,True,0.22362869198312235,0.19924812030075187,False,0.3267890908034918,11.21071029200175,False
development,False,jitterWithGoogleDns,8,outer_2,constrained_mixture,0.3260742077718166,1.2600919408598596,0.0427404148030468,1.204982969094191,True,0.189873417721519,0.2088167053364269,True,0.3267890908034918,11.21071029200175,False
development,False,jitterWithGoogleDns,8,outer_2,ens_mean,0.3284203991048029,1.3022197701790994,-0.022336401702722775,1.2136531445668344,True,0.23628691983122363,0.22266401590457258,False,0.3267890908034918,11.21071029200175,False
development,False,jitterWithGoogleDns,8,outer_2,ens_inverse_mae,0.32849055678219485,1.3015190979468827,-0.02123654124477148,1.2139124070426561,True,0.23628691983122363,0.22310756972111553,False,0.3267890908034918,11.21071029200175,False
development,False,jitterWithGoogleDns,8,outer_2,ens_stacking,0.3258205514220333,1.2568599099454154,0.04764469945702032,1.2040456009301153,True,0.18354430379746836,0.2116788321167883,True,0.3267890908034918,11.21071029200175,False
development,False,jitterWithGoogleDns,8,outer_2,oracle_upper_bound,0.18205837906685682,1.1537461525035864,0.19749862114260996,0.6727831914567581,True,0.4050632911392405,0.7836734693877551,False,0.3267890908034918,11.21071029200175,True
development,False,jitterWithGoogleDns,16,outer_2,persistence,0.3635744888023369,1.702102083363641,-0.8002344806864043,1.3435624669539064,True,0.19957081545064378,0.19957081545064378,False,0.32104093656011734,16.340958042001148,False
development,False,jitterWithGoogleDns,16,outer_2,ewma,0.3362070584479725,1.3090634095083624,-0.06482744619979242,1.242428164703427,True,0.26180257510729615,0.18798151001540833,False,0.32104093656011734,16.340958042001148,False
development,False,jitterWithGoogleDns,16,outer_2,ridge,0.32104093656011734,1.2347075691219995,0.05270315665988723,1.1863828898963478,True,0.14377682403433475,0.19705882352941176,False,0.32104093656011734,16.340958042001148,False
development,False,jitterWithGoogleDns,16,outer_2,lightgbm,0.33233600072514935,1.2522251658536991,0.025632647001704534,1.2281229589643499,True,0.24248927038626608,0.17851500789889416,False,0.32104093656011734,16.340958042001148,False
development,False,jitterWithGoogleDns,16,outer_2,static_router,0.3362070584479725,1.3090634095083624,-0.06482744619979242,1.242428164703427,True,0.26180257510729615,0.18798151001540833,False,0.32104093656011734,16.340958042001148,False
development,False,jitterWithGoogleDns,16,outer_2,regime_router,0.3475505604896985,1.5966384588935436,-0.5840578618674266,1.2843472323401113,True,0.21888412017167383,0.204,False,0.32104093656011734,16.340958042001148,False
development,False,jitterWithGoogleDns,16,outer_2,constrained_mixture,0.32194371644050823,1.2525120984887468,0.025186066257757767,1.189719045761436,True,0.18669527896995708,0.2116788321167883,False,0.32104093656011734,16.340958042001148,False
development,False,jitterWithGoogleDns,16,outer_2,ens_mean,0.3245507330520268,1.2894696092259557,-0.03318975478450614,1.199353081640851,True,0.24034334763948498,0.2200392927308448,False,0.32104093656011734,16.340958042001148,False
development,False,jitterWithGoogleDns,16,outer_2,ens_inverse_mae,0.3247228501546243,1.2900093254749643,-0.03405483294491907,1.1999891275849233,True,0.24248927038626608,0.2189922480620155,False,0.32104093656011734,16.340958042001148,False
development,False,jitterWithGoogleDns,16,outer_2,ens_stacking,0.32141779323318287,1.2467847199392241,0.0340807721823394,1.1877755356868154,True,0.17381974248927037,0.20610687022900764,False,0.32104093656011734,16.340958042001148,False
development,False,jitterWithGoogleDns,16,outer_2,oracle_upper_bound,0.17857250640364858,1.1378979322726577,0.19542879471053176,0.6599014084408614,True,0.3798283261802575,0.7564102564102564,False,0.32104093656011734,16.340958042001148,True
development,False,machine01_DWT,1,outer_2,persistence,5531376.351773693,35816179.99180576,-0.49015872802595606,0.5121202063610866,True,0.3037037037037037,0.3037037037037037,False,5531376.351773693,6.985969334000401,False
development,False,machine01_DWT,1,outer_2,ewma,5685595.756605763,29160086.888442516,0.012239555692282633,0.5263985465796397,True,0.37037037037037035,0.2242152466367713,False,5531376.351773693,6.985969334000401,False
development,False,machine01_DWT,1,outer_2,ridge,7438933.864787575,28594969.98510231,0.05015379235832218,0.6887306347758984,True,0.34074074074074073,0.2569832402234637,False,5531376.351773693,6.985969334000401,False
development,False,machine01_DWT,1,outer_2,lightgbm,6366962.346643989,26931843.88176707,0.15742963570132817,0.5894825923047211,True,0.4962962962962963,0.2803347280334728,False,5531376.351773693,6.985969334000401,False
development,False,machine01_DWT,1,outer_2,static_router,5685595.756605763,29160086.888442516,0.012239555692282633,0.5263985465796397,True,0.37037037037037035,0.2242152466367713,False,5531376.351773693,6.985969334000401,False
development,False,machine01_DWT,1,outer_2,regime_router,5453853.115304036,35358393.692826554,-0.45230909543090037,0.5049427493714009,True,0.3037037037037037,0.29927007299270075,True,5531376.351773693,6.985969334000401,False
development,False,machine01_DWT,1,outer_2,constrained_mixture,6366645.380733357,26931546.72443434,0.15744822890140076,0.5894532461461452,True,0.4962962962962963,0.2803347280334728,False,5531376.351773693,6.985969334000401,False
development,False,machine01_DWT,1,outer_2,ens_mean,5913895.796536489,28315440.745048165,0.06863340939490514,0.5475356119547117,True,0.4,0.29508196721311475,False,5531376.351773693,6.985969334000401,False
development,False,machine01_DWT,1,outer_2,ens_inverse_mae,5769737.716916038,28558228.15641581,0.052593149045672916,0.534188795396086,True,0.4,0.3,False,5531376.351773693,6.985969334000401,False
development,False,machine01_DWT,1,outer_2,ens_stacking,6366962.346643989,26931843.88176707,0.15742963570132817,0.5894825923047211,True,0.4962962962962963,0.2803347280334728,False,5531376.351773693,6.985969334000401,False
development,False,machine01_DWT,1,outer_2,oracle_upper_bound,2811279.6814821693,22856945.443522815,0.3931094341126047,0.26028117398985506,True,0.5851851851851851,0.6638655462184874,False,5531376.351773693,6.985969334000401,True
development,False,machine01_DWT,4,outer_2,persistence,5558748.460586931,35919045.91601287,-0.4903180027280236,0.5146544418067508,True,0.3037037037037037,0.3037037037037037,False,5558748.460586931,8.540348083002755,False
development,False,machine01_DWT,4,outer_2,ewma,5713854.100510183,29243453.574506864,0.012159827643631327,0.5290148337370147,True,0.37037037037037035,0.2242152466367713,False,5558748.460586931,8.540348083002755,False
development,False,machine01_DWT,4,outer_2,ridge,7474049.5074816495,28680111.003714833,0.04985252473840063,0.6919818021236462,True,0.34074074074074073,0.25555555555555554,False,5558748.460586931,8.540348083002755,False
development,False,machine01_DWT,4,outer_2,lightgbm,6406058.153541319,27123464.92771444,0.1501941829667548,0.5931022615195439,True,0.4740740740740741,0.270042194092827,False,5558748.460586931,8.540348083002755,False
development,False,machine01_DWT,4,outer_2,static_router,5713854.100510183,29243453.574506864,0.012159827643631327,0.5290148337370147,True,0.37037037037037035,0.2242152466367713,False,5558748.460586931,8.540348083002755,False
development,False,machine01_DWT,4,outer_2,regime_router,5411342.32407728,35052106.41787809,-0.4192457616984082,0.5010069052358562,True,0.3037037037037037,0.3037037037037037,True,5558748.460586931,8.540348083002755,False
development,False,machine01_DWT,4,outer_2,constrained_mixture,6405760.936148272,27123126.2543163,0.1502154048001565,0.5930747437693528,True,0.4740740740740741,0.270042194092827,False,5558748.460586931,8.540348083002755,False
development,False,machine01_DWT,4,outer_2,ens_mean,5943705.518055975,28414039.57039851,0.06740018542911164,0.5502955327710254,True,0.3925925925925926,0.28342245989304815,False,5558748.460586931,8.540348083002755,False
development,False,machine01_DWT,4,outer_2,ens_inverse_mae,5799525.4161402285,28651843.278111886,0.0517245727198028,0.5369466772872401,True,0.3925925925925926,0.29120879120879123,False,5558748.460586931,8.540348083002755,False
development,False,machine01_DWT,4,outer_2,ens_stacking,6406058.153541319,27123464.92771444,0.1501941829667548,0.5931022615195439,True,0.4740740740740741,0.270042194092827,False,5558748.460586931,8.540348083002755,False
development,False,machine01_DWT,4,outer_2,oracle_upper_bound,2846207.868048494,22854677.107276294,0.3966357936811262,0.263514985789052,True,0.562962962962963,0.6495726495726496,False,5558748.460586931,8.540348083002755,True
development,False,machine01_DWT,8,outer_2,persistence,5601496.444115009,36058500.45377999,-0.49051685424927993,0.5186122462940371,True,0.3037037037037037,0.3037037037037037,False,5601496.444115009,10.69653074999951,False
development,False,machine01_DWT,8,outer_2,ewma,5754485.478356289,29356550.391756557,0.012057632781064642,0.5327766731570736,True,0.37037037037037035,0.2242152466367713,False,5601496.444115009,10.69653074999951,False
development,False,machine01_DWT,8,outer_2,ridge,7517110.065170278,28783349.23995145,0.050261110519080665,0.695968546161132,True,0.34074074074074073,0.2569832402234637,False,5601496.444115009,10.69653074999951,False
development,False,machine01_DWT,8,outer_2,lightgbm,6503483.739419569,27233596.426189754,0.14977951989317306,0.6021223693501783,True,0.4962962962962963,0.2757201646090535,False,5601496.444115009,10.69653074999951,False
development,False,machine01_DWT,8,outer_2,static_router,5754485.478356289,29356550.391756557,0.012057632781064642,0.5327766731570736,True,0.37037037037037035,0.2242152466367713,False,5601496.444115009,10.69653074999951,False
development,False,machine01_DWT,8,outer_2,regime_router,5460590.625413817,35044440.0319971,-0.4078611250664683,0.5055665389760758,True,0.3037037037037037,0.2971014492753623,True,5601496.444115009,10.69653074999951,False
development,False,machine01_DWT,8,outer_2,constrained_mixture,6503168.826363314,27233269.127876382,0.1497999559789982,0.6020932132542811,True,0.4962962962962963,0.2757201646090535,False,5601496.444115009,10.69653074999951,False
development,False,machine01_DWT,8,outer_2,ens_mean,6021330.194872274,28540677.05840727,0.06620808312457416,0.557482381573517,True,0.3925925925925926,0.28191489361702127,False,5601496.444115009,10.69653074999951,False
development,False,machine01_DWT,8,outer_2,ens_inverse_mae,5873511.669087412,28796340.040831815,0.04940362496891659,0.5437966641110521,True,0.3925925925925926,0.28804347826086957,False,5601496.444115009,10.69653074999951,False
development,False,machine01_DWT,8,outer_2,ens_stacking,6503483.739419569,27233596.426189754,0.14977951989317306,0.6021223693501783,True,0.4962962962962963,0.2757201646090535,False,5601496.444115009,10.69653074999951,False
development,False,machine01_DWT,8,outer_2,oracle_upper_bound,2873102.301433212,22987580.970791984,0.3942295123151899,0.26600499585147164,True,0.5925925925925926,0.6666666666666666,False,5601496.444115009,10.69653074999951,True
development,False,machine01_DWT,16,outer_2,persistence,5636874.4928628765,36227548.12939261,-0.4912352256020822,0.5218877083984375,True,0.30597014925373134,0.30597014925373134,False,5636874.4928628765,15.50006895900151,False
development,False,machine01_DWT,16,outer_2,ewma,5786329.884684952,29485049.35170606,0.012193253886391475,0.5357249744302732,True,0.373134328358209,0.22624434389140272,False,5636874.4928628765,15.50006895900151,False
development,False,machine01_DWT,16,outer_2,ridge,7528066.478555573,28886250.87181614,0.05190768320286787,0.696982941191775,True,0.3582089552238806,0.26666666666666666,False,5636874.4928628765,15.50006895900151,False
development,False,machine01_DWT,16,outer_2,lightgbm,6358697.454086662,27023733.370049104,0.1702276398942395,0.5887173906238315,True,0.5074626865671642,0.2905982905982906,False,5636874.4928628765,15.50006895900151,False
development,False,machine01_DWT,16,outer_2,static_router,5786329.884684952,29485049.35170606,0.012193253886391475,0.5357249744302732,True,0.373134328358209,0.22624434389140272,False,5636874.4928628765,15.50006895900151,False
development,False,machine01_DWT,16,outer_2,regime_router,5468009.594203246,34918663.24146189,-0.38542649564442866,0.5062534211525545,True,0.31343283582089554,0.3,True,5636874.4928628765,15.50006895900151,False
development,False,machine01_DWT,16,outer_2,constrained_mixture,6358417.132185022,27023475.964186165,0.17024344727734508,0.588691437135769,True,0.5074626865671642,0.2905982905982906,False,5636874.4928628765,15.50006895900151,False
development,False,machine01_DWT,16,outer_2,ens_mean,5989067.726909674,28584933.150410093,0.07158396749860729,0.5544953742357454,True,0.39552238805970147,0.29120879120879123,False,5636874.4928628765,15.50006895900151,False
development,False,machine01_DWT,16,outer_2,ens_inverse_mae,5848083.32989129,28784464.72767347,0.058577474931573836,0.5414423917765793,True,0.39552238805970147,0.28804347826086957,False,5636874.4928628765,15.50006895900151,False
development,False,machine01_DWT,16,outer_2,ens_stacking,6358697.454086662,27023733.370049104,0.1702276398942395,0.5887173906238315,True,0.5074626865671642,0.2905982905982906,False,5636874.4928628765,15.50006895900151,False
development,False,machine01_DWT,16,outer_2,oracle_upper_bound,2864822.305808294,22953398.374057557,0.40136478853126045,0.2652383958592758,True,0.5970149253731343,0.6722689075630253,False,5636874.4928628765,15.50006895900151,True
