hierarchy,unit,base_model,horizon,fold,method_a,method_b,npz_path,correction_family,in_holm_family,effect_class,tradeoff_class,coherence_before,coherence_after,n_paired,block_length,n_boot,seed,mean_paired_diff,median_paired_diff,mae_independent,mae_reconciled,relative_mae_diff,rel_ci_low,rel_ci_high,prob_improvement,p_value_raw,abs_ci_crosses_zero,rel_ci_crosses_zero,macro_independent,macro_reconciled,macro_rel,weighted_independent,weighted_reconciled,weighted_rel,worst_independent,worst_reconciled,worst_rel,machines_improved,machines_degraded,ci_low,ci_high,p_value_holm,holm_rank,family_size,alpha,reject_holm_0.05,evidence_layer,family,model_a,model_b,bootstrap_rng_seed,mae_a_report,mae_b_report,abs_ci_low,abs_ci_high
memory_um,memory_level,persistence,1,0,independent,bottom_up,/Users/fgtek002/TimeTrack/results/final/packs/01_memory_classical/metrics/predictions/base__memory_um__f0__h1__persistence__s0.npz,memory_persistence_descriptive,False,accuracy_neutral,coherence_only,0.0,0.0,8276,32,5000,0,0.0,0.0,1294154012.0869985,1294154012.0869985,0.0,0.0,0.0,0.0,1.0,True,True,228518221.43809983,228518221.43809983,0.0,1599627550.066699,1599627550.066699,0.0,428567797.97776705,428567797.97776705,0.0,0.0,0.0,0.0,0.0,,,0.0,0.05,False,final-analysis-freeze-v1,,,,,,,,
memory_um,memory_level,persistence,1,0,independent,wls,/Users/fgtek002/TimeTrack/results/final/packs/01_memory_classical/metrics/predictions/base__memory_um__f0__h1__persistence__s0.npz,memory_persistence_descriptive,False,accuracy_neutral,coherence_only,0.0,0.0,8276,32,5000,0,-0.0004399973969346,-0.040283203125,1294154012.0869985,1294154012.0865586,-3.399884347807299e-13,-8.114569230218824e-13,2.190612993971076e-13,0.8866,0.2268,True,True,228518221.43809983,228518221.43881765,3.14118818408741e-12,1599627550.066699,1599627550.071724,3.1412999688177474e-12,428567797.97776705,428567797.97780013,7.718866887907881e-14,3.0,4.0,-0.0010771095954375,0.0002636557330596,,,0.0,0.05,False,final-analysis-freeze-v1,,,,,,,,
memory_um,memory_level,persistence,1,0,independent,mint,/Users/fgtek002/TimeTrack/results/final/packs/01_memory_classical/metrics/predictions/base__memory_um__f0__h1__persistence__s0.npz,memory_persistence_descriptive,False,accuracy_neutral,coherence_only,0.0,0.0,8276,32,5000,0,0.0020846555404699,0.18927001953125,1294154012.0869985,1294154012.0890834,1.6108249257815974e-12,-1.0117595738550753e-12,3.821845357971801e-12,0.108,0.216,True,True,228518221.43809983,228518221.43409228,-1.7537105218899692e-11,1599627550.066699,1599627550.0386462,-1.7537086588111298e-11,428567797.97776705,428567797.97819114,9.895448271615237e-13,5.0,2.0,-0.0012212443086708,0.0050755130201794,,,0.0,0.05,False,final-analysis-freeze-v1,,,,,,,,
memory_um,memory_level,persistence,1,1,independent,bottom_up,/Users/fgtek002/TimeTrack/results/final/packs/01_memory_classical/metrics/predictions/base__memory_um__f1__h1__persistence__s0.npz,memory_persistence_descriptive,False,accuracy_neutral,coherence_only,0.0,0.0,8276,32,5000,0,0.0,0.0,843922661.6452392,843922661.6452392,0.0,0.0,0.0,0.0,1.0,True,True,157294732.34661326,157294732.34661326,0.0,1101063126.426293,1101063126.426293,0.0,271525107.0082165,271525107.0082165,0.0,0.0,0.0,0.0,0.0,,,0.0,0.05,False,final-analysis-freeze-v1,,,,,,,,
memory_um,memory_level,persistence,1,1,independent,wls,/Users/fgtek002/TimeTrack/results/final/packs/01_memory_classical/metrics/predictions/base__memory_um__f1__h1__persistence__s0.npz,memory_persistence_descriptive,False,accuracy_neutral,coherence_only,0.0,0.0,8276,32,5000,0,0.0001932128493252,0.0503311157226562,843922661.6452392,843922661.6454324,2.289461559766169e-13,-7.780049950083756e-13,1.235627023413467e-12,0.338,0.676,True,True,157294732.34661326,157294732.34648898,-7.900816670887407e-13,1101063126.426293,1101063126.4254231,-7.899192659238713e-13,271525107.0082165,271525107.0050012,-1.1841678263904984e-11,5.0,2.0,-0.0006673962209119,0.0009908405578672,,,0.0,0.05,False,final-analysis-freeze-v1,,,,,,,,
memory_um,memory_level,persistence,1,1,independent,mint,/Users/fgtek002/TimeTrack/results/final/packs/01_memory_classical/metrics/predictions/base__memory_um__f1__h1__persistence__s0.npz,memory_persistence_descriptive,False,accuracy_neutral,coherence_only,0.0,0.0,8276,32,5000,0,-0.0004821840030896,-0.2010116577148437,843922661.6452392,843922661.6447572,-5.713604160713849e-13,-4.4158563845249186e-12,3.3061127525730716e-12,0.5958,0.8084,True,True,157294732.34661326,157294732.34227878,-2.7556419123034415e-11,1101063126.426293,1101063126.3959515,-2.7556446189895223e-11,271525107.0082165,271525107.0005931,-2.8076130955716732e-11,2.0,5.0,-0.0035483386563816,0.0028254611299716,,,0.0,0.05,False,final-analysis-freeze-v1,,,,,,,,
memory_um,memory_level,persistence,1,2,independent,bottom_up,/Users/fgtek002/TimeTrack/results/final/packs/01_memory_classical/metrics/predictions/base__memory_um__f2__h1__persistence__s0.npz,memory_persistence_descriptive,False,accuracy_neutral,coherence_only,0.0,0.0,8279,32,5000,0,0.0,0.0,1042314122.8689456,1042314122.8689456,0.0,0.0,0.0,0.0,1.0,True,True,190911648.209273,190911648.209273,0.0,1336381537.464911,1336381537.464911,0.0,451439811.7956275,451439811.7956275,0.0,0.0,0.0,0.0,0.0,,,0.0,0.05,False,final-analysis-freeze-v1,,,,,,,,
memory_um,memory_level,persistence,1,2,independent,wls,/Users/fgtek002/TimeTrack/results/final/packs/01_memory_classical/metrics/predictions/base__memory_um__f2__h1__persistence__s0.npz,memory_persistence_descriptive,False,accuracy_neutral,coherence_only,0.0,0.0,8279,32,5000,0,-0.0011784285936886,-0.055877685546875,1042314122.8689456,1042314122.8677672,-1.1305887235270928e-12,-2.0104980152452897e-12,-2.9911900217541824e-13,0.9956,0.0088,False,False,190911648.209273,190911648.210556,6.720333676989152e-12,1336381537.464911,1336381537.473892,6.720378278506836e-12,451439811.7956275,451439811.7964282,1.7737221596111637e-12,1.0,6.0,-0.0021108379195833,-0.0002939323538641,,,0.0,0.05,False,final-analysis-freeze-v1,,,,,,,,
memory_um,memory_level,persistence,1,2,independent,mint,/Users/fgtek002/TimeTrack/results/final/packs/01_memory_classical/metrics/predictions/base__memory_um__f2__h1__persistence__s0.npz,memory_persistence_descriptive,False,accuracy_neutral,coherence_only,0.0,0.0,8279,32,5000,0,0.0037996467436435,0.188385009765625,1042314122.8689456,1042314122.8727452,3.645395049608573e-12,8.532394301986172e-13,6.577036947477192e-12,0.0056,0.0112,False,False,190911648.209273,190911648.20569912,-1.8720149002196032e-11,1336381537.464911,1336381537.4398935,-1.8720149002196032e-11,451439811.7956275,451439811.7829074,-2.817662088105848e-11,3.0,4.0,0.0008509267195798,0.0069201031115942,,,0.0,0.05,False,final-analysis-freeze-v1,,,,,,,,
memory_um,memory_level,persistence,8,0,independent,bottom_up,/Users/fgtek002/TimeTrack/results/final/packs/01_memory_classical/metrics/predictions/base__memory_um__f0__h8__persistence__s0.npz,memory_persistence_descriptive,False,accuracy_neutral,coherence_only,0.0,0.0,8269,32,5000,0,0.0,0.0,1291570370.298706,1291570370.298706,0.0,0.0,0.0,0.0,1.0,True,True,228173977.45051223,228173977.45051223,0.0,1597217842.1535857,1597217842.1535857,0.0,427958992.2302576,427958992.2302576,0.0,0.0,0.0,0.0,0.0,,,0.0,0.05,False,final-analysis-freeze-v1,,,,,,,,
memory_um,memory_level,persistence,8,0,independent,wls,/Users/fgtek002/TimeTrack/results/final/packs/01_memory_classical/metrics/predictions/base__memory_um__f0__h8__persistence__s0.npz,memory_persistence_descriptive,False,accuracy_neutral,coherence_only,0.0,0.0,8269,32,5000,0,-0.0003909527253522,-0.03228759765625,1291570370.298706,1291570370.298315,-3.0269564426582665e-13,-6.973596425717547e-13,1.2073677218242874e-13,0.9214,0.1572,True,True,228173977.45051223,228173977.45110223,2.585861828873805e-12,1597217842.1535857,1597217842.157715,2.5855259687369962e-12,427958992.2302576,427958992.23022974,-6.504214098889871e-14,2.0,5.0,-0.0009211902016378,0.0001441100269667,,,0.0,0.05,False,final-analysis-freeze-v1,,,,,,,,
memory_um,memory_level,persistence,8,0,independent,mint,/Users/fgtek002/TimeTrack/results/final/packs/01_memory_classical/metrics/predictions/base__memory_um__f0__h8__persistence__s0.npz,memory_persistence_descriptive,False,accuracy_neutral,coherence_only,0.0,0.0,8269,32,5000,0,-0.0003044007550792,-0.0261993408203125,1291570370.298706,1291570370.2984016,-2.3568267132731736e-13,-5.540114011060167e-13,1.0591679590905293e-13,0.9124,0.1752,True,True,228173977.45051223,228173977.45095828,1.954873926293274e-12,1597217842.1535857,1597217842.1567082,1.955004538568699e-12,427958992.2302576,427958992.2301782,-1.855163421781865e-13,4.0,3.0,-0.000731766193633,0.0001284246967152,,,0.0,0.05,False,final-analysis-freeze-v1,,,,,,,,
memory_um,memory_level,persistence,8,1,independent,bottom_up,/Users/fgtek002/TimeTrack/results/final/packs/01_memory_classical/metrics/predictions/base__memory_um__f1__h8__persistence__s0.npz,memory_persistence_descriptive,False,accuracy_neutral,coherence_only,0.0,0.0,8269,32,5000,0,0.0,0.0,844465442.1477809,844465442.1477809,0.0,0.0,0.0,0.0,1.0,True,True,157380669.84724358,157380669.84724358,0.0,1101664688.930705,1101664688.930705,0.0,271687768.66658604,271687768.66658604,0.0,0.0,0.0,0.0,0.0,,,0.0,0.05,False,final-analysis-freeze-v1,,,,,,,,
memory_um,memory_level,persistence,8,1,independent,wls,/Users/fgtek002/TimeTrack/results/final/packs/01_memory_classical/metrics/predictions/base__memory_um__f1__h8__persistence__s0.npz,memory_persistence_descriptive,False,accuracy_neutral,coherence_only,0.0,0.0,8269,32,5000,0,0.000277503656352,0.0902557373046875,844465442.1477809,844465442.1480584,3.2861457971121426e-13,-1.3761256668318356e-12,2.1226186404726417e-12,0.37,0.74,True,True,157380669.84724358,157380669.8492861,1.2978289958643606e-11,1101664688.930705,1101664688.9450028,1.2978289958643606e-11,271687768.66658604,271687768.6785438,4.401289275640461e-11,3.0,4.0,-0.0011931277399758,0.0016843645615046,,,0.0,0.05,False,final-analysis-freeze-v1,,,,,,,,
memory_um,memory_level,persistence,8,1,independent,mint,/Users/fgtek002/TimeTrack/results/final/packs/01_memory_classical/metrics/predictions/base__memory_um__f1__h8__persistence__s0.npz,memory_persistence_descriptive,False,accuracy_neutral,coherence_only,0.0,0.0,8269,32,5000,0,0.0001285971400382,0.1047210693359375,844465442.1477809,844465442.1479094,1.522823002812454e-13,-1.8440108575752817e-12,2.233129960325909e-12,0.458,0.916,True,True,157380669.84724358,157380669.8487323,9.45932821151109e-12,1101664688.930705,1101664688.941126,9.459355263592078e-12,271687768.66658604,271687768.6933195,9.839772387748507e-11,3.0,4.0,-0.0015792049048586,0.0017768285052204,,,0.0,0.05,False,final-analysis-freeze-v1,,,,,,,,
memory_um,memory_level,persistence,8,2,independent,bottom_up,/Users/fgtek002/TimeTrack/results/final/packs/01_memory_classical/metrics/predictions/base__memory_um__f2__h8__persistence__s0.npz,memory_persistence_descriptive,False,accuracy_neutral,coherence_only,0.0,0.0,8272,32,5000,0,0.0,0.0,1043003720.7891682,1043003720.7891682,0.0,0.0,0.0,0.0,1.0,True,True,191036776.90411717,191036776.90411717,0.0,1337257438.3288202,1337257438.3288202,0.0,451769564.84332687,451769564.84332687,0.0,0.0,0.0,0.0,0.0,,,0.0,0.05,False,final-analysis-freeze-v1,,,,,,,,
memory_um,memory_level,persistence,8,2,independent,wls,/Users/fgtek002/TimeTrack/results/final/packs/01_memory_classical/metrics/predictions/base__memory_um__f2__h8__persistence__s0.npz,memory_persistence_descriptive,False,accuracy_neutral,coherence_only,0.0,0.0,8272,32,5000,0,-0.0002176683230372,-0.0101089477539062,1043003720.7891682,1043003720.7889508,-2.0869371671325118e-13,-3.66116277463649e-13,-5.789918005262431e-14,0.997,0.006,False,False,191036776.90411717,191036776.9045978,2.5158614008002776e-12,1337257438.3288202,1337257438.3321843,2.51566082543326e-12,451769564.84332687,451769564.8418743,-3.215278996671716e-12,3.0,4.0,-0.0003865350837633,-5.733215140189609e-05,,,0.0,0.05,False,final-analysis-freeze-v1,,,,,,,,
memory_um,memory_level,persistence,8,2,independent,mint,/Users/fgtek002/TimeTrack/results/final/packs/01_memory_classical/metrics/predictions/base__memory_um__f2__h8__persistence__s0.npz,memory_persistence_descriptive,False,accuracy_neutral,coherence_only,0.0,0.0,8272,32,5000,0,0.0004988712775638,0.022247314453125,1043003720.7891682,1043003720.7896672,4.783024907968171e-13,1.4176880624322469e-13,8.281029192007945e-13,0.0022,0.0044,False,False,191036776.90411717,191036776.90357944,-2.814763269959658e-12,1337257438.3288202,1337257438.325056,-2.8148301284153307e-12,451769564.84332687,451769564.842899,-9.470362182236179e-13,5.0,2.0,0.0001423302194827,0.0008751566682147,,,0.0,0.05,False,final-analysis-freeze-v1,,,,,,,,
memory_um,memory_level,persistence,16,0,independent,bottom_up,/Users/fgtek002/TimeTrack/results/final/packs/01_memory_classical/metrics/predictions/base__memory_um__f0__h16__persistence__s0.npz,memory_persistence_descriptive,False,accuracy_neutral,coherence_only,0.0,0.0,8261,32,5000,0,0.0,0.0,1285438902.927975,1285438902.927975,0.0,0.0,0.0,0.0,1.0,True,True,227277894.74342436,227277894.74342436,0.0,1590945263.2039704,1590945263.2039704,0.0,426683283.0427309,426683283.0427309,0.0,0.0,0.0,0.0,0.0,,,0.0,0.05,False,final-analysis-freeze-v1,,,,,,,,
memory_um,memory_level,persistence,16,0,independent,wls,/Users/fgtek002/TimeTrack/results/final/packs/01_memory_classical/metrics/predictions/base__memory_um__f0__h16__persistence__s0.npz,memory_persistence_descriptive,False,accuracy_neutral,coherence_only,0.0,0.0,8261,32,5000,0,-1.3385842432627709e-05,-0.0001373291015625,1285438902.927975,1285438902.9279616,-1.0413441200618259e-14,-1.4498108024021488e-14,-6.287340501422321e-15,1.0,0.0,False,False,227277894.74342436,227277894.7426956,-3.206454328385132e-12,1590945263.2039704,1590945263.1988692,-3.206398130997811e-12,426683283.0427309,426683283.0425786,-3.570551697255999e-13,6.0,1.0,-1.8587240568446616e-05,-7.86235843035518e-06,,,0.0,0.05,False,final-analysis-freeze-v1,,,,,,,,
memory_um,memory_level,persistence,16,0,independent,mint,/Users/fgtek002/TimeTrack/results/final/packs/01_memory_classical/metrics/predictions/base__memory_um__f0__h16__persistence__s0.npz,memory_persistence_descriptive,False,accuracy_neutral,coherence_only,0.0,0.0,8261,32,5000,0,1.773573327419501e-05,0.003387451171875,1285438902.927975,1285438902.9279926,1.3797414434709052e-14,-3.817921382921359e-14,6.048620608664808e-14,0.2788,0.5576,True,True,227277894.74342436,227277894.74294963,-2.088725759491546e-12,1590945263.2039704,1590945263.2006474,-2.0887444919539863e-12,426683283.0427309,426683283.0425949,-3.187793025484424e-13,6.0,1.0,-4.6057770953832387e-05,7.913065597373475e-05,,,0.0,0.05,False,final-analysis-freeze-v1,,,,,,,,
memory_um,memory_level,persistence,16,1,independent,bottom_up,/Users/fgtek002/TimeTrack/results/final/packs/01_memory_classical/metrics/predictions/base__memory_um__f1__h16__persistence__s0.npz,memory_persistence_descriptive,False,accuracy_neutral,coherence_only,0.0,0.0,8261,32,5000,0,0.0,0.0,844976853.3901465,844976853.3901465,0.0,0.0,0.0,0.0,1.0,True,True,157471415.92404935,157471415.92404935,0.0,1102299911.4683452,1102299911.4683452,0.0,271934026.06367266,271934026.06367266,0.0,0.0,0.0,0.0,0.0,,,0.0,0.05,False,final-analysis-freeze-v1,,,,,,,,
memory_um,memory_level,persistence,16,1,independent,wls,/Users/fgtek002/TimeTrack/results/final/packs/01_memory_classical/metrics/predictions/base__memory_um__f1__h16__persistence__s0.npz,memory_persistence_descriptive,False,accuracy_neutral,coherence_only,0.0,0.0,8261,32,5000,0,0.0002004773258051,0.1517791748046875,844976853.3901465,844976853.390347,2.3725777221096394e-13,-2.6566018842106376e-12,3.105665821354889e-12,0.4362,0.8724,True,True,157471415.92404935,157471415.92866796,2.932986208913434e-11,1102299911.4683452,1102299911.5006757,2.933005134457613e-11,271934026.06367266,271934026.09566814,1.1765896219516915e-10,5.0,2.0,-0.0022518222607043,0.00251665885361,,,0.0,0.05,False,final-analysis-freeze-v1,,,,,,,,
memory_um,memory_level,persistence,16,1,independent,mint,/Users/fgtek002/TimeTrack/results/final/packs/01_memory_classical/metrics/predictions/base__memory_um__f1__h16__persistence__s0.npz,memory_persistence_descriptive,False,accuracy_neutral,coherence_only,0.0,0.0,8261,32,5000,0,0.0001726361773317,0.0750732421875,844976853.3901465,844976853.3903192,2.0430876495504331e-13,-1.2130656232854237e-12,1.620542572980792e-12,0.3864,0.7728,True,True,157471415.92404935,157471415.92744452,2.1560547693372817e-11,1102299911.4683452,1102299911.4921117,2.156084509478132e-11,271934026.06367266,271934026.0800938,6.038648225808978e-11,3.0,4.0,-0.0010221024861766,0.0013072565326014,,,0.0,0.05,False,final-analysis-freeze-v1,,,,,,,,
memory_um,memory_level,persistence,16,2,independent,bottom_up,/Users/fgtek002/TimeTrack/results/final/packs/01_memory_classical/metrics/predictions/base__memory_um__f2__h16__persistence__s0.npz,memory_persistence_descriptive,False,accuracy_neutral,coherence_only,0.0,0.0,8264,32,5000,0,0.0,0.0,1043733133.2584704,1043733133.2584704,0.0,0.0,0.0,0.0,1.0,True,True,191170063.50656897,191170063.50656897,0.0,1338190444.5459826,1338190444.5459826,0.0,452192737.76573086,452192737.76573086,0.0,0.0,0.0,0.0,0.0,,,0.0,0.05,False,final-analysis-freeze-v1,,,,,,,,
memory_um,memory_level,persistence,16,2,independent,wls,/Users/fgtek002/TimeTrack/results/final/packs/01_memory_classical/metrics/predictions/base__memory_um__f2__h16__persistence__s0.npz,memory_persistence_descriptive,False,accuracy_neutral,coherence_only,0.0,0.0,8264,32,5000,0,-0.000289580944316,-0.0132598876953125,1043733133.2584704,1043733133.258181,-2.7744730438137093e-13,-4.822005566822703e-13,-7.926286721261432e-14,0.9972,0.0056,False,False,191170063.50656897,191170063.5071428,3.0019005558249532e-12,1338190444.5459826,1338190444.55,3.002078720734196e-12,452192737.76573086,452192737.767811,4.600123629349449e-12,1.0,6.0,-0.0005157361764529,-8.014173960062576e-05,,,0.0,0.05,False,final-analysis-freeze-v1,,,,,,,,
memory_um,memory_level,persistence,16,2,independent,mint,/Users/fgtek002/TimeTrack/results/final/packs/01_memory_classical/metrics/predictions/base__memory_um__f2__h16__persistence__s0.npz,memory_persistence_descriptive,False,accuracy_neutral,coherence_only,0.0,0.0,8264,32,5000,0,-0.0008356864316188,-0.04150390625,1043733133.2584704,1043733133.2576348,-8.006705976746376e-13,-1.4268111037197372e-12,-1.896663927930565e-13,0.9962,0.0076,False,False,191170063.50656897,191170063.50865775,1.0926475283403363e-11,1338190444.5459826,1338190444.5606046,1.0926675718926259e-11,452192737.76573086,452192737.7744467,1.9274674863821633e-11,1.0,6.0,-0.0015335989136894,-0.0001893118297949,,,0.0,0.05,False,final-analysis-freeze-v1,,,,,,,,
memory_um,memory_level,ridge,1,0,independent,bottom_up,/Users/fgtek002/TimeTrack/results/final/packs/01_memory_classical/metrics/predictions/base__memory_um__f0__h1__ridge__s0.npz,memory_ridge,True,substantial_improvement,pareto_improvement,465104157.5826315,0.0,8276,32,5000,0,-95293358.03805548,-114708280.18115234,1358694507.6124406,1263401149.574385,-0.0701359705983571,-0.0906324452156693,-0.0522992248813427,1.0,0.0,False,False,261733944.41832015,261733944.41832015,0.0,1832137610.928241,1832137610.928241,0.0,559235518.7529912,559235518.7529912,0.0,0.0,0.0,-116743464.64935352,-74331113.77435558,0.0,1.0,27.0,0.05,True,final-analysis-freeze-v1,,,,,,,,
memory_um,memory_level,ridge,1,0,independent,wls,/Users/fgtek002/TimeTrack/results/final/packs/01_memory_classical/metrics/predictions/base__memory_um__f0__h1__ridge__s0.npz,memory_ridge,True,substantial_improvement,pareto_improvement,465104157.5826315,0.0,8276,32,5000,0,-86210717.44397233,-90491829.18976592,1358694507.6124406,1272483790.1684682,-0.0634511414898303,-0.0777992029495897,-0.0512902020780322,1.0,0.0,False,False,261733944.41832015,262021246.00642988,0.0010976856240339,1832137610.928241,1834148722.045009,0.0010976856240338,559235518.7529912,545227534.6865388,-0.0250484520326749,3.0,4.0,-100411744.3516566,-72430106.38855357,0.0,18.0,27.0,0.05,True,final-analysis-freeze-v1,,,,,,,,
memory_um,memory_level,ridge,1,0,independent,mint,/Users/fgtek002/TimeTrack/results/final/packs/01_memory_classical/metrics/predictions/base__memory_um__f0__h1__ridge__s0.npz,memory_ridge,True,substantial_improvement,pareto_improvement,465104157.5826315,0.0,8276,32,5000,0,-89277176.44040298,-94759401.04060364,1358694507.6124406,1269417331.1720374,-0.0657080572124228,-0.0811585275110659,-0.052560358575561,1.0,0.0,False,False,261733944.41832015,261697154.5817311,-0.0001405619613872,1832137610.928241,1831880082.0721176,-0.0001405619613871,559235518.7529912,545639721.5498854,-0.0243113978765553,3.0,4.0,-104781445.33232364,-74461853.80764301,0.0,17.0,27.0,0.05,True,final-analysis-freeze-v1,,,,,,,,
memory_um,memory_level,ridge,1,1,independent,bottom_up,/Users/fgtek002/TimeTrack/results/final/packs/01_memory_classical/metrics/predictions/base__memory_um__f1__h1__ridge__s0.npz,memory_ridge,True,substantial_improvement,pareto_improvement,301581705.2888302,0.0,8276,32,5000,0,-42353317.92880735,-24010812.059944153,834422178.6472346,792068860.7184273,-0.0507576608252078,-0.0679950506712684,-0.0346693492824937,1.0,0.0,False,False,178183129.56075743,178183129.56075743,0.0,1247281906.925302,1247281906.925302,0.0,323324236.2392898,323324236.2392898,0.0,0.0,0.0,-54719629.68405352,-29507642.41579168,0.0,16.0,27.0,0.05,True,final-analysis-freeze-v1,,,,,,,,
memory_um,memory_level,ridge,1,1,independent,wls,/Users/fgtek002/TimeTrack/results/final/packs/01_memory_classical/metrics/predictions/base__memory_um__f1__h1__ridge__s0.npz,memory_ridge,True,substantial_improvement,pareto_improvement,301581705.2888302,0.0,8276,32,5000,0,-47401350.98729179,-28780802.85640717,834422178.6472346,787020827.6599429,-0.0568073958246638,-0.0697137678595451,-0.0450953322298293,1.0,0.0,False,False,178183129.56075743,177628446.42540503,-0.0031129946854102,1247281906.925302,1243399124.9778352,-0.0031129946854102,323324236.2392898,333659702.0682708,0.0319662576155651,3.0,4.0,-56539039.76685872,-38419100.72763793,0.0,15.0,27.0,0.05,True,final-analysis-freeze-v1,,,,,,,,
memory_um,memory_level,ridge,1,1,independent,mint,/Users/fgtek002/TimeTrack/results/final/packs/01_memory_classical/metrics/predictions/base__memory_um__f1__h1__ridge__s0.npz,memory_ridge,True,substantial_improvement,pareto_improvement,301581705.2888302,0.0,8276,32,5000,0,-47174094.16847809,-28950418.164222717,834422178.6472346,787248084.4787565,-0.0565350435015482,-0.0692537573465269,-0.044991126427357,1.0,0.0,False,False,178183129.56075743,177520776.71471253,-0.0037172590226565,1247281906.925302,1242645437.002988,-0.0037172590226562,323324236.2392898,332717766.907755,0.0290529741219681,4.0,3.0,-56171245.010516845,-38301109.757500336,0.0,14.0,27.0,0.05,True,final-analysis-freeze-v1,,,,,,,,
memory_um,memory_level,ridge,1,2,independent,bottom_up,/Users/fgtek002/TimeTrack/results/final/packs/01_memory_classical/metrics/predictions/base__memory_um__f2__h1__ridge__s0.npz,memory_ridge,True,modest_degradation,accuracy_costly_coherence,427789448.3116636,0.0,8279,32,5000,0,41509894.84440204,33942748.47314453,1062872941.5920458,1104382836.436448,0.0390544280694789,0.0184614831543869,0.0598223113692385,0.0,0.0,False,False,224063327.55073223,224063327.55073223,0.0,1568443292.8551257,1568443292.8551257,0.0,624311043.091988,624311043.091988,0.0,0.0,0.0,19247439.25287456,64021466.54903416,0.0,13.0,27.0,0.05,True,final-analysis-freeze-v1,,,,,,,,
memory_um,memory_level,ridge,1,2,independent,wls,/Users/fgtek002/TimeTrack/results/final/packs/01_memory_classical/metrics/predictions/base__memory_um__f2__h1__ridge__s0.npz,memory_ridge,True,accuracy_neutral,coherence_only,427789448.3116636,0.0,8279,32,5000,0,736093.168010057,10883609.504394531,1062872941.5920458,1063609034.760056,0.0006925504820053,-0.0131328921513749,0.0140617439555875,0.482,0.964,True,True,224063327.55073223,222852884.58402556,-0.0054022359657788,1568443292.8551257,1559970192.0881786,-0.0054022359657791,624311043.091988,597631222.4171896,-0.0427348209999022,3.0,4.0,-13657458.923187284,15012171.24748356,1.0,24.0,27.0,0.05,False,final-analysis-freeze-v1,,,,,,,,
memory_um,memory_level,ridge,1,2,independent,mint,/Users/fgtek002/TimeTrack/results/final/packs/01_memory_classical/metrics/predictions/base__memory_um__f2__h1__ridge__s0.npz,memory_ridge,True,accuracy_neutral,coherence_only,427789448.3116636,0.0,8279,32,5000,0,155157.00321908476,10054617.54624939,1062872941.5920458,1063028098.595265,0.0001459788815271,-0.0134944591586714,0.0133524131194026,0.5122,0.9756,True,True,224063327.55073223,221996840.72351244,-0.0092227802282901,1568443292.8551257,1553977885.064587,-0.0092227802282901,624311043.091988,594671676.1871946,-0.0474753205677738,3.0,4.0,-14057626.562836075,14294008.058854874,1.0,25.0,27.0,0.05,False,final-analysis-freeze-v1,,,,,,,,
memory_um,memory_level,ridge,8,0,independent,bottom_up,/Users/fgtek002/TimeTrack/results/final/packs/01_memory_classical/metrics/predictions/base__memory_um__f0__h8__ridge__s0.npz,memory_ridge,True,substantial_improvement,pareto_improvement,464923296.3696819,0.0,8269,32,5000,0,-95690047.0932594,-115166473.11401369,1357156730.239117,1261466683.145857,-0.070507735003016,-0.0908807395038219,-0.0524412359699666,1.0,0.0,False,False,261400373.59635028,261400373.59635028,0.0,1829802615.174452,1829802615.174452,0.0,557653013.2877678,557653013.2877678,0.0,0.0,0.0,-117129622.43052045,-74051141.4374306,0.0,12.0,27.0,0.05,True,final-analysis-freeze-v1,,,,,,,,
memory_um,memory_level,ridge,8,0,independent,wls,/Users/fgtek002/TimeTrack/results/final/packs/01_memory_classical/metrics/predictions/base__memory_um__f0__h8__ridge__s0.npz,memory_ridge,True,substantial_improvement,aggregate_focused_improvement,464923296.3696819,0.0,8269,32,5000,0,-79762487.00902544,-81505423.28456116,1357156730.239117,1277394243.230091,-0.058771758067303,-0.0709018076795281,-0.0479966506875814,1.0,0.0,False,False,261400373.59635028,267470159.40056887,0.0232202644575843,1829802615.174452,1872291115.8039825,0.0232202644575844,557653013.2877678,556351577.2994941,-0.0023337737934934,2.0,5.0,-91528940.06291622,-67878765.52201608,0.0,19.0,27.0,0.05,True,final-analysis-freeze-v1,,,,,,,,
memory_um,memory_level,ridge,8,0,independent,mint,/Users/fgtek002/TimeTrack/results/final/packs/01_memory_classical/metrics/predictions/base__memory_um__f0__h8__ridge__s0.npz,memory_ridge,True,substantial_improvement,pareto_improvement,464923296.3696819,0.0,8269,32,5000,0,-84070165.16092171,-87012856.2021637,1357156730.239117,1273086565.0781949,-0.0619458042595488,-0.0752813874585553,-0.0501554257512785,1.0,0.0,False,False,261400373.59635028,265875886.3935516,0.0171212945705744,1829802615.174452,1861131204.7548616,0.0171212945705748,557653013.2877678,555259558.2555056,-0.0042920148824285,2.0,5.0,-97100875.84928976,-70835420.55212879,0.0,10.0,27.0,0.05,True,final-analysis-freeze-v1,,,,,,,,
memory_um,memory_level,ridge,8,1,independent,bottom_up,/Users/fgtek002/TimeTrack/results/final/packs/01_memory_classical/metrics/predictions/base__memory_um__f1__h8__ridge__s0.npz,memory_ridge,True,substantial_improvement,pareto_improvement,301967643.2167778,0.0,8269,32,5000,0,-42212487.7237821,-23861293.380996704,835005834.3233938,792793346.5996116,-0.0505535242852367,-0.0675632525745433,-0.0342835227266025,1.0,0.0,False,False,178261117.22330347,178261117.22330347,0.0,1247827820.5631242,1247827820.5631242,0.0,323284304.3208601,323284304.3208601,0.0,0.0,0.0,-54598992.12132394,-29393600.4860698,0.0,9.0,27.0,0.05,True,final-analysis-freeze-v1,,,,,,,,
memory_um,memory_level,ridge,8,1,independent,wls,/Users/fgtek002/TimeTrack/results/final/packs/01_memory_classical/metrics/predictions/base__memory_um__f1__h8__ridge__s0.npz,memory_ridge,True,substantial_improvement,pareto_improvement,301967643.2167778,0.0,8269,32,5000,0,-47352220.104366705,-28929834.408828735,835005834.3233938,787653614.2190269,-0.0567088493971257,-0.0694315002397233,-0.0449959627383636,1.0,0.0,False,False,178261117.22330347,177698230.1947988,-0.0031576545534579,1247827820.5631242,1243887611.363592,-0.0031576545534574,323284304.3208601,333630435.6611398,0.0320031971920639,3.0,4.0,-56419693.25245832,-38211669.13199612,0.0,11.0,27.0,0.05,True,final-analysis-freeze-v1,,,,,,,,
memory_um,memory_level,ridge,8,1,independent,mint,/Users/fgtek002/TimeTrack/results/final/packs/01_memory_classical/metrics/predictions/base__memory_um__f1__h8__ridge__s0.npz,memory_ridge,True,substantial_improvement,pareto_improvement,301967643.2167778,0.0,8269,32,5000,0,-47141653.106079265,-28842626.798065186,835005834.3233938,787864181.2173144,-0.0564566751132681,-0.0690059976877739,-0.0449134031802339,1.0,0.0,False,False,178261117.22330347,177587842.28029126,-0.0037769029696409,1247827820.5631242,1243114895.962039,-0.0037769029696407,323284304.3208601,332668107.3792174,0.0290264727762467,4.0,3.0,-56062065.97294433,-38109479.7978049,0.0,8.0,27.0,0.05,True,final-analysis-freeze-v1,,,,,,,,
memory_um,memory_level,ridge,8,2,independent,bottom_up,/Users/fgtek002/TimeTrack/results/final/packs/01_memory_classical/metrics/predictions/base__memory_um__f2__h8__ridge__s0.npz,memory_ridge,True,modest_degradation,accuracy_costly_coherence,428265056.35127103,0.0,8272,32,5000,0,41637765.31720144,33850399.984680176,1063739741.8137752,1105377507.130977,0.0391428125513155,0.0186239838612817,0.0602393284928549,0.0002,0.0004,False,False,224244437.9939652,224244437.9939652,0.0,1569711065.9577563,1569711065.9577563,0.0,624820134.8466777,624820134.8466777,0.0,0.0,0.0,19819510.50623796,64529541.82528206,0.0032,20.0,27.0,0.05,True,final-analysis-freeze-v1,,,,,,,,
memory_um,memory_level,ridge,8,2,independent,wls,/Users/fgtek002/TimeTrack/results/final/packs/01_memory_classical/metrics/predictions/base__memory_um__f2__h8__ridge__s0.npz,memory_ridge,True,accuracy_neutral,coherence_only,428265056.35127103,0.0,8272,32,5000,0,788121.1944554973,10686343.703559875,1063739741.8137752,1064527863.0082308,0.000740896634276,-0.0127247041478828,0.0142876967000886,0.4736,0.9472,True,True,224244437.9939652,223031947.13097015,-0.0054070052922681,1569711065.9577563,1561223629.9167912,-0.0054070052922679,624820134.8466777,598099219.7586807,-0.0427657714560589,3.0,4.0,-13372103.264700571,15377995.784179913,1.0,23.0,27.0,0.05,False,final-analysis-freeze-v1,,,,,,,,
memory_um,memory_level,ridge,8,2,independent,mint,/Users/fgtek002/TimeTrack/results/final/packs/01_memory_classical/metrics/predictions/base__memory_um__f2__h8__ridge__s0.npz,memory_ridge,True,accuracy_neutral,coherence_only,428265056.35127103,0.0,8272,32,5000,0,200484.08803988705,10147903.34841156,1063739741.8137752,1063940225.901815,0.0001884709954504,-0.0131347827142799,0.0135994551958061,0.5062,0.9876,True,True,224244437.9939652,222174121.57506785,-0.0092324092290445,1569711065.9577563,1555218851.025475,-0.0092324092290442,624820134.8466777,595128490.4955484,-0.0475203065573666,3.0,4.0,-13817175.954197433,14641629.421819622,1.0,26.0,27.0,0.05,False,final-analysis-freeze-v1,,,,,,,,
memory_um,memory_level,ridge,16,0,independent,bottom_up,/Users/fgtek002/TimeTrack/results/final/packs/01_memory_classical/metrics/predictions/base__memory_um__f0__h16__ridge__s0.npz,memory_ridge,True,substantial_improvement,pareto_improvement,464949215.46992654,0.0,8261,32,5000,0,-96136426.4847737,-115332915.41197205,1353419666.8608923,1257283240.376119,-0.0710322369614677,-0.0904623429676994,-0.0523069349461096,1.0,0.0,False,False,260710830.9345253,260710830.9345253,0.0,1824975816.5416777,1824975816.5416777,0.0,556011047.6539087,556011047.6539087,0.0,0.0,0.0,-116898757.17482471,-74130811.80081083,0.0,7.0,27.0,0.05,True,final-analysis-freeze-v1,,,,,,,,
memory_um,memory_level,ridge,16,0,independent,wls,/Users/fgtek002/TimeTrack/results/final/packs/01_memory_classical/metrics/predictions/base__memory_um__f0__h16__ridge__s0.npz,memory_ridge,True,substantial_improvement,aggregate_focused_improvement,464949215.46992654,0.0,8261,32,5000,0,-79931965.22641352,-81482124.7598114,1353419666.8608923,1273487701.6344788,-0.0590592609104069,-0.0705421577633279,-0.0480358855301878,1.0,0.0,False,False,260710830.9345253,266823319.924636,0.023445473930639,1824975816.5416777,1867763239.472452,0.023445473930639,556011047.6539087,554703099.8890148,-0.0023523772961216,2.0,5.0,-91262969.76800086,-67402582.71257569,0.0,6.0,27.0,0.05,True,final-analysis-freeze-v1,,,,,,,,
memory_um,memory_level,ridge,16,0,independent,mint,/Users/fgtek002/TimeTrack/results/final/packs/01_memory_classical/metrics/predictions/base__memory_um__f0__h16__ridge__s0.npz,memory_ridge,True,substantial_improvement,pareto_improvement,464949215.46992654,0.0,8261,32,5000,0,-83894752.65052839,-86396719.45524597,1353419666.8608923,1269524914.210364,-0.0619872421723507,-0.074472914229075,-0.0499587807195131,1.0,0.0,False,False,260710830.9345253,265376802.99344388,0.0178971162885456,1824975816.5416777,1857637620.9541068,0.0178971162885453,556011047.6539087,553536332.6715099,-0.0044508377897182,2.0,5.0,-96348599.33972137,-70163229.78860547,0.0,5.0,27.0,0.05,True,final-analysis-freeze-v1,,,,,,,,
memory_um,memory_level,ridge,16,1,independent,bottom_up,/Users/fgtek002/TimeTrack/results/final/packs/01_memory_classical/metrics/predictions/base__memory_um__f1__h16__ridge__s0.npz,memory_ridge,True,substantial_improvement,pareto_improvement,301682596.29424995,0.0,8261,32,5000,0,-42652711.705829024,-23684094.60762024,835539072.0094448,792886360.3036158,-0.0510481354309985,-0.0680331506966584,-0.0348726407219639,1.0,0.0,False,False,178285454.2207062,178285454.2207062,0.0,1247998179.544943,1247998179.544943,0.0,323099011.53891915,323099011.53891915,0.0,0.0,0.0,-55608098.02693498,-29613598.04020744,0.0,4.0,27.0,0.05,True,final-analysis-freeze-v1,,,,,,,,
memory_um,memory_level,ridge,16,1,independent,wls,/Users/fgtek002/TimeTrack/results/final/packs/01_memory_classical/metrics/predictions/base__memory_um__f1__h16__ridge__s0.npz,memory_ridge,True,substantial_improvement,pareto_improvement,301682596.29424995,0.0,8261,32,5000,0,-47566860.96953527,-28790678.16442871,835539072.0094448,787972211.0399096,-0.0569295471187702,-0.0699025647486941,-0.0452530258673109,1.0,0.0,False,False,178285454.2207062,177692845.9960083,-0.0033239291858564,1247998179.544943,1243849921.9720578,-0.0033239291858567,323099011.53891915,333151279.2355268,0.0311120348178372,3.0,4.0,-56934671.07215214,-38284409.180883184,0.0,3.0,27.0,0.05,True,final-analysis-freeze-v1,,,,,,,,
memory_um,memory_level,ridge,16,1,independent,mint,/Users/fgtek002/TimeTrack/results/final/packs/01_memory_classical/metrics/predictions/base__memory_um__f1__h16__ridge__s0.npz,memory_ridge,True,substantial_improvement,pareto_improvement,301682596.29424995,0.0,8261,32,5000,0,-47338892.900148705,-28869999.55340576,835539072.0094448,788200179.1092962,-0.0566567076106927,-0.0694530649352318,-0.0451090031741701,1.0,0.0,False,False,178285454.2207062,177595965.74184984,-0.0038673288399782,1247998179.544943,1243171760.1929488,-0.0038673288399782,323099011.53891915,332226909.948497,0.0282510873868097,4.0,3.0,-56606299.32530088,-38158275.18392784,0.0,2.0,27.0,0.05,True,final-analysis-freeze-v1,,,,,,,,
memory_um,memory_level,ridge,16,2,independent,bottom_up,/Users/fgtek002/TimeTrack/results/final/packs/01_memory_classical/metrics/predictions/base__memory_um__f2__h16__ridge__s0.npz,memory_ridge,True,modest_degradation,accuracy_costly_coherence,428885072.4161675,0.0,8264,32,5000,0,41702464.74280591,34363893.168144226,1065098498.0995754,1106800962.842381,0.0391536227092747,0.018432323204306,0.059196886172166,0.0002,0.0004,False,False,224455614.5922059,224455614.5922059,0.0,1571189302.1454415,1571189302.1454415,0.0,625552604.2462146,625552604.2462146,0.0,0.0,0.0,19692197.267874204,63942956.598228075,0.0032,21.0,27.0,0.05,True,final-analysis-freeze-v1,,,,,,,,
memory_um,memory_level,ridge,16,2,independent,wls,/Users/fgtek002/TimeTrack/results/final/packs/01_memory_classical/metrics/predictions/base__memory_um__f2__h16__ridge__s0.npz,memory_ridge,True,accuracy_neutral,coherence_only,428885072.4161675,0.0,8264,32,5000,0,821308.7758039695,10739839.891021729,1065098498.0995754,1065919806.8753792,0.0007711106318048,-0.0128823085819414,0.0138279632197383,0.465,0.93,True,True,224455614.5922059,223245201.76516423,-0.0053926600554894,1571189302.1454415,1562716412.3561497,-0.0053926600554893,625552604.2462146,598803485.1918497,-0.0427607828227289,3.0,4.0,-13682621.418174986,14790101.572907615,1.0,22.0,27.0,0.05,False,final-analysis-freeze-v1,,,,,,,,
memory_um,memory_level,ridge,16,2,independent,mint,/Users/fgtek002/TimeTrack/results/final/packs/01_memory_classical/metrics/predictions/base__memory_um__f2__h16__ridge__s0.npz,memory_ridge,True,accuracy_neutral,coherence_only,428885072.4161675,0.0,8264,32,5000,0,242009.1462704436,10156266.91407013,1065098498.0995754,1065340507.2458456,0.0002272176204381,-0.0133101588552018,0.0130949284553639,0.4976,0.9952,True,True,224455614.5922059,222383878.84618917,-0.0092300464382712,1571189302.1454415,1556687151.923324,-0.0092300464382712,625552604.2462146,595829702.12211,-0.0475146325382506,3.0,4.0,-14078234.913205046,14052356.405078849,1.0,27.0,27.0,0.05,False,final-analysis-freeze-v1,,,,,,,,
memory_um,memory_level,lightgbm,1,0,independent,bottom_up,/Users/fgtek002/TimeTrack/results/final/packs/01_memory_classical/metrics/predictions/base__memory_um__f0__h1__lightgbm__s0.npz,memory_lightgbm,True,substantial_degradation,accuracy_costly_coherence,1491534985.8369813,0.0,8276,32,5000,0,226445113.9799882,509124778.1463547,1848635679.4026904,2075080793.3826785,0.1224930993721567,0.0570980073683224,0.2080385221744598,0.0004,0.0008,False,False,506790526.9619002,506790526.9619002,0.0,3547533688.7333016,3547533688.7333016,0.0,1186296378.2341874,1186296378.2341874,0.0,0.0,0.0,113403082.64470142,352388393.56593573,0.0096,16.0,27.0,0.05,True,final-analysis-freeze-v1,,,,,,,,
memory_um,memory_level,lightgbm,1,0,independent,wls,/Users/fgtek002/TimeTrack/results/final/packs/01_memory_classical/metrics/predictions/base__memory_um__f0__h1__lightgbm__s0.npz,memory_lightgbm,True,accuracy_neutral,coherence_only,1491534985.8369813,0.0,8276,32,5000,0,20209724.66580991,238483535.86486816,1848635679.4026904,1868845404.0685005,0.0109322376988525,-0.0335433905613576,0.0692068537249159,0.3062,0.6124,True,True,506790526.9619002,522887013.17675346,0.0317616162072883,3547533688.7333016,3660209092.237274,0.0317616162072882,1186296378.2341874,1185538040.1419497,-0.0006392484257319,4.0,3.0,-66732203.88433147,117564886.0824907,1.0,23.0,27.0,0.05,False,final-analysis-freeze-v1,,,,,,,,
memory_um,memory_level,lightgbm,1,0,independent,mint,/Users/fgtek002/TimeTrack/results/final/packs/01_memory_classical/metrics/predictions/base__memory_um__f0__h1__lightgbm__s0.npz,memory_lightgbm,True,accuracy_neutral,accuracy_costly_coherence,1491534985.8369813,0.0,8276,32,5000,0,-15747713.47414698,168354206.88220978,1848635679.4026904,1832887965.928543,-0.0085185597408977,-0.0449484546892188,0.0391041783174428,0.623,0.754,True,True,506790526.9619002,536030867.6765774,0.0576970940833617,3547533688.7333016,3752216073.7360415,0.0576970940833615,1186296378.2341874,1185513850.6278963,-0.000659639210444,4.0,3.0,-89209566.47100414,65444181.17417877,1.0,27.0,27.0,0.05,False,final-analysis-freeze-v1,,,,,,,,
memory_um,memory_level,lightgbm,1,1,independent,bottom_up,/Users/fgtek002/TimeTrack/results/final/packs/01_memory_classical/metrics/predictions/base__memory_um__f1__h1__lightgbm__s0.npz,memory_lightgbm,True,substantial_improvement,pareto_improvement,732754784.1564883,0.0,8276,32,5000,0,-156277546.42076963,-34846278.145858765,1352577183.857901,1196299637.4371316,-0.11554057564022,-0.1439031340816957,-0.0876585537111385,1.0,0.0,False,False,238395087.09822717,238395087.09822717,0.0,1668765609.68759,1668765609.68759,0.0,792462122.928106,792462122.928106,0.0,0.0,0.0,-198692654.95187083,-115521834.03366163,0.0,4.0,27.0,0.05,True,final-analysis-freeze-v1,,,,,,,,
memory_um,memory_level,lightgbm,1,1,independent,wls,/Users/fgtek002/TimeTrack/results/final/packs/01_memory_classical/metrics/predictions/base__memory_um__f1__h1__lightgbm__s0.npz,memory_lightgbm,True,substantial_improvement,aggregate_focused_improvement,732754784.1564883,0.0,8276,32,5000,0,-130707235.72680075,-43601426.60296631,1352577183.857901,1221869948.131101,-0.0966356946477463,-0.1154605053785308,-0.0778930575854725,1.0,0.0,False,False,238395087.09822717,246352054.7894911,0.0333772301607262,1668765609.68759,1724464383.5264378,0.0333772301607264,792462122.928106,802856518.267589,0.013116583163718,4.0,3.0,-159857688.16844055,-102214508.1948255,0.0,5.0,27.0,0.05,True,final-analysis-freeze-v1,,,,,,,,
memory_um,memory_level,lightgbm,1,1,independent,mint,/Users/fgtek002/TimeTrack/results/final/packs/01_memory_classical/metrics/predictions/base__memory_um__f1__h1__lightgbm__s0.npz,memory_lightgbm,True,substantial_improvement,aggregate_focused_improvement,732754784.1564883,0.0,8276,32,5000,0,-132172633.37543651,-42851723.92221832,1352577183.857901,1220404550.4824648,-0.0977191061277892,-0.116903720641607,-0.078634167625184,1.0,0.0,False,False,238395087.09822717,246949233.4340984,0.0358822257622557,1668765609.68759,1728644634.038689,0.0358822257622557,792462122.928106,799701665.3748881,0.009135505959619,2.0,5.0,-161996082.8343094,-103118166.20459564,0.0,6.0,27.0,0.05,True,final-analysis-freeze-v1,,,,,,,,
memory_um,memory_level,lightgbm,1,2,independent,bottom_up,/Users/fgtek002/TimeTrack/results/final/packs/01_memory_classical/metrics/predictions/base__memory_um__f2__h1__lightgbm__s0.npz,memory_lightgbm,True,substantial_improvement,pareto_improvement,763501987.9491076,0.0,8279,32,5000,0,-89710532.64011082,-64563854.4067688,1263368437.7287288,1173657905.0886176,-0.0710090025688717,-0.1000128655255675,-0.041473583930767,1.0,0.0,False,False,232768082.75908303,232768082.75908303,0.0,1629376579.3135812,1629376579.3135812,0.0,543885368.3844925,543885368.3844925,0.0,0.0,0.0,-126703873.42109495,-52136341.10080119,0.0,7.0,27.0,0.05,True,final-analysis-freeze-v1,,,,,,,,
memory_um,memory_level,lightgbm,1,2,independent,wls,/Users/fgtek002/TimeTrack/results/final/packs/01_memory_classical/metrics/predictions/base__memory_um__f2__h1__lightgbm__s0.npz,memory_lightgbm,True,substantial_improvement,aggregate_focused_improvement,763501987.9491076,0.0,8279,32,5000,0,-95558933.11279877,-67974183.86335754,1263368437.7287288,1167809504.6159296,-0.0756382146799501,-0.0957309652374972,-0.0550457128878091,1.0,0.0,False,False,232768082.75908303,240270211.2576235,0.0322300566710651,1629376579.3135812,1681891478.8033645,0.0322300566710651,543885368.3844925,557938720.5242864,0.0258388126555723,3.0,4.0,-122324631.2609714,-68907040.07665604,0.0,8.0,27.0,0.05,True,final-analysis-freeze-v1,,,,,,,,
memory_um,memory_level,lightgbm,1,2,independent,mint,/Users/fgtek002/TimeTrack/results/final/packs/01_memory_classical/metrics/predictions/base__memory_um__f2__h1__lightgbm__s0.npz,memory_lightgbm,True,substantial_improvement,pareto_improvement,763501987.9491076,0.0,8279,32,5000,0,-96896175.7973249,-68872310.45028687,1263368437.7287288,1166472261.9314036,-0.0766966887122207,-0.1008477174854872,-0.0517450411522081,1.0,0.0,False,False,232768082.75908303,234949607.0931166,0.0093720939235962,1629376579.3135812,1644647249.6518164,0.0093720939235964,543885368.3844925,549081040.4288744,0.0095528807105339,4.0,3.0,-128559731.86866422,-65107316.40883017,0.0,9.0,27.0,0.05,True,final-analysis-freeze-v1,,,,,,,,
memory_um,memory_level,lightgbm,8,0,independent,bottom_up,/Users/fgtek002/TimeTrack/results/final/packs/01_memory_classical/metrics/predictions/base__memory_um__f0__h8__lightgbm__s0.npz,memory_lightgbm,True,substantial_degradation,accuracy_costly_coherence,1792691829.1344185,0.0,8269,32,5000,0,482542023.82199913,600942159.2368011,1526324191.3500135,2008866215.1720128,0.3161464822196109,0.2171210264061993,0.4468664341612364,0.0,0.0,False,False,506382941.60759974,506382941.60759974,0.0,3544680591.2531977,3544680591.2531977,0.0,1174995716.280489,1174995716.280489,0.0,0.0,0.0,363017916.1392525,611801840.9451164,0.0,10.0,27.0,0.05,True,final-analysis-freeze-v1,,,,,,,,
memory_um,memory_level,lightgbm,8,0,independent,wls,/Users/fgtek002/TimeTrack/results/final/packs/01_memory_classical/metrics/predictions/base__memory_um__f0__h8__lightgbm__s0.npz,memory_lightgbm,True,substantial_degradation,accuracy_costly_coherence,1792691829.1344185,0.0,8269,32,5000,0,89859364.68377295,138378776.9590454,1526324191.3500135,1616183556.0337863,0.0588730527846076,0.0065461384930941,0.1249564136546092,0.0126,0.0252,False,False,506382941.60759974,535715187.25140136,0.0579250271556963,3544680591.2531977,3750006310.7598095,0.0579250271556965,1174995716.280489,1158612420.212014,-0.0139432815298571,5.0,2.0,10719696.200560205,172596219.0790501,0.2016,20.0,27.0,0.05,False,final-analysis-freeze-v1,,,,,,,,
memory_um,memory_level,lightgbm,8,0,independent,mint,/Users/fgtek002/TimeTrack/results/final/packs/01_memory_classical/metrics/predictions/base__memory_um__f0__h8__lightgbm__s0.npz,memory_lightgbm,True,substantial_degradation,accuracy_costly_coherence,1792691829.1344185,0.0,8269,32,5000,0,232248769.0694646,293231121.36291504,1526324191.3500135,1758572960.419478,0.1521621490281456,0.0808575586499652,0.2444923958790044,0.0,0.0,False,False,506382941.60759974,528429739.88751686,0.0435377981136682,3544680591.2531977,3699008179.212618,0.0435377981136683,1174995716.280489,1165246761.1729972,-0.0082970133187826,4.0,3.0,133564483.0369304,335780015.86092645,0.0,12.0,27.0,0.05,True,final-analysis-freeze-v1,,,,,,,,
memory_um,memory_level,lightgbm,8,1,independent,bottom_up,/Users/fgtek002/TimeTrack/results/final/packs/01_memory_classical/metrics/predictions/base__memory_um__f1__h8__lightgbm__s0.npz,memory_lightgbm,True,accuracy_neutral,coherence_only,799168503.5116102,0.0,8269,32,5000,0,-8716604.176525947,86723792.38044739,1349230704.7903304,1340514100.6138046,-0.0064604252968587,-0.0389773193885029,0.0265701894075629,0.6434,0.7132,True,True,255925025.03682473,255925025.03682473,0.0,1791475175.2577734,1791475175.2577734,0.0,861639278.76333,861639278.76333,0.0,0.0,0.0,-53529911.4559443,35114470.257797085,1.0,26.0,27.0,0.05,False,final-analysis-freeze-v1,,,,,,,,
memory_um,memory_level,lightgbm,8,1,independent,wls,/Users/fgtek002/TimeTrack/results/final/packs/01_memory_classical/metrics/predictions/base__memory_um__f1__h8__lightgbm__s0.npz,memory_lightgbm,True,modest_improvement,pareto_improvement,799168503.5116102,0.0,8269,32,5000,0,-33093991.40740466,43587127.56039429,1349230704.7903304,1316136713.382926,-0.0245280449740042,-0.0463320264927278,-0.0021338644175493,0.9832,0.0336,False,False,255925025.03682473,260569657.4398508,0.018148410466533,1791475175.2577734,1823987602.0789552,0.0181484104665327,861639278.76333,854592106.5928376,-0.0081787963294882,3.0,4.0,-64006650.99163358,-2802154.49291458,0.2352,21.0,27.0,0.05,False,final-analysis-freeze-v1,,,,,,,,
memory_um,memory_level,lightgbm,8,1,independent,mint,/Users/fgtek002/TimeTrack/results/final/packs/01_memory_classical/metrics/predictions/base__memory_um__f1__h8__lightgbm__s0.npz,memory_lightgbm,True,modest_improvement,aggregate_focused_improvement,799168503.5116102,0.0,8269,32,5000,0,-32544702.57265974,45517971.81057739,1349230704.7903304,1316686002.217671,-0.0241209323632441,-0.0463645483764846,-0.0012917501626134,0.981,0.038,False,False,255925025.03682473,261977288.54998523,0.0236485803304684,1791475175.2577734,1833841019.849897,0.0236485803304683,861639278.76333,855531821.3243234,-0.0070881836396459,5.0,2.0,-63945137.76661442,-1689622.0677507063,0.2352,22.0,27.0,0.05,False,final-analysis-freeze-v1,,,,,,,,
memory_um,memory_level,lightgbm,8,2,independent,bottom_up,/Users/fgtek002/TimeTrack/results/final/packs/01_memory_classical/metrics/predictions/base__memory_um__f2__h8__lightgbm__s0.npz,memory_lightgbm,True,substantial_improvement,pareto_improvement,767941323.936843,0.0,8272,32,5000,0,-94732908.42078078,-86299620.32493591,1262294522.4928114,1167561614.072031,-0.0750481814923032,-0.105382064602441,-0.0439022421083138,1.0,0.0,False,False,232323552.07861236,232323552.07861236,0.0,1626264864.5502863,1626264864.5502863,0.0,551178955.4350102,551178955.4350102,0.0,0.0,0.0,-132271571.14719322,-56257703.369340315,0.0,15.0,27.0,0.05,True,final-analysis-freeze-v1,,,,,,,,
memory_um,memory_level,lightgbm,8,2,independent,wls,/Users/fgtek002/TimeTrack/results/final/packs/01_memory_classical/metrics/predictions/base__memory_um__f2__h8__lightgbm__s0.npz,memory_lightgbm,True,substantial_improvement,aggregate_focused_improvement,767941323.936843,0.0,8272,32,5000,0,-99737511.73185708,-86992319.73634338,1262294522.4928114,1162557010.7609544,-0.0790128689894755,-0.1002824583108626,-0.0578563946320046,1.0,0.0,False,False,232323552.07861236,240670947.2255983,0.0359300427025213,1626264864.5502863,1684696630.5791883,0.0359300427025214,551178955.4350102,567682546.315906,0.0299423457992343,4.0,3.0,-126363915.21159686,-73367233.96281926,0.0,13.0,27.0,0.05,True,final-analysis-freeze-v1,,,,,,,,
memory_um,memory_level,lightgbm,8,2,independent,mint,/Users/fgtek002/TimeTrack/results/final/packs/01_memory_classical/metrics/predictions/base__memory_um__f2__h8__lightgbm__s0.npz,memory_lightgbm,True,substantial_improvement,pareto_improvement,767941323.936843,0.0,8272,32,5000,0,-102031350.1076269,-90177391.10508728,1262294522.4928114,1160263172.3851843,-0.0808300664302438,-0.1057470615748538,-0.0560629495131048,1.0,0.0,False,False,232323552.07861236,235799166.02158305,0.0149602307294037,1626264864.5502863,1650594162.1510816,0.014960230729404,551178955.4350102,559273749.4987191,0.0146863264351597,3.0,4.0,-132790265.75418995,-71223247.27359353,0.0,11.0,27.0,0.05,True,final-analysis-freeze-v1,,,,,,,,
memory_um,memory_level,lightgbm,16,0,independent,bottom_up,/Users/fgtek002/TimeTrack/results/final/packs/01_memory_classical/metrics/predictions/base__memory_um__f0__h16__lightgbm__s0.npz,memory_lightgbm,True,substantial_degradation,accuracy_costly_coherence,1522331834.1169596,0.0,8261,32,5000,0,376607095.3936553,571239278.4701691,1735274052.5911322,2111881147.9847877,0.2170303271873979,0.1368238118129094,0.3213913601490045,0.0,0.0,False,False,493552141.9963232,493552141.9963232,0.0,3454864993.974262,3454864993.974262,0.0,1183450473.6563418,1183450473.6563418,0.0,0.0,0.0,256041707.9699265,506716327.3489141,0.0,3.0,27.0,0.05,True,final-analysis-freeze-v1,,,,,,,,
memory_um,memory_level,lightgbm,16,0,independent,wls,/Users/fgtek002/TimeTrack/results/final/packs/01_memory_classical/metrics/predictions/base__memory_um__f0__h16__lightgbm__s0.npz,memory_lightgbm,True,substantial_degradation,accuracy_costly_coherence,1522331834.1169596,0.0,8261,32,5000,0,106346573.04819909,239053898.62568665,1735274052.5911322,1841620625.639331,0.0612851744595622,0.0120696093583165,0.1247657983777197,0.0072,0.0144,False,False,493552141.9963232,517959041.8128505,0.0494515122917025,3454864993.974262,3625713292.689954,0.0494515122917026,1183450473.6563418,1174124004.246359,-0.0078807433159139,5.0,2.0,22981544.278926972,197094552.14469656,0.144,18.0,27.0,0.05,False,final-analysis-freeze-v1,,,,,,,,
memory_um,memory_level,lightgbm,16,0,independent,mint,/Users/fgtek002/TimeTrack/results/final/packs/01_memory_classical/metrics/predictions/base__memory_um__f0__h16__lightgbm__s0.npz,memory_lightgbm,True,substantial_degradation,accuracy_costly_coherence,1522331834.1169596,0.0,8261,32,5000,0,160846859.90007547,316997548.8530426,1735274052.5911322,1896120912.491208,0.09269248258504,0.0352683315046365,0.166512068550028,0.0016,0.0032,False,False,493552141.9963232,514972121.9736711,0.0433996292483064,3454864993.974262,3604804853.815698,0.0433996292483065,1183450473.6563418,1178029089.1527364,-0.0045809982118268,4.0,3.0,65788551.15280333,262408413.08942696,0.0352,17.0,27.0,0.05,True,final-analysis-freeze-v1,,,,,,,,
memory_um,memory_level,lightgbm,16,1,independent,bottom_up,/Users/fgtek002/TimeTrack/results/final/packs/01_memory_classical/metrics/predictions/base__memory_um__f1__h16__lightgbm__s0.npz,memory_lightgbm,True,modest_degradation,accuracy_costly_coherence,787283428.9104376,0.0,8261,32,5000,0,50163258.26613721,117738796.6214447,1348125215.317614,1398288473.5837512,0.0372096432113087,0.0048992093016269,0.0704077421375394,0.011,0.022,False,False,265230185.9482802,265230185.9482802,0.0,1856611301.6379616,1856611301.6379616,0.0,923669854.191054,923669854.191054,0.0,0.0,0.0,6743272.890027523,91673030.74116544,0.1979999999999999,19.0,27.0,0.05,False,final-analysis-freeze-v1,,,,,,,,
memory_um,memory_level,lightgbm,16,1,independent,wls,/Users/fgtek002/TimeTrack/results/final/packs/01_memory_classical/metrics/predictions/base__memory_um__f1__h16__lightgbm__s0.npz,memory_lightgbm,True,accuracy_neutral,coherence_only,787283428.9104376,0.0,8261,32,5000,0,6874502.193367428,61955319.560180664,1348125215.317614,1354999717.5109816,0.0050993054022417,-0.0170041735916592,0.02756907518913,0.339,0.678,True,True,265230185.9482802,269224669.04179114,0.0150604392152025,1856611301.6379616,1884572683.2925384,0.0150604392152026,923669854.191054,912366007.1556742,-0.012237973323574,3.0,4.0,-23436633.27649024,35788567.26231463,1.0,25.0,27.0,0.05,False,final-analysis-freeze-v1,,,,,,,,
memory_um,memory_level,lightgbm,16,1,independent,mint,/Users/fgtek002/TimeTrack/results/final/packs/01_memory_classical/metrics/predictions/base__memory_um__f1__h16__lightgbm__s0.npz,memory_lightgbm,True,accuracy_neutral,coherence_only,787283428.9104376,0.0,8261,32,5000,0,6935920.337753763,62029384.61062622,1348125215.317614,1355061135.6553676,0.0051448635920066,-0.016979443811528,0.0276350255688676,0.3376,0.6752,True,True,265230185.9482802,271808252.78085476,0.024801350604404,1856611301.6379616,1902657769.4659832,0.0248013506044038,923669854.191054,914951920.4303068,-0.0094383655818042,4.0,3.0,-23399704.123822723,35870504.69986419,1.0,24.0,27.0,0.05,False,final-analysis-freeze-v1,,,,,,,,
memory_um,memory_level,lightgbm,16,2,independent,bottom_up,/Users/fgtek002/TimeTrack/results/final/packs/01_memory_classical/metrics/predictions/base__memory_um__f2__h16__lightgbm__s0.npz,memory_lightgbm,True,substantial_improvement,pareto_improvement,780548531.5914713,0.0,8264,32,5000,0,-135730365.9050015,-118923101.48039246,1266339742.2184117,1130609376.3134103,-0.1071832158305519,-0.1363158972913839,-0.0756339504674956,1.0,0.0,False,False,228151917.36734945,228151917.36734945,0.0,1597063421.571446,1597063421.571446,0.0,550804983.1242582,550804983.1242582,0.0,0.0,0.0,-171465383.57418194,-97483516.57312874,0.0,2.0,27.0,0.05,True,final-analysis-freeze-v1,,,,,,,,
memory_um,memory_level,lightgbm,16,2,independent,wls,/Users/fgtek002/TimeTrack/results/final/packs/01_memory_classical/metrics/predictions/base__memory_um__f2__h16__lightgbm__s0.npz,memory_lightgbm,True,substantial_improvement,aggregate_focused_improvement,780548531.5914713,0.0,8264,32,5000,0,-131282397.06381798,-109736668.12836456,1266339742.2184117,1135057345.1545937,-0.1036707549222403,-0.1250874974134419,-0.0818255691970989,1.0,0.0,False,False,228151917.36734945,237802041.67696673,0.0422969240012108,1597063421.571446,1664614291.7387671,0.0422969240012108,550804983.1242582,570643348.9154772,0.036017041237885,2.0,5.0,-156889293.92406732,-104598143.8448863,0.0,14.0,27.0,0.05,True,final-analysis-freeze-v1,,,,,,,,
memory_um,memory_level,lightgbm,16,2,independent,mint,/Users/fgtek002/TimeTrack/results/final/packs/01_memory_classical/metrics/predictions/base__memory_um__f2__h16__lightgbm__s0.npz,memory_lightgbm,True,substantial_improvement,pareto_improvement,780548531.5914713,0.0,8264,32,5000,0,-138224383.26919088,-117587498.75045776,1266339742.2184117,1128115358.949221,-0.1091526852241447,-0.1345323994971748,-0.0828440398403133,1.0,0.0,False,False,228151917.36734945,231715380.61343613,0.0156188178789186,1597063421.571446,1622007664.2940528,0.0156188178789185,550804983.1242582,559339434.2160821,0.0154945059563824,2.0,5.0,-168680898.8642119,-106322713.39774162,0.0,1.0,27.0,0.05,True,final-analysis-freeze-v1,,,,,,,,
memory_um,memory_level,dlinear,1,0,independent,bottom_up,/Users/fgtek002/TimeTrack/results/final/packs/02_memory_dlinear/metrics/predictions/base__memory_um__f0__h1__dlinear__s0.npz,memory_dlinear,True,accuracy_neutral,coherence_only,405896187.4710493,0.0,8276,32,5000,0,5618216.805273066,5173099.684234619,1288970217.5265772,1294588434.3318503,0.004358686282181,-0.0100209676486132,0.017860355653773,0.2804,0.5608,True,True,269954482.4285869,269954482.4285869,0.0,1889681377.000108,1889681377.000108,0.0,548074446.1739749,548074446.1739749,0.0,0.0,0.0,-12574363.032415455,23284331.994573288,1.0,26.0,27.0,0.05,False,final-analysis-freeze-v1,,,,,,,,
memory_um,memory_level,dlinear,1,0,independent,wls,/Users/fgtek002/TimeTrack/results/final/packs/02_memory_dlinear/metrics/predictions/base__memory_um__f0__h1__dlinear__s0.npz,memory_dlinear,True,accuracy_neutral,coherence_only,405896187.4710493,0.0,8276,32,5000,0,-16348740.152555935,-3743953.434364319,1288970217.5265772,1272621477.3740215,-0.0126835670291341,-0.0227239483031103,-0.0033557826408164,0.996,0.008,False,False,269954482.4285869,270074328.95174885,0.0004439508545432,1889681377.000108,1890520302.662242,0.0004439508545432,548074446.1739749,542870484.0337878,-0.0094949913766553,6.0,1.0,-29161792.46281955,-4319190.714430463,0.072,19.0,27.0,0.05,False,final-analysis-freeze-v1,,,,,,,,
memory_um,memory_level,dlinear,1,0,independent,mint,/Users/fgtek002/TimeTrack/results/final/packs/02_memory_dlinear/metrics/predictions/base__memory_um__f0__h1__dlinear__s0.npz,memory_dlinear,True,accuracy_neutral,coherence_only,405896187.4710493,0.0,8276,32,5000,0,-14319060.488599485,-2833012.066421509,1288970217.5265772,1274651157.037978,-0.0111089149259604,-0.0218353607485856,-0.0011307584252048,0.9854,0.0292,False,False,269954482.4285869,269953063.9497293,-5.254511222839532e-06,1889681377.000108,1889671447.648105,-5.254511223123412e-06,548074446.1739749,542670741.6845518,-0.0098594352047344,5.0,2.0,-27995992.687007777,-1456829.758277405,0.2336,20.0,27.0,0.05,False,final-analysis-freeze-v1,,,,,,,,
memory_um,memory_level,dlinear,1,1,independent,bottom_up,/Users/fgtek002/TimeTrack/results/final/packs/02_memory_dlinear/metrics/predictions/base__memory_um__f1__h1__dlinear__s0.npz,memory_dlinear,True,modest_improvement,pareto_improvement,303539149.51929253,0.0,8276,32,5000,0,-37101931.038987346,-11900938.176773071,836589801.3086051,799487870.2696177,-0.0443490118824685,-0.0606403135611069,-0.0285907373144347,1.0,0.0,False,False,178494246.02162883,178494246.02162883,0.0,1249459722.151402,1249459722.151402,0.0,328854318.0901246,328854318.0901246,0.0,0.0,0.0,-50743957.11649018,-23878646.530726857,0.0,15.0,27.0,0.05,True,final-analysis-freeze-v1,,,,,,,,
memory_um,memory_level,dlinear,1,1,independent,wls,/Users/fgtek002/TimeTrack/results/final/packs/02_memory_dlinear/metrics/predictions/base__memory_um__f1__h1__dlinear__s0.npz,memory_dlinear,True,substantial_improvement,pareto_improvement,303539149.51929253,0.0,8276,32,5000,0,-43802890.246695355,-20618514.680740356,836589801.3086051,792786911.0619098,-0.0523588623458931,-0.0643274416894438,-0.0411031991422669,1.0,0.0,False,False,178494246.02162883,177809120.05404922,-0.0038383644450733,1249459722.151402,1244663840.3783443,-0.0038383644450735,328854318.0901246,322746810.7617208,-0.0185720758172621,3.0,4.0,-54052905.848248444,-33987070.27012726,0.0,14.0,27.0,0.05,True,final-analysis-freeze-v1,,,,,,,,
memory_um,memory_level,dlinear,1,1,independent,mint,/Users/fgtek002/TimeTrack/results/final/packs/02_memory_dlinear/metrics/predictions/base__memory_um__f1__h1__dlinear__s0.npz,memory_dlinear,True,substantial_improvement,pareto_improvement,303539149.51929253,0.0,8276,32,5000,0,-43699458.79789012,-20642958.541641235,836589801.3086051,792890342.5107149,-0.0522352277418811,-0.0640914209680558,-0.0411082528871014,1.0,0.0,False,False,178494246.02162883,177528654.64329857,-0.0054096498898527,1249459722.151402,1242700582.5030897,-0.0054096498898531,328854318.0901246,321138315.9713083,-0.0234632835707563,4.0,3.0,-53828730.618096046,-33961591.32330639,0.0,13.0,27.0,0.05,True,final-analysis-freeze-v1,,,,,,,,
memory_um,memory_level,dlinear,1,2,independent,bottom_up,/Users/fgtek002/TimeTrack/results/final/packs/02_memory_dlinear/metrics/predictions/base__memory_um__f2__h1__dlinear__s0.npz,memory_dlinear,True,modest_degradation,accuracy_costly_coherence,446698754.89137936,0.0,8279,32,5000,0,39088012.658895634,38860678.49847412,1048733686.1079496,1087821698.7668452,0.0372716288002139,0.0158999655913403,0.0586810121214407,0.0002,0.0004,False,False,222412737.13792387,222412737.13792387,0.0,1556889159.965467,1556889159.965467,0.0,616887912.2037311,616887912.2037311,0.0,0.0,0.0,16350999.116038324,61478950.40194551,0.004,18.0,27.0,0.05,True,final-analysis-freeze-v1,,,,,,,,
memory_um,memory_level,dlinear,1,2,independent,wls,/Users/fgtek002/TimeTrack/results/final/packs/02_memory_dlinear/metrics/predictions/base__memory_um__f2__h1__dlinear__s0.npz,memory_dlinear,True,accuracy_neutral,coherence_only,446698754.89137936,0.0,8279,32,5000,0,-3707593.2297771927,9725156.523895264,1048733686.1079496,1045026092.8781724,-0.0035353047955737,-0.0180539095405167,0.0104417790069545,0.7128,0.5744,True,True,222412737.13792387,220735988.84268847,-0.0075389040970059,1556889159.965467,1545151921.8988194,-0.0075389040970057,616887912.2037311,587208850.1702105,-0.0481109476233648,4.0,3.0,-18640725.033477105,11204593.54894582,1.0,27.0,27.0,0.05,False,final-analysis-freeze-v1,,,,,,,,
memory_um,memory_level,dlinear,1,2,independent,mint,/Users/fgtek002/TimeTrack/results/final/packs/02_memory_dlinear/metrics/predictions/base__memory_um__f2__h1__dlinear__s0.npz,memory_dlinear,True,accuracy_neutral,coherence_only,446698754.89137936,0.0,8279,32,5000,0,-4589643.904346078,9194563.932067871,1048733686.1079496,1044144042.2036036,-0.0043763673896841,-0.0186584939309386,0.0094033390603999,0.7544,0.4912,True,True,222412737.13792387,219747163.0049414,-0.0119848088166347,1556889159.965467,1538230141.0345898,-0.0119848088166347,616887912.2037311,583648941.247345,-0.0538817024921842,4.0,3.0,-19314809.25236964,10040362.972717814,1.0,25.0,27.0,0.05,False,final-analysis-freeze-v1,,,,,,,,
memory_um,memory_level,dlinear,8,0,independent,bottom_up,/Users/fgtek002/TimeTrack/results/final/packs/02_memory_dlinear/metrics/predictions/base__memory_um__f0__h8__dlinear__s0.npz,memory_dlinear,True,substantial_improvement,pareto_improvement,411277892.719184,0.0,8269,32,5000,0,-100924848.2096304,-109108667.85430908,1351523873.7521622,1250599025.5425315,-0.0746748541921336,-0.0924961549142144,-0.0596222308611886,1.0,0.0,False,False,262265333.2811841,262265333.2811841,0.0,1835857332.9682884,1835857332.9682884,0.0,549070948.1062284,549070948.1062284,0.0,0.0,0.0,-117567167.97228906,-84822572.00224662,0.0,16.0,27.0,0.05,True,final-analysis-freeze-v1,,,,,,,,
memory_um,memory_level,dlinear,8,0,independent,wls,/Users/fgtek002/TimeTrack/results/final/packs/02_memory_dlinear/metrics/predictions/base__memory_um__f0__h8__dlinear__s0.npz,memory_dlinear,True,substantial_improvement,pareto_improvement,411277892.719184,0.0,8269,32,5000,0,-78355439.79107442,-78122382.56640625,1351523873.7521622,1273168433.9610877,-0.057975623895966,-0.0691552853408673,-0.0485625070124677,1.0,0.0,False,False,262265333.2811841,267428650.15255377,0.0196873784528505,1835857332.9682884,1872000551.0678763,0.0196873784528507,549070948.1062284,548077883.7986714,-0.001808626573637,2.0,5.0,-88235601.67020836,-68734894.67774318,0.0,9.0,27.0,0.05,True,final-analysis-freeze-v1,,,,,,,,
memory_um,memory_level,dlinear,8,0,independent,mint,/Users/fgtek002/TimeTrack/results/final/packs/02_memory_dlinear/metrics/predictions/base__memory_um__f0__h8__dlinear__s0.npz,memory_dlinear,True,substantial_improvement,pareto_improvement,411277892.719184,0.0,8269,32,5000,0,-85101544.87572846,-85378087.41850281,1351523873.7521622,1266422328.8764336,-0.0629671044133801,-0.0755997717230397,-0.0523684428534897,1.0,0.0,False,False,262265333.2811841,265909607.69162032,0.0138953721593431,1835857332.9682884,1861367253.8413424,0.0138953721593432,549070948.1062284,547584167.8624023,-0.0027078108010522,2.0,5.0,-96256839.17370652,-74142393.25133215,0.0,10.0,27.0,0.05,True,final-analysis-freeze-v1,,,,,,,,
memory_um,memory_level,dlinear,8,1,independent,bottom_up,/Users/fgtek002/TimeTrack/results/final/packs/02_memory_dlinear/metrics/predictions/base__memory_um__f1__h8__dlinear__s0.npz,memory_dlinear,True,modest_improvement,pareto_improvement,287605532.3304146,0.0,8269,32,5000,0,-37569046.84032168,-16565873.367782593,836114125.5450646,798545078.7047428,-0.0449329172806766,-0.0607328717786086,-0.0291295520992021,1.0,0.0,False,False,177605775.06773308,177605775.06773308,0.0,1243240425.4741316,1243240425.4741316,0.0,316219021.57834566,316219021.57834566,0.0,0.0,0.0,-50906719.04108427,-24389458.49100973,0.0,7.0,27.0,0.05,True,final-analysis-freeze-v1,,,,,,,,
memory_um,memory_level,dlinear,8,1,independent,wls,/Users/fgtek002/TimeTrack/results/final/packs/02_memory_dlinear/metrics/predictions/base__memory_um__f1__h8__dlinear__s0.npz,memory_dlinear,True,substantial_improvement,pareto_improvement,287605532.3304146,0.0,8269,32,5000,0,-41857817.941062436,-20097481.875808716,836114125.5450646,794256307.6040021,-0.0500623260177254,-0.0615215945596341,-0.0391065816835214,1.0,0.0,False,False,177605775.06773308,177383673.7989381,-0.001250529543368,1243240425.4741316,1241685716.5925667,-0.001250529543368,316219021.57834566,325102628.84437525,0.0280932096421296,4.0,3.0,-51683827.69400296,-32350297.83258324,0.0,1.0,27.0,0.05,True,final-analysis-freeze-v1,,,,,,,,
memory_um,memory_level,dlinear,8,1,independent,mint,/Users/fgtek002/TimeTrack/results/final/packs/02_memory_dlinear/metrics/predictions/base__memory_um__f1__h8__dlinear__s0.npz,memory_dlinear,True,modest_improvement,pareto_improvement,287605532.3304146,0.0,8269,32,5000,0,-41699013.62582569,-20120005.15864563,836114125.5450646,794415111.9192388,-0.0498723946311061,-0.0611708773162349,-0.0390553745316488,1.0,0.0,False,False,177605775.06773308,177276521.1587917,-0.0018538468628952,1243240425.4741316,1240935648.1115415,-0.0018538468628952,316219021.57834566,324245774.5982366,0.0253835236723805,5.0,2.0,-51382276.0023649,-32323627.86612576,0.0,6.0,27.0,0.05,True,final-analysis-freeze-v1,,,,,,,,
memory_um,memory_level,dlinear,8,2,independent,bottom_up,/Users/fgtek002/TimeTrack/results/final/packs/02_memory_dlinear/metrics/predictions/base__memory_um__f2__h8__dlinear__s0.npz,memory_dlinear,True,substantial_degradation,accuracy_costly_coherence,422773609.62416166,0.0,8272,32,5000,0,55921437.1406579,39036925.942741394,1047041227.013701,1102962664.1543586,0.053409011696849,0.0338274502857811,0.0727872697150738,0.0,0.0,False,False,226639661.50603232,226639661.50603232,0.0,1586477630.5422263,1586477630.5422263,0.0,604648543.9959629,604648543.9959629,0.0,0.0,0.0,35304477.181518026,77081816.23179087,0.0,5.0,27.0,0.05,True,final-analysis-freeze-v1,,,,,,,,
memory_um,memory_level,dlinear,8,2,independent,wls,/Users/fgtek002/TimeTrack/results/final/packs/02_memory_dlinear/metrics/predictions/base__memory_um__f2__h8__dlinear__s0.npz,memory_dlinear,True,accuracy_neutral,coherence_only,422773609.62416166,0.0,8272,32,5000,0,10483268.824582689,12902156.851287842,1047041227.013701,1057524495.8382838,0.0100122789381296,-0.0034148206018324,0.0229264654152364,0.0682,0.1364,True,True,226639661.50603232,224774257.35124695,-0.0082307048218728,1586477630.5422263,1573419801.4587288,-0.0082307048218729,604648543.9959629,578887060.3866626,-0.0426057151135259,4.0,3.0,-3584095.5217361394,24254078.520565573,0.9548,21.0,27.0,0.05,False,final-analysis-freeze-v1,,,,,,,,
memory_um,memory_level,dlinear,8,2,independent,mint,/Users/fgtek002/TimeTrack/results/final/packs/02_memory_dlinear/metrics/predictions/base__memory_um__f2__h8__dlinear__s0.npz,memory_dlinear,True,accuracy_neutral,coherence_only,422773609.62416166,0.0,8272,32,5000,0,8862225.244349942,11433647.198760986,1047041227.013701,1055903452.2580508,0.0084640652303884,-0.0046256552711941,0.0210444916461894,0.0964,0.1928,True,True,226639661.50603232,224103729.42082813,-0.0111892687641376,1586477630.5422263,1568726105.945797,-0.0111892687641377,604648543.9959629,576032849.1238126,-0.0473261618775044,4.0,3.0,-4853094.214353905,22265111.824941,1.0,22.0,27.0,0.05,False,final-analysis-freeze-v1,,,,,,,,
memory_um,memory_level,dlinear,16,0,independent,bottom_up,/Users/fgtek002/TimeTrack/results/final/packs/02_memory_dlinear/metrics/predictions/base__memory_um__f0__h16__dlinear__s0.npz,memory_dlinear,True,substantial_improvement,pareto_improvement,414229236.4238867,0.0,8261,32,5000,0,-104849245.6117322,-115017915.20491028,1349931371.2096462,1245082125.597914,-0.0776700563064764,-0.0958323722520203,-0.060943306769578,1.0,0.0,False,False,261870716.2195335,261870716.2195335,0.0,1833095013.5367348,1833095013.5367348,0.0,545422081.7846916,545422081.7846916,0.0,0.0,0.0,-121847971.98445398,-86943693.49989624,0.0,4.0,27.0,0.05,True,final-analysis-freeze-v1,,,,,,,,
memory_um,memory_level,dlinear,16,0,independent,wls,/Users/fgtek002/TimeTrack/results/final/packs/02_memory_dlinear/metrics/predictions/base__memory_um__f0__h16__dlinear__s0.npz,memory_dlinear,True,substantial_improvement,pareto_improvement,414229236.4238867,0.0,8261,32,5000,0,-81216680.70324388,-81042474.7522583,1349931371.2096462,1268714690.5064025,-0.0601635627079821,-0.071452386535121,-0.0498047463967283,1.0,0.0,False,False,261870716.2195335,267048263.3108819,0.0197713863012003,1833095013.5367348,1869337843.1761737,0.0197713863012002,545422081.7846916,544432314.8144464,-0.0018146807826453,2.0,5.0,-91061982.7500233,-70634717.1899488,0.0,3.0,27.0,0.05,True,final-analysis-freeze-v1,,,,,,,,
memory_um,memory_level,dlinear,16,0,independent,mint,/Users/fgtek002/TimeTrack/results/final/packs/02_memory_dlinear/metrics/predictions/base__memory_um__f0__h16__dlinear__s0.npz,memory_dlinear,True,substantial_improvement,pareto_improvement,414229236.4238867,0.0,8261,32,5000,0,-87318675.39899747,-88396188.27670288,1349931371.2096462,1262612695.810649,-0.06468378856975,-0.0772608623479455,-0.0531189719255318,1.0,0.0,False,False,261870716.2195335,265480675.0801789,0.0137852712695796,1833095013.5367348,1858364725.561252,0.0137852712695794,545422081.7846916,543836456.1874841,-0.0029071532857985,3.0,4.0,-98442004.23165306,-75366815.19197531,0.0,2.0,27.0,0.05,True,final-analysis-freeze-v1,,,,,,,,
memory_um,memory_level,dlinear,16,1,independent,bottom_up,/Users/fgtek002/TimeTrack/results/final/packs/02_memory_dlinear/metrics/predictions/base__memory_um__f1__h16__dlinear__s0.npz,memory_dlinear,True,modest_improvement,pareto_improvement,298993412.82859784,0.0,8261,32,5000,0,-40818421.06281064,-29257916.57623291,846438532.3283072,805620111.2654964,-0.0482237274223929,-0.0663073923148127,-0.0318920316223034,1.0,0.0,False,False,178379845.7930321,178379845.7930321,0.0,1248658920.551225,1248658920.551225,0.0,323826852.0686288,323826852.0686288,0.0,0.0,0.0,-53585792.10225793,-27939357.30374915,0.0,8.0,27.0,0.05,True,final-analysis-freeze-v1,,,,,,,,
memory_um,memory_level,dlinear,16,1,independent,wls,/Users/fgtek002/TimeTrack/results/final/packs/02_memory_dlinear/metrics/predictions/base__memory_um__f1__h16__dlinear__s0.npz,memory_dlinear,True,substantial_improvement,pareto_improvement,298993412.82859784,0.0,8261,32,5000,0,-45732727.68615079,-31748376.92567444,846438532.3283072,800705804.6421564,-0.0540295909737867,-0.0676328480177145,-0.0423768647874978,1.0,0.0,False,False,178379845.7930321,177859003.69106433,-0.0029198483699335,1248658920.551225,1245013025.83745,-0.0029198483699339,323826852.0686288,332536005.2298423,0.0268944749503595,3.0,4.0,-54996522.258145235,-36806294.53932353,0.0,17.0,27.0,0.05,True,final-analysis-freeze-v1,,,,,,,,
memory_um,memory_level,dlinear,16,1,independent,mint,/Users/fgtek002/TimeTrack/results/final/packs/02_memory_dlinear/metrics/predictions/base__memory_um__f1__h16__dlinear__s0.npz,memory_dlinear,True,substantial_improvement,pareto_improvement,298993412.82859784,0.0,8261,32,5000,0,-45494829.72673706,-31724758.04663086,846438532.3283072,800943702.60157,-0.0537485334009948,-0.067206996354761,-0.0422884335529843,1.0,0.0,False,False,178379845.7930321,177837218.94399485,-0.0030419739776367,1248658920.551225,1244860532.607964,-0.0030419739776368,323826852.0686288,331710457.69678533,0.024345126346983,4.0,3.0,-54651433.56430066,-36726430.61410936,0.0,11.0,27.0,0.05,True,final-analysis-freeze-v1,,,,,,,,
memory_um,memory_level,dlinear,16,2,independent,bottom_up,/Users/fgtek002/TimeTrack/results/final/packs/02_memory_dlinear/metrics/predictions/base__memory_um__f2__h16__dlinear__s0.npz,memory_dlinear,True,substantial_degradation,accuracy_costly_coherence,442752201.4274765,0.0,8264,32,5000,0,58015294.53876856,46727899.8031311,1056253575.3982916,1114268869.93706,0.0549255367177263,0.0340979738745372,0.0747131584752613,0.0,0.0,False,False,228959976.16284576,228959976.16284576,0.0,1602719833.1399202,1602719833.1399202,0.0,629540423.6563799,629540423.6563799,0.0,0.0,0.0,35752774.11623618,80085831.82523401,0.0,12.0,27.0,0.05,True,final-analysis-freeze-v1,,,,,,,,
memory_um,memory_level,dlinear,16,2,independent,wls,/Users/fgtek002/TimeTrack/results/final/packs/02_memory_dlinear/metrics/predictions/base__memory_um__f2__h16__dlinear__s0.npz,memory_dlinear,True,accuracy_neutral,coherence_only,442752201.4274765,0.0,8264,32,5000,0,9074359.704870036,17035112.45465851,1056253575.3982916,1065327935.1031616,0.0085910806990151,-0.0052717018245827,0.0215691533535125,0.1086,0.2172,True,True,228959976.16284576,226909603.973296,-0.0089551554988433,1602719833.1399202,1588367227.8130722,-0.0089551554988432,629540423.6563799,600080413.7275335,-0.0467960576030087,4.0,3.0,-5574673.536471818,22910771.81295573,1.0,23.0,27.0,0.05,False,final-analysis-freeze-v1,,,,,,,,
memory_um,memory_level,dlinear,16,2,independent,mint,/Users/fgtek002/TimeTrack/results/final/packs/02_memory_dlinear/metrics/predictions/base__memory_um__f2__h16__dlinear__s0.npz,memory_dlinear,True,accuracy_neutral,coherence_only,442752201.4274765,0.0,8264,32,5000,0,7586643.541257321,16075214.72505951,1056253575.3982916,1063840218.9395489,0.0071825967911129,-0.0063359186997314,0.0198379873526651,0.149,0.298,True,True,228959976.16284576,226014500.40097937,-0.0128645880001816,1602719833.1399202,1582101502.8068552,-0.0128645880001817,629540423.6563799,596211151.2072167,-0.0529422276898222,5.0,2.0,-6709071.110526811,21092214.359912474,1.0,24.0,27.0,0.05,False,final-analysis-freeze-v1,,,,,,,,
cpu_core_weighted,cpu_weighted_mean_pct,persistence,1,0,independent,bottom_up,/Users/fgtek002/TimeTrack/results/final/packs/03_cpu_classical/metrics/predictions/base__cpu_core_weighted__f0__h1__persistence__s0.npz,cpu_persistence_descriptive,False,accuracy_neutral,coherence_only,0.0,0.0,4847,32,5000,0,0.0,0.0,1.4204331179186942,1.4204331179186942,0.0,0.0,0.0,0.0,1.0,True,True,61.877598731082195,61.877598731082195,0.0,68.10773726203394,68.10773726203394,0.0,129.615914080379,129.615914080379,0.0,0.0,0.0,0.0,0.0,,,0.0,0.05,False,final-analysis-freeze-v1,,,,,,,,
cpu_core_weighted,cpu_weighted_mean_pct,persistence,1,0,independent,wls,/Users/fgtek002/TimeTrack/results/final/packs/03_cpu_classical/metrics/predictions/base__cpu_core_weighted__f0__h1__persistence__s0.npz,cpu_persistence_descriptive,False,accuracy_neutral,coherence_only,0.0,0.0,4847,32,5000,0,4.2907336899957225e-14,2.0694557179012923e-13,1.4204331179186942,1.4204331179187373,3.0207220853050574e-14,2.5392792771379115e-14,3.5700250927505564e-14,0.0,0.0,False,False,61.877598731082195,61.87759873108231,1.837285868439965e-15,68.10773726203394,68.10773726203401,1.0432628719207004e-15,129.615914080379,129.61591408037935,2.631316652624503e-15,2.0,4.0,3.783616475396943e-14,4.797428071563048e-14,,,0.0,0.05,False,final-analysis-freeze-v1,,,,,,,,
cpu_core_weighted,cpu_weighted_mean_pct,persistence,1,0,independent,mint,/Users/fgtek002/TimeTrack/results/final/packs/03_cpu_classical/metrics/predictions/base__cpu_core_weighted__f0__h1__persistence__s0.npz,cpu_persistence_descriptive,False,accuracy_neutral,coherence_only,0.0,0.0,4847,32,5000,0,-9.643350923057517e-14,-1.9539925233402758e-13,1.4204331179186942,1.420433117918598,-6.789021462121037e-14,-8.01847708387471e-14,-5.751658430270586e-14,1.0,0.0,False,False,61.877598731082195,61.87759873108194,-4.133893203989921e-15,68.10773726203394,68.10773726203365,-4.1730514876828015e-15,129.615914080379,129.61591408037697,-1.5787899915747018e-14,3.0,2.0,-1.0336583158536409e-13,-8.947069983543601e-14,,,0.0,0.05,False,final-analysis-freeze-v1,,,,,,,,
cpu_core_weighted,cpu_weighted_mean_pct,persistence,1,1,independent,bottom_up,/Users/fgtek002/TimeTrack/results/final/packs/03_cpu_classical/metrics/predictions/base__cpu_core_weighted__f1__h1__persistence__s0.npz,cpu_persistence_descriptive,False,accuracy_neutral,coherence_only,0.0,0.0,5261,32,5000,0,0.0,0.0,1.0957052557717806,1.0957052557717806,0.0,0.0,0.0,0.0,1.0,True,True,48.96000833581532,48.96000833581532,0.0,54.13821820012196,54.13821820012196,0.0,95.33521927263313,95.33521927263313,0.0,0.0,0.0,0.0,0.0,,,0.0,0.05,False,final-analysis-freeze-v1,,,,,,,,
cpu_core_weighted,cpu_weighted_mean_pct,persistence,1,1,independent,wls,/Users/fgtek002/TimeTrack/results/final/packs/03_cpu_classical/metrics/predictions/base__cpu_core_weighted__f1__h1__persistence__s0.npz,cpu_persistence_descriptive,False,accuracy_neutral,coherence_only,0.0,0.0,5261,32,5000,0,-7.039459724546863e-15,-5.684341886080803e-14,1.0957052557717806,1.0957052557717737,-6.424592459938953e-15,-8.297086754601769e-15,-4.876656624461715e-15,1.0,0.0,False,False,48.96000833581532,48.96000833581532,0.0,54.13821820012196,54.138218200121955,-1.3124605119687878e-16,95.33521927263313,95.335219272633,-1.1924956861587765e-15,2.0,3.0,-9.019507985741248e-15,-5.291906219233495e-15,,,0.0,0.05,False,final-analysis-freeze-v1,,,,,,,,
cpu_core_weighted,cpu_weighted_mean_pct,persistence,1,1,independent,mint,/Users/fgtek002/TimeTrack/results/final/packs/03_cpu_classical/metrics/predictions/base__cpu_core_weighted__f1__h1__persistence__s0.npz,cpu_persistence_descriptive,False,accuracy_neutral,coherence_only,0.0,0.0,5261,32,5000,0,8.234461498062517e-14,3.703704010149522e-13,1.0957052557717806,1.0957052557718627,7.515215843573207e-14,6.395999941201735e-14,8.958442181689028e-14,0.0,0.0,False,False,48.96000833581532,48.96000833581587,1.1319919108090748e-14,54.13821820012196,54.13821820012254,1.0630930146947182e-14,95.33521927263313,95.33521927263313,0.0,1.0,3.0,7.318750771319289e-14,9.262800668199725e-14,,,0.0,0.05,False,final-analysis-freeze-v1,,,,,,,,
cpu_core_weighted,cpu_weighted_mean_pct,persistence,1,2,independent,bottom_up,/Users/fgtek002/TimeTrack/results/final/packs/03_cpu_classical/metrics/predictions/base__cpu_core_weighted__f2__h1__persistence__s0.npz,cpu_persistence_descriptive,False,accuracy_neutral,coherence_only,0.0,0.0,4852,32,5000,0,0.0,0.0,1.4448569341568862,1.4448569341568862,0.0,0.0,0.0,0.0,1.0,True,True,64.69834076220499,64.69834076220499,0.0,70.32121694324591,70.32121694324591,0.0,136.92294048242215,136.92294048242215,0.0,0.0,0.0,0.0,0.0,,,0.0,0.05,False,final-analysis-freeze-v1,,,,,,,,
cpu_core_weighted,cpu_weighted_mean_pct,persistence,1,2,independent,wls,/Users/fgtek002/TimeTrack/results/final/packs/03_cpu_classical/metrics/predictions/base__cpu_core_weighted__f2__h1__persistence__s0.npz,cpu_persistence_descriptive,False,accuracy_neutral,coherence_only,0.0,0.0,4852,32,5000,0,-2.740777285441081e-16,-1.7763568394002505e-15,1.4448569341568862,1.4448569341568858,-1.8969194946905939e-16,-4.086864946248478e-16,9.945317045839909e-18,0.9664,0.0672,True,True,64.69834076220499,64.69834076220499,0.0,70.32121694324591,70.3212169432459,-2.0208488039493323e-16,136.92294048242215,136.92294048242212,-2.0757448920002355e-16,3.0,1.0,-5.363896557843774e-16,1.5125987848896184e-17,,,0.0,0.05,False,final-analysis-freeze-v1,,,,,,,,
cpu_core_weighted,cpu_weighted_mean_pct,persistence,1,2,independent,mint,/Users/fgtek002/TimeTrack/results/final/packs/03_cpu_classical/metrics/predictions/base__cpu_core_weighted__f2__h1__persistence__s0.npz,cpu_persistence_descriptive,False,accuracy_neutral,coherence_only,0.0,0.0,4852,32,5000,0,-5.848578011009687e-16,4.440892098500626e-16,1.4448569341568862,1.4448569341568858,-4.0478595996236084e-16,-6.7364826207771e-16,-1.6439423871643286e-16,1.0,0.0,False,False,64.69834076220499,64.69834076220499,0.0,70.32121694324591,70.32121694324591,0.0,136.92294048242215,136.92294048242215,0.0,1.0,2.0,-8.708454860407363e-16,-2.699086717616122e-16,,,0.0,0.05,False,final-analysis-freeze-v1,,,,,,,,
cpu_core_weighted,cpu_weighted_mean_pct,persistence,8,0,independent,bottom_up,/Users/fgtek002/TimeTrack/results/final/packs/03_cpu_classical/metrics/predictions/base__cpu_core_weighted__f0__h8__persistence__s0.npz,cpu_persistence_descriptive,False,accuracy_neutral,coherence_only,0.0,0.0,4295,32,5000,0,0.0,0.0,1.3906675083299915,1.3906675083299915,0.0,0.0,0.0,0.0,1.0,True,True,60.6182791731182,60.6182791731182,0.0,66.78899238561992,66.78899238561992,0.0,124.146061827145,124.146061827145,0.0,0.0,0.0,0.0,0.0,,,0.0,0.05,False,final-analysis-freeze-v1,,,,,,,,
cpu_core_weighted,cpu_weighted_mean_pct,persistence,8,0,independent,wls,/Users/fgtek002/TimeTrack/results/final/packs/03_cpu_classical/metrics/predictions/base__cpu_core_weighted__f0__h8__persistence__s0.npz,cpu_persistence_descriptive,False,accuracy_neutral,coherence_only,0.0,0.0,4295,32,5000,0,1.2245860773485e-13,2.9309887850104133e-13,1.3906675083299915,1.390667508330114,8.805743069521101e-14,7.546514890785764e-14,1.0475291012863131e-13,0.0,0.0,False,False,60.6182791731182,60.61827917311851,5.274716396664704e-15,66.78899238561992,66.78899238562025,4.893765376224164e-15,124.146061827145,124.14606182714807,2.4839736579743527e-14,3.0,1.0,1.133741632459893e-13,1.3228874599043792e-13,,,0.0,0.05,False,final-analysis-freeze-v1,,,,,,,,
cpu_core_weighted,cpu_weighted_mean_pct,persistence,8,0,independent,mint,/Users/fgtek002/TimeTrack/results/final/packs/03_cpu_classical/metrics/predictions/base__cpu_core_weighted__f0__h8__persistence__s0.npz,cpu_persistence_descriptive,False,accuracy_neutral,coherence_only,0.0,0.0,4295,32,5000,0,4.256271961446428e-14,2.3092638912203256e-14,1.3906675083299915,1.390667508330034,3.0605963941428746e-14,2.5959028072010734e-14,3.657351634933701e-14,0.0,0.0,False,False,60.6182791731182,60.618279173118275,1.2893751191847057e-15,66.78899238561992,66.78899238562,1.276634445971521e-15,124.146061827145,124.14606182714586,6.9825987620477186e-15,3.0,1.0,3.9985453830414835e-14,4.55009965806573e-14,,,0.0,0.05,False,final-analysis-freeze-v1,,,,,,,,
cpu_core_weighted,cpu_weighted_mean_pct,persistence,8,1,independent,bottom_up,/Users/fgtek002/TimeTrack/results/final/packs/03_cpu_classical/metrics/predictions/base__cpu_core_weighted__f1__h8__persistence__s0.npz,cpu_persistence_descriptive,False,accuracy_neutral,coherence_only,0.0,0.0,4778,32,5000,0,0.0,0.0,1.1125931579402315,1.1125931579402315,0.0,0.0,0.0,0.0,1.0,True,True,49.55550488120019,49.55550488120019,0.0,54.74523156935095,54.74523156935095,0.0,94.98217804582418,94.98217804582418,0.0,0.0,0.0,0.0,0.0,,,0.0,0.05,False,final-analysis-freeze-v1,,,,,,,,
cpu_core_weighted,cpu_weighted_mean_pct,persistence,8,1,independent,wls,/Users/fgtek002/TimeTrack/results/final/packs/03_cpu_classical/metrics/predictions/base__cpu_core_weighted__f1__h8__persistence__s0.npz,cpu_persistence_descriptive,False,accuracy_neutral,coherence_only,0.0,0.0,4778,32,5000,0,-2.5161957072124102e-14,-6.794564910705958e-14,1.1125931579402315,1.1125931579402064,-2.2615595730165183e-14,-2.7101379918834452e-14,-1.9170152749732735e-14,1.0,0.0,False,False,49.55550488120019,49.55550488120009,-2.007364938464225e-15,54.74523156935095,54.745231569350835,-2.076652787149109e-15,94.98217804582418,94.9821780458242,1.4961601226227907e-16,2.0,3.0,-2.7572170396799512e-14,-2.279659415519527e-14,,,0.0,0.05,False,final-analysis-freeze-v1,,,,,,,,
cpu_core_weighted,cpu_weighted_mean_pct,persistence,8,1,independent,mint,/Users/fgtek002/TimeTrack/results/final/packs/03_cpu_classical/metrics/predictions/base__cpu_core_weighted__f1__h8__persistence__s0.npz,cpu_persistence_descriptive,False,accuracy_neutral,coherence_only,0.0,0.0,4778,32,5000,0,-1.1045812885351819e-14,9.992007221626407e-15,1.1125931579402315,1.1125931579402206,-9.927989226359416e-15,-1.3296767342753871e-14,-7.590583036882079e-15,1.0,0.0,False,False,49.55550488120019,49.5555048812002,1.4338320989030178e-16,54.74523156935095,54.74523156935095,0.0,94.98217804582418,94.98217804582418,0.0,2.0,2.0,-1.3009731889983846e-14,-9.307335610094387e-15,,,0.0,0.05,False,final-analysis-freeze-v1,,,,,,,,
cpu_core_weighted,cpu_weighted_mean_pct,persistence,8,2,independent,bottom_up,/Users/fgtek002/TimeTrack/results/final/packs/03_cpu_classical/metrics/predictions/base__cpu_core_weighted__f2__h8__persistence__s0.npz,cpu_persistence_descriptive,False,accuracy_neutral,coherence_only,0.0,0.0,4341,32,5000,0,0.0,0.0,1.444594921234135,1.444594921234135,0.0,0.0,0.0,0.0,1.0,True,True,64.7189669108429,64.7189669108429,0.0,70.34702261386421,70.34702261386421,0.0,133.20219023237675,133.20219023237675,0.0,0.0,0.0,0.0,0.0,,,0.0,0.05,False,final-analysis-freeze-v1,,,,,,,,
cpu_core_weighted,cpu_weighted_mean_pct,persistence,8,2,independent,wls,/Users/fgtek002/TimeTrack/results/final/packs/03_cpu_classical/metrics/predictions/base__cpu_core_weighted__f2__h8__persistence__s0.npz,cpu_persistence_descriptive,False,accuracy_neutral,coherence_only,0.0,0.0,4341,32,5000,0,-6.306353223037805e-16,0.0,1.444594921234135,1.444594921234134,-4.3654820672152247e-16,-6.14339867061575e-16,-2.6207303524509083e-16,1.0,0.0,False,False,64.7189669108429,64.71896691084288,-2.1957789800289816e-16,70.34702261386421,70.34702261386421,0.0,133.20219023237675,133.20219023237678,2.1337268839814988e-16,3.0,2.0,-9.106961774064422e-16,-3.637610829923361e-16,,,0.0,0.05,False,final-analysis-freeze-v1,,,,,,,,
cpu_core_weighted,cpu_weighted_mean_pct,persistence,8,2,independent,mint,/Users/fgtek002/TimeTrack/results/final/packs/03_cpu_classical/metrics/predictions/base__cpu_core_weighted__f2__h8__persistence__s0.npz,cpu_persistence_descriptive,False,accuracy_neutral,coherence_only,0.0,0.0,4341,32,5000,0,1.0146226176671092e-15,1.0658141036401504e-14,1.444594921234135,1.4445949212341358,7.023578739985497e-16,4.147307230069736e-16,9.832603032075056e-16,0.0,0.0,False,False,64.7189669108429,64.71896691084291,2.1957789800289816e-16,70.34702261386421,70.34702261386423,2.0201074881598875e-16,133.20219023237675,133.20219023237678,2.1337268839814988e-16,0.0,4.0,5.725653640323534e-16,1.4956476508796146e-15,,,0.0,0.05,False,final-analysis-freeze-v1,,,,,,,,
cpu_core_weighted,cpu_weighted_mean_pct,persistence,16,0,independent,bottom_up,/Users/fgtek002/TimeTrack/results/final/packs/03_cpu_classical/metrics/predictions/base__cpu_core_weighted__f0__h16__persistence__s0.npz,cpu_persistence_descriptive,False,accuracy_neutral,coherence_only,0.0,0.0,3707,32,5000,0,0.0,0.0,1.4060271584162536,1.4060271584162536,0.0,0.0,0.0,0.0,1.0,True,True,60.84073744925884,60.84073744925884,0.0,67.0514751613015,67.0514751613015,0.0,125.59450584817876,125.59450584817876,0.0,0.0,0.0,0.0,0.0,,,0.0,0.05,False,final-analysis-freeze-v1,,,,,,,,
cpu_core_weighted,cpu_weighted_mean_pct,persistence,16,0,independent,wls,/Users/fgtek002/TimeTrack/results/final/packs/03_cpu_classical/metrics/predictions/base__cpu_core_weighted__f0__h16__persistence__s0.npz,cpu_persistence_descriptive,False,accuracy_neutral,coherence_only,0.0,0.0,3707,32,5000,0,1.3816271808554137e-13,5.027089855502709e-13,1.4060271584162536,1.4060271584163917,9.826461548663655e-14,8.333799883626899e-14,1.1822426595532341e-13,0.0,0.0,False,False,60.84073744925884,60.840737449259656,1.3430543093031975e-14,67.0514751613015,67.05147516130236,1.2928308222033396e-14,125.59450584817876,125.59450584818418,4.3222802339533116e-14,1.0,5.0,1.2438102132340698e-13,1.5378316670024986e-13,,,0.0,0.05,False,final-analysis-freeze-v1,,,,,,,,
cpu_core_weighted,cpu_weighted_mean_pct,persistence,16,0,independent,mint,/Users/fgtek002/TimeTrack/results/final/packs/03_cpu_classical/metrics/predictions/base__cpu_core_weighted__f0__h16__persistence__s0.npz,cpu_persistence_descriptive,False,accuracy_neutral,coherence_only,0.0,0.0,3707,32,5000,0,5.0851628755639224e-14,3.179678742526449e-13,1.4060271584162536,1.4060271584163049,3.6166889416928757e-14,2.930493661856882e-14,4.4746065742091356e-14,0.0,0.0,False,False,60.84073744925884,60.840737449259265,7.0072398746253785e-15,67.0514751613015,67.05147516130194,6.570123850541562e-15,125.59450584817876,125.5945058481817,2.342178032534909e-14,1.0,3.0,4.2385414484020826e-14,6.027421166259349e-14,,,0.0,0.05,False,final-analysis-freeze-v1,,,,,,,,
cpu_core_weighted,cpu_weighted_mean_pct,persistence,16,1,independent,bottom_up,/Users/fgtek002/TimeTrack/results/final/packs/03_cpu_classical/metrics/predictions/base__cpu_core_weighted__f1__h16__persistence__s0.npz,cpu_persistence_descriptive,False,accuracy_neutral,coherence_only,0.0,0.0,4317,32,5000,0,0.0,0.0,1.1116127835890854,1.1116127835890854,0.0,0.0,0.0,0.0,1.0,True,True,49.53587592580993,49.53587592580993,0.0,54.72172761121465,54.72172761121465,0.0,95.16272812312036,95.16272812312036,0.0,0.0,0.0,0.0,0.0,,,0.0,0.05,False,final-analysis-freeze-v1,,,,,,,,
cpu_core_weighted,cpu_weighted_mean_pct,persistence,16,1,independent,wls,/Users/fgtek002/TimeTrack/results/final/packs/03_cpu_classical/metrics/predictions/base__cpu_core_weighted__f1__h16__persistence__s0.npz,cpu_persistence_descriptive,False,accuracy_neutral,coherence_only,0.0,0.0,4317,32,5000,0,-1.1057378984844424e-14,-4.263256414560601e-14,1.1116127835890854,1.1116127835890743,-9.947149896156512e-15,-1.2611004691775964e-14,-7.80746483141356e-15,1.0,0.0,False,False,49.53587592580993,49.535875925809854,-1.5778402919667978e-15,54.72172761121465,54.72172761121455,-1.8178516532439935e-15,95.16272812312036,95.16272812312027,-8.959928952530349e-16,3.0,1.0,-1.342801503788929e-14,-8.958954598437267e-15,,,0.0,0.05,False,final-analysis-freeze-v1,,,,,,,,
cpu_core_weighted,cpu_weighted_mean_pct,persistence,16,1,independent,mint,/Users/fgtek002/TimeTrack/results/final/packs/03_cpu_classical/metrics/predictions/base__cpu_core_weighted__f1__h16__persistence__s0.npz,cpu_persistence_descriptive,False,accuracy_neutral,coherence_only,0.0,0.0,4317,32,5000,0,-8.88863533005106e-14,-3.037570195374429e-13,1.1116127835890854,1.1116127835889964,-7.996161488312642e-14,-9.550588848755269e-14,-6.784023500559813e-14,1.0,0.0,False,False,49.53587592580993,49.53587592580943,-1.0184241884512968e-14,54.72172761121465,54.72172761121409,-1.0128030639502247e-14,95.16272812312036,95.16272812312036,0.0,3.0,0.0,-9.88482903745451e-14,-7.980320262744579e-14,,,0.0,0.05,False,final-analysis-freeze-v1,,,,,,,,
cpu_core_weighted,cpu_weighted_mean_pct,persistence,16,2,independent,bottom_up,/Users/fgtek002/TimeTrack/results/final/packs/03_cpu_classical/metrics/predictions/base__cpu_core_weighted__f2__h16__persistence__s0.npz,cpu_persistence_descriptive,False,accuracy_neutral,coherence_only,0.0,0.0,3798,32,5000,0,0.0,0.0,1.465749503775071,1.465749503775071,0.0,0.0,0.0,0.0,1.0,True,True,65.66774335093578,65.66774335093578,0.0,71.40596456663468,71.40596456663468,0.0,136.9958702856809,136.9958702856809,0.0,0.0,0.0,0.0,0.0,,,0.0,0.05,False,final-analysis-freeze-v1,,,,,,,,
cpu_core_weighted,cpu_weighted_mean_pct,persistence,16,2,independent,wls,/Users/fgtek002/TimeTrack/results/final/packs/03_cpu_classical/metrics/predictions/base__cpu_core_weighted__f2__h16__persistence__s0.npz,cpu_persistence_descriptive,False,accuracy_neutral,coherence_only,0.0,0.0,3798,32,5000,0,5.285690555890489e-16,-3.552713678800501e-15,1.465749503775071,1.4657495037750714,3.6061349789149334e-16,-1.7072334743911038e-17,7.470861760662342e-16,0.0306,0.0612,True,True,65.66774335093578,65.66774335093578,0.0,71.40596456663468,71.40596456663468,0.0,136.9958702856809,136.9958702856809,0.0,2.0,1.0,-2.724840422338967e-17,1.023252631184799e-15,,,0.0,0.05,False,final-analysis-freeze-v1,,,,,,,,
cpu_core_weighted,cpu_weighted_mean_pct,persistence,16,2,independent,mint,/Users/fgtek002/TimeTrack/results/final/packs/03_cpu_classical/metrics/predictions/base__cpu_core_weighted__f2__h16__persistence__s0.npz,cpu_persistence_descriptive,False,accuracy_neutral,coherence_only,0.0,0.0,3798,32,5000,0,-6.971779657006314e-16,0.0,1.465749503775071,1.46574950377507,-4.756460526884258e-16,-6.144413437810315e-16,-3.3804830432904747e-16,1.0,0.0,False,False,65.66774335093578,65.66774335093578,0.0,71.40596456663468,71.40596456663468,0.0,136.9958702856809,136.9958702856808,-6.223919605270329e-16,2.0,2.0,-9.84997000001889e-16,-4.43321875611084e-16,,,0.0,0.05,False,final-analysis-freeze-v1,,,,,,,,
cpu_core_weighted,cpu_weighted_mean_pct,ridge,1,0,independent,bottom_up,/Users/fgtek002/TimeTrack/results/final/packs/03_cpu_classical/metrics/predictions/base__cpu_core_weighted__f0__h1__ridge__s0.npz,cpu_ridge,True,substantial_improvement,pareto_improvement,123.4773595323048,0.0,4847,32,5000,0,-0.1358575649981358,-0.0716403511735006,1.336759005851477,1.2009014408533412,-0.1016320551448976,-0.1239834798056071,-0.0808261094333471,1.0,0.0,False,False,55.52292184941579,55.52292184941579,0.0,60.327186329430205,60.327186329430205,0.0,138.47920487780897,138.47920487780897,0.0,0.0,0.0,-0.1567546210028517,-0.1131114838281567,0.0,1.0,27.0,0.05,True,final-analysis-freeze-v1,,,,,,,,
cpu_core_weighted,cpu_weighted_mean_pct,ridge,1,0,independent,wls,/Users/fgtek002/TimeTrack/results/final/packs/03_cpu_classical/metrics/predictions/base__cpu_core_weighted__f0__h1__ridge__s0.npz,cpu_ridge,True,substantial_improvement,aggregate_focused_improvement,123.4773595323048,0.0,4847,32,5000,0,-0.115105457521237,-0.080956678422309,1.336759005851477,1.2216535483302398,-0.0861078601433608,-0.1021968361223216,-0.0721095152031203,1.0,0.0,False,False,55.52292184941579,56.70127097636608,0.0212227506712652,60.327186329430205,61.59530385293703,0.0210206641593059,138.47920487780897,145.33273923378735,0.0494914334757033,1.0,6.0,-0.1280083793759114,-0.1017420955183664,0.0,25.0,27.0,0.05,True,final-analysis-freeze-v1,,,,,,,,
cpu_core_weighted,cpu_weighted_mean_pct,ridge,1,0,independent,mint,/Users/fgtek002/TimeTrack/results/final/packs/03_cpu_classical/metrics/predictions/base__cpu_core_weighted__f0__h1__ridge__s0.npz,cpu_ridge,True,substantial_improvement,pareto_improvement,123.4773595323048,0.0,4847,32,5000,0,-0.1295229538689706,-0.0846533515457328,1.336759005851477,1.207236051982506,-0.0968932719375758,-0.1161657290892993,-0.079772380966954,1.0,0.0,False,False,55.52292184941579,55.82074415092763,0.0053639522487589,60.327186329430205,60.65583374382064,0.0054477497524213,138.47920487780897,139.62649879146704,0.0082849545147982,2.0,5.0,-0.1458692299910557,-0.1121087217101149,0.0,24.0,27.0,0.05,True,final-analysis-freeze-v1,,,,,,,,
cpu_core_weighted,cpu_weighted_mean_pct,ridge,1,1,independent,bottom_up,/Users/fgtek002/TimeTrack/results/final/packs/03_cpu_classical/metrics/predictions/base__cpu_core_weighted__f1__h1__ridge__s0.npz,cpu_ridge,True,substantial_improvement,pareto_improvement,111.69797010308775,0.0,5261,32,5000,0,-0.1226473157855697,-0.0624356540134591,1.038625818254724,0.9159785024691542,-0.1180861419290179,-0.1436964551240965,-0.0972115920652999,1.0,0.0,False,False,43.81671215547034,43.81671215547034,0.0,47.893980552446976,47.893980552446976,0.0,91.70414939592088,91.70414939592088,0.0,0.0,0.0,-0.1442650437356073,-0.1036040546804203,0.0,23.0,27.0,0.05,True,final-analysis-freeze-v1,,,,,,,,
cpu_core_weighted,cpu_weighted_mean_pct,ridge,1,1,independent,wls,/Users/fgtek002/TimeTrack/results/final/packs/03_cpu_classical/metrics/predictions/base__cpu_core_weighted__f1__h1__ridge__s0.npz,cpu_ridge,True,substantial_improvement,aggregate_focused_improvement,111.69797010308775,0.0,5261,32,5000,0,-0.1036887683093774,-0.0779346928573203,1.038625818254724,0.9349370499453464,-0.0998326504954527,-0.1180836908826441,-0.085593598140774,1.0,0.0,False,False,43.81671215547034,44.97835534366677,0.0265114183847179,47.893980552446976,49.13509024748778,0.0259136885413337,91.70414939592088,96.63717526199578,0.0537928316065308,0.0,7.0,-0.1174124029020024,-0.0913384377453873,0.0,22.0,27.0,0.05,True,final-analysis-freeze-v1,,,,,,,,
cpu_core_weighted,cpu_weighted_mean_pct,ridge,1,1,independent,mint,/Users/fgtek002/TimeTrack/results/final/packs/03_cpu_classical/metrics/predictions/base__cpu_core_weighted__f1__h1__ridge__s0.npz,cpu_ridge,True,substantial_improvement,aggregate_focused_improvement,111.69797010308775,0.0,5261,32,5000,0,-0.1065387108382001,-0.0801650546286198,1.038625818254724,0.9320871074165236,-0.1025766055163394,-0.121555918016311,-0.0877356867488779,1.0,0.0,False,False,43.81671215547034,44.8088214871185,0.0226422586917968,47.893980552446976,48.953780667300336,0.0221280441222213,91.70414939592088,95.10459141812312,0.0370805688139724,0.0,7.0,-0.1209151728061769,-0.0936403195641387,0.0,21.0,27.0,0.05,True,final-analysis-freeze-v1,,,,,,,,
cpu_core_weighted,cpu_weighted_mean_pct,ridge,1,2,independent,bottom_up,/Users/fgtek002/TimeTrack/results/final/packs/03_cpu_classical/metrics/predictions/base__cpu_core_weighted__f2__h1__ridge__s0.npz,cpu_ridge,True,substantial_improvement,pareto_improvement,130.53487334987042,0.0,4852,32,5000,0,-0.0788145256130277,-0.0219169135050429,1.3847823097729834,1.3059677841599553,-0.0569147403579616,-0.0744573759620417,-0.0385993252128469,1.0,0.0,False,False,62.7471731683794,62.7471731683794,0.0,67.91930246395505,67.91930246395505,0.0,151.69034787803403,151.69034787803403,0.0,0.0,0.0,-0.1013731544110648,-0.0550588291930444,0.0,20.0,27.0,0.05,True,final-analysis-freeze-v1,,,,,,,,
cpu_core_weighted,cpu_weighted_mean_pct,ridge,1,2,independent,wls,/Users/fgtek002/TimeTrack/results/final/packs/03_cpu_classical/metrics/predictions/base__cpu_core_weighted__f2__h1__ridge__s0.npz,cpu_ridge,True,substantial_improvement,pareto_improvement,130.53487334987042,0.0,4852,32,5000,0,-0.0819284529434111,-0.0464964957478231,1.3847823097729834,1.3028538568295722,-0.0591634167805351,-0.0713103069231957,-0.0471904260325691,1.0,0.0,False,False,62.7471731683794,63.54112567346629,0.0126531995785109,67.91930246395505,68.78711944636098,0.0127771774874525,151.69034787803403,154.33264429225923,0.0174190147968394,0.0,7.0,-0.0963050370995265,-0.0670263603765066,0.0,19.0,27.0,0.05,True,final-analysis-freeze-v1,,,,,,,,
cpu_core_weighted,cpu_weighted_mean_pct,ridge,1,2,independent,mint,/Users/fgtek002/TimeTrack/results/final/packs/03_cpu_classical/metrics/predictions/base__cpu_core_weighted__f2__h1__ridge__s0.npz,cpu_ridge,True,substantial_improvement,pareto_improvement,130.53487334987042,0.0,4852,32,5000,0,-0.0854853390175601,-0.0431415408512831,1.3847823097729834,1.2992969707554234,-0.061731969288064,-0.0757499952047544,-0.047809532712166,1.0,0.0,False,False,62.7471731683794,63.094754115908664,0.0055393881505473,67.91930246395505,68.29835646034788,0.005580946544526,151.69034787803403,153.17886435230898,0.0098128621570027,2.0,5.0,-0.1027601518897654,-0.0672908347553731,0.0,18.0,27.0,0.05,True,final-analysis-freeze-v1,,,,,,,,
cpu_core_weighted,cpu_weighted_mean_pct,ridge,8,0,independent,bottom_up,/Users/fgtek002/TimeTrack/results/final/packs/03_cpu_classical/metrics/predictions/base__cpu_core_weighted__f0__h8__ridge__s0.npz,cpu_ridge,True,substantial_improvement,pareto_improvement,122.7085416830396,0.0,4295,32,5000,0,-0.1353438615851518,-0.074913450464511,1.305772444046933,1.170428582461781,-0.1036504194909226,-0.1291084891454615,-0.0814518409244521,1.0,0.0,False,False,54.53495777035165,54.53495777035165,0.0,59.26989455765498,59.26989455765498,0.0,134.478269250314,134.478269250314,0.0,0.0,0.0,-0.1594819588671859,-0.111564505955119,0.0,17.0,27.0,0.05,True,final-analysis-freeze-v1,,,,,,,,
cpu_core_weighted,cpu_weighted_mean_pct,ridge,8,0,independent,wls,/Users/fgtek002/TimeTrack/results/final/packs/03_cpu_classical/metrics/predictions/base__cpu_core_weighted__f0__h8__ridge__s0.npz,cpu_ridge,True,substantial_improvement,aggregate_focused_improvement,122.7085416830396,0.0,4295,32,5000,0,-0.11025870734162,-0.0790349958974205,1.305772444046933,1.195513736705313,-0.0844394502612562,-0.1015517573247701,-0.0701773282333742,1.0,0.0,False,False,54.53495777035165,55.98129137233576,0.0265212198031703,59.26989455765498,60.82662321402282,0.026265082264547,134.478269250314,143.13597420627417,0.0643799552464863,1.0,6.0,-0.1244158744629898,-0.0968079367161869,0.0,16.0,27.0,0.05,True,final-analysis-freeze-v1,,,,,,,,
cpu_core_weighted,cpu_weighted_mean_pct,ridge,8,0,independent,mint,/Users/fgtek002/TimeTrack/results/final/packs/03_cpu_classical/metrics/predictions/base__cpu_core_weighted__f0__h8__ridge__s0.npz,cpu_ridge,True,substantial_improvement,pareto_improvement,122.7085416830396,0.0,4295,32,5000,0,-0.1283815497822187,-0.0848548397777548,1.305772444046933,1.1773908942647142,-0.0983184707010131,-0.1200166506022386,-0.0796783453760919,1.0,0.0,False,False,54.53495777035165,54.84857757629694,0.0057508031319277,59.26989455765498,59.61626114258756,0.0058438873144215,134.478269250314,135.60440730610645,0.0083741266307962,1.0,6.0,-0.1477210962042222,-0.1097962688091151,0.0,15.0,27.0,0.05,True,final-analysis-freeze-v1,,,,,,,,
cpu_core_weighted,cpu_weighted_mean_pct,ridge,8,1,independent,bottom_up,/Users/fgtek002/TimeTrack/results/final/packs/03_cpu_classical/metrics/predictions/base__cpu_core_weighted__f1__h8__ridge__s0.npz,cpu_ridge,True,substantial_improvement,pareto_improvement,111.16586994739626,0.0,4778,32,5000,0,-0.1229296048746453,-0.0660935972127607,1.052109336067894,0.9291797311932488,-0.1168410930883637,-0.1449601929109735,-0.0946660087740376,1.0,0.0,False,False,44.190742165373635,44.190742165373635,0.0,48.285660607683816,48.285660607683816,0.0,90.94168437326388,90.94168437326388,0.0,0.0,0.0,-0.1467737145546508,-0.1021057650068418,0.0,26.0,27.0,0.05,True,final-analysis-freeze-v1,,,,,,,,
cpu_core_weighted,cpu_weighted_mean_pct,ridge,8,1,independent,wls,/Users/fgtek002/TimeTrack/results/final/packs/03_cpu_classical/metrics/predictions/base__cpu_core_weighted__f1__h8__ridge__s0.npz,cpu_ridge,True,substantial_improvement,aggregate_focused_improvement,111.16586994739626,0.0,4778,32,5000,0,-0.1031937606879004,-0.0778290668453212,1.052109336067894,0.9489155753799936,-0.0980827345127191,-0.1178091018659316,-0.0827469324887329,1.0,0.0,False,False,44.190742165373635,45.418547223785914,0.0277842144813387,48.285660607683816,49.59785315033662,0.027175615413326,90.94168437326388,95.85680694733855,0.0540469709566946,0.0,7.0,-0.118495634283764,-0.0898116752891411,0.0,14.0,27.0,0.05,True,final-analysis-freeze-v1,,,,,,,,
cpu_core_weighted,cpu_weighted_mean_pct,ridge,8,1,independent,mint,/Users/fgtek002/TimeTrack/results/final/packs/03_cpu_classical/metrics/predictions/base__cpu_core_weighted__f1__h8__ridge__s0.npz,cpu_ridge,True,substantial_improvement,aggregate_focused_improvement,111.16586994739626,0.0,4778,32,5000,0,-0.1063830969426303,-0.080119752839731,1.052109336067894,0.9457262391252638,-0.1011141079122268,-0.1217317504115464,-0.0850350712183817,1.0,0.0,False,False,44.190742165373635,45.227868699469546,0.023469316949118,48.285660607683816,49.39387227351936,0.0229511546883381,90.94168437326388,94.54166395462856,0.0395855828509706,0.0,7.0,-0.1225131255721822,-0.0923136152781091,0.0,12.0,27.0,0.05,True,final-analysis-freeze-v1,,,,,,,,
cpu_core_weighted,cpu_weighted_mean_pct,ridge,8,2,independent,bottom_up,/Users/fgtek002/TimeTrack/results/final/packs/03_cpu_classical/metrics/predictions/base__cpu_core_weighted__f2__h8__ridge__s0.npz,cpu_ridge,True,substantial_improvement,pareto_improvement,129.19730536784897,0.0,4341,32,5000,0,-0.0912420761353667,-0.0270259857606784,1.382419569308397,1.2911774931730304,-0.0660017249184441,-0.0841147925469859,-0.0463206490063653,1.0,0.0,False,False,62.39203373147926,62.39203373147926,0.0,67.5531090920765,67.5531090920765,0.0,147.2486993035572,147.2486993035572,0.0,0.0,0.0,-0.1145540660040075,-0.0654503083155958,0.0,11.0,27.0,0.05,True,final-analysis-freeze-v1,,,,,,,,
cpu_core_weighted,cpu_weighted_mean_pct,ridge,8,2,independent,wls,/Users/fgtek002/TimeTrack/results/final/packs/03_cpu_classical/metrics/predictions/base__cpu_core_weighted__f2__h8__ridge__s0.npz,cpu_ridge,True,substantial_improvement,pareto_improvement,129.19730536784897,0.0,4341,32,5000,0,-0.0891192545942491,-0.0474826894513173,1.382419569308397,1.2933003147141475,-0.0644661407960494,-0.0770381393726332,-0.0509875356553974,1.0,0.0,False,False,62.39203373147926,63.23390848849218,0.0134933052613119,67.5531090920765,68.47080830122107,0.0135848552565319,147.2486993035572,150.76337644182533,0.0238689859733329,0.0,7.0,-0.1046345168948521,-0.0718355304477162,0.0,10.0,27.0,0.05,True,final-analysis-freeze-v1,,,,,,,,
cpu_core_weighted,cpu_weighted_mean_pct,ridge,8,2,independent,mint,/Users/fgtek002/TimeTrack/results/final/packs/03_cpu_classical/metrics/predictions/base__cpu_core_weighted__f2__h8__ridge__s0.npz,cpu_ridge,True,substantial_improvement,pareto_improvement,129.19730536784897,0.0,4341,32,5000,0,-0.0942029035529629,-0.0452010436847252,1.382419569308397,1.288216665755434,-0.0681434968401751,-0.0827242321400789,-0.0525914942540661,1.0,0.0,False,False,62.39203373147926,62.800928843316115,0.0065536429473776,67.5531090920765,67.99704189948098,0.0065716117788063,147.2486993035572,149.36835290682154,0.0143950582469636,2.0,5.0,-0.1121867928388385,-0.0738571358788646,0.0,9.0,27.0,0.05,True,final-analysis-freeze-v1,,,,,,,,
cpu_core_weighted,cpu_weighted_mean_pct,ridge,16,0,independent,bottom_up,/Users/fgtek002/TimeTrack/results/final/packs/03_cpu_classical/metrics/predictions/base__cpu_core_weighted__f0__h16__ridge__s0.npz,cpu_ridge,True,substantial_improvement,pareto_improvement,122.31013155674466,0.0,3707,32,5000,0,-0.1427455685399099,-0.0787622079798522,1.3307644384106914,1.1880188698707812,-0.1072658424133939,-0.1344175794808335,-0.0847086371192561,1.0,0.0,False,False,54.87527013709594,54.87527013709594,0.0,59.62355947139355,59.62355947139355,0.0,137.58737002191546,137.58737002191546,0.0,0.0,0.0,-0.1670360727199168,-0.117916498590849,0.0,8.0,27.0,0.05,True,final-analysis-freeze-v1,,,,,,,,
cpu_core_weighted,cpu_weighted_mean_pct,ridge,16,0,independent,wls,/Users/fgtek002/TimeTrack/results/final/packs/03_cpu_classical/metrics/predictions/base__cpu_core_weighted__f0__h16__ridge__s0.npz,cpu_ridge,True,substantial_improvement,aggregate_focused_improvement,122.31013155674466,0.0,3707,32,5000,0,-0.1146747045702646,-0.0805183124290431,1.3307644384106914,1.2160897338404266,-0.0861720536410025,-0.1047742337311145,-0.0712266569851021,1.0,0.0,False,False,54.87527013709594,56.38138869823477,0.027446216799955,59.62355947139355,61.242675574039154,0.0271556431216159,137.58737002191546,146.3876916859265,0.0639616969392561,1.0,6.0,-0.1296324557296438,-0.1002667832641452,0.0,7.0,27.0,0.05,True,final-analysis-freeze-v1,,,,,,,,
cpu_core_weighted,cpu_weighted_mean_pct,ridge,16,0,independent,mint,/Users/fgtek002/TimeTrack/results/final/packs/03_cpu_classical/metrics/predictions/base__cpu_core_weighted__f0__h16__ridge__s0.npz,cpu_ridge,True,substantial_improvement,pareto_improvement,122.31013155674466,0.0,3707,32,5000,0,-0.1349870575264986,-0.0862458314807224,1.3307644384106914,1.1957773808841927,-0.1014357264368375,-0.1253731296177167,-0.0821160523664346,1.0,0.0,False,False,54.87527013709594,55.195640049642634,0.005838147342989,59.62355947139355,59.97457994789963,0.0058872781098299,137.58737002191546,138.5276691120324,0.0068341962635609,1.0,6.0,-0.1548981106321807,-0.1149625915355679,0.0,6.0,27.0,0.05,True,final-analysis-freeze-v1,,,,,,,,
cpu_core_weighted,cpu_weighted_mean_pct,ridge,16,1,independent,bottom_up,/Users/fgtek002/TimeTrack/results/final/packs/03_cpu_classical/metrics/predictions/base__cpu_core_weighted__f1__h16__ridge__s0.npz,cpu_ridge,True,substantial_improvement,pareto_improvement,110.65440863300113,0.0,4317,32,5000,0,-0.1232713499644527,-0.0644110534108981,1.047340358377533,0.9240690084130804,-0.1176994173655411,-0.1471578947835123,-0.0948027606567042,1.0,0.0,False,False,44.17928847933639,44.17928847933639,0.0,48.2880528949783,48.2880528949783,0.0,92.45382481628651,92.45382481628651,0.0,0.0,0.0,-0.1478070542520675,-0.1009140826438132,0.0,5.0,27.0,0.05,True,final-analysis-freeze-v1,,,,,,,,
cpu_core_weighted,cpu_weighted_mean_pct,ridge,16,1,independent,wls,/Users/fgtek002/TimeTrack/results/final/packs/03_cpu_classical/metrics/predictions/base__cpu_core_weighted__f1__h16__ridge__s0.npz,cpu_ridge,True,substantial_improvement,aggregate_focused_improvement,110.65440863300113,0.0,4317,32,5000,0,-0.1036641850368985,-0.0769496637077917,1.047340358377533,0.9436761733406344,-0.0989785070418635,-0.1200558461284272,-0.0832896301560284,1.0,0.0,False,False,44.17928847933639,45.41064383785571,0.0278717788561772,48.2880528949783,49.60379586384741,0.0272477950546218,92.45382481628651,95.55362223727744,0.0335280603820391,0.0,7.0,-0.1192893527762087,-0.0895928430923703,0.0,4.0,27.0,0.05,True,final-analysis-freeze-v1,,,,,,,,
cpu_core_weighted,cpu_weighted_mean_pct,ridge,16,1,independent,mint,/Users/fgtek002/TimeTrack/results/final/packs/03_cpu_classical/metrics/predictions/base__cpu_core_weighted__f1__h16__ridge__s0.npz,cpu_ridge,True,substantial_improvement,aggregate_focused_improvement,110.65440863300113,0.0,4317,32,5000,0,-0.1069632835378088,-0.0789003019380896,1.047340358377533,0.9403770748397242,-0.1021284844818822,-0.1241377872777976,-0.0856418385959605,1.0,0.0,False,False,44.17928847933639,45.19247293577621,0.0229334715726285,48.2880528949783,49.370617795386565,0.0224188973360084,92.45382481628651,95.6636468771744,0.0347181100107656,0.0,7.0,-0.1235397274179776,-0.0919115160078291,0.0,3.0,27.0,0.05,True,final-analysis-freeze-v1,,,,,,,,
cpu_core_weighted,cpu_weighted_mean_pct,ridge,16,2,independent,bottom_up,/Users/fgtek002/TimeTrack/results/final/packs/03_cpu_classical/metrics/predictions/base__cpu_core_weighted__f2__h16__ridge__s0.npz,cpu_ridge,True,substantial_improvement,pareto_improvement,129.7838402201766,0.0,3798,32,5000,0,-0.0862997649513298,-0.025142373346763,1.3964343073665615,1.310134542415232,-0.0618000893390227,-0.082647055487024,-0.0409709453303677,1.0,0.0,False,False,63.33732687610473,63.33732687610473,0.0,68.59357478251239,68.59357478251239,0.0,150.58917131035605,150.58917131035605,0.0,0.0,0.0,-0.1138809393640436,-0.057939958227244,0.0,2.0,27.0,0.05,True,final-analysis-freeze-v1,,,,,,,,
cpu_core_weighted,cpu_weighted_mean_pct,ridge,16,2,independent,wls,/Users/fgtek002/TimeTrack/results/final/packs/03_cpu_classical/metrics/predictions/base__cpu_core_weighted__f2__h16__ridge__s0.npz,cpu_ridge,True,substantial_improvement,pareto_improvement,129.7838402201766,0.0,3798,32,5000,0,-0.0858298703932394,-0.0453218118727862,1.3964343073665615,1.3106044369733223,-0.0614635933394532,-0.0759274382903821,-0.04762757873683,1.0,0.0,False,False,63.33732687610473,64.2167329010329,0.0138844827892466,68.59357478251239,69.55188014267955,0.0139707744231967,150.58917131035605,154.55834386283556,0.0263576226493687,1.0,6.0,-0.1032977082160506,-0.0676435195269787,0.0,13.0,27.0,0.05,True,final-analysis-freeze-v1,,,,,,,,
cpu_core_weighted,cpu_weighted_mean_pct,ridge,16,2,independent,mint,/Users/fgtek002/TimeTrack/results/final/packs/03_cpu_classical/metrics/predictions/base__cpu_core_weighted__f2__h16__ridge__s0.npz,cpu_ridge,True,substantial_improvement,pareto_improvement,129.7838402201766,0.0,3798,32,5000,0,-0.0900801004221001,-0.0434854684196612,1.3964343073665615,1.3063542069444616,-0.0645072238249258,-0.0809197222165206,-0.0485732370486103,1.0,0.0,False,False,63.33732687610473,63.80141043291593,0.0073271730857697,68.59357478251239,69.0966845656452,0.0073346488315853,150.58917131035605,153.04048031647466,0.0162781226882947,2.0,5.0,-0.1108244994171334,-0.0688657201959706,0.0,27.0,27.0,0.05,True,final-analysis-freeze-v1,,,,,,,,
cpu_core_weighted,cpu_weighted_mean_pct,lightgbm,1,0,independent,bottom_up,/Users/fgtek002/TimeTrack/results/final/packs/03_cpu_classical/metrics/predictions/base__cpu_core_weighted__f0__h1__lightgbm__s0.npz,cpu_lightgbm,True,substantial_improvement,pareto_improvement,172.09132864608608,0.0,4847,32,5000,0,-0.1035243461773877,-0.0256337937833568,1.1094787687062335,1.0059544225288457,-0.0933089925624334,-0.1310077321095921,-0.055331543094769,1.0,0.0,False,False,46.61391014236898,46.61391014236898,0.0,50.64393849815153,50.64393849815153,0.0,111.9066560829698,111.9066560829698,0.0,0.0,0.0,-0.1472493839204624,-0.0613519368288931,0.0,1.0,27.0,0.05,True,final-analysis-freeze-v1,,,,,,,,
cpu_core_weighted,cpu_weighted_mean_pct,lightgbm,1,0,independent,wls,/Users/fgtek002/TimeTrack/results/final/packs/03_cpu_classical/metrics/predictions/base__cpu_core_weighted__f0__h1__lightgbm__s0.npz,cpu_lightgbm,True,substantial_improvement,aggregate_focused_improvement,172.09132864608608,0.0,4847,32,5000,0,-0.1095806061780735,-0.0285099793382568,1.1094787687062335,0.9998981625281598,-0.0987676459152578,-0.1195181678929536,-0.0783225367280908,1.0,0.0,False,False,46.61391014236898,48.364749365307496,0.0375604453175259,50.64393849815153,52.624986621154406,0.0391171812807407,111.9066560829698,119.5668036282798,0.0684512236665404,1.0,6.0,-0.1383671791749797,-0.0833653134973768,0.0,21.0,27.0,0.05,True,final-analysis-freeze-v1,,,,,,,,
cpu_core_weighted,cpu_weighted_mean_pct,lightgbm,1,0,independent,mint,/Users/fgtek002/TimeTrack/results/final/packs/03_cpu_classical/metrics/predictions/base__cpu_core_weighted__f0__h1__lightgbm__s0.npz,cpu_lightgbm,True,substantial_improvement,aggregate_focused_improvement,172.09132864608608,0.0,4847,32,5000,0,-0.1117356437736901,-0.0279136684449978,1.1094787687062335,0.9977431249325432,-0.10071003332852,-0.1226906074553549,-0.0790339544839074,1.0,0.0,False,False,46.61391014236898,48.25110440351013,0.0351224399785559,50.64393849815153,52.45339652170897,0.0357290147096968,111.9066560829698,118.58520076844316,0.0596796019043027,1.0,6.0,-0.1416052216505287,-0.0843866848473154,0.0,20.0,27.0,0.05,True,final-analysis-freeze-v1,,,,,,,,
cpu_core_weighted,cpu_weighted_mean_pct,lightgbm,1,1,independent,bottom_up,/Users/fgtek002/TimeTrack/results/final/packs/03_cpu_classical/metrics/predictions/base__cpu_core_weighted__f1__h1__lightgbm__s0.npz,cpu_lightgbm,True,substantial_improvement,pareto_improvement,127.44703509795418,0.0,5261,32,5000,0,-0.0652801475771297,-0.0104473500412103,0.8458250834966149,0.7805449359194851,-0.0771792523665338,-0.1223417383892245,-0.0333001982225351,0.9988,0.0024,False,False,36.35886707325332,36.35886707325332,0.0,39.72936029891442,39.72936029891442,0.0,71.11039077317626,71.11039077317626,0.0,0.0,0.0,-0.1069236841263902,-0.0265502566060384,0.0048,26.0,27.0,0.05,True,final-analysis-freeze-v1,,,,,,,,
cpu_core_weighted,cpu_weighted_mean_pct,lightgbm,1,1,independent,wls,/Users/fgtek002/TimeTrack/results/final/packs/03_cpu_classical/metrics/predictions/base__cpu_core_weighted__f1__h1__lightgbm__s0.npz,cpu_lightgbm,True,substantial_improvement,aggregate_focused_improvement,127.44703509795418,0.0,5261,32,5000,0,-0.0724601135073435,-0.0140685356697622,0.8458250834966149,0.7733649699892712,-0.0856679648323926,-0.1132795903294471,-0.0573357563217711,1.0,0.0,False,False,36.35886707325332,37.64921956318949,0.0354893480959254,39.72936029891442,41.10655059351849,0.034664295730976,71.11039077317626,75.28350804834298,0.058685056147109,2.0,5.0,-0.0999114826741998,-0.0455963212286852,0.0,19.0,27.0,0.05,True,final-analysis-freeze-v1,,,,,,,,
cpu_core_weighted,cpu_weighted_mean_pct,lightgbm,1,1,independent,mint,/Users/fgtek002/TimeTrack/results/final/packs/03_cpu_classical/metrics/predictions/base__cpu_core_weighted__f1__h1__lightgbm__s0.npz,cpu_lightgbm,True,substantial_improvement,aggregate_focused_improvement,127.44703509795418,0.0,5261,32,5000,0,-0.0727388472719513,-0.0143245143424746,0.8458250834966149,0.7730862362246635,-0.0859975055022619,-0.1142343553252091,-0.0571299675355164,1.0,0.0,False,False,36.35886707325332,37.60947021100513,0.0343960975250461,39.72936029891442,41.063882789641795,0.0335903342184907,71.11039077317626,75.84188024316872,0.0665372446775701,3.0,4.0,-0.1007281745432358,-0.0454129190358014,0.0,18.0,27.0,0.05,True,final-analysis-freeze-v1,,,,,,,,
cpu_core_weighted,cpu_weighted_mean_pct,lightgbm,1,2,independent,bottom_up,/Users/fgtek002/TimeTrack/results/final/packs/03_cpu_classical/metrics/predictions/base__cpu_core_weighted__f2__h1__lightgbm__s0.npz,cpu_lightgbm,True,substantial_improvement,pareto_improvement,171.5725267317513,0.0,4852,32,5000,0,-0.1286618105462562,-0.0141873842509341,1.1492168649705437,1.0205550544242874,-0.1119560758878647,-0.145297733150471,-0.0749104121211508,1.0,0.0,False,False,49.013908040781835,49.013908040781835,0.0,53.10746064417931,53.10746064417931,0.0,105.8445148851121,105.8445148851121,0.0,0.0,0.0,-0.179835682015236,-0.0804367914151986,0.0,17.0,27.0,0.05,True,final-analysis-freeze-v1,,,,,,,,
cpu_core_weighted,cpu_weighted_mean_pct,lightgbm,1,2,independent,wls,/Users/fgtek002/TimeTrack/results/final/packs/03_cpu_classical/metrics/predictions/base__cpu_core_weighted__f2__h1__lightgbm__s0.npz,cpu_lightgbm,True,substantial_improvement,aggregate_focused_improvement,171.5725267317513,0.0,4852,32,5000,0,-0.132715741700876,-0.0190909894941846,1.1492168649705437,1.0165011232696677,-0.1154836356358882,-0.1384426837120964,-0.0913178054419174,1.0,0.0,False,False,49.013908040781835,50.31408647578854,0.0265267244947066,53.10746064417931,54.58208070868794,0.0277667214101725,105.8445148851121,108.46016765699008,0.0247122184339651,1.0,6.0,-0.1733234307381416,-0.0965816061729379,0.0,16.0,27.0,0.05,True,final-analysis-freeze-v1,,,,,,,,
cpu_core_weighted,cpu_weighted_mean_pct,lightgbm,1,2,independent,mint,/Users/fgtek002/TimeTrack/results/final/packs/03_cpu_classical/metrics/predictions/base__cpu_core_weighted__f2__h1__lightgbm__s0.npz,cpu_lightgbm,True,substantial_improvement,pareto_improvement,171.5725267317513,0.0,4852,32,5000,0,-0.1380009294507292,-0.0178546559224288,1.1492168649705437,1.0112159355198145,-0.1200825828937573,-0.1476151620794121,-0.0898174929063283,1.0,0.0,False,False,49.013908040781835,49.482016727441945,0.0095505277047204,53.10746064417931,53.62718341648629,0.0097862478454604,105.8445148851121,107.3696279607612,0.0144089949045022,3.0,4.0,-0.1842925429936826,-0.095803630244068,0.0,15.0,27.0,0.05,True,final-analysis-freeze-v1,,,,,,,,
cpu_core_weighted,cpu_weighted_mean_pct,lightgbm,8,0,independent,bottom_up,/Users/fgtek002/TimeTrack/results/final/packs/03_cpu_classical/metrics/predictions/base__cpu_core_weighted__f0__h8__lightgbm__s0.npz,cpu_lightgbm,True,substantial_improvement,pareto_improvement,171.44483583057644,0.0,4295,32,5000,0,-0.0932239088107169,-0.0295699706947067,1.08977444725631,0.9965505384455932,-0.0855442234357979,-0.1261671124365099,-0.0470826930364169,1.0,0.0,False,False,46.43133409300676,46.43133409300676,0.0,50.45526641263834,50.45526641263834,0.0,110.53426005754812,110.53426005754812,0.0,0.0,0.0,-0.1404806338555868,-0.0512419682380913,0.0,14.0,27.0,0.05,True,final-analysis-freeze-v1,,,,,,,,
cpu_core_weighted,cpu_weighted_mean_pct,lightgbm,8,0,independent,wls,/Users/fgtek002/TimeTrack/results/final/packs/03_cpu_classical/metrics/predictions/base__cpu_core_weighted__f0__h8__lightgbm__s0.npz,cpu_lightgbm,True,substantial_improvement,aggregate_focused_improvement,171.44483583057644,0.0,4295,32,5000,0,-0.1034151076909682,-0.0278568644632075,1.08977444725631,0.986359339565342,-0.0948958823097138,-0.115982088493064,-0.0756753271843489,1.0,0.0,False,False,46.43133409300676,48.13533315680388,0.0366993345567851,50.45526641263834,52.39922025578087,0.0385282643687636,110.53426005754812,118.48714401827556,0.0719494929136621,1.0,6.0,-0.132496896704907,-0.0787747390543191,0.0,13.0,27.0,0.05,True,final-analysis-freeze-v1,,,,,,,,
cpu_core_weighted,cpu_weighted_mean_pct,lightgbm,8,0,independent,mint,/Users/fgtek002/TimeTrack/results/final/packs/03_cpu_classical/metrics/predictions/base__cpu_core_weighted__f0__h8__lightgbm__s0.npz,cpu_lightgbm,True,substantial_improvement,aggregate_focused_improvement,171.44483583057644,0.0,4295,32,5000,0,-0.1096383731215997,-0.0299835887612651,1.08977444725631,0.9801360741347104,-0.1006064818253288,-0.1264103615879657,-0.077330025419469,1.0,0.0,False,False,46.43133409300676,47.52517354815664,0.0235582172366359,50.45526641263834,51.689085648927716,0.0244537255278533,110.53426005754812,116.52034133100771,0.0541558904030571,2.0,5.0,-0.1434465722239076,-0.0810294481349385,0.0,22.0,27.0,0.05,True,final-analysis-freeze-v1,,,,,,,,
cpu_core_weighted,cpu_weighted_mean_pct,lightgbm,8,1,independent,bottom_up,/Users/fgtek002/TimeTrack/results/final/packs/03_cpu_classical/metrics/predictions/base__cpu_core_weighted__f1__h8__lightgbm__s0.npz,cpu_lightgbm,True,substantial_improvement,pareto_improvement,132.7397281498307,0.0,4778,32,5000,0,-0.0678200004909336,-0.009681133929051,0.8619293246865776,0.7941093241956438,-0.0786839460597247,-0.1277432606537507,-0.0316498563876759,0.9996,0.0008,False,False,37.067892438444005,37.067892438444005,0.0,40.525543049872766,40.525543049872766,0.0,74.94490068696548,74.94490068696548,0.0,0.0,0.0,-0.1138551670536344,-0.026147801171338,0.0032,24.0,27.0,0.05,True,final-analysis-freeze-v1,,,,,,,,
cpu_core_weighted,cpu_weighted_mean_pct,lightgbm,8,1,independent,wls,/Users/fgtek002/TimeTrack/results/final/packs/03_cpu_classical/metrics/predictions/base__cpu_core_weighted__f1__h8__lightgbm__s0.npz,cpu_lightgbm,True,substantial_improvement,aggregate_focused_improvement,132.7397281498307,0.0,4778,32,5000,0,-0.07453490339261,-0.0149818786254225,0.8619293246865776,0.7873944212939674,-0.0864744953650499,-0.1154364023734721,-0.0573598877861618,1.0,0.0,False,False,37.067892438444005,38.482206354752634,0.0381546892275377,40.525543049872766,42.036568572179114,0.0372857563055183,74.94490068696548,79.70168032729445,0.0634703575123461,0.0,7.0,-0.1053253905169001,-0.046209618794169,0.0,12.0,27.0,0.05,True,final-analysis-freeze-v1,,,,,,,,
cpu_core_weighted,cpu_weighted_mean_pct,lightgbm,8,1,independent,mint,/Users/fgtek002/TimeTrack/results/final/packs/03_cpu_classical/metrics/predictions/base__cpu_core_weighted__f1__h8__lightgbm__s0.npz,cpu_lightgbm,True,substantial_improvement,aggregate_focused_improvement,132.7397281498307,0.0,4778,32,5000,0,-0.0741397743284676,-0.0150713398087507,0.8619293246865776,0.7877895503581098,-0.0860160713935878,-0.1143907180204396,-0.0574906125679923,1.0,0.0,False,False,37.067892438444005,38.619719431439286,0.041864451710393,40.525543049872766,42.18222904698649,0.0408800443482009,74.94490068696548,81.24147314697059,0.0840160224683601,2.0,5.0,-0.1044057528322032,-0.0461972662761804,0.0,10.0,27.0,0.05,True,final-analysis-freeze-v1,,,,,,,,
cpu_core_weighted,cpu_weighted_mean_pct,lightgbm,8,2,independent,bottom_up,/Users/fgtek002/TimeTrack/results/final/packs/03_cpu_classical/metrics/predictions/base__cpu_core_weighted__f2__h8__lightgbm__s0.npz,cpu_lightgbm,True,substantial_improvement,pareto_improvement,170.36132440790686,0.0,4341,32,5000,0,-0.1110586588156043,-0.0093205339489896,1.132114434314775,1.0210557754991707,-0.098098439035294,-0.1342768797523754,-0.0581835382237925,1.0,0.0,False,False,49.542461084406845,49.542461084406845,0.0,53.69243579316868,53.69243579316868,0.0,106.71746212291372,106.71746212291372,0.0,0.0,0.0,-0.162002686459015,-0.0624451721186704,0.0,9.0,27.0,0.05,True,final-analysis-freeze-v1,,,,,,,,
cpu_core_weighted,cpu_weighted_mean_pct,lightgbm,8,2,independent,wls,/Users/fgtek002/TimeTrack/results/final/packs/03_cpu_classical/metrics/predictions/base__cpu_core_weighted__f2__h8__lightgbm__s0.npz,cpu_lightgbm,True,substantial_improvement,pareto_improvement,170.36132440790686,0.0,4341,32,5000,0,-0.1204318715446599,-0.0177295953523191,1.132114434314775,1.0116825627701151,-0.1063778253278368,-0.1312934294556903,-0.0800199306217958,1.0,0.0,False,False,49.542461084406845,50.49019044260375,0.0191296382426829,53.69243579316868,54.78066938626573,0.020267912547106,106.71746212291372,109.30341677169017,0.0242317854766639,1.0,6.0,-0.1600505523053509,-0.0838382103396325,0.0,8.0,27.0,0.05,True,final-analysis-freeze-v1,,,,,,,,
cpu_core_weighted,cpu_weighted_mean_pct,lightgbm,8,2,independent,mint,/Users/fgtek002/TimeTrack/results/final/packs/03_cpu_classical/metrics/predictions/base__cpu_core_weighted__f2__h8__lightgbm__s0.npz,cpu_lightgbm,True,substantial_improvement,pareto_improvement,170.36132440790686,0.0,4341,32,5000,0,-0.1222514074072464,-0.0144045150522695,1.132114434314775,1.0098630269075288,-0.1079850266914408,-0.1380641933115599,-0.0756158153641432,1.0,0.0,False,False,49.542461084406845,50.05683467225736,0.0103824795254753,53.69243579316868,54.25463628213135,0.0104707577642473,106.71746212291372,108.75770834241028,0.0191182040774796,3.0,4.0,-0.1681563042284186,-0.0801410663910564,0.0,7.0,27.0,0.05,True,final-analysis-freeze-v1,,,,,,,,
cpu_core_weighted,cpu_weighted_mean_pct,lightgbm,16,0,independent,bottom_up,/Users/fgtek002/TimeTrack/results/final/packs/03_cpu_classical/metrics/predictions/base__cpu_core_weighted__f0__h16__lightgbm__s0.npz,cpu_lightgbm,True,substantial_improvement,pareto_improvement,183.11774023810403,0.0,3707,32,5000,0,-0.0864384040953425,-0.022495892982568,1.117143297745833,1.0307048936504906,-0.0773745000034978,-0.1252840572515126,-0.028923053472727,0.9996,0.0008,False,False,47.06120562341507,47.06120562341507,0.0,51.149635601654055,51.149635601654055,0.0,113.76937071030083,113.76937071030083,0.0,0.0,0.0,-0.1391274579368431,-0.0320392987517073,0.0032,25.0,27.0,0.05,True,final-analysis-freeze-v1,,,,,,,,
cpu_core_weighted,cpu_weighted_mean_pct,lightgbm,16,0,independent,wls,/Users/fgtek002/TimeTrack/results/final/packs/03_cpu_classical/metrics/predictions/base__cpu_core_weighted__f0__h16__lightgbm__s0.npz,cpu_lightgbm,True,substantial_improvement,aggregate_focused_improvement,183.11774023810403,0.0,3707,32,5000,0,-0.0991239466887497,-0.0267559440092446,1.117143297745833,1.0180193510570834,-0.0887298405573946,-0.1133702849308594,-0.0645821817750423,1.0,0.0,False,False,47.06120562341507,49.1908727862314,0.045253136518813,51.149635601654055,53.553969116238335,0.0470058776822748,113.76937071030083,125.06632390974124,0.0992969648061658,1.0,6.0,-0.1295540358314892,-0.0695111489560033,0.0,6.0,27.0,0.05,True,final-analysis-freeze-v1,,,,,,,,
cpu_core_weighted,cpu_weighted_mean_pct,lightgbm,16,0,independent,mint,/Users/fgtek002/TimeTrack/results/final/packs/03_cpu_classical/metrics/predictions/base__cpu_core_weighted__f0__h16__lightgbm__s0.npz,cpu_lightgbm,True,substantial_improvement,aggregate_focused_improvement,183.11774023810403,0.0,3707,32,5000,0,-0.1041475203972014,-0.0280126030520562,1.117143297745833,1.0129957773486316,-0.0932266438937152,-0.1241516739287068,-0.0631819267539927,1.0,0.0,False,False,47.06120562341507,48.22835549140259,0.0248006792968093,51.149635601654055,52.4699961456256,0.0258136842704867,113.76937071030083,119.87375581581962,0.053655786855522,2.0,5.0,-0.1405743760164677,-0.0691525654279232,0.0,5.0,27.0,0.05,True,final-analysis-freeze-v1,,,,,,,,
cpu_core_weighted,cpu_weighted_mean_pct,lightgbm,16,1,independent,bottom_up,/Users/fgtek002/TimeTrack/results/final/packs/03_cpu_classical/metrics/predictions/base__cpu_core_weighted__f1__h16__lightgbm__s0.npz,cpu_lightgbm,True,substantial_improvement,pareto_improvement,131.29275142248974,0.0,4317,32,5000,0,-0.0654562628541001,-0.0103113394336098,0.8648501103571508,0.7993938475030506,-0.0756850951051728,-0.1259852105611831,-0.0293450914674387,0.9982,0.0036,False,False,37.27921300979375,37.27921300979375,0.0,40.752350885870136,40.752350885870136,0.0,78.79765919135761,78.79765919135761,0.0,0.0,0.0,-0.1120852435163558,-0.0242951806895541,0.0048,27.0,27.0,0.05,True,final-analysis-freeze-v1,,,,,,,,
cpu_core_weighted,cpu_weighted_mean_pct,lightgbm,16,1,independent,wls,/Users/fgtek002/TimeTrack/results/final/packs/03_cpu_classical/metrics/predictions/base__cpu_core_weighted__f1__h16__lightgbm__s0.npz,cpu_lightgbm,True,substantial_improvement,aggregate_focused_improvement,131.29275142248974,0.0,4317,32,5000,0,-0.0755769849061497,-0.0143991285671596,0.8648501103571508,0.7892731254510011,-0.0873873796176533,-0.1179393047631855,-0.0570130200043684,1.0,0.0,False,False,37.27921300979375,38.62370018682712,0.0360653315476417,40.752350885870136,42.18933316541928,0.035261334581004,78.79765919135761,82.4267456072435,0.0460557642590977,1.0,6.0,-0.1070181996595857,-0.0467951577832807,0.0,4.0,27.0,0.05,True,final-analysis-freeze-v1,,,,,,,,
cpu_core_weighted,cpu_weighted_mean_pct,lightgbm,16,1,independent,mint,/Users/fgtek002/TimeTrack/results/final/packs/03_cpu_classical/metrics/predictions/base__cpu_core_weighted__f1__h16__lightgbm__s0.npz,cpu_lightgbm,True,substantial_improvement,aggregate_focused_improvement,131.29275142248974,0.0,4317,32,5000,0,-0.0746617754195536,-0.0148498539872088,0.8648501103571508,0.7901883349375971,-0.0863291505954958,-0.1154730413314151,-0.0572313508817904,1.0,0.0,False,False,37.27921300979375,38.85430956611952,0.0422513360438153,40.752350885870136,42.43417777451332,0.041269444635311,78.79765919135761,84.42462165074785,0.0714102743296643,2.0,5.0,-0.1051504516485276,-0.0468805929232198,0.0,3.0,27.0,0.05,True,final-analysis-freeze-v1,,,,,,,,
cpu_core_weighted,cpu_weighted_mean_pct,lightgbm,16,2,independent,bottom_up,/Users/fgtek002/TimeTrack/results/final/packs/03_cpu_classical/metrics/predictions/base__cpu_core_weighted__f2__h16__lightgbm__s0.npz,cpu_lightgbm,True,substantial_improvement,pareto_improvement,172.7779307352326,0.0,3798,32,5000,0,-0.1283625479828249,-0.0090667756048576,1.1549701444181844,1.0266075964353596,-0.1111392780178638,-0.1452707527418825,-0.0751490293441645,1.0,0.0,False,False,50.22454208682983,50.22454208682983,0.0,54.44892156453899,54.44892156453899,0.0,107.7737911259384,107.7737911259384,0.0,0.0,0.0,-0.1796598338927887,-0.0806174041679265,0.0,2.0,27.0,0.05,True,final-analysis-freeze-v1,,,,,,,,
cpu_core_weighted,cpu_weighted_mean_pct,lightgbm,16,2,independent,wls,/Users/fgtek002/TimeTrack/results/final/packs/03_cpu_classical/metrics/predictions/base__cpu_core_weighted__f2__h16__lightgbm__s0.npz,cpu_lightgbm,True,substantial_improvement,pareto_improvement,172.7779307352326,0.0,3798,32,5000,0,-0.1340013063045604,-0.0163652492907442,1.1549701444181844,1.020968838113624,-0.1160214460539701,-0.1392365366589506,-0.0912807027462387,1.0,0.0,False,False,50.22454208682983,51.21705777740267,0.0197615677382772,54.44892156453899,55.58440586594445,0.0208541192144559,107.7737911259384,110.86470265122934,0.0286796213903162,1.0,6.0,-0.1747438014421688,-0.0964059348474036,0.0,11.0,27.0,0.05,True,final-analysis-freeze-v1,,,,,,,,
cpu_core_weighted,cpu_weighted_mean_pct,lightgbm,16,2,independent,mint,/Users/fgtek002/TimeTrack/results/final/packs/03_cpu_classical/metrics/predictions/base__cpu_core_weighted__f2__h16__lightgbm__s0.npz,cpu_lightgbm,True,substantial_improvement,pareto_improvement,172.7779307352326,0.0,3798,32,5000,0,-0.137721080323167,-0.0131266262104836,1.1549701444181844,1.0172490640950174,-0.119242112870843,-0.1475714036150374,-0.0896639937970474,1.0,0.0,False,False,50.22454208682983,50.79742925240294,0.011406518442372,54.44892156453899,55.06735835149533,0.0113581090164163,107.7737911259384,110.24848476290336,0.0229619243334696,3.0,4.0,-0.1836825132260006,-0.0951492344770902,0.0,23.0,27.0,0.05,True,final-analysis-freeze-v1,,,,,,,,
cpu_core_weighted,cpu_weighted_mean_pct,dlinear,1,0,independent,bottom_up,/Users/fgtek002/TimeTrack/results/final/packs/04_cpu_dlinear/metrics/predictions/base__cpu_core_weighted__f0__h1__dlinear__s0.npz,cpu_dlinear,True,substantial_improvement,pareto_improvement,111.46417771966372,0.0,4847,32,5000,0,-0.0940648191289511,-0.0466765579979089,1.3150739218475105,1.2210091027185592,-0.0715281609392741,-0.0926037780892894,-0.0512135325400868,1.0,0.0,False,False,55.81443603589973,55.81443603589973,0.0,60.64272935444045,60.64272935444045,0.0,136.94271995473724,136.94271995473724,0.0,0.0,0.0,-0.1142925633231398,-0.0718930532395526,0.0,1.0,27.0,0.05,True,final-analysis-freeze-v1,,,,,,,,
cpu_core_weighted,cpu_weighted_mean_pct,dlinear,1,0,independent,wls,/Users/fgtek002/TimeTrack/results/final/packs/04_cpu_dlinear/metrics/predictions/base__cpu_core_weighted__f0__h1__dlinear__s0.npz,cpu_dlinear,True,substantial_improvement,pareto_improvement,111.46417771966372,0.0,4847,32,5000,0,-0.0830129452042945,-0.0562021772223024,1.3150739218475105,1.2320609766432158,-0.0631241665013568,-0.0778468978828488,-0.0493755496784983,1.0,0.0,False,False,55.81443603589973,56.66278506363334,0.0151994553378261,60.64272935444045,61.5600498815495,0.0151266365626052,136.94271995473724,141.91261643309642,0.0362917903193528,1.0,6.0,-0.095867883463565,-0.0693168686398366,0.0,25.0,27.0,0.05,True,final-analysis-freeze-v1,,,,,,,,
cpu_core_weighted,cpu_weighted_mean_pct,dlinear,1,0,independent,mint,/Users/fgtek002/TimeTrack/results/final/packs/04_cpu_dlinear/metrics/predictions/base__cpu_core_weighted__f0__h1__dlinear__s0.npz,cpu_dlinear,True,substantial_improvement,pareto_improvement,111.46417771966372,0.0,4847,32,5000,0,-0.0908326723899763,-0.0555062846217238,1.3150739218475105,1.224241249457534,-0.0690703928356879,-0.0864047933760045,-0.0528877970871683,1.0,0.0,False,False,55.81443603589973,56.14478926430313,0.0059187775039223,60.64272935444045,61.00661054457989,0.006000409183641,136.94271995473724,138.6956896356093,0.0128007511567717,1.0,6.0,-0.1062382474147356,-0.0744324100554801,0.0,24.0,27.0,0.05,True,final-analysis-freeze-v1,,,,,,,,
cpu_core_weighted,cpu_weighted_mean_pct,dlinear,1,1,independent,bottom_up,/Users/fgtek002/TimeTrack/results/final/packs/04_cpu_dlinear/metrics/predictions/base__cpu_core_weighted__f1__h1__dlinear__s0.npz,cpu_dlinear,True,substantial_improvement,pareto_improvement,110.22891972876208,0.0,5261,32,5000,0,-0.1226226373279124,-0.0580406775619652,1.0373307869955866,0.914708149667674,-0.1182097734542936,-0.1417521841265584,-0.0990523134123308,1.0,0.0,False,False,43.6484014118106,43.6484014118106,0.0,47.69683711876819,47.69683711876819,0.0,90.77107186402476,90.77107186402476,0.0,0.0,0.0,-0.1453050778688273,-0.1022787036828998,0.0,23.0,27.0,0.05,True,final-analysis-freeze-v1,,,,,,,,
cpu_core_weighted,cpu_weighted_mean_pct,dlinear,1,1,independent,wls,/Users/fgtek002/TimeTrack/results/final/packs/04_cpu_dlinear/metrics/predictions/base__cpu_core_weighted__f1__h1__dlinear__s0.npz,cpu_dlinear,True,substantial_improvement,aggregate_focused_improvement,110.22891972876208,0.0,5261,32,5000,0,-0.1014427878259858,-0.0716289071261568,1.0373307869955866,0.9358879991696007,-0.0977921306276794,-0.1144078431824921,-0.0847649545963958,1.0,0.0,False,False,43.6484014118106,44.85351793337132,0.0276096370675933,47.69683711876819,48.98478166339312,0.0270027243403555,90.77107186402476,95.87413060819068,0.056218998403041,0.0,7.0,-0.1158436515670386,-0.0885895104216631,0.0,22.0,27.0,0.05,True,final-analysis-freeze-v1,,,,,,,,
cpu_core_weighted,cpu_weighted_mean_pct,dlinear,1,1,independent,mint,/Users/fgtek002/TimeTrack/results/final/packs/04_cpu_dlinear/metrics/predictions/base__cpu_core_weighted__f1__h1__dlinear__s0.npz,cpu_dlinear,True,substantial_improvement,aggregate_focused_improvement,110.22891972876208,0.0,5261,32,5000,0,-0.1031646033681778,-0.0723800817511395,1.0373307869955866,0.9341661836274088,-0.0994519825898281,-0.1164579481685014,-0.0861665613225491,1.0,0.0,False,False,43.6484014118106,44.7614559935766,0.0255004661285216,47.69683711876819,48.886114486766786,0.024934092905096,90.77107186402476,94.8378407296409,0.0448024770678943,0.0,7.0,-0.1179748049257479,-0.089995738696495,0.0,21.0,27.0,0.05,True,final-analysis-freeze-v1,,,,,,,,
cpu_core_weighted,cpu_weighted_mean_pct,dlinear,1,2,independent,bottom_up,/Users/fgtek002/TimeTrack/results/final/packs/04_cpu_dlinear/metrics/predictions/base__cpu_core_weighted__f2__h1__dlinear__s0.npz,cpu_dlinear,True,substantial_improvement,pareto_improvement,124.6056828390192,0.0,4852,32,5000,0,-0.0714616857010923,-0.0136543468312626,1.3941457895497489,1.3226841038486563,-0.0512584022680809,-0.0663028130968989,-0.03515283190027,1.0,0.0,False,False,63.22569521497917,63.22569521497917,0.0,68.4061622943292,68.4061622943292,0.0,150.75856822016922,150.75856822016922,0.0,0.0,0.0,-0.0938337144808434,-0.0489963793376937,0.0,20.0,27.0,0.05,True,final-analysis-freeze-v1,,,,,,,,
cpu_core_weighted,cpu_weighted_mean_pct,dlinear,1,2,independent,wls,/Users/fgtek002/TimeTrack/results/final/packs/04_cpu_dlinear/metrics/predictions/base__cpu_core_weighted__f2__h1__dlinear__s0.npz,cpu_dlinear,True,substantial_improvement,pareto_improvement,124.6056828390192,0.0,4852,32,5000,0,-0.0728274877982108,-0.0353323318748635,1.3941457895497489,1.321318301751538,-0.0522380717598631,-0.0616923302336848,-0.0426257974291498,1.0,0.0,False,False,63.22569521497917,64.20429717889297,0.0154779154359058,68.4061622943292,69.4655541181135,0.01548678932208,150.75856822016922,155.440179988618,0.0310537027760287,2.0,5.0,-0.0862120871962442,-0.0594600562261849,0.0,19.0,27.0,0.05,True,final-analysis-freeze-v1,,,,,,,,
cpu_core_weighted,cpu_weighted_mean_pct,dlinear,1,2,independent,mint,/Users/fgtek002/TimeTrack/results/final/packs/04_cpu_dlinear/metrics/predictions/base__cpu_core_weighted__f2__h1__dlinear__s0.npz,cpu_dlinear,True,substantial_improvement,pareto_improvement,124.6056828390192,0.0,4852,32,5000,0,-0.0758724688818445,-0.0339383816948724,1.3941457895497489,1.318273320667904,-0.0544221913164104,-0.0652267031087855,-0.0429063234970355,1.0,0.0,False,False,63.22569521497917,63.84487173325203,0.0097931152226565,68.4061622943292,69.07099171209876,0.0097188527388659,150.75856822016922,154.66001223951892,0.02587875478926,1.0,6.0,-0.091805522134433,-0.0599199768304743,0.0,18.0,27.0,0.05,True,final-analysis-freeze-v1,,,,,,,,
cpu_core_weighted,cpu_weighted_mean_pct,dlinear,8,0,independent,bottom_up,/Users/fgtek002/TimeTrack/results/final/packs/04_cpu_dlinear/metrics/predictions/base__cpu_core_weighted__f0__h8__dlinear__s0.npz,cpu_dlinear,True,substantial_improvement,pareto_improvement,96.52036216500537,0.0,4295,32,5000,0,-0.0928081073776647,-0.0608441986909769,1.2969408053016054,1.2041326979239406,-0.0715592469589096,-0.093180931300903,-0.0529676083188324,1.0,0.0,False,False,55.172625905422635,55.172625905422635,0.0,59.95176709609382,59.95176709609382,0.0,133.75795077274256,133.75795077274256,0.0,0.0,0.0,-0.1134564277329454,-0.0724325848797561,0.0,17.0,27.0,0.05,True,final-analysis-freeze-v1,,,,,,,,
cpu_core_weighted,cpu_weighted_mean_pct,dlinear,8,0,independent,wls,/Users/fgtek002/TimeTrack/results/final/packs/04_cpu_dlinear/metrics/predictions/base__cpu_core_weighted__f0__h8__dlinear__s0.npz,cpu_dlinear,True,substantial_improvement,pareto_improvement,96.52036216500537,0.0,4295,32,5000,0,-0.0753597334581577,-0.0516581611805215,1.2969408053016054,1.221581071843448,-0.0581057617665385,-0.0726744225440897,-0.0457793323424481,1.0,0.0,False,False,55.172625905422635,56.07955320961579,0.016437994192044,59.95176709609382,60.927435418314715,0.0162742212528455,133.75795077274256,138.78413438587947,0.0375767091533608,2.0,5.0,-0.0884065669323514,-0.0627082821800518,0.0,16.0,27.0,0.05,True,final-analysis-freeze-v1,,,,,,,,
cpu_core_weighted,cpu_weighted_mean_pct,dlinear,8,0,independent,mint,/Users/fgtek002/TimeTrack/results/final/packs/04_cpu_dlinear/metrics/predictions/base__cpu_core_weighted__f0__h8__dlinear__s0.npz,cpu_dlinear,True,substantial_improvement,pareto_improvement,96.52036216500537,0.0,4295,32,5000,0,-0.0874158436001785,-0.0566386180288267,1.2969408053016054,1.209524961701427,-0.067401567783851,-0.0857304073806907,-0.0518560273201706,1.0,0.0,False,False,55.172625905422635,55.4333883494753,0.0047263011280207,59.95176709609382,60.23851523356477,0.0047829805752236,133.75795077274256,135.0236332339142,0.0094624839410262,3.0,4.0,-0.1042100138194281,-0.0707898628442058,0.0,15.0,27.0,0.05,True,final-analysis-freeze-v1,,,,,,,,
cpu_core_weighted,cpu_weighted_mean_pct,dlinear,8,1,independent,bottom_up,/Users/fgtek002/TimeTrack/results/final/packs/04_cpu_dlinear/metrics/predictions/base__cpu_core_weighted__f1__h8__dlinear__s0.npz,cpu_dlinear,True,substantial_improvement,pareto_improvement,97.31203887243764,0.0,4778,32,5000,0,-0.0975036787432677,-0.0521321926790079,1.033701682753594,0.9361980040103264,-0.0943247750971397,-0.1250371004729721,-0.0713517890697219,1.0,0.0,False,False,44.047412719064155,44.047412719064155,0.0,48.1257430369662,48.1257430369662,0.0,90.49144411744182,90.49144411744182,0.0,0.0,0.0,-0.1203147407225019,-0.0784630423596545,0.0,26.0,27.0,0.05,True,final-analysis-freeze-v1,,,,,,,,
cpu_core_weighted,cpu_weighted_mean_pct,dlinear,8,1,independent,wls,/Users/fgtek002/TimeTrack/results/final/packs/04_cpu_dlinear/metrics/predictions/base__cpu_core_weighted__f1__h8__dlinear__s0.npz,cpu_dlinear,True,substantial_improvement,aggregate_focused_improvement,97.31203887243764,0.0,4778,32,5000,0,-0.0785583906164662,-0.0500475495199794,1.033701682753594,0.9551432921371278,-0.0759971584908335,-0.0969265897763357,-0.060633278083209,1.0,0.0,False,False,44.047412719064155,45.27789738434895,0.0279354583919119,48.1257430369662,49.44069851060631,0.0273233282368247,90.49144411744182,94.88368154204451,0.0485375989679461,0.0,7.0,-0.0930537485425874,-0.0663701011201701,0.0,14.0,27.0,0.05,True,final-analysis-freeze-v1,,,,,,,,
cpu_core_weighted,cpu_weighted_mean_pct,dlinear,8,1,independent,mint,/Users/fgtek002/TimeTrack/results/final/packs/04_cpu_dlinear/metrics/predictions/base__cpu_core_weighted__f1__h8__dlinear__s0.npz,cpu_dlinear,True,substantial_improvement,aggregate_focused_improvement,97.31203887243764,0.0,4778,32,5000,0,-0.0799972858081454,-0.0500914905484712,1.033701682753594,0.9537043969454486,-0.0773891415123241,-0.098796255067812,-0.061616991619573,1.0,0.0,False,False,44.047412719064155,45.23324055718996,0.0269216229722515,48.1257430369662,49.39273724486544,0.0263267458941057,90.49144411744182,95.41837549758893,0.0544463780879972,1.0,6.0,-0.0948621414367904,-0.0674535835758509,0.0,12.0,27.0,0.05,True,final-analysis-freeze-v1,,,,,,,,
cpu_core_weighted,cpu_weighted_mean_pct,dlinear,8,2,independent,bottom_up,/Users/fgtek002/TimeTrack/results/final/packs/04_cpu_dlinear/metrics/predictions/base__cpu_core_weighted__f2__h8__dlinear__s0.npz,cpu_dlinear,True,modest_improvement,pareto_improvement,116.15117033739224,0.0,4341,32,5000,0,-0.0511926216775908,-0.0059155024980954,1.3866029396631767,1.335410317985586,-0.0369194527238101,-0.0540225896545446,-0.0191844877194259,1.0,0.0,False,False,63.77222898025815,63.77222898025815,0.0,69.01708714316435,69.01708714316435,0.0,156.44491276040526,156.44491276040526,0.0,0.0,0.0,-0.0716946747548025,-0.027346269089056,0.0,11.0,27.0,0.05,True,final-analysis-freeze-v1,,,,,,,,
cpu_core_weighted,cpu_weighted_mean_pct,dlinear,8,2,independent,wls,/Users/fgtek002/TimeTrack/results/final/packs/04_cpu_dlinear/metrics/predictions/base__cpu_core_weighted__f2__h8__dlinear__s0.npz,cpu_dlinear,True,modest_improvement,pareto_improvement,116.15117033739224,0.0,4341,32,5000,0,-0.0570250299602386,-0.031468437811462,1.3866029396631767,1.329577909702938,-0.0411257096960221,-0.0522046776975686,-0.0294604489197636,1.0,0.0,False,False,63.77222898025815,64.2805604595462,0.0079710477023691,69.01708714316435,69.57829468818949,0.0081314290164261,156.44491276040526,158.057797588636,0.010309602273235,0.0,7.0,-0.0699050344812386,-0.0423096142509793,0.0,10.0,27.0,0.05,True,final-analysis-freeze-v1,,,,,,,,
cpu_core_weighted,cpu_weighted_mean_pct,dlinear,8,2,independent,mint,/Users/fgtek002/TimeTrack/results/final/packs/04_cpu_dlinear/metrics/predictions/base__cpu_core_weighted__f2__h8__dlinear__s0.npz,cpu_dlinear,True,modest_improvement,pareto_improvement,116.15117033739224,0.0,4341,32,5000,0,-0.0584466456971075,-0.028423617169087,1.3866029396631767,1.3281562939660692,-0.0421509604698407,-0.0546634291292575,-0.0290547153008005,1.0,0.0,False,False,63.77222898025815,64.04506340227731,0.0042782638521796,69.01708714316435,69.31541972249238,0.0043225901248076,156.44491276040526,157.4440612855795,0.0063865836705371,2.0,5.0,-0.0732128344578258,-0.0418503639719811,0.0,9.0,27.0,0.05,True,final-analysis-freeze-v1,,,,,,,,
cpu_core_weighted,cpu_weighted_mean_pct,dlinear,16,0,independent,bottom_up,/Users/fgtek002/TimeTrack/results/final/packs/04_cpu_dlinear/metrics/predictions/base__cpu_core_weighted__f0__h16__dlinear__s0.npz,cpu_dlinear,True,substantial_improvement,pareto_improvement,116.57592199027869,0.0,3707,32,5000,0,-0.0907162597861748,-0.0416165439774456,1.3105642612208253,1.2198480014346502,-0.0692192382094032,-0.0959015286795559,-0.0482581618228772,1.0,0.0,False,False,55.52731415288332,55.52731415288332,0.0,60.3141454277517,60.3141454277517,0.0,136.6292780404871,136.6292780404871,0.0,0.0,0.0,-0.1164408105839221,-0.0660339768327981,0.0,8.0,27.0,0.05,True,final-analysis-freeze-v1,,,,,,,,
cpu_core_weighted,cpu_weighted_mean_pct,dlinear,16,0,independent,wls,/Users/fgtek002/TimeTrack/results/final/packs/04_cpu_dlinear/metrics/predictions/base__cpu_core_weighted__f0__h16__dlinear__s0.npz,cpu_dlinear,True,substantial_improvement,pareto_improvement,116.57592199027869,0.0,3707,32,5000,0,-0.0794298596506946,-0.0529263518908162,1.3105642612208253,1.2311344015701309,-0.0606073750070855,-0.0784825561810929,-0.0466848169505852,1.0,0.0,False,False,55.52731415288332,56.44538251815269,0.0165336353698227,60.3141454277517,61.30441718994284,0.0164185657471903,136.6292780404871,142.97641839926837,0.0464551994258541,3.0,4.0,-0.0951395998756073,-0.0651891188615522,0.0,7.0,27.0,0.05,True,final-analysis-freeze-v1,,,,,,,,
cpu_core_weighted,cpu_weighted_mean_pct,dlinear,16,0,independent,mint,/Users/fgtek002/TimeTrack/results/final/packs/04_cpu_dlinear/metrics/predictions/base__cpu_core_weighted__f0__h16__dlinear__s0.npz,cpu_dlinear,True,substantial_improvement,pareto_improvement,116.57592199027869,0.0,3707,32,5000,0,-0.0883834427723296,-0.0543792134362068,1.3105642612208253,1.2221808184484957,-0.0674392285731934,-0.0886453171569947,-0.050830434191578,1.0,0.0,False,False,55.52731415288332,55.821542878393025,0.0052988106844066,60.3141454277517,60.63789570978126,0.0053677338828811,136.6292780404871,138.86013243360927,0.0163277917084589,3.0,4.0,-0.1078556974136193,-0.0704752085329494,0.0,6.0,27.0,0.05,True,final-analysis-freeze-v1,,,,,,,,
cpu_core_weighted,cpu_weighted_mean_pct,dlinear,16,1,independent,bottom_up,/Users/fgtek002/TimeTrack/results/final/packs/04_cpu_dlinear/metrics/predictions/base__cpu_core_weighted__f1__h16__dlinear__s0.npz,cpu_dlinear,True,substantial_improvement,pareto_improvement,104.45388158119104,0.0,4317,32,5000,0,-0.1077071227014425,-0.0447156406345561,1.0368843629622824,0.9291772402608398,-0.1038757324816176,-0.1308228949972756,-0.0821352786721621,1.0,0.0,False,False,44.26654340396201,44.26654340396201,0.0,48.37372348807707,48.37372348807707,0.0,92.90378698824622,92.90378698824622,0.0,0.0,0.0,-0.1308802681659429,-0.0863539972761048,0.0,5.0,27.0,0.05,True,final-analysis-freeze-v1,,,,,,,,
cpu_core_weighted,cpu_weighted_mean_pct,dlinear,16,1,independent,wls,/Users/fgtek002/TimeTrack/results/final/packs/04_cpu_dlinear/metrics/predictions/base__cpu_core_weighted__f1__h16__dlinear__s0.npz,cpu_dlinear,True,substantial_improvement,aggregate_focused_improvement,104.45388158119104,0.0,4317,32,5000,0,-0.0899768493965253,-0.0591920358877473,1.0368843629622824,0.946907513565757,-0.0867761658006586,-0.1053579461997127,-0.0723190453858994,1.0,0.0,False,False,44.26654340396201,45.28738586108749,0.0230612643008876,48.37372348807707,49.46434702509106,0.0225457843302635,92.90378698824622,95.50988149002882,0.0280515422058339,0.0,7.0,-0.1051172561674865,-0.0762519029913789,0.0,4.0,27.0,0.05,True,final-analysis-freeze-v1,,,,,,,,
cpu_core_weighted,cpu_weighted_mean_pct,dlinear,16,1,independent,mint,/Users/fgtek002/TimeTrack/results/final/packs/04_cpu_dlinear/metrics/predictions/base__cpu_core_weighted__f1__h16__dlinear__s0.npz,cpu_dlinear,True,substantial_improvement,pareto_improvement,104.45388158119104,0.0,4317,32,5000,0,-0.0923425160681351,-0.0605587047224185,1.0368843629622824,0.9445418468941472,-0.089057680264674,-0.1082896723110663,-0.0740674396438175,1.0,0.0,False,False,44.26654340396201,45.13586691768224,0.0196383870723101,48.37372348807707,49.30245689907363,0.0191991301067711,92.90378698824622,95.78830442284968,0.031048437616094,0.0,7.0,-0.108094553645229,-0.0780344776108791,0.0,3.0,27.0,0.05,True,final-analysis-freeze-v1,,,,,,,,
cpu_core_weighted,cpu_weighted_mean_pct,dlinear,16,2,independent,bottom_up,/Users/fgtek002/TimeTrack/results/final/packs/04_cpu_dlinear/metrics/predictions/base__cpu_core_weighted__f2__h16__dlinear__s0.npz,cpu_dlinear,True,modest_improvement,pareto_improvement,122.93967073314612,0.0,3798,32,5000,0,-0.0606507073101677,-0.0200581983296199,1.3862077577261862,1.3255570504160183,-0.0437529706294919,-0.0654471480395372,-0.0229377895411908,1.0,0.0,False,False,63.51815127561501,63.51815127561501,0.0,68.7641127927588,68.7641127927588,0.0,153.45861696885234,153.45861696885234,0.0,0.0,0.0,-0.0868903038337504,-0.0332715120002044,0.0,2.0,27.0,0.05,True,final-analysis-freeze-v1,,,,,,,,
cpu_core_weighted,cpu_weighted_mean_pct,dlinear,16,2,independent,wls,/Users/fgtek002/TimeTrack/results/final/packs/04_cpu_dlinear/metrics/predictions/base__cpu_core_weighted__f2__h16__dlinear__s0.npz,cpu_dlinear,True,modest_improvement,pareto_improvement,122.93967073314612,0.0,3798,32,5000,0,-0.0660054021792278,-0.0466451845716431,1.3862077577261862,1.3202023555469582,-0.0476158078118804,-0.0626471733849135,-0.0341616893474007,1.0,0.0,False,False,63.51815127561501,64.33363593577829,0.0128386082369553,68.7641127927588,69.65087739591783,0.0128957470276911,153.45861696885234,156.86755307050436,0.0222140416027855,2.0,5.0,-0.0817493527597624,-0.0495576593847505,0.0,13.0,27.0,0.05,True,final-analysis-freeze-v1,,,,,,,,
cpu_core_weighted,cpu_weighted_mean_pct,dlinear,16,2,independent,mint,/Users/fgtek002/TimeTrack/results/final/packs/04_cpu_dlinear/metrics/predictions/base__cpu_core_weighted__f2__h16__dlinear__s0.npz,cpu_dlinear,True,modest_improvement,pareto_improvement,122.93967073314612,0.0,3798,32,5000,0,-0.067755365971614,-0.041110195345694,1.3862077577261862,1.3184523917545723,-0.0488782187186385,-0.0656306651991728,-0.033654356737889,1.0,0.0,False,False,63.51815127561501,64.04428454893129,0.0082831956338481,68.7641127927588,69.33111193983056,0.0082455676957629,153.45861696885234,155.95752971009406,0.0162839519252863,1.0,6.0,-0.0859633976800045,-0.0487448004691395,0.0,27.0,27.0,0.05,True,final-analysis-freeze-v1,,,,,,,,
disk_ud,disk_level,persistence,1,0,independent,bottom_up,/Users/fgtek002/TimeTrack/results/final/packs/05_disk_boundary/metrics/predictions/base__disk_ud__f0__h1__persistence__s0.npz,disk_persistence_descriptive,False,accuracy_neutral,coherence_only,0.0,0.0,8276,32,5000,0,0.0,0.0,1848015504.270662,1848015504.270662,0.0,0.0,0.0,0.0,1.0,True,True,292520190.6743079,292520190.6743079,0.0,2047641334.7201548,2047641334.7201548,0.0,908892486.6505558,908892486.6505558,0.0,0.0,0.0,0.0,0.0,,,0.0,0.05,False,final-analysis-freeze-v1,,,,,,,,
disk_ud,disk_level,persistence,1,0,independent,top_down,/Users/fgtek002/TimeTrack/results/final/packs/05_disk_boundary/metrics/predictions/base__disk_ud__f0__h1__persistence__s0.npz,disk_persistence_descriptive,False,accuracy_neutral,accuracy_costly_coherence,0.0,7.374958464233929e-08,8276,32,5000,0,0.0,0.0,1848015504.270662,1848015504.270662,0.0,0.0,0.0,0.0,1.0,True,True,292520190.6743079,292520190.6743079,0.0,2047641334.7201548,2047641334.720155,1.1643571315879227e-16,908892486.6505558,908892486.6505558,0.0,0.0,2.0,0.0,0.0,,,0.0,0.05,False,final-analysis-freeze-v1,,,,,,,,
disk_ud,disk_level,persistence,1,0,independent,wls,/Users/fgtek002/TimeTrack/results/final/packs/05_disk_boundary/metrics/predictions/base__disk_ud__f0__h1__persistence__s0.npz,disk_persistence_descriptive,False,accuracy_neutral,coherence_only,0.0,0.0,8276,32,5000,0,0.0411719003698571,0.190185546875,1848015504.270662,1848015504.311834,2.2278979951581095e-11,1.8463961817987187e-11,2.758379890987299e-11,0.0,0.0,False,False,292520190.6743079,292520190.6866701,4.226115714097576e-11,2047641334.7201548,2047641334.806691,4.2261390012402086e-11,908892486.6505558,908892486.7366108,9.468107880101034e-11,0.0,7.0,0.0381059988620144,0.0443548896682613,,,0.0,0.05,False,final-analysis-freeze-v1,,,,,,,,
disk_ud,disk_level,persistence,1,0,independent,mint,/Users/fgtek002/TimeTrack/results/final/packs/05_disk_boundary/metrics/predictions/base__disk_ud__f0__h1__persistence__s0.npz,disk_persistence_descriptive,False,accuracy_neutral,coherence_only,0.0,0.0,8276,32,5000,0,0.0698990155787442,0.320068359375,1848015504.270662,1848015504.3405612,3.7823825296493174e-11,3.1367165985790966e-11,4.6813736130755873e-11,0.0,0.0,False,False,292520190.6743079,292520190.69073945,5.6172430406335614e-11,2047641334.7201548,2047641334.8351765,5.6172779713475105e-11,908892486.6505558,908892486.7527364,1.1242319819682527e-10,1.0,6.0,0.0646649371258241,0.0752696694124718,,,0.0,0.05,False,final-analysis-freeze-v1,,,,,,,,
disk_ud,disk_level,persistence,1,1,independent,bottom_up,/Users/fgtek002/TimeTrack/results/final/packs/05_disk_boundary/metrics/predictions/base__disk_ud__f1__h1__persistence__s0.npz,disk_persistence_descriptive,False,accuracy_neutral,coherence_only,0.0,0.0,8276,32,5000,0,0.0,0.0,1145989203.1474142,1145989203.1474142,0.0,0.0,0.0,0.0,1.0,True,True,181207052.8680522,181207052.8680522,0.0,1268449370.0763657,1268449370.0763657,0.0,735652275.5340744,735652275.5340744,0.0,0.0,0.0,0.0,0.0,,,0.0,0.05,False,final-analysis-freeze-v1,,,,,,,,
disk_ud,disk_level,persistence,1,1,independent,top_down,/Users/fgtek002/TimeTrack/results/final/packs/05_disk_boundary/metrics/predictions/base__disk_ud__f1__h1__persistence__s0.npz,disk_persistence_descriptive,False,accuracy_neutral,coherence_only,0.0,0.0,8276,32,5000,0,0.0,0.0,1145989203.1474142,1145989203.1474142,0.0,0.0,0.0,0.0,1.0,True,True,181207052.8680522,181207052.86805224,1.6446557634484671e-16,1268449370.0763657,1268449370.0763657,0.0,735652275.5340744,735652275.5340744,0.0,1.0,1.0,0.0,0.0,,,0.0,0.05,False,final-analysis-freeze-v1,,,,,,,,
disk_ud,disk_level,persistence,1,1,independent,wls,/Users/fgtek002/TimeTrack/results/final/packs/05_disk_boundary/metrics/predictions/base__disk_ud__f1__h1__persistence__s0.npz,disk_persistence_descriptive,False,accuracy_neutral,coherence_only,0.0,0.0,8276,32,5000,0,-0.0521854863413409,-0.104248046875,1145989203.1474142,1145989203.095229,-4.5537502620457105e-11,-6.048147497281449e-11,-3.6186195031991495e-11,1.0,0.0,False,False,181207052.8680522,181207052.88706985,1.0494976037063164e-10,1268449370.0763657,1268449370.2094884,1.049493374591496e-10,735652275.5340744,735652275.5614519,3.721525391743967e-11,1.0,6.0,-0.0582984669880339,-0.0461408199349021,,,0.0,0.05,False,final-analysis-freeze-v1,,,,,,,,
disk_ud,disk_level,persistence,1,1,independent,mint,/Users/fgtek002/TimeTrack/results/final/packs/05_disk_boundary/metrics/predictions/base__disk_ud__f1__h1__persistence__s0.npz,disk_persistence_descriptive,False,accuracy_neutral,coherence_only,0.0,0.0,8276,32,5000,0,0.1845624507942771,0.8267822265625,1145989203.1474142,1145989203.3319764,1.6105077629648134e-10,1.2747815239424426e-10,2.1454524268067328e-10,0.0,0.0,False,False,181207052.8680522,181207052.91176897,2.412529092844922e-10,1268449370.0763657,1268449370.3823826,2.4125295627465684e-10,735652275.5340744,735652275.6705037,1.854535279537125e-10,2.0,5.0,0.1691995745179963,0.1994139245882767,,,0.0,0.05,False,final-analysis-freeze-v1,,,,,,,,
disk_ud,disk_level,persistence,1,2,independent,bottom_up,/Users/fgtek002/TimeTrack/results/final/packs/05_disk_boundary/metrics/predictions/base__disk_ud__f2__h1__persistence__s0.npz,disk_persistence_descriptive,False,accuracy_neutral,coherence_only,0.0,0.0,8279,32,5000,0,0.0,0.0,1654563840.6184323,1654563840.6184323,0.0,0.0,0.0,0.0,1.0,True,True,264898218.51942092,264898218.51942092,0.0,1854287529.6359465,1854287529.6359465,0.0,978161272.656118,978161272.656118,0.0,0.0,0.0,0.0,0.0,,,0.0,0.05,False,final-analysis-freeze-v1,,,,,,,,
disk_ud,disk_level,persistence,1,2,independent,top_down,/Users/fgtek002/TimeTrack/results/final/packs/05_disk_boundary/metrics/predictions/base__disk_ud__f2__h1__persistence__s0.npz,disk_persistence_descriptive,False,accuracy_neutral,coherence_only,0.0,0.0,8279,32,5000,0,0.0,0.0,1654563840.6184323,1654563840.6184323,0.0,0.0,0.0,0.0,1.0,True,True,264898218.51942092,264898218.51942092,0.0,1854287529.6359465,1854287529.6359465,0.0,978161272.656118,978161272.656118,0.0,0.0,1.0,0.0,0.0,,,0.0,0.05,False,final-analysis-freeze-v1,,,,,,,,
disk_ud,disk_level,persistence,1,2,independent,wls,/Users/fgtek002/TimeTrack/results/final/packs/05_disk_boundary/metrics/predictions/base__disk_ud__f2__h1__persistence__s0.npz,disk_persistence_descriptive,False,accuracy_neutral,coherence_only,0.0,0.0,8279,32,5000,0,0.0491118990348321,0.1610107421875,1654563840.6184323,1654563840.667544,2.968268605246164e-11,2.4501640899724345e-11,3.671406061599168e-11,0.0,0.0,False,False,264898218.51942092,264898218.5391733,7.456593457863727e-11,1854287529.6359465,1854287529.7742133,7.456599886709719e-11,978161272.656118,978161272.79437,1.4133867670592802e-10,2.0,5.0,0.0462127372224717,0.0522240708884819,,,0.0,0.05,False,final-analysis-freeze-v1,,,,,,,,
disk_ud,disk_level,persistence,1,2,independent,mint,/Users/fgtek002/TimeTrack/results/final/packs/05_disk_boundary/metrics/predictions/base__disk_ud__f2__h1__persistence__s0.npz,disk_persistence_descriptive,False,accuracy_neutral,coherence_only,0.0,0.0,8279,32,5000,0,0.0612214686631839,0.1943359375,1654563840.6184323,1654563840.6796536,3.70015753760828e-11,3.0525237523154276e-11,4.577454938452726e-11,0.0,0.0,False,False,264898218.51942092,264898218.5413211,8.267393085675854e-11,1854287529.6359465,1854287529.7892475,8.26738022798387e-11,978161272.656118,978161272.8257104,1.7337887368251294e-10,3.0,4.0,0.0575381658088471,0.0651634466044783,,,0.0,0.05,False,final-analysis-freeze-v1,,,,,,,,
disk_ud,disk_level,persistence,8,0,independent,bottom_up,/Users/fgtek002/TimeTrack/results/final/packs/05_disk_boundary/metrics/predictions/base__disk_ud__f0__h8__persistence__s0.npz,disk_persistence_descriptive,False,accuracy_neutral,coherence_only,0.0,0.0,8269,32,5000,0,0.0,0.0,1849506840.3956947,1849506840.3956947,0.0,0.0,0.0,0.0,1.0,True,True,292749791.3515194,292749791.3515194,0.0,2049248539.460636,2049248539.460636,0.0,909633993.94558,909633993.94558,0.0,0.0,0.0,0.0,0.0,,,0.0,0.05,False,final-analysis-freeze-v1,,,,,,,,
disk_ud,disk_level,persistence,8,0,independent,top_down,/Users/fgtek002/TimeTrack/results/final/packs/05_disk_boundary/metrics/predictions/base__disk_ud__f0__h8__persistence__s0.npz,disk_persistence_descriptive,False,accuracy_neutral,accuracy_costly_coherence,0.0,7.38120162655702e-08,8269,32,5000,0,0.0,0.0,1849506840.3956947,1849506840.3956947,0.0,0.0,0.0,0.0,1.0,True,True,292749791.3515194,292749791.3515194,0.0,2049248539.460636,2049248539.460636,0.0,909633993.94558,909633993.94558,0.0,0.0,2.0,0.0,0.0,,,0.0,0.05,False,final-analysis-freeze-v1,,,,,,,,
disk_ud,disk_level,persistence,8,0,independent,wls,/Users/fgtek002/TimeTrack/results/final/packs/05_disk_boundary/metrics/predictions/base__disk_ud__f0__h8__persistence__s0.npz,disk_persistence_descriptive,False,accuracy_neutral,coherence_only,0.0,0.0,8269,32,5000,0,-0.0229415127755018,-0.09765625,1849506840.3956947,1849506840.3727536,-1.2404124318131004e-11,-1.5298073318858068e-11,-1.0282194166088197e-11,1.0,0.0,False,False,292749791.3515194,292749791.3498947,-5.549802101606742e-12,2049248539.460636,2049248539.449263,-5.5498602738036485e-12,909633993.94558,909633993.9342957,-1.2405244543073327e-11,2.0,5.0,-0.0246718100011384,-0.0212180247083657,,,0.0,0.05,False,final-analysis-freeze-v1,,,,,,,,
disk_ud,disk_level,persistence,8,0,independent,mint,/Users/fgtek002/TimeTrack/results/final/packs/05_disk_boundary/metrics/predictions/base__disk_ud__f0__h8__persistence__s0.npz,disk_persistence_descriptive,False,accuracy_neutral,coherence_only,0.0,0.0,8269,32,5000,0,0.0083996450645861,0.038330078125,1849506840.3956947,1849506840.4040945,4.541559339563747e-12,3.7640350205587766e-12,5.608900681982238e-12,0.0,0.0,False,False,292749791.3515194,292749791.35339624,6.411041476828567e-12,2049248539.460636,2049248539.4737732,6.410692443647119e-12,909633993.94558,909633993.9528104,7.948823698914733e-12,1.0,6.0,0.0077704053761838,0.0090436663473657,,,0.0,0.05,False,final-analysis-freeze-v1,,,,,,,,
disk_ud,disk_level,persistence,8,1,independent,bottom_up,/Users/fgtek002/TimeTrack/results/final/packs/05_disk_boundary/metrics/predictions/base__disk_ud__f1__h8__persistence__s0.npz,disk_persistence_descriptive,False,accuracy_neutral,coherence_only,0.0,0.0,8269,32,5000,0,0.0,0.0,1146936385.5092514,1146936385.5092514,0.0,0.0,0.0,0.0,1.0,True,True,181352825.06297183,181352825.06297183,0.0,1269469775.440803,1269469775.440803,0.0,736274221.7264482,736274221.7264482,0.0,0.0,0.0,0.0,0.0,,,0.0,0.05,False,final-analysis-freeze-v1,,,,,,,,
disk_ud,disk_level,persistence,8,1,independent,top_down,/Users/fgtek002/TimeTrack/results/final/packs/05_disk_boundary/metrics/predictions/base__disk_ud__f1__h8__persistence__s0.npz,disk_persistence_descriptive,False,accuracy_neutral,coherence_only,0.0,0.0,8269,32,5000,0,0.0,0.0,1146936385.5092514,1146936385.5092514,0.0,0.0,0.0,0.0,1.0,True,True,181352825.06297183,181352825.0629719,1.6433337819439502e-16,1269469775.440803,1269469775.440803,0.0,736274221.7264482,736274221.7264482,0.0,1.0,1.0,0.0,0.0,,,0.0,0.05,False,final-analysis-freeze-v1,,,,,,,,
disk_ud,disk_level,persistence,8,1,independent,wls,/Users/fgtek002/TimeTrack/results/final/packs/05_disk_boundary/metrics/predictions/base__disk_ud__f1__h8__persistence__s0.npz,disk_persistence_descriptive,False,accuracy_neutral,coherence_only,0.0,0.0,8269,32,5000,0,-0.002239958495208,-0.0382080078125,1146936385.5092514,1146936385.5070114,-1.952992793243229e-12,-3.295493620501698e-12,-7.398908286322715e-13,0.9992,0.0016,False,False,181352825.06297183,181352825.0738955,6.023442777661714e-11,1269469775.440803,1269469775.517269,6.023447472901093e-11,736274221.7264482,736274221.7355452,1.2355423871256377e-11,1.0,6.0,-0.0036676766463268,-0.0008073170826042,,,0.0,0.05,False,final-analysis-freeze-v1,,,,,,,,
disk_ud,disk_level,persistence,8,1,independent,mint,/Users/fgtek002/TimeTrack/results/final/packs/05_disk_boundary/metrics/predictions/base__disk_ud__f1__h8__persistence__s0.npz,disk_persistence_descriptive,False,accuracy_neutral,coherence_only,0.0,0.0,8269,32,5000,0,0.133667169336339,0.6444091796875,1146936385.5092514,1146936385.6429186,1.1654279263011564e-10,9.194362427090864e-11,1.559394731639645e-10,0.0,0.0,False,False,181352825.06297183,181352825.1112751,2.663497317103153e-10,1269469775.440803,1269469775.778926,2.6634966128172463e-10,736274221.7264482,736274221.7386186,1.652975703749364e-11,2.0,5.0,0.1228166121412381,0.1445639269486608,,,0.0,0.05,False,final-analysis-freeze-v1,,,,,,,,
disk_ud,disk_level,persistence,8,2,independent,bottom_up,/Users/fgtek002/TimeTrack/results/final/packs/05_disk_boundary/metrics/predictions/base__disk_ud__f2__h8__persistence__s0.npz,disk_persistence_descriptive,False,accuracy_neutral,coherence_only,0.0,0.0,8272,32,5000,0,0.0,0.0,1655905782.5918765,1655905782.5918765,0.0,0.0,0.0,0.0,1.0,True,True,265110500.3415308,265110500.3415308,0.0,1855773502.390716,1855773502.390716,0.0,978974672.9593812,978974672.9593812,0.0,0.0,0.0,0.0,0.0,,,0.0,0.05,False,final-analysis-freeze-v1,,,,,,,,
disk_ud,disk_level,persistence,8,2,independent,top_down,/Users/fgtek002/TimeTrack/results/final/packs/05_disk_boundary/metrics/predictions/base__disk_ud__f2__h8__persistence__s0.npz,disk_persistence_descriptive,False,accuracy_neutral,coherence_only,0.0,0.0,8272,32,5000,0,0.0,0.0,1655905782.5918765,1655905782.5918765,0.0,0.0,0.0,0.0,1.0,True,True,265110500.3415308,265110500.3415308,0.0,1855773502.390716,1855773502.390716,0.0,978974672.9593812,978974672.9593812,0.0,0.0,1.0,0.0,0.0,,,0.0,0.05,False,final-analysis-freeze-v1,,,,,,,,
disk_ud,disk_level,persistence,8,2,independent,wls,/Users/fgtek002/TimeTrack/results/final/packs/05_disk_boundary/metrics/predictions/base__disk_ud__f2__h8__persistence__s0.npz,disk_persistence_descriptive,False,accuracy_neutral,coherence_only,0.0,0.0,8272,32,5000,0,0.001105524354562,0.0029296875,1655905782.5918765,1655905782.5929816,6.676251548754634e-13,5.463172653559698e-13,8.296020205302099e-13,0.0,0.0,False,False,265110500.3415308,265110500.34469417,1.1932260343391469e-11,1855773502.390716,1855773502.4128592,1.1932276402637034e-11,978974672.9593812,978974672.9823208,2.3432354932626264e-11,3.0,4.0,0.0010260849441734,0.0011881498119125,,,0.0,0.05,False,final-analysis-freeze-v1,,,,,,,,
disk_ud,disk_level,persistence,8,2,independent,mint,/Users/fgtek002/TimeTrack/results/final/packs/05_disk_boundary/metrics/predictions/base__disk_ud__f2__h8__persistence__s0.npz,disk_persistence_descriptive,False,accuracy_neutral,coherence_only,0.0,0.0,8272,32,5000,0,-0.0427735732648543,-0.1351318359375,1655905782.5918765,1655905782.5491028,-2.583092209383059e-11,-3.2066613063511323e-11,-2.120647178572292e-11,1.0,0.0,False,False,265110500.3415308,265110500.3295612,-4.514946081772431e-11,1855773502.390716,1855773502.3069289,-4.514947687696987e-11,978974672.9593812,978974672.8540076,-1.0763671818842911e-10,2.0,5.0,-0.0454940829101798,-0.0401634157280396,,,0.0,0.05,False,final-analysis-freeze-v1,,,,,,,,
disk_ud,disk_level,ridge,1,0,independent,bottom_up,/Users/fgtek002/TimeTrack/results/final/packs/05_disk_boundary/metrics/predictions/base__disk_ud__f0__h1__ridge__s0.npz,disk_ridge,True,substantial_degradation,accuracy_costly_coherence,1371630337.5730522,0.0,8276,32,5000,0,373591465.8232932,394578466.5966797,2194093318.965312,2567684784.788605,0.1702714568218415,0.122488193489708,0.2315370258692896,0.0,0.0,False,False,481012423.7164381,481012423.7164381,0.0,3367086966.015066,3367086966.015066,0.0,1612370733.8411784,1612370733.8411784,0.0,0.0,0.0,290238637.5776522,479508509.72883344,0.0,1.0,24.0,0.05,True,final-analysis-freeze-v1,,,,,,,,
disk_ud,disk_level,ridge,1,0,independent,top_down,/Users/fgtek002/TimeTrack/results/final/packs/05_disk_boundary/metrics/predictions/base__disk_ud__f0__h1__ridge__s0.npz,disk_ridge,True,accuracy_neutral,accuracy_costly_coherence,1371630337.5730522,7.824830930552199e-05,8276,32,5000,0,0.0,0.0,2194093318.965312,2194093318.965312,0.0,0.0,0.0,0.0,1.0,True,True,481012423.7164381,584216966.6416051,0.2145569175277834,3367086966.015066,4089518766.491236,0.2145569175277837,1612370733.8411784,1550729603.6497183,-0.0382301222031061,1.0,6.0,0.0,0.0,1.0,23.0,24.0,0.05,False,final-analysis-freeze-v1,,,,,,,,
disk_ud,disk_level,ridge,1,0,independent,wls,/Users/fgtek002/TimeTrack/results/final/packs/05_disk_boundary/metrics/predictions/base__disk_ud__f0__h1__ridge__s0.npz,disk_ridge,True,modest_degradation,accuracy_costly_coherence,1371630337.5730522,0.0,8276,32,5000,0,87397193.47514169,192574213.75256348,2194093318.965312,2281490512.4404535,0.0398329427101835,0.0172964923408045,0.0681041536490118,0.0,0.0,False,False,481012423.7164381,502534564.28379506,0.0447434193093616,3367086966.015066,3517741949.9865656,0.0447434193093619,1612370733.8411784,1544804384.8275244,-0.0419049711059252,1.0,6.0,41706697.47789758,132560789.24384785,0.0,10.0,24.0,0.05,True,final-analysis-freeze-v1,,,,,,,,
disk_ud,disk_level,ridge,1,0,independent,mint,/Users/fgtek002/TimeTrack/results/final/packs/05_disk_boundary/metrics/predictions/base__disk_ud__f0__h1__ridge__s0.npz,disk_ridge,True,modest_degradation,accuracy_costly_coherence,1371630337.5730522,0.0,8276,32,5000,0,50196618.316791736,149059492.64611816,2194093318.965312,2244289937.2821035,0.0228780689877235,0.0054924802906587,0.0447118484376023,0.004,0.008,False,False,481012423.7164381,527527929.0614476,0.0967033345742248,3367086966.015066,3692695503.430133,0.0967033345742248,1612370733.8411784,1585167852.0458326,-0.0168713567074861,1.0,6.0,13572682.970175384,86385892.8066968,0.072,16.0,24.0,0.05,False,final-analysis-freeze-v1,,,,,,,,
disk_ud,disk_level,ridge,1,1,independent,bottom_up,/Users/fgtek002/TimeTrack/results/final/packs/05_disk_boundary/metrics/predictions/base__disk_ud__f1__h1__ridge__s0.npz,disk_ridge,True,substantial_degradation,accuracy_costly_coherence,804451259.9295046,0.0,8276,32,5000,0,377386759.43620497,300772801.42633057,1279428400.7528424,1656815160.189047,0.2949651260001284,0.2211026725262162,0.4066951669746431,0.0,0.0,False,False,310460923.9504729,310460923.9504729,0.0,2173226467.6533103,2173226467.6533103,0.0,1248709160.488531,1248709160.488531,0.0,0.0,0.0,296041305.73845667,510544276.1995375,0.0,9.0,24.0,0.05,True,final-analysis-freeze-v1,,,,,,,,
disk_ud,disk_level,ridge,1,1,independent,top_down,/Users/fgtek002/TimeTrack/results/final/packs/05_disk_boundary/metrics/predictions/base__disk_ud__f1__h1__ridge__s0.npz,disk_ridge,True,accuracy_neutral,accuracy_costly_coherence,804451259.9295046,8.58592664406114e-05,8276,32,5000,0,0.0,0.0,1279428400.7528424,1279428400.7528424,0.0,0.0,0.0,0.0,1.0,True,True,310460923.9504729,385857721.266688,0.2428543868156592,2173226467.6533103,2701004048.866816,0.2428543868156592,1248709160.488531,1221622379.393917,-0.0216918254079409,1.0,6.0,0.0,0.0,1.0,20.0,24.0,0.05,False,final-analysis-freeze-v1,,,,,,,,
disk_ud,disk_level,ridge,1,1,independent,wls,/Users/fgtek002/TimeTrack/results/final/packs/05_disk_boundary/metrics/predictions/base__disk_ud__f1__h1__ridge__s0.npz,disk_ridge,True,substantial_degradation,accuracy_costly_coherence,804451259.9295046,0.0,8276,32,5000,0,118282003.32423228,138531640.4981079,1279428400.7528424,1397710404.0770743,0.0924490993436074,0.0595978333383769,0.1424065885603524,0.0,0.0,False,False,310460923.9504729,297517140.5980893,-0.041692149812865,2173226467.6533103,2082619984.1866243,-0.0416921498128652,1248709160.488531,1118122971.051303,-0.1045769451920566,3.0,4.0,78302154.92551206,181483088.4383201,0.0,11.0,24.0,0.05,True,final-analysis-freeze-v1,,,,,,,,
disk_ud,disk_level,ridge,1,1,independent,mint,/Users/fgtek002/TimeTrack/results/final/packs/05_disk_boundary/metrics/predictions/base__disk_ud__f1__h1__ridge__s0.npz,disk_ridge,True,modest_degradation,accuracy_costly_coherence,804451259.9295046,0.0,8276,32,5000,0,58803992.75956174,92733949.63232422,1279428400.7528424,1338232393.5124042,0.045961143839671,0.0240539486708899,0.0785662704613704,0.0,0.0,False,False,310460923.9504729,294491282.47866976,-0.0514384910944564,2173226467.6533103,2061438977.350688,-0.0514384910944566,1248709160.488531,1090556477.9686382,-0.1266529369080779,4.0,3.0,31433433.60604202,100827143.34351064,0.0,7.0,24.0,0.05,True,final-analysis-freeze-v1,,,,,,,,
disk_ud,disk_level,ridge,1,2,independent,bottom_up,/Users/fgtek002/TimeTrack/results/final/packs/05_disk_boundary/metrics/predictions/base__disk_ud__f2__h1__ridge__s0.npz,disk_ridge,True,accuracy_neutral,coherence_only,660729091.0202527,0.0,8279,32,5000,0,26202942.842849076,-31290748.656982426,1786927458.8985488,1813130401.741398,0.0146636858213597,-0.0010248314602404,0.0291751032838416,0.0324,0.0648,True,True,351548493.66384494,351548493.66384494,0.0,2460839455.6469145,2460839455.6469145,0.0,1165432595.2566392,1165432595.2566392,0.0,0.0,0.0,-1704128.792805854,55711332.45297277,0.5184,17.0,24.0,0.05,False,final-analysis-freeze-v1,,,,,,,,
disk_ud,disk_level,ridge,1,2,independent,top_down,/Users/fgtek002/TimeTrack/results/final/packs/05_disk_boundary/metrics/predictions/base__disk_ud__f2__h1__ridge__s0.npz,disk_ridge,True,accuracy_neutral,accuracy_costly_coherence,660729091.0202527,7.97828796880662e-05,8279,32,5000,0,0.0,0.0,1786927458.8985488,1786927458.8985488,0.0,0.0,0.0,0.0,1.0,True,True,351548493.66384494,406138309.207541,0.1552838840945099,2460839455.6469145,2842968164.4527864,0.1552838840945097,1165432595.2566392,1154922093.7094526,-0.0090185409177371,1.0,6.0,0.0,0.0,1.0,19.0,24.0,0.05,False,final-analysis-freeze-v1,,,,,,,,
disk_ud,disk_level,ridge,1,2,independent,wls,/Users/fgtek002/TimeTrack/results/final/packs/05_disk_boundary/metrics/predictions/base__disk_ud__f2__h1__ridge__s0.npz,disk_ridge,True,accuracy_neutral,coherence_only,660729091.0202527,0.0,8279,32,5000,0,-32886955.731239814,-31694161.54638672,1786927458.8985488,1754040503.167309,-0.0184041918251741,-0.0269689884496116,-0.0109092208625003,1.0,0.0,False,False,351548493.66384494,350293635.1991062,-0.003569517399038,2460839455.6469145,2452055446.3937435,-0.003569517399038,1165432595.2566392,1152890261.465931,-0.0107619555534624,3.0,4.0,-45038900.713052526,-20627651.95735225,0.0,6.0,24.0,0.05,True,final-analysis-freeze-v1,,,,,,,,
disk_ud,disk_level,ridge,1,2,independent,mint,/Users/fgtek002/TimeTrack/results/final/packs/05_disk_boundary/metrics/predictions/base__disk_ud__f2__h1__ridge__s0.npz,disk_ridge,True,accuracy_neutral,coherence_only,660729091.0202527,0.0,8279,32,5000,0,-31524857.799073916,-26152254.86743164,1786927458.8985488,1755402601.0994751,-0.0176419348430101,-0.0244686508226529,-0.0116740123074633,1.0,0.0,False,False,351548493.66384494,351097416.6420583,-0.0012831146482395,2460839455.6469145,2457681916.494408,-0.0012831146482395,1165432595.2566392,1160228968.8916438,-0.0044649741101926,2.0,5.0,-41017700.02760743,-22133170.032693155,0.0,8.0,24.0,0.05,True,final-analysis-freeze-v1,,,,,,,,
disk_ud,disk_level,ridge,8,0,independent,bottom_up,/Users/fgtek002/TimeTrack/results/final/packs/05_disk_boundary/metrics/predictions/base__disk_ud__f0__h8__ridge__s0.npz,disk_ridge,True,substantial_degradation,accuracy_costly_coherence,1370320529.2032237,0.0,8269,32,5000,0,374598579.01224905,395352762.33239746,2193351964.750705,2567950543.7629538,0.170788174917848,0.1232717814605247,0.2316316243861461,0.0,0.0,False,False,480831209.0941325,480831209.0941325,0.0,3365818463.658928,3365818463.658928,0.0,1611397409.5933754,1611397409.5933754,0.0,0.0,0.0,291776484.4546982,480404950.06841993,0.0,4.0,24.0,0.05,True,final-analysis-freeze-v1,,,,,,,,
disk_ud,disk_level,ridge,8,0,independent,top_down,/Users/fgtek002/TimeTrack/results/final/packs/05_disk_boundary/metrics/predictions/base__disk_ud__f0__h8__ridge__s0.npz,disk_ridge,True,accuracy_neutral,accuracy_costly_coherence,1370320529.2032237,7.601161435028419e-05,8269,32,5000,0,0.0,0.0,2193351964.750705,2193351964.750705,0.0,0.0,0.0,0.0,1.0,True,True,480831209.0941325,583865648.2243971,0.2142840089859755,3365818463.658928,4087059537.5707793,0.2142840089859753,1611397409.5933754,1549747806.3746986,-0.0382584723368977,1.0,6.0,0.0,0.0,1.0,21.0,24.0,0.05,False,final-analysis-freeze-v1,,,,,,,,
disk_ud,disk_level,ridge,8,0,independent,wls,/Users/fgtek002/TimeTrack/results/final/packs/05_disk_boundary/metrics/predictions/base__disk_ud__f0__h8__ridge__s0.npz,disk_ridge,True,modest_degradation,accuracy_costly_coherence,1370320529.2032237,0.0,8269,32,5000,0,96906436.371629,201544232.5435791,2193351964.750705,2290258401.122334,0.0441818905168935,0.0207297126019681,0.0736430533829245,0.0002,0.0004,False,False,480831209.0941325,494037268.84870416,0.0274650636331435,3365818463.658928,3458260881.9409285,0.0274650636331431,1611397409.5933754,1525547243.9371536,-0.0532768422892559,1.0,6.0,49600136.48376804,144925788.71219888,0.0048,13.0,24.0,0.05,True,final-analysis-freeze-v1,,,,,,,,
disk_ud,disk_level,ridge,8,0,independent,mint,/Users/fgtek002/TimeTrack/results/final/packs/05_disk_boundary/metrics/predictions/base__disk_ud__f0__h8__ridge__s0.npz,disk_ridge,True,modest_degradation,accuracy_costly_coherence,1370320529.2032237,0.0,8269,32,5000,0,69090863.68993987,171834067.52978516,2193351964.750705,2262442828.4406447,0.0315001261996693,0.011709657043806,0.0562901862768859,0.0008,0.0016,False,False,480831209.0941325,519504954.0135531,0.0804310206741373,3365818463.658928,3636534678.094871,0.0804310206741371,1611397409.5933754,1580818383.1927843,-0.0189767131426053,1.0,6.0,27520894.37280465,110798876.53894056,0.0176,14.0,24.0,0.05,True,final-analysis-freeze-v1,,,,,,,,
disk_ud,disk_level,ridge,8,1,independent,bottom_up,/Users/fgtek002/TimeTrack/results/final/packs/05_disk_boundary/metrics/predictions/base__disk_ud__f1__h8__ridge__s0.npz,disk_ridge,True,substantial_degradation,accuracy_costly_coherence,710948694.4437817,0.0,8269,32,5000,0,287148754.28481865,187888996.57543945,1279285563.5138888,1566434317.7987075,0.224460247558872,0.159545387408595,0.3252884250476784,0.0,0.0,False,False,296421060.2380804,296421060.2380804,0.0,2074947421.6665623,2074947421.6665623,0.0,1149942873.2286465,1149942873.2286465,0.0,0.0,0.0,204851128.9960725,422625782.8087171,0.0,3.0,24.0,0.05,True,final-analysis-freeze-v1,,,,,,,,
disk_ud,disk_level,ridge,8,1,independent,top_down,/Users/fgtek002/TimeTrack/results/final/packs/05_disk_boundary/metrics/predictions/base__disk_ud__f1__h8__ridge__s0.npz,disk_ridge,True,accuracy_neutral,accuracy_costly_coherence,710948694.4437817,7.630686241534648e-05,8269,32,5000,0,0.0,0.0,1279285563.5138888,1279285563.5138888,0.0,0.0,0.0,0.0,1.0,True,True,296421060.2380804,362139866.58503,0.221707615154488,2074947421.6665623,2534979066.09521,0.221707615154488,1149942873.2286465,1129736011.4176393,-0.0175720570833862,1.0,6.0,0.0,0.0,1.0,22.0,24.0,0.05,False,final-analysis-freeze-v1,,,,,,,,
disk_ud,disk_level,ridge,8,1,independent,wls,/Users/fgtek002/TimeTrack/results/final/packs/05_disk_boundary/metrics/predictions/base__disk_ud__f1__h8__ridge__s0.npz,disk_ridge,True,substantial_degradation,accuracy_costly_coherence,710948694.4437817,0.0,8269,32,5000,0,75944842.42026106,83160137.47167969,1279285563.5138888,1355230405.93415,0.0593650429476112,0.0283095880041272,0.1060148345142511,0.0,0.0,False,False,296421060.2380804,287850610.9447831,-0.0289130916892802,2074947421.6665623,2014954276.613481,-0.0289130916892805,1149942873.2286465,1059968503.1831712,-0.0782424693783769,3.0,4.0,36402235.87382116,140009571.51328328,0.0,2.0,24.0,0.05,True,final-analysis-freeze-v1,,,,,,,,
disk_ud,disk_level,ridge,8,1,independent,mint,/Users/fgtek002/TimeTrack/results/final/packs/05_disk_boundary/metrics/predictions/base__disk_ud__f1__h8__ridge__s0.npz,disk_ridge,True,modest_degradation,accuracy_costly_coherence,710948694.4437817,0.0,8269,32,5000,0,33655497.291084684,54491947.19152832,1279285563.5138888,1312941060.8049736,0.0263080411840505,0.0057127934338421,0.0565732910932972,0.0028,0.0056,False,False,296421060.2380804,286655025.6218238,-0.0329464937761597,2074947421.6665623,2006585179.3527665,-0.0329464937761597,1149942873.2286465,1046722167.757406,-0.0897615941402652,4.0,3.0,7342461.97936482,74748561.00866629,0.056,15.0,24.0,0.05,False,final-analysis-freeze-v1,,,,,,,,
disk_ud,disk_level,ridge,8,2,independent,bottom_up,/Users/fgtek002/TimeTrack/results/final/packs/05_disk_boundary/metrics/predictions/base__disk_ud__f2__h8__ridge__s0.npz,disk_ridge,True,accuracy_neutral,coherence_only,661735607.2129916,0.0,8272,32,5000,0,26487941.17291146,-32189544.375793457,1788411406.9318063,1814899348.1047175,0.0148108768878599,-0.0012438959483522,0.0293746836681584,0.0338,0.0676,True,True,352014014.0528795,352014014.0528795,0.0,2464098098.370157,2464098098.370157,0.0,1167697633.7927349,1167697633.7927349,0.0,0.0,0.0,-2072521.0601738072,56309316.695000365,0.5184,18.0,24.0,0.05,False,final-analysis-freeze-v1,,,,,,,,
disk_ud,disk_level,ridge,8,2,independent,top_down,/Users/fgtek002/TimeTrack/results/final/packs/05_disk_boundary/metrics/predictions/base__disk_ud__f2__h8__ridge__s0.npz,disk_ridge,True,accuracy_neutral,accuracy_costly_coherence,661735607.2129916,6.996317112699468e-05,8272,32,5000,0,0.0,0.0,1788411406.9318063,1788411406.9318063,0.0,0.0,0.0,0.0,1.0,True,True,352014014.0528795,406697443.6237342,0.1553444675149783,2464098098.370157,2846882105.3661394,0.1553444675149783,1167697633.7927349,1156963400.1455278,-0.0091926482820229,2.0,5.0,0.0,0.0,1.0,24.0,24.0,0.05,False,final-analysis-freeze-v1,,,,,,,,
disk_ud,disk_level,ridge,8,2,independent,wls,/Users/fgtek002/TimeTrack/results/final/packs/05_disk_boundary/metrics/predictions/base__disk_ud__f2__h8__ridge__s0.npz,disk_ridge,True,accuracy_neutral,coherence_only,661735607.2129916,0.0,8272,32,5000,0,-32738233.62274105,-31458082.243408203,1788411406.9318063,1755673173.309065,-0.0183057620276011,-0.0272794922891512,-0.0106744395327912,1.0,0.0,False,False,352014014.0528795,350665474.75760144,-0.0038309250241255,2464098098.370157,2454658323.3032107,-0.0038309250241253,1167697633.7927349,1154538401.0802245,-0.0112693837271629,3.0,4.0,-45605677.98698299,-20169466.18691309,0.0,5.0,24.0,0.05,True,final-analysis-freeze-v1,,,,,,,,
disk_ud,disk_level,ridge,8,2,independent,mint,/Users/fgtek002/TimeTrack/results/final/packs/05_disk_boundary/metrics/predictions/base__disk_ud__f2__h8__ridge__s0.npz,disk_ridge,True,accuracy_neutral,coherence_only,661735607.2129916,0.0,8272,32,5000,0,-31430905.6678303,-25873329.382019043,1788411406.9318063,1756980501.263976,-0.017574762465731,-0.0246456619406215,-0.0115814580975793,1.0,0.0,False,False,352014014.0528795,351446304.77742815,-0.0016127462339214,2464098098.370157,2460124133.441997,-0.0016127462339215,1167697633.7927349,1161729730.248547,-0.0051108295259653,2.0,5.0,-41438668.565366305,-21731084.13050697,0.0,12.0,24.0,0.05,True,final-analysis-freeze-v1,,,,,,,,
disk_ud,disk_level,lightgbm,1,0,independent,bottom_up,/Users/fgtek002/TimeTrack/results/final/packs/05_disk_boundary/metrics/predictions/base__disk_ud__f0__h1__lightgbm__s0.npz,disk_lightgbm,True,substantial_degradation,accuracy_costly_coherence,41640542302.28822,0.0,8276,32,5000,0,38170432277.77515,35676392490.295166,4734846231.63901,42905278509.414154,8.0615991334025,6.888688268319738,9.482505493028892,0.0,0.0,False,False,14792371972.801214,14792371972.801214,0.0,103546603809.60852,103546603809.60852,0.0,47516320542.45941,47516320542.45941,0.0,0.0,0.0,34807150755.38539,41776885802.90891,0.0,1.0,24.0,0.05,True,final-analysis-freeze-v1,,,,,,,,
disk_ud,disk_level,lightgbm,1,0,independent,top_down,/Users/fgtek002/TimeTrack/results/final/packs/05_disk_boundary/metrics/predictions/base__disk_ud__f0__h1__lightgbm__s0.npz,disk_lightgbm,True,accuracy_neutral,accuracy_costly_coherence,41640542302.28822,8.084429468493234e-05,8276,32,5000,0,0.0,0.0,4734846231.63901,4734846231.63901,0.0,0.0,0.0,0.0,1.0,True,True,14792371972.801214,15066209408.657858,0.0185120707051005,103546603809.60852,105463465860.605,0.0185120707051003,47516320542.45941,41973654323.82244,-0.1166476308636771,2.0,5.0,0.0,0.0,1.0,22.0,24.0,0.05,False,final-analysis-freeze-v1,,,,,,,,
disk_ud,disk_level,lightgbm,1,0,independent,wls,/Users/fgtek002/TimeTrack/results/final/packs/05_disk_boundary/metrics/predictions/base__disk_ud__f0__h1__lightgbm__s0.npz,disk_lightgbm,True,substantial_degradation,accuracy_costly_coherence,41640542302.28822,0.0,8276,32,5000,0,19667096608.83217,19569204270.845947,4734846231.63901,24401942840.471176,4.153692780435707,3.514338156616206,4.934113417747041,0.0,0.0,False,False,14792371972.801214,15192222944.97752,0.0270308894957153,103546603809.60852,106345560614.84264,0.027030889495715,47516320542.45941,46369293948.62376,-0.0241396341455078,1.0,6.0,17781292404.58605,21699554144.35188,0.0,17.0,24.0,0.05,True,final-analysis-freeze-v1,,,,,,,,
disk_ud,disk_level,lightgbm,1,0,independent,mint,/Users/fgtek002/TimeTrack/results/final/packs/05_disk_boundary/metrics/predictions/base__disk_ud__f0__h1__lightgbm__s0.npz,disk_lightgbm,True,substantial_degradation,accuracy_costly_coherence,41640542302.28822,0.0,8276,32,5000,0,23527456453.095665,22970843694.191772,4734846231.63901,28262302684.734676,4.969001167531352,4.2113333845875305,5.88865442506585,0.0,0.0,False,False,14792371972.801214,15071292325.218012,0.0188556881161215,103546603809.60852,105499046276.5261,0.0188556881161214,47516320542.45941,47761844387.201645,0.0051671476650395,1.0,6.0,21337857200.1304,25903299599.910156,0.0,16.0,24.0,0.05,True,final-analysis-freeze-v1,,,,,,,,
disk_ud,disk_level,lightgbm,1,1,independent,bottom_up,/Users/fgtek002/TimeTrack/results/final/packs/05_disk_boundary/metrics/predictions/base__disk_ud__f1__h1__lightgbm__s0.npz,disk_lightgbm,True,substantial_degradation,accuracy_costly_coherence,77052298911.05917,0.0,8276,32,5000,0,76038541866.95282,58737818297.61914,18083890978.96224,94122432845.91504,4.204766659753241,3.9668276312798136,4.492903133105125,0.0,0.0,False,False,21391835833.150433,21391835833.150433,0.0,149742850832.053,149742850832.053,0.0,48861172452.55867,48861172452.55867,0.0,0.0,0.0,71176415294.03032,81036731387.57219,0.0,15.0,24.0,0.05,True,final-analysis-freeze-v1,,,,,,,,
disk_ud,disk_level,lightgbm,1,1,independent,top_down,/Users/fgtek002/TimeTrack/results/final/packs/05_disk_boundary/metrics/predictions/base__disk_ud__f1__h1__lightgbm__s0.npz,disk_lightgbm,True,accuracy_neutral,accuracy_costly_coherence,77052298911.05917,5.706742859624214e-05,8276,32,5000,0,0.0,0.0,18083890978.96224,18083890978.96224,0.0,0.0,0.0,0.0,1.0,True,True,21391835833.150433,22362728567.604023,0.0453861343190106,149742850832.053,156539099973.22815,0.0453861343190106,48861172452.55867,41892775178.927345,-0.1426162517978304,3.0,4.0,0.0,0.0,1.0,20.0,24.0,0.05,False,final-analysis-freeze-v1,,,,,,,,
disk_ud,disk_level,lightgbm,1,1,independent,wls,/Users/fgtek002/TimeTrack/results/final/packs/05_disk_boundary/metrics/predictions/base__disk_ud__f1__h1__lightgbm__s0.npz,disk_lightgbm,True,substantial_degradation,accuracy_costly_coherence,77052298911.05917,0.0,8276,32,5000,0,5011388711.358159,3982172541.0859375,18083890978.96224,23095279690.320396,0.2771189406742233,0.2629106063019999,0.2939817317572912,0.0,0.0,False,False,21391835833.150433,13826021170.772058,-0.3536776703687023,149742850832.053,96782148195.4044,-0.3536776703687023,48861172452.55867,44265690298.46732,-0.0940518191321194,4.0,3.0,4603649143.198057,5423396188.692843,0.0,14.0,24.0,0.05,True,final-analysis-freeze-v1,,,,,,,,
disk_ud,disk_level,lightgbm,1,1,independent,mint,/Users/fgtek002/TimeTrack/results/final/packs/05_disk_boundary/metrics/predictions/base__disk_ud__f1__h1__lightgbm__s0.npz,disk_lightgbm,True,modest_improvement,pareto_improvement,77052298911.05917,0.0,8276,32,5000,0,-528708389.0027001,-475761225.9066773,18083890978.96224,17555182589.959538,-0.0292364286877071,-0.0308747368215555,-0.027736116020436,1.0,0.0,False,False,21391835833.150433,16135712117.673609,-0.245706995718971,149742850832.053,112949984823.71526,-0.2457069957189709,48861172452.55867,45203892460.2344,-0.0748504345833141,6.0,1.0,-587441337.5043476,-471913091.4376833,0.0,13.0,24.0,0.05,True,final-analysis-freeze-v1,,,,,,,,
disk_ud,disk_level,lightgbm,1,2,independent,bottom_up,/Users/fgtek002/TimeTrack/results/final/packs/05_disk_boundary/metrics/predictions/base__disk_ud__f2__h1__lightgbm__s0.npz,disk_lightgbm,True,substantial_degradation,accuracy_costly_coherence,36041391842.76695,0.0,8279,256,5000,0,29495644973.420277,31069599623.519775,4597961917.660613,34093606891.08089,6.414938945041829,4.727244691130371,9.450720942547704,0.0,0.0,False,False,11662441173.39893,11662441173.39893,0.0,81637088213.79251,81637088213.79251,0.0,22164990595.255184,22164990595.255184,0.0,0.0,0.0,27020201269.72761,31979759996.09801,0.0,12.0,24.0,0.05,True,final-analysis-freeze-v1,,,,,,,,
disk_ud,disk_level,lightgbm,1,2,independent,top_down,/Users/fgtek002/TimeTrack/results/final/packs/05_disk_boundary/metrics/predictions/base__disk_ud__f2__h1__lightgbm__s0.npz,disk_lightgbm,True,accuracy_neutral,accuracy_costly_coherence,36041391842.76695,7.45927903052905e-05,8279,256,5000,0,0.0,0.0,4597961917.660613,4597961917.660613,0.0,0.0,0.0,0.0,1.0,True,True,11662441173.39893,12536448223.410587,0.0749420328914666,81637088213.79251,87755137563.87411,0.0749420328914666,22164990595.255184,22474357740.233444,0.0139574679108813,3.0,4.0,0.0,0.0,1.0,24.0,24.0,0.05,False,final-analysis-freeze-v1,,,,,,,,
disk_ud,disk_level,lightgbm,1,2,independent,wls,/Users/fgtek002/TimeTrack/results/final/packs/05_disk_boundary/metrics/predictions/base__disk_ud__f2__h1__lightgbm__s0.npz,disk_lightgbm,True,substantial_degradation,accuracy_costly_coherence,36041391842.76695,0.0,8279,256,5000,0,10085614678.296692,11936362240.22229,4597961917.660613,14683576595.957306,2.193496783772435,1.3330922926931614,3.740897665344069,0.0,0.0,False,False,11662441173.39893,9559534920.981749,-0.1803144145510238,81637088213.79251,66916744446.872215,-0.1803144145510239,22164990595.255184,21907011200.342693,-0.0116390482460983,3.0,4.0,8042163311.2618,12076316912.90109,0.0,10.0,24.0,0.05,True,final-analysis-freeze-v1,,,,,,,,
disk_ud,disk_level,lightgbm,1,2,independent,mint,/Users/fgtek002/TimeTrack/results/final/packs/05_disk_boundary/metrics/predictions/base__disk_ud__f2__h1__lightgbm__s0.npz,disk_lightgbm,True,substantial_degradation,accuracy_costly_coherence,36041391842.76695,0.0,8279,256,5000,0,14354425967.314236,15819360785.405884,4597961917.660613,18952387884.97485,3.121910582203689,2.078959321608476,4.990653944349546,0.0,0.0,False,False,11662441173.39893,11370569951.573818,-0.0250265975609673,81637088213.79251,79593989661.01671,-0.0250265975609676,22164990595.255184,25063263126.83741,0.1307590237463332,4.0,3.0,12437413008.46503,16319362774.468515,0.0,11.0,24.0,0.05,True,final-analysis-freeze-v1,,,,,,,,
disk_ud,disk_level,lightgbm,8,0,independent,bottom_up,/Users/fgtek002/TimeTrack/results/final/packs/05_disk_boundary/metrics/predictions/base__disk_ud__f0__h8__lightgbm__s0.npz,disk_lightgbm,True,substantial_degradation,accuracy_costly_coherence,42188268954.98278,0.0,8269,32,5000,0,38555442657.936424,39168250985.8396,4449179814.664111,43004622472.60053,8.665741611714822,7.413020618098886,10.213608759689118,0.0,0.0,False,False,14650815263.099447,14650815263.099447,0.0,102555706841.69614,102555706841.69614,0.0,47559010789.91339,47559010789.91339,0.0,0.0,0.0,35277785752.733376,41998481646.6898,0.0,8.0,24.0,0.05,True,final-analysis-freeze-v1,,,,,,,,
disk_ud,disk_level,lightgbm,8,0,independent,top_down,/Users/fgtek002/TimeTrack/results/final/packs/05_disk_boundary/metrics/predictions/base__disk_ud__f0__h8__lightgbm__s0.npz,disk_lightgbm,True,accuracy_neutral,accuracy_costly_coherence,42188268954.98278,7.326580734520498e-05,8269,32,5000,0,0.0,0.0,4449179814.664111,4449179814.664111,0.0,0.0,0.0,0.0,1.0,True,True,14650815263.099447,14913335123.953913,0.0179184472768328,102555706841.69614,104393345867.67738,0.0179184472768327,47559010789.91339,42234712430.949394,-0.1119514109005229,2.0,5.0,0.0,0.0,1.0,19.0,24.0,0.05,False,final-analysis-freeze-v1,,,,,,,,
disk_ud,disk_level,lightgbm,8,0,independent,wls,/Users/fgtek002/TimeTrack/results/final/packs/05_disk_boundary/metrics/predictions/base__disk_ud__f0__h8__lightgbm__s0.npz,disk_lightgbm,True,substantial_degradation,accuracy_costly_coherence,42188268954.98278,0.0,8269,32,5000,0,24430331949.414497,25903322553.166748,4449179814.664111,28879511764.0786,5.490974284494917,4.650897193837996,6.515649824270985,0.0,0.0,False,False,14650815263.099447,14442521311.45433,-0.0142172259976371,102555706841.69614,101097649180.1803,-0.0142172259976373,47559010789.91339,45987921974.541,-0.0330345141599454,1.0,6.0,22202644679.624462,26753275964.194576,0.0,7.0,24.0,0.05,True,final-analysis-freeze-v1,,,,,,,,
disk_ud,disk_level,lightgbm,8,0,independent,mint,/Users/fgtek002/TimeTrack/results/final/packs/05_disk_boundary/metrics/predictions/base__disk_ud__f0__h8__lightgbm__s0.npz,disk_lightgbm,True,substantial_degradation,accuracy_costly_coherence,42188268954.98278,0.0,8269,32,5000,0,30077674792.84135,31224514534.23181,4449179814.664111,34526854607.50546,6.760274038308801,5.7523963164953145,7.994427151573363,0.0,0.0,False,False,14650815263.099447,14577597595.301676,-0.0049975149152404,102555706841.69614,102043183167.11172,-0.0049975149152406,47559010789.91339,48343022437.34058,0.0164850284815736,3.0,4.0,27442020472.507664,32828774754.418667,0.0,6.0,24.0,0.05,True,final-analysis-freeze-v1,,,,,,,,
disk_ud,disk_level,lightgbm,8,1,independent,bottom_up,/Users/fgtek002/TimeTrack/results/final/packs/05_disk_boundary/metrics/predictions/base__disk_ud__f1__h8__lightgbm__s0.npz,disk_lightgbm,True,substantial_degradation,accuracy_costly_coherence,27536612470.426743,0.0,8269,32,5000,0,25903645852.805355,28789120681.70569,18077746876.05507,43981392728.86042,1.4329023428863308,1.2788804371668785,1.6229887707645902,0.0,0.0,False,False,17807917789.97738,17807917789.97738,0.0,124655424529.84164,124655424529.84164,0.0,45876980225.38614,45876980225.38614,0.0,0.0,0.0,24903932567.98325,26946096004.72223,0.0,5.0,24.0,0.05,True,final-analysis-freeze-v1,,,,,,,,
disk_ud,disk_level,lightgbm,8,1,independent,top_down,/Users/fgtek002/TimeTrack/results/final/packs/05_disk_boundary/metrics/predictions/base__disk_ud__f1__h8__lightgbm__s0.npz,disk_lightgbm,True,accuracy_neutral,accuracy_costly_coherence,27536612470.426743,9.26340804132906e-05,8269,32,5000,0,0.0,0.0,18077746876.05507,18077746876.05507,0.0,0.0,0.0,0.0,1.0,True,True,17807917789.97738,18506315801.899517,0.0392183982517714,124655424529.84164,129544210613.2966,0.0392183982517713,45876980225.38614,43223665505.66584,-0.0578354265403911,2.0,5.0,0.0,0.0,1.0,21.0,24.0,0.05,False,final-analysis-freeze-v1,,,,,,,,
disk_ud,disk_level,lightgbm,8,1,independent,wls,/Users/fgtek002/TimeTrack/results/final/packs/05_disk_boundary/metrics/predictions/base__disk_ud__f1__h8__lightgbm__s0.npz,disk_lightgbm,True,substantial_degradation,accuracy_costly_coherence,27536612470.426743,0.0,8269,32,5000,0,2222271597.539588,3005090917.0706787,18077746876.05507,20300018473.594658,0.1229285713964224,0.1100868400857023,0.1382075159347094,0.0,0.0,False,False,17807917789.97738,17296713058.62631,-0.0287065976707723,124655424529.84164,121076991410.38416,-0.0287065976707723,45876980225.38614,44853042331.44593,-0.0223192086512618,3.0,4.0,1987675986.9485452,2456195186.8378367,0.0,4.0,24.0,0.05,True,final-analysis-freeze-v1,,,,,,,,
disk_ud,disk_level,lightgbm,8,1,independent,mint,/Users/fgtek002/TimeTrack/results/final/packs/05_disk_boundary/metrics/predictions/base__disk_ud__f1__h8__lightgbm__s0.npz,disk_lightgbm,True,substantial_degradation,accuracy_costly_coherence,27536612470.426743,0.0,8269,32,5000,0,1700155285.6331162,2471517209.4157715,18077746876.05507,19777902161.688183,0.094046857569682,0.0834394488136926,0.1064223914971981,0.0,0.0,False,False,17807917789.97738,17503667092.614727,-0.0170851360024746,124655424529.84164,122525669648.30309,-0.0170851360024747,45876980225.38614,45777282658.26026,-0.0021731501645504,3.0,4.0,1485734172.533894,1913503784.3787763,0.0,3.0,24.0,0.05,True,final-analysis-freeze-v1,,,,,,,,
disk_ud,disk_level,lightgbm,8,2,independent,bottom_up,/Users/fgtek002/TimeTrack/results/final/packs/05_disk_boundary/metrics/predictions/base__disk_ud__f2__h8__lightgbm__s0.npz,disk_lightgbm,True,substantial_degradation,accuracy_costly_coherence,63896977551.5175,0.0,8272,256,5000,0,62164001518.79715,61735561582.4917,4086783999.402148,66250785518.19929,15.210982897038615,12.433158541882504,21.30586050771815,0.0,0.0,False,False,16088259043.249523,16088259043.249523,0.0,112617813302.74667,112617813302.74667,0.0,43888445096.070305,43888445096.070305,0.0,0.0,0.0,57926444738.747925,66334855988.46597,0.0,2.0,24.0,0.05,True,final-analysis-freeze-v1,,,,,,,,
disk_ud,disk_level,lightgbm,8,2,independent,top_down,/Users/fgtek002/TimeTrack/results/final/packs/05_disk_boundary/metrics/predictions/base__disk_ud__f2__h8__lightgbm__s0.npz,disk_lightgbm,True,accuracy_neutral,accuracy_costly_coherence,63896977551.5175,6.885639242323501e-05,8272,256,5000,0,0.0,0.0,4086783999.402148,4086783999.402148,0.0,0.0,0.0,0.0,1.0,True,True,16088259043.249523,17386036551.894264,0.0806661246040337,112617813302.74667,121702255863.25984,0.0806661246040335,43888445096.070305,34935369783.13217,-0.2039961838096601,3.0,4.0,0.0,0.0,1.0,23.0,24.0,0.05,False,final-analysis-freeze-v1,,,,,,,,
disk_ud,disk_level,lightgbm,8,2,independent,wls,/Users/fgtek002/TimeTrack/results/final/packs/05_disk_boundary/metrics/predictions/base__disk_ud__f2__h8__lightgbm__s0.npz,disk_lightgbm,True,substantial_degradation,accuracy_costly_coherence,63896977551.5175,0.0,8272,256,5000,0,14391344581.935266,15139972207.307068,4086783999.402148,18478128581.337418,3.5214350902911833,2.8782016987724637,4.942919798234909,0.0,0.0,False,False,16088259043.249523,14752443519.831717,-0.0830304584123602,112617813302.74667,103267104638.82202,-0.0830304584123601,43888445096.070305,37226012787.15167,-0.1518037901396323,3.0,4.0,13067370229.0682,15624235643.944887,0.0,9.0,24.0,0.05,True,final-analysis-freeze-v1,,,,,,,,
disk_ud,disk_level,lightgbm,8,2,independent,mint,/Users/fgtek002/TimeTrack/results/final/packs/05_disk_boundary/metrics/predictions/base__disk_ud__f2__h8__lightgbm__s0.npz,disk_lightgbm,True,substantial_degradation,accuracy_costly_coherence,63896977551.5175,0.0,8272,256,5000,0,21595665654.060104,22257478341.325073,4086783999.402148,25682449653.462257,5.284268915905346,4.320061717708538,7.4236760905087245,0.0,0.0,False,False,16088259043.249523,18147055131.99772,0.127968855002496,112617813302.74667,127029385923.98404,0.1279688550024962,43888445096.070305,52452157998.25294,0.1951245455025111,3.0,4.0,19808602321.005608,23286921518.725796,0.0,18.0,24.0,0.05,True,final-analysis-freeze-v1,,,,,,,,
cpu_core_weighted,weighted_mean_pct,,1,0,independent,independent,,,,,,,,4847,32,5000,0,-0.2272802371452435,-0.1362075161021567,1.336759005851477,1.1094787687062335,-0.1700233446345645,-0.2047062775830043,-0.1362059466687928,1.0,0.0,False,False,,,,,,,,,,,,,,,,,,,final-robustness-analysis-freeze-v2,cpu_lightgbm_vs_deterministic,lightgbm,ridge,0.0,1.1094787687062335,1.336759005851477,-0.2760049129573915,-0.1799606712853691
cpu_core_weighted,weighted_mean_pct,,1,0,independent,independent,,,,,,,,4847,32,5000,1,-0.2272802371452435,-0.1362075161021567,1.336759005851477,1.1094787687062335,-0.1700233446345645,-0.2047062775830043,-0.1362059466687928,1.0,0.0,False,False,,,,,,,,,,,,,,,,,,,final-robustness-analysis-freeze-v2,cpu_lightgbm_vs_deterministic,lightgbm,ridge,0.0,1.1094787687062335,1.336759005851477,-0.2760049129573915,-0.1799606712853691
cpu_core_weighted,weighted_mean_pct,,1,0,independent,independent,,,,,,,,4847,32,5000,2,-0.2272802371452435,-0.1362075161021567,1.336759005851477,1.1094787687062335,-0.1700233446345645,-0.2047062775830043,-0.1362059466687928,1.0,0.0,False,False,,,,,,,,,,,,,,,,,,,final-robustness-analysis-freeze-v2,cpu_lightgbm_vs_deterministic,lightgbm,ridge,0.0,1.1094787687062335,1.336759005851477,-0.2760049129573915,-0.1799606712853691
cpu_core_weighted,weighted_mean_pct,,8,0,independent,independent,,,,,,,,4295,32,5000,0,-0.2159979967906228,-0.1347262311505384,1.305772444046933,1.08977444725631,-0.165417793716942,-0.2024231964510074,-0.1279009306886016,1.0,0.0,False,False,,,,,,,,,,,,,,,,,,,final-robustness-analysis-freeze-v2,cpu_lightgbm_vs_deterministic,lightgbm,ridge,0.0,1.08977444725631,1.305772444046933,-0.263360731176131,-0.1668772669427914
cpu_core_weighted,weighted_mean_pct,,8,0,independent,independent,,,,,,,,4295,32,5000,1,-0.2159979967906228,-0.1347262311505384,1.305772444046933,1.08977444725631,-0.165417793716942,-0.2024231964510074,-0.1279009306886016,1.0,0.0,False,False,,,,,,,,,,,,,,,,,,,final-robustness-analysis-freeze-v2,cpu_lightgbm_vs_deterministic,lightgbm,ridge,0.0,1.08977444725631,1.305772444046933,-0.263360731176131,-0.1668772669427914
cpu_core_weighted,weighted_mean_pct,,8,0,independent,independent,,,,,,,,4295,32,5000,2,-0.2159979967906228,-0.1347262311505384,1.305772444046933,1.08977444725631,-0.165417793716942,-0.2024231964510074,-0.1279009306886016,1.0,0.0,False,False,,,,,,,,,,,,,,,,,,,final-robustness-analysis-freeze-v2,cpu_lightgbm_vs_deterministic,lightgbm,ridge,0.0,1.08977444725631,1.305772444046933,-0.263360731176131,-0.1668772669427914
cpu_core_weighted,weighted_mean_pct,,16,0,independent,independent,,,,,,,,3707,32,5000,0,-0.2136211406648582,-0.1364462981730096,1.3307644384106914,1.117143297745833,-0.160525134651165,-0.1998065511215779,-0.1221701752531687,1.0,0.0,False,False,,,,,,,,,,,,,,,,,,,final-robustness-analysis-freeze-v2,cpu_lightgbm_vs_deterministic,lightgbm,ridge,0.0,1.117143297745833,1.3307644384106914,-0.2667540083263844,-0.1595045676902008
cpu_core_weighted,weighted_mean_pct,,16,0,independent,independent,,,,,,,,3707,32,5000,1,-0.2136211406648582,-0.1364462981730096,1.3307644384106914,1.117143297745833,-0.160525134651165,-0.1998065511215779,-0.1221701752531687,1.0,0.0,False,False,,,,,,,,,,,,,,,,,,,final-robustness-analysis-freeze-v2,cpu_lightgbm_vs_deterministic,lightgbm,ridge,0.0,1.117143297745833,1.3307644384106914,-0.2667540083263844,-0.1595045676902008
cpu_core_weighted,weighted_mean_pct,,16,0,independent,independent,,,,,,,,3707,32,5000,2,-0.2136211406648582,-0.1364462981730096,1.3307644384106914,1.117143297745833,-0.160525134651165,-0.1998065511215779,-0.1221701752531687,1.0,0.0,False,False,,,,,,,,,,,,,,,,,,,final-robustness-analysis-freeze-v2,cpu_lightgbm_vs_deterministic,lightgbm,ridge,0.0,1.117143297745833,1.3307644384106914,-0.2667540083263844,-0.1595045676902008
cpu_core_weighted,weighted_mean_pct,,1,1,independent,independent,,,,,,,,5261,32,5000,0,-0.192800734758109,-0.1340942528124373,1.038625818254724,0.8458250834966149,-0.1856306009050359,-0.2311243990081279,-0.1466331423861616,1.0,0.0,False,False,,,,,,,,,,,,,,,,,,,final-robustness-analysis-freeze-v2,cpu_lightgbm_vs_deterministic,lightgbm,ridge,0.0,0.8458250834966149,1.038625818254724,-0.2361937916739638,-0.1524216475699846
cpu_core_weighted,weighted_mean_pct,,1,1,independent,independent,,,,,,,,5261,32,5000,1,-0.192800734758109,-0.1340942528124373,1.038625818254724,0.8458250834966149,-0.1856306009050359,-0.2311243990081279,-0.1466331423861616,1.0,0.0,False,False,,,,,,,,,,,,,,,,,,,final-robustness-analysis-freeze-v2,cpu_lightgbm_vs_deterministic,lightgbm,ridge,0.0,0.8458250834966149,1.038625818254724,-0.2361937916739638,-0.1524216475699846
cpu_core_weighted,weighted_mean_pct,,1,1,independent,independent,,,,,,,,5261,32,5000,2,-0.192800734758109,-0.1340942528124373,1.038625818254724,0.8458250834966149,-0.1856306009050359,-0.2311243990081279,-0.1466331423861616,1.0,0.0,False,False,,,,,,,,,,,,,,,,,,,final-robustness-analysis-freeze-v2,cpu_lightgbm_vs_deterministic,lightgbm,ridge,0.0,0.8458250834966149,1.038625818254724,-0.2361937916739638,-0.1524216475699846
cpu_core_weighted,weighted_mean_pct,,8,1,independent,independent,,,,,,,,4778,32,5000,0,-0.1901800113813165,-0.134148621939816,1.052109336067894,0.8619293246865776,-0.1807606917471968,-0.2278949838208484,-0.1390376919163449,1.0,0.0,False,False,,,,,,,,,,,,,,,,,,,final-robustness-analysis-freeze-v2,cpu_lightgbm_vs_deterministic,lightgbm,ridge,0.0,0.8619293246865776,1.052109336067894,-0.2330281175035299,-0.1487207814116987
cpu_core_weighted,weighted_mean_pct,,8,1,independent,independent,,,,,,,,4778,32,5000,1,-0.1901800113813165,-0.134148621939816,1.052109336067894,0.8619293246865776,-0.1807606917471968,-0.2278949838208484,-0.1390376919163449,1.0,0.0,False,False,,,,,,,,,,,,,,,,,,,final-robustness-analysis-freeze-v2,cpu_lightgbm_vs_deterministic,lightgbm,ridge,0.0,0.8619293246865776,1.052109336067894,-0.2330281175035299,-0.1487207814116987
cpu_core_weighted,weighted_mean_pct,,8,1,independent,independent,,,,,,,,4778,32,5000,2,-0.1901800113813165,-0.134148621939816,1.052109336067894,0.8619293246865776,-0.1807606917471968,-0.2278949838208484,-0.1390376919163449,1.0,0.0,False,False,,,,,,,,,,,,,,,,,,,final-robustness-analysis-freeze-v2,cpu_lightgbm_vs_deterministic,lightgbm,ridge,0.0,0.8619293246865776,1.052109336067894,-0.2330281175035299,-0.1487207814116987
cpu_core_weighted,weighted_mean_pct,,16,1,independent,independent,,,,,,,,4317,32,5000,0,-0.1824902480203822,-0.1321348067751029,1.047340358377533,0.8648501103571508,-0.1742415887640226,-0.2244955948781718,-0.1321109627368881,1.0,0.0,False,False,,,,,,,,,,,,,,,,,,,final-robustness-analysis-freeze-v2,cpu_lightgbm_vs_deterministic,lightgbm,ridge,0.0,0.8648501103571508,1.047340358377533,-0.2308138612406827,-0.1400854567420657
cpu_core_weighted,weighted_mean_pct,,16,1,independent,independent,,,,,,,,4317,32,5000,1,-0.1824902480203822,-0.1321348067751029,1.047340358377533,0.8648501103571508,-0.1742415887640226,-0.2244955948781718,-0.1321109627368881,1.0,0.0,False,False,,,,,,,,,,,,,,,,,,,final-robustness-analysis-freeze-v2,cpu_lightgbm_vs_deterministic,lightgbm,ridge,0.0,0.8648501103571508,1.047340358377533,-0.2308138612406827,-0.1400854567420657
cpu_core_weighted,weighted_mean_pct,,16,1,independent,independent,,,,,,,,4317,32,5000,2,-0.1824902480203822,-0.1321348067751029,1.047340358377533,0.8648501103571508,-0.1742415887640226,-0.2244955948781718,-0.1321109627368881,1.0,0.0,False,False,,,,,,,,,,,,,,,,,,,final-robustness-analysis-freeze-v2,cpu_lightgbm_vs_deterministic,lightgbm,ridge,0.0,0.8648501103571508,1.047340358377533,-0.2308138612406827,-0.1400854567420657
cpu_core_weighted,weighted_mean_pct,,1,2,independent,independent,,,,,,,,4852,32,5000,0,-0.2355654448024396,-0.1145048239597645,1.3847823097729834,1.1492168649705437,-0.1701100910518256,-0.2005780046070234,-0.1392604927249533,1.0,0.0,False,False,,,,,,,,,,,,,,,,,,,final-robustness-analysis-freeze-v2,cpu_lightgbm_vs_deterministic,lightgbm,ridge,0.0,1.1492168649705437,1.3847823097729834,-0.2823879106947906,-0.1909525760271082
cpu_core_weighted,weighted_mean_pct,,1,2,independent,independent,,,,,,,,4852,32,5000,1,-0.2355654448024396,-0.1145048239597645,1.3847823097729834,1.1492168649705437,-0.1701100910518256,-0.2005780046070234,-0.1392604927249533,1.0,0.0,False,False,,,,,,,,,,,,,,,,,,,final-robustness-analysis-freeze-v2,cpu_lightgbm_vs_deterministic,lightgbm,ridge,0.0,1.1492168649705437,1.3847823097729834,-0.2823879106947906,-0.1909525760271082
cpu_core_weighted,weighted_mean_pct,,1,2,independent,independent,,,,,,,,4852,32,5000,2,-0.2355654448024396,-0.1145048239597645,1.3847823097729834,1.1492168649705437,-0.1701100910518256,-0.2005780046070234,-0.1392604927249533,1.0,0.0,False,False,,,,,,,,,,,,,,,,,,,final-robustness-analysis-freeze-v2,cpu_lightgbm_vs_deterministic,lightgbm,ridge,0.0,1.1492168649705437,1.3847823097729834,-0.2823879106947906,-0.1909525760271082
cpu_core_weighted,weighted_mean_pct,,8,2,independent,independent,,,,,,,,4341,32,5000,0,-0.2503051349936219,-0.115021874352355,1.382419569308397,1.132114434314775,-0.181063072710151,-0.2126183083244898,-0.1481532296304746,1.0,0.0,False,False,,,,,,,,,,,,,,,,,,,final-robustness-analysis-freeze-v2,cpu_lightgbm_vs_deterministic,lightgbm,ridge,0.0,1.132114434314775,1.382419569308397,-0.3013355148070263,-0.2023636378021953
cpu_core_weighted,weighted_mean_pct,,8,2,independent,independent,,,,,,,,4341,32,5000,1,-0.2503051349936219,-0.115021874352355,1.382419569308397,1.132114434314775,-0.181063072710151,-0.2126183083244898,-0.1481532296304746,1.0,0.0,False,False,,,,,,,,,,,,,,,,,,,final-robustness-analysis-freeze-v2,cpu_lightgbm_vs_deterministic,lightgbm,ridge,0.0,1.132114434314775,1.382419569308397,-0.3013355148070263,-0.2023636378021953
cpu_core_weighted,weighted_mean_pct,,8,2,independent,independent,,,,,,,,4341,32,5000,2,-0.2503051349936219,-0.115021874352355,1.382419569308397,1.132114434314775,-0.181063072710151,-0.2126183083244898,-0.1481532296304746,1.0,0.0,False,False,,,,,,,,,,,,,,,,,,,final-robustness-analysis-freeze-v2,cpu_lightgbm_vs_deterministic,lightgbm,ridge,0.0,1.132114434314775,1.382419569308397,-0.3013355148070263,-0.2023636378021953
cpu_core_weighted,weighted_mean_pct,,16,2,independent,independent,,,,,,,,3798,32,5000,0,-0.2414641629483772,-0.1089484062957664,1.3964343073665615,1.1549701444181844,-0.1729148028479318,-0.2047574117204474,-0.1417120722702044,1.0,0.0,False,False,,,,,,,,,,,,,,,,,,,final-robustness-analysis-freeze-v2,cpu_lightgbm_vs_deterministic,lightgbm,ridge,0.0,1.1549701444181844,1.3964343073665615,-0.2932228387946006,-0.1913629402443296
cpu_core_weighted,weighted_mean_pct,,16,2,independent,independent,,,,,,,,3798,32,5000,1,-0.2414641629483772,-0.1089484062957664,1.3964343073665615,1.1549701444181844,-0.1729148028479318,-0.2047574117204474,-0.1417120722702044,1.0,0.0,False,False,,,,,,,,,,,,,,,,,,,final-robustness-analysis-freeze-v2,cpu_lightgbm_vs_deterministic,lightgbm,ridge,0.0,1.1549701444181844,1.3964343073665615,-0.2932228387946006,-0.1913629402443296
cpu_core_weighted,weighted_mean_pct,,16,2,independent,independent,,,,,,,,3798,32,5000,2,-0.2414641629483772,-0.1089484062957664,1.3964343073665615,1.1549701444181844,-0.1729148028479318,-0.2047574117204474,-0.1417120722702044,1.0,0.0,False,False,,,,,,,,,,,,,,,,,,,final-robustness-analysis-freeze-v2,cpu_lightgbm_vs_deterministic,lightgbm,ridge,0.0,1.1549701444181844,1.3964343073665615,-0.2932228387946006,-0.1913629402443296
cpu_core_weighted,weighted_mean_pct,,1,0,independent,independent,,,,,,,,4847,32,5000,0,-0.3122497754911009,-0.1057126560114092,1.4217285441973344,1.1094787687062335,-0.2196268596881747,-0.2539912749698143,-0.1875451318594876,1.0,0.0,False,False,,,,,,,,,,,,,,,,,,,final-robustness-analysis-freeze-v2,cpu_lightgbm_vs_deterministic,lightgbm,ewma,0.0,1.1094787687062335,1.4217285441973344,-0.3826047542937495,-0.2525571635639597
cpu_core_weighted,weighted_mean_pct,,1,0,independent,independent,,,,,,,,4847,32,5000,1,-0.3122497754911009,-0.1057126560114092,1.4217285441973344,1.1094787687062335,-0.2196268596881747,-0.2539912749698143,-0.1875451318594876,1.0,0.0,False,False,,,,,,,,,,,,,,,,,,,final-robustness-analysis-freeze-v2,cpu_lightgbm_vs_deterministic,lightgbm,ewma,0.0,1.1094787687062335,1.4217285441973344,-0.3826047542937495,-0.2525571635639597
cpu_core_weighted,weighted_mean_pct,,1,0,independent,independent,,,,,,,,4847,32,5000,2,-0.3122497754911009,-0.1057126560114092,1.4217285441973344,1.1094787687062335,-0.2196268596881747,-0.2539912749698143,-0.1875451318594876,1.0,0.0,False,False,,,,,,,,,,,,,,,,,,,final-robustness-analysis-freeze-v2,cpu_lightgbm_vs_deterministic,lightgbm,ewma,0.0,1.1094787687062335,1.4217285441973344,-0.3826047542937495,-0.2525571635639597
cpu_core_weighted,weighted_mean_pct,,8,0,independent,independent,,,,,,,,4295,32,5000,0,-0.3019915978192069,-0.1050016165477183,1.391766045075517,1.08977444725631,-0.2169844557479636,-0.2536599629711498,-0.1772876904495468,1.0,0.0,False,False,,,,,,,,,,,,,,,,,,,final-robustness-analysis-freeze-v2,cpu_lightgbm_vs_deterministic,lightgbm,ewma,0.0,1.08977444725631,1.391766045075517,-0.3722587599806484,-0.2330311695357
cpu_core_weighted,weighted_mean_pct,,8,0,independent,independent,,,,,,,,4295,32,5000,1,-0.3019915978192069,-0.1050016165477183,1.391766045075517,1.08977444725631,-0.2169844557479636,-0.2536599629711498,-0.1772876904495468,1.0,0.0,False,False,,,,,,,,,,,,,,,,,,,final-robustness-analysis-freeze-v2,cpu_lightgbm_vs_deterministic,lightgbm,ewma,0.0,1.08977444725631,1.391766045075517,-0.3722587599806484,-0.2330311695357
cpu_core_weighted,weighted_mean_pct,,8,0,independent,independent,,,,,,,,4295,32,5000,2,-0.3019915978192069,-0.1050016165477183,1.391766045075517,1.08977444725631,-0.2169844557479636,-0.2536599629711498,-0.1772876904495468,1.0,0.0,False,False,,,,,,,,,,,,,,,,,,,final-robustness-analysis-freeze-v2,cpu_lightgbm_vs_deterministic,lightgbm,ewma,0.0,1.08977444725631,1.391766045075517,-0.3722587599806484,-0.2330311695357
cpu_core_weighted,weighted_mean_pct,,16,0,independent,independent,,,,,,,,3707,32,5000,0,-0.2878251824004109,-0.1108324626993622,1.404968480146244,1.117143297745833,-0.2048623769626853,-0.2468346943069726,-0.1636909685256753,1.0,0.0,False,False,,,,,,,,,,,,,,,,,,,final-robustness-analysis-freeze-v2,cpu_lightgbm_vs_deterministic,lightgbm,ewma,0.0,1.117143297745833,1.404968480146244,-0.3674395050647506,-0.216315464406418
cpu_core_weighted,weighted_mean_pct,,16,0,independent,independent,,,,,,,,3707,32,5000,1,-0.2878251824004109,-0.1108324626993622,1.404968480146244,1.117143297745833,-0.2048623769626853,-0.2468346943069726,-0.1636909685256753,1.0,0.0,False,False,,,,,,,,,,,,,,,,,,,final-robustness-analysis-freeze-v2,cpu_lightgbm_vs_deterministic,lightgbm,ewma,0.0,1.117143297745833,1.404968480146244,-0.3674395050647506,-0.216315464406418
cpu_core_weighted,weighted_mean_pct,,16,0,independent,independent,,,,,,,,3707,32,5000,2,-0.2878251824004109,-0.1108324626993622,1.404968480146244,1.117143297745833,-0.2048623769626853,-0.2468346943069726,-0.1636909685256753,1.0,0.0,False,False,,,,,,,,,,,,,,,,,,,final-robustness-analysis-freeze-v2,cpu_lightgbm_vs_deterministic,lightgbm,ewma,0.0,1.117143297745833,1.404968480146244,-0.3674395050647506,-0.216315464406418
cpu_core_weighted,weighted_mean_pct,,1,1,independent,independent,,,,,,,,5261,32,5000,0,-0.241575679301165,-0.1107350512508302,1.08740076279778,0.8458250834966149,-0.2221588282498657,-0.2656038443980737,-0.1797416583924537,1.0,0.0,False,False,,,,,,,,,,,,,,,,,,,final-robustness-analysis-freeze-v2,cpu_lightgbm_vs_deterministic,lightgbm,ewma,0.0,0.8458250834966149,1.08740076279778,-0.2980271299595948,-0.1879917778740618
cpu_core_weighted,weighted_mean_pct,,1,1,independent,independent,,,,,,,,5261,32,5000,1,-0.241575679301165,-0.1107350512508302,1.08740076279778,0.8458250834966149,-0.2221588282498657,-0.2656038443980737,-0.1797416583924537,1.0,0.0,False,False,,,,,,,,,,,,,,,,,,,final-robustness-analysis-freeze-v2,cpu_lightgbm_vs_deterministic,lightgbm,ewma,0.0,0.8458250834966149,1.08740076279778,-0.2980271299595948,-0.1879917778740618
cpu_core_weighted,weighted_mean_pct,,1,1,independent,independent,,,,,,,,5261,32,5000,2,-0.241575679301165,-0.1107350512508302,1.08740076279778,0.8458250834966149,-0.2221588282498657,-0.2656038443980737,-0.1797416583924537,1.0,0.0,False,False,,,,,,,,,,,,,,,,,,,final-robustness-analysis-freeze-v2,cpu_lightgbm_vs_deterministic,lightgbm,ewma,0.0,0.8458250834966149,1.08740076279778,-0.2980271299595948,-0.1879917778740618
cpu_core_weighted,weighted_mean_pct,,8,1,independent,independent,,,,,,,,4778,32,5000,0,-0.2427390004887565,-0.107768587845378,1.1046683251753342,0.8619293246865776,-0.2197392601532489,-0.2658502156787064,-0.1743269401218527,1.0,0.0,False,False,,,,,,,,,,,,,,,,,,,final-robustness-analysis-freeze-v2,cpu_lightgbm_vs_deterministic,lightgbm,ewma,0.0,0.8619293246865776,1.1046683251753342,-0.3002476489863159,-0.1852281022783176
cpu_core_weighted,weighted_mean_pct,,8,1,independent,independent,,,,,,,,4778,32,5000,1,-0.2427390004887565,-0.107768587845378,1.1046683251753342,0.8619293246865776,-0.2197392601532489,-0.2658502156787064,-0.1743269401218527,1.0,0.0,False,False,,,,,,,,,,,,,,,,,,,final-robustness-analysis-freeze-v2,cpu_lightgbm_vs_deterministic,lightgbm,ewma,0.0,0.8619293246865776,1.1046683251753342,-0.3002476489863159,-0.1852281022783176
cpu_core_weighted,weighted_mean_pct,,8,1,independent,independent,,,,,,,,4778,32,5000,2,-0.2427390004887565,-0.107768587845378,1.1046683251753342,0.8619293246865776,-0.2197392601532489,-0.2658502156787064,-0.1743269401218527,1.0,0.0,False,False,,,,,,,,,,,,,,,,,,,final-robustness-analysis-freeze-v2,cpu_lightgbm_vs_deterministic,lightgbm,ewma,0.0,0.8619293246865776,1.1046683251753342,-0.3002476489863159,-0.1852281022783176
cpu_core_weighted,weighted_mean_pct,,16,1,independent,independent,,,,,,,,4317,32,5000,0,-0.241025403781921,-0.1058558940223273,1.105875514139072,0.8648501103571508,-0.2179498512267541,-0.2710082593797069,-0.1701333339443985,1.0,0.0,False,False,,,,,,,,,,,,,,,,,,,final-robustness-analysis-freeze-v2,cpu_lightgbm_vs_deterministic,lightgbm,ewma,0.0,0.8648501103571508,1.105875514139072,-0.3090806487696357,-0.1804599415144003
cpu_core_weighted,weighted_mean_pct,,16,1,independent,independent,,,,,,,,4317,32,5000,1,-0.241025403781921,-0.1058558940223273,1.105875514139072,0.8648501103571508,-0.2179498512267541,-0.2710082593797069,-0.1701333339443985,1.0,0.0,False,False,,,,,,,,,,,,,,,,,,,final-robustness-analysis-freeze-v2,cpu_lightgbm_vs_deterministic,lightgbm,ewma,0.0,0.8648501103571508,1.105875514139072,-0.3090806487696357,-0.1804599415144003
cpu_core_weighted,weighted_mean_pct,,16,1,independent,independent,,,,,,,,4317,32,5000,2,-0.241025403781921,-0.1058558940223273,1.105875514139072,0.8648501103571508,-0.2179498512267541,-0.2710082593797069,-0.1701333339443985,1.0,0.0,False,False,,,,,,,,,,,,,,,,,,,final-robustness-analysis-freeze-v2,cpu_lightgbm_vs_deterministic,lightgbm,ewma,0.0,0.8648501103571508,1.105875514139072,-0.3090806487696357,-0.1804599415144003
cpu_core_weighted,weighted_mean_pct,,1,2,independent,independent,,,,,,,,4852,32,5000,0,-0.2996239760159579,-0.0783681279895764,1.4488408409865017,1.1492168649705437,-0.2068025469325856,-0.2446481852745356,-0.1671913945146805,1.0,0.0,False,False,,,,,,,,,,,,,,,,,,,final-robustness-analysis-freeze-v2,cpu_lightgbm_vs_deterministic,lightgbm,ewma,0.0,1.1492168649705437,1.4488408409865017,-0.37591044785727,-0.2277846006925193
cpu_core_weighted,weighted_mean_pct,,1,2,independent,independent,,,,,,,,4852,32,5000,1,-0.2996239760159579,-0.0783681279895764,1.4488408409865017,1.1492168649705437,-0.2068025469325856,-0.2446481852745356,-0.1671913945146805,1.0,0.0,False,False,,,,,,,,,,,,,,,,,,,final-robustness-analysis-freeze-v2,cpu_lightgbm_vs_deterministic,lightgbm,ewma,0.0,1.1492168649705437,1.4488408409865017,-0.37591044785727,-0.2277846006925193
cpu_core_weighted,weighted_mean_pct,,1,2,independent,independent,,,,,,,,4852,32,5000,2,-0.2996239760159579,-0.0783681279895764,1.4488408409865017,1.1492168649705437,-0.2068025469325856,-0.2446481852745356,-0.1671913945146805,1.0,0.0,False,False,,,,,,,,,,,,,,,,,,,final-robustness-analysis-freeze-v2,cpu_lightgbm_vs_deterministic,lightgbm,ewma,0.0,1.1492168649705437,1.4488408409865017,-0.37591044785727,-0.2277846006925193
cpu_core_weighted,weighted_mean_pct,,8,2,independent,independent,,,,,,,,4341,32,5000,0,-0.3173767168247274,-0.0796521634843188,1.4494911511395023,1.132114434314775,-0.2189573331132273,-0.2568667719037492,-0.1781211863681868,1.0,0.0,False,False,,,,,,,,,,,,,,,,,,,final-robustness-analysis-freeze-v2,cpu_lightgbm_vs_deterministic,lightgbm,ewma,0.0,1.132114434314775,1.4494911511395023,-0.3993403657244778,-0.2427990971260975
cpu_core_weighted,weighted_mean_pct,,8,2,independent,independent,,,,,,,,4341,32,5000,1,-0.3173767168247274,-0.0796521634843188,1.4494911511395023,1.132114434314775,-0.2189573331132273,-0.2568667719037492,-0.1781211863681868,1.0,0.0,False,False,,,,,,,,,,,,,,,,,,,final-robustness-analysis-freeze-v2,cpu_lightgbm_vs_deterministic,lightgbm,ewma,0.0,1.132114434314775,1.4494911511395023,-0.3993403657244778,-0.2427990971260975
cpu_core_weighted,weighted_mean_pct,,8,2,independent,independent,,,,,,,,4341,32,5000,2,-0.3173767168247274,-0.0796521634843188,1.4494911511395023,1.132114434314775,-0.2189573331132273,-0.2568667719037492,-0.1781211863681868,1.0,0.0,False,False,,,,,,,,,,,,,,,,,,,final-robustness-analysis-freeze-v2,cpu_lightgbm_vs_deterministic,lightgbm,ewma,0.0,1.132114434314775,1.4494911511395023,-0.3993403657244778,-0.2427990971260975
cpu_core_weighted,weighted_mean_pct,,16,2,independent,independent,,,,,,,,3798,32,5000,0,-0.3147279766992304,-0.0812188618945468,1.4696981211174147,1.1549701444181844,-0.2141446411185053,-0.2520650874404038,-0.1731362795066006,1.0,0.0,False,False,,,,,,,,,,,,,,,,,,,final-robustness-analysis-freeze-v2,cpu_lightgbm_vs_deterministic,lightgbm,ewma,0.0,1.1549701444181844,1.4696981211174147,-0.401114953614217,-0.2340844885229222
cpu_core_weighted,weighted_mean_pct,,16,2,independent,independent,,,,,,,,3798,32,5000,1,-0.3147279766992304,-0.0812188618945468,1.4696981211174147,1.1549701444181844,-0.2141446411185053,-0.2520650874404038,-0.1731362795066006,1.0,0.0,False,False,,,,,,,,,,,,,,,,,,,final-robustness-analysis-freeze-v2,cpu_lightgbm_vs_deterministic,lightgbm,ewma,0.0,1.1549701444181844,1.4696981211174147,-0.401114953614217,-0.2340844885229222
cpu_core_weighted,weighted_mean_pct,,16,2,independent,independent,,,,,,,,3798,32,5000,2,-0.3147279766992304,-0.0812188618945468,1.4696981211174147,1.1549701444181844,-0.2141446411185053,-0.2520650874404038,-0.1731362795066006,1.0,0.0,False,False,,,,,,,,,,,,,,,,,,,final-robustness-analysis-freeze-v2,cpu_lightgbm_vs_deterministic,lightgbm,ewma,0.0,1.1549701444181844,1.4696981211174147,-0.401114953614217,-0.2340844885229222
cpu_core_weighted,weighted_mean_pct,,1,0,independent,independent,,,,,,,,4847,32,5000,0,-0.310954349212461,-0.1251991023077932,1.4204331179186942,1.1094787687062335,-0.2189151641775928,-0.2523960863177465,-0.1886016253622675,1.0,0.0,False,False,,,,,,,,,,,,,,,,,,,final-robustness-analysis-freeze-v2,cpu_lightgbm_vs_deterministic,lightgbm,persistence,0.0,1.1094787687062335,1.4204331179186942,-0.3737132046908602,-0.2556769433394215
cpu_core_weighted,weighted_mean_pct,,1,0,independent,independent,,,,,,,,4847,32,5000,1,-0.310954349212461,-0.1251991023077932,1.4204331179186942,1.1094787687062335,-0.2189151641775928,-0.2523960863177465,-0.1886016253622675,1.0,0.0,False,False,,,,,,,,,,,,,,,,,,,final-robustness-analysis-freeze-v2,cpu_lightgbm_vs_deterministic,lightgbm,persistence,0.0,1.1094787687062335,1.4204331179186942,-0.3737132046908602,-0.2556769433394215
cpu_core_weighted,weighted_mean_pct,,1,0,independent,independent,,,,,,,,4847,32,5000,2,-0.310954349212461,-0.1251991023077932,1.4204331179186942,1.1094787687062335,-0.2189151641775928,-0.2523960863177465,-0.1886016253622675,1.0,0.0,False,False,,,,,,,,,,,,,,,,,,,final-robustness-analysis-freeze-v2,cpu_lightgbm_vs_deterministic,lightgbm,persistence,0.0,1.1094787687062335,1.4204331179186942,-0.3737132046908602,-0.2556769433394215
cpu_core_weighted,weighted_mean_pct,,8,0,independent,independent,,,,,,,,4295,32,5000,0,-0.3008930610736813,-0.11506417763507,1.3906675083299915,1.08977444725631,-0.2163659244724961,-0.251937750690262,-0.1785062558893292,1.0,0.0,False,False,,,,,,,,,,,,,,,,,,,final-robustness-analysis-freeze-v2,cpu_lightgbm_vs_deterministic,lightgbm,persistence,0.0,1.08977444725631,1.3906675083299915,-0.363869945308194,-0.2372467722587135
cpu_core_weighted,weighted_mean_pct,,8,0,independent,independent,,,,,,,,4295,32,5000,1,-0.3008930610736813,-0.11506417763507,1.3906675083299915,1.08977444725631,-0.2163659244724961,-0.251937750690262,-0.1785062558893292,1.0,0.0,False,False,,,,,,,,,,,,,,,,,,,final-robustness-analysis-freeze-v2,cpu_lightgbm_vs_deterministic,lightgbm,persistence,0.0,1.08977444725631,1.3906675083299915,-0.363869945308194,-0.2372467722587135
cpu_core_weighted,weighted_mean_pct,,8,0,independent,independent,,,,,,,,4295,32,5000,2,-0.3008930610736813,-0.11506417763507,1.3906675083299915,1.08977444725631,-0.2163659244724961,-0.251937750690262,-0.1785062558893292,1.0,0.0,False,False,,,,,,,,,,,,,,,,,,,final-robustness-analysis-freeze-v2,cpu_lightgbm_vs_deterministic,lightgbm,persistence,0.0,1.08977444725631,1.3906675083299915,-0.363869945308194,-0.2372467722587135
cpu_core_weighted,weighted_mean_pct,,16,0,independent,independent,,,,,,,,3707,32,5000,0,-0.2888838606704206,-0.1213188998683469,1.4060271584162536,1.117143297745833,-0.2054610815596327,-0.247328327283249,-0.1656771425855876,1.0,0.0,False,False,,,,,,,,,,,,,,,,,,,final-robustness-analysis-freeze-v2,cpu_lightgbm_vs_deterministic,lightgbm,persistence,0.0,1.117143297745833,1.4060271584162536,-0.3621968945633963,-0.2231938784353352
cpu_core_weighted,weighted_mean_pct,,16,0,independent,independent,,,,,,,,3707,32,5000,1,-0.2888838606704206,-0.1213188998683469,1.4060271584162536,1.117143297745833,-0.2054610815596327,-0.247328327283249,-0.1656771425855876,1.0,0.0,False,False,,,,,,,,,,,,,,,,,,,final-robustness-analysis-freeze-v2,cpu_lightgbm_vs_deterministic,lightgbm,persistence,0.0,1.117143297745833,1.4060271584162536,-0.3621968945633963,-0.2231938784353352
cpu_core_weighted,weighted_mean_pct,,16,0,independent,independent,,,,,,,,3707,32,5000,2,-0.2888838606704206,-0.1213188998683469,1.4060271584162536,1.117143297745833,-0.2054610815596327,-0.247328327283249,-0.1656771425855876,1.0,0.0,False,False,,,,,,,,,,,,,,,,,,,final-robustness-analysis-freeze-v2,cpu_lightgbm_vs_deterministic,lightgbm,persistence,0.0,1.117143297745833,1.4060271584162536,-0.3621968945633963,-0.2231938784353352
cpu_core_weighted,weighted_mean_pct,,1,1,independent,independent,,,,,,,,5261,32,5000,0,-0.2498801722751655,-0.1279031241810786,1.0957052557717806,0.8458250834966149,-0.2280541878930367,-0.2721814729199273,-0.1872153431660309,1.0,0.0,False,False,,,,,,,,,,,,,,,,,,,final-robustness-analysis-freeze-v2,cpu_lightgbm_vs_deterministic,lightgbm,persistence,0.0,0.8458250834966149,1.0957052557717806,-0.3019376398733061,-0.201374961018353
cpu_core_weighted,weighted_mean_pct,,1,1,independent,independent,,,,,,,,5261,32,5000,1,-0.2498801722751655,-0.1279031241810786,1.0957052557717806,0.8458250834966149,-0.2280541878930367,-0.2721814729199273,-0.1872153431660309,1.0,0.0,False,False,,,,,,,,,,,,,,,,,,,final-robustness-analysis-freeze-v2,cpu_lightgbm_vs_deterministic,lightgbm,persistence,0.0,0.8458250834966149,1.0957052557717806,-0.3019376398733061,-0.201374961018353
cpu_core_weighted,weighted_mean_pct,,1,1,independent,independent,,,,,,,,5261,32,5000,2,-0.2498801722751655,-0.1279031241810786,1.0957052557717806,0.8458250834966149,-0.2280541878930367,-0.2721814729199273,-0.1872153431660309,1.0,0.0,False,False,,,,,,,,,,,,,,,,,,,final-robustness-analysis-freeze-v2,cpu_lightgbm_vs_deterministic,lightgbm,persistence,0.0,0.8458250834966149,1.0957052557717806,-0.3019376398733061,-0.201374961018353
cpu_core_weighted,weighted_mean_pct,,8,1,independent,independent,,,,,,,,4778,32,5000,0,-0.2506638332536541,-0.1277631018443004,1.1125931579402315,0.8619293246865776,-0.2252969393751384,-0.2729855459483248,-0.1802181081985274,1.0,0.0,False,False,,,,,,,,,,,,,,,,,,,final-robustness-analysis-freeze-v2,cpu_lightgbm_vs_deterministic,lightgbm,persistence,0.0,0.8619293246865776,1.1125931579402315,-0.304518080744428,-0.197718756982625
cpu_core_weighted,weighted_mean_pct,,8,1,independent,independent,,,,,,,,4778,32,5000,1,-0.2506638332536541,-0.1277631018443004,1.1125931579402315,0.8619293246865776,-0.2252969393751384,-0.2729855459483248,-0.1802181081985274,1.0,0.0,False,False,,,,,,,,,,,,,,,,,,,final-robustness-analysis-freeze-v2,cpu_lightgbm_vs_deterministic,lightgbm,persistence,0.0,0.8619293246865776,1.1125931579402315,-0.304518080744428,-0.197718756982625
cpu_core_weighted,weighted_mean_pct,,8,1,independent,independent,,,,,,,,4778,32,5000,2,-0.2506638332536541,-0.1277631018443004,1.1125931579402315,0.8619293246865776,-0.2252969393751384,-0.2729855459483248,-0.1802181081985274,1.0,0.0,False,False,,,,,,,,,,,,,,,,,,,final-robustness-analysis-freeze-v2,cpu_lightgbm_vs_deterministic,lightgbm,persistence,0.0,0.8619293246865776,1.1125931579402315,-0.304518080744428,-0.197718756982625
cpu_core_weighted,weighted_mean_pct,,16,1,independent,independent,,,,,,,,4317,32,5000,0,-0.2467626732319345,-0.1256518763191811,1.1116127835890854,0.8648501103571508,-0.2219861779883524,-0.2751861400251054,-0.1756392551275922,1.0,0.0,False,False,,,,,,,,,,,,,,,,,,,final-robustness-analysis-freeze-v2,cpu_lightgbm_vs_deterministic,lightgbm,persistence,0.0,0.8648501103571508,1.1116127835890854,-0.3099514057047597,-0.1903311653198767
cpu_core_weighted,weighted_mean_pct,,16,1,independent,independent,,,,,,,,4317,32,5000,1,-0.2467626732319345,-0.1256518763191811,1.1116127835890854,0.8648501103571508,-0.2219861779883524,-0.2751861400251054,-0.1756392551275922,1.0,0.0,False,False,,,,,,,,,,,,,,,,,,,final-robustness-analysis-freeze-v2,cpu_lightgbm_vs_deterministic,lightgbm,persistence,0.0,0.8648501103571508,1.1116127835890854,-0.3099514057047597,-0.1903311653198767
cpu_core_weighted,weighted_mean_pct,,16,1,independent,independent,,,,,,,,4317,32,5000,2,-0.2467626732319345,-0.1256518763191811,1.1116127835890854,0.8648501103571508,-0.2219861779883524,-0.2751861400251054,-0.1756392551275922,1.0,0.0,False,False,,,,,,,,,,,,,,,,,,,final-robustness-analysis-freeze-v2,cpu_lightgbm_vs_deterministic,lightgbm,persistence,0.0,0.8648501103571508,1.1116127835890854,-0.3099514057047597,-0.1903311653198767
cpu_core_weighted,weighted_mean_pct,,1,2,independent,independent,,,,,,,,4852,32,5000,0,-0.2956400691863425,-0.0878660038543348,1.4448569341568862,1.1492168649705437,-0.2046154620553187,-0.2406347772936296,-0.166984950722408,1.0,0.0,False,False,,,,,,,,,,,,,,,,,,,final-robustness-analysis-freeze-v2,cpu_lightgbm_vs_deterministic,lightgbm,persistence,0.0,1.1492168649705437,1.4448569341568862,-0.3657443336112665,-0.2306689953812546
cpu_core_weighted,weighted_mean_pct,,1,2,independent,independent,,,,,,,,4852,32,5000,1,-0.2956400691863425,-0.0878660038543348,1.4448569341568862,1.1492168649705437,-0.2046154620553187,-0.2406347772936296,-0.166984950722408,1.0,0.0,False,False,,,,,,,,,,,,,,,,,,,final-robustness-analysis-freeze-v2,cpu_lightgbm_vs_deterministic,lightgbm,persistence,0.0,1.1492168649705437,1.4448569341568862,-0.3657443336112665,-0.2306689953812546
cpu_core_weighted,weighted_mean_pct,,1,2,independent,independent,,,,,,,,4852,32,5000,2,-0.2956400691863425,-0.0878660038543348,1.4448569341568862,1.1492168649705437,-0.2046154620553187,-0.2406347772936296,-0.166984950722408,1.0,0.0,False,False,,,,,,,,,,,,,,,,,,,final-robustness-analysis-freeze-v2,cpu_lightgbm_vs_deterministic,lightgbm,persistence,0.0,1.1492168649705437,1.4448569341568862,-0.3657443336112665,-0.2306689953812546
cpu_core_weighted,weighted_mean_pct,,8,2,independent,independent,,,,,,,,4341,32,5000,0,-0.3124804869193595,-0.0912288001783756,1.444594921234135,1.132114434314775,-0.2163101104165614,-0.2525491392547638,-0.176897373620951,1.0,0.0,False,False,,,,,,,,,,,,,,,,,,,final-robustness-analysis-freeze-v2,cpu_lightgbm_vs_deterministic,lightgbm,persistence,0.0,1.132114434314775,1.444594921234135,-0.3873917371001596,-0.245182541033471
cpu_core_weighted,weighted_mean_pct,,8,2,independent,independent,,,,,,,,4341,32,5000,1,-0.3124804869193595,-0.0912288001783756,1.444594921234135,1.132114434314775,-0.2163101104165614,-0.2525491392547638,-0.176897373620951,1.0,0.0,False,False,,,,,,,,,,,,,,,,,,,final-robustness-analysis-freeze-v2,cpu_lightgbm_vs_deterministic,lightgbm,persistence,0.0,1.132114434314775,1.444594921234135,-0.3873917371001596,-0.245182541033471
cpu_core_weighted,weighted_mean_pct,,8,2,independent,independent,,,,,,,,4341,32,5000,2,-0.3124804869193595,-0.0912288001783756,1.444594921234135,1.132114434314775,-0.2163101104165614,-0.2525491392547638,-0.176897373620951,1.0,0.0,False,False,,,,,,,,,,,,,,,,,,,final-robustness-analysis-freeze-v2,cpu_lightgbm_vs_deterministic,lightgbm,persistence,0.0,1.132114434314775,1.444594921234135,-0.3873917371001596,-0.245182541033471
cpu_core_weighted,weighted_mean_pct,,16,2,independent,independent,,,,,,,,3798,32,5000,0,-0.3107793593568865,-0.0896383616974574,1.465749503775071,1.1549701444181844,-0.2120276067339386,-0.2485899703597527,-0.1725774133035907,1.0,0.0,False,False,,,,,,,,,,,,,,,,,,,final-robustness-analysis-freeze-v2,cpu_lightgbm_vs_deterministic,lightgbm,persistence,0.0,1.1549701444181844,1.465749503775071,-0.388197612894907,-0.2378769501382624
cpu_core_weighted,weighted_mean_pct,,16,2,independent,independent,,,,,,,,3798,32,5000,1,-0.3107793593568865,-0.0896383616974574,1.465749503775071,1.1549701444181844,-0.2120276067339386,-0.2485899703597527,-0.1725774133035907,1.0,0.0,False,False,,,,,,,,,,,,,,,,,,,final-robustness-analysis-freeze-v2,cpu_lightgbm_vs_deterministic,lightgbm,persistence,0.0,1.1549701444181844,1.465749503775071,-0.388197612894907,-0.2378769501382624
cpu_core_weighted,weighted_mean_pct,,16,2,independent,independent,,,,,,,,3798,32,5000,2,-0.3107793593568865,-0.0896383616974574,1.465749503775071,1.1549701444181844,-0.2120276067339386,-0.2485899703597527,-0.1725774133035907,1.0,0.0,False,False,,,,,,,,,,,,,,,,,,,final-robustness-analysis-freeze-v2,cpu_lightgbm_vs_deterministic,lightgbm,persistence,0.0,1.1549701444181844,1.465749503775071,-0.388197612894907,-0.2378769501382624
cpu_core_weighted,weighted_mean_pct,,1,0,bottom_up,independent,,,,,,,,4847,32,5000,0,-0.1035243461773877,-0.0256337937833568,1.1094787687062335,1.0059544225288457,-0.0933089925624334,-0.1310077321095921,-0.055331543094769,1.0,0.0,False,False,,,,,,,,,,,,,,,,,,,final-robustness-analysis-freeze-v2,cpu_lightgbm_reconciliation,lightgbm,lightgbm,0.0,1.0059544225288457,1.1094787687062335,-0.1472493839204624,-0.0613519368288931
cpu_core_weighted,weighted_mean_pct,,1,0,bottom_up,independent,,,,,,,,4847,32,5000,1,-0.1035243461773877,-0.0256337937833568,1.1094787687062335,1.0059544225288457,-0.0933089925624334,-0.1310077321095921,-0.055331543094769,1.0,0.0,False,False,,,,,,,,,,,,,,,,,,,final-robustness-analysis-freeze-v2,cpu_lightgbm_reconciliation,lightgbm,lightgbm,0.0,1.0059544225288457,1.1094787687062335,-0.1472493839204624,-0.0613519368288931
cpu_core_weighted,weighted_mean_pct,,1,0,bottom_up,independent,,,,,,,,4847,32,5000,2,-0.1035243461773877,-0.0256337937833568,1.1094787687062335,1.0059544225288457,-0.0933089925624334,-0.1310077321095921,-0.055331543094769,1.0,0.0,False,False,,,,,,,,,,,,,,,,,,,final-robustness-analysis-freeze-v2,cpu_lightgbm_reconciliation,lightgbm,lightgbm,0.0,1.0059544225288457,1.1094787687062335,-0.1472493839204624,-0.0613519368288931
cpu_core_weighted,weighted_mean_pct,,8,0,bottom_up,independent,,,,,,,,4295,32,5000,0,-0.0932239088107169,-0.0295699706947067,1.08977444725631,0.9965505384455932,-0.0855442234357979,-0.1261671124365099,-0.0470826930364169,1.0,0.0,False,False,,,,,,,,,,,,,,,,,,,final-robustness-analysis-freeze-v2,cpu_lightgbm_reconciliation,lightgbm,lightgbm,0.0,0.9965505384455932,1.08977444725631,-0.1404806338555868,-0.0512419682380913
cpu_core_weighted,weighted_mean_pct,,8,0,bottom_up,independent,,,,,,,,4295,32,5000,1,-0.0932239088107169,-0.0295699706947067,1.08977444725631,0.9965505384455932,-0.0855442234357979,-0.1261671124365099,-0.0470826930364169,1.0,0.0,False,False,,,,,,,,,,,,,,,,,,,final-robustness-analysis-freeze-v2,cpu_lightgbm_reconciliation,lightgbm,lightgbm,0.0,0.9965505384455932,1.08977444725631,-0.1404806338555868,-0.0512419682380913
cpu_core_weighted,weighted_mean_pct,,8,0,bottom_up,independent,,,,,,,,4295,32,5000,2,-0.0932239088107169,-0.0295699706947067,1.08977444725631,0.9965505384455932,-0.0855442234357979,-0.1261671124365099,-0.0470826930364169,1.0,0.0,False,False,,,,,,,,,,,,,,,,,,,final-robustness-analysis-freeze-v2,cpu_lightgbm_reconciliation,lightgbm,lightgbm,0.0,0.9965505384455932,1.08977444725631,-0.1404806338555868,-0.0512419682380913
cpu_core_weighted,weighted_mean_pct,,16,0,bottom_up,independent,,,,,,,,3707,32,5000,0,-0.0864384040953425,-0.022495892982568,1.117143297745833,1.0307048936504906,-0.0773745000034978,-0.1252840572515126,-0.028923053472727,0.9996,0.0008,False,False,,,,,,,,,,,,,,,,,,,final-robustness-analysis-freeze-v2,cpu_lightgbm_reconciliation,lightgbm,lightgbm,0.0,1.0307048936504906,1.117143297745833,-0.1391274579368431,-0.0320392987517073
cpu_core_weighted,weighted_mean_pct,,16,0,bottom_up,independent,,,,,,,,3707,32,5000,1,-0.0864384040953425,-0.022495892982568,1.117143297745833,1.0307048936504906,-0.0773745000034978,-0.1252840572515126,-0.028923053472727,0.9996,0.0008,False,False,,,,,,,,,,,,,,,,,,,final-robustness-analysis-freeze-v2,cpu_lightgbm_reconciliation,lightgbm,lightgbm,0.0,1.0307048936504906,1.117143297745833,-0.1391274579368431,-0.0320392987517073
cpu_core_weighted,weighted_mean_pct,,16,0,bottom_up,independent,,,,,,,,3707,32,5000,2,-0.0864384040953425,-0.022495892982568,1.117143297745833,1.0307048936504906,-0.0773745000034978,-0.1252840572515126,-0.028923053472727,0.9996,0.0008,False,False,,,,,,,,,,,,,,,,,,,final-robustness-analysis-freeze-v2,cpu_lightgbm_reconciliation,lightgbm,lightgbm,0.0,1.0307048936504906,1.117143297745833,-0.1391274579368431,-0.0320392987517073
cpu_core_weighted,weighted_mean_pct,,1,1,bottom_up,independent,,,,,,,,5261,32,5000,0,-0.0652801475771297,-0.0104473500412103,0.8458250834966149,0.7805449359194851,-0.0771792523665338,-0.1223417383892245,-0.0333001982225351,0.9988,0.0024,False,False,,,,,,,,,,,,,,,,,,,final-robustness-analysis-freeze-v2,cpu_lightgbm_reconciliation,lightgbm,lightgbm,0.0,0.7805449359194851,0.8458250834966149,-0.1069236841263902,-0.0265502566060384
cpu_core_weighted,weighted_mean_pct,,1,1,bottom_up,independent,,,,,,,,5261,32,5000,1,-0.0652801475771297,-0.0104473500412103,0.8458250834966149,0.7805449359194851,-0.0771792523665338,-0.1223417383892245,-0.0333001982225351,0.9988,0.0024,False,False,,,,,,,,,,,,,,,,,,,final-robustness-analysis-freeze-v2,cpu_lightgbm_reconciliation,lightgbm,lightgbm,0.0,0.7805449359194851,0.8458250834966149,-0.1069236841263902,-0.0265502566060384
cpu_core_weighted,weighted_mean_pct,,1,1,bottom_up,independent,,,,,,,,5261,32,5000,2,-0.0652801475771297,-0.0104473500412103,0.8458250834966149,0.7805449359194851,-0.0771792523665338,-0.1223417383892245,-0.0333001982225351,0.9988,0.0024,False,False,,,,,,,,,,,,,,,,,,,final-robustness-analysis-freeze-v2,cpu_lightgbm_reconciliation,lightgbm,lightgbm,0.0,0.7805449359194851,0.8458250834966149,-0.1069236841263902,-0.0265502566060384
cpu_core_weighted,weighted_mean_pct,,8,1,bottom_up,independent,,,,,,,,4778,32,5000,0,-0.0678200004909336,-0.009681133929051,0.8619293246865776,0.7941093241956438,-0.0786839460597247,-0.1277432606537507,-0.0316498563876759,0.9996,0.0008,False,False,,,,,,,,,,,,,,,,,,,final-robustness-analysis-freeze-v2,cpu_lightgbm_reconciliation,lightgbm,lightgbm,0.0,0.7941093241956438,0.8619293246865776,-0.1138551670536344,-0.026147801171338
cpu_core_weighted,weighted_mean_pct,,8,1,bottom_up,independent,,,,,,,,4778,32,5000,1,-0.0678200004909336,-0.009681133929051,0.8619293246865776,0.7941093241956438,-0.0786839460597247,-0.1277432606537507,-0.0316498563876759,0.9996,0.0008,False,False,,,,,,,,,,,,,,,,,,,final-robustness-analysis-freeze-v2,cpu_lightgbm_reconciliation,lightgbm,lightgbm,0.0,0.7941093241956438,0.8619293246865776,-0.1138551670536344,-0.026147801171338
cpu_core_weighted,weighted_mean_pct,,8,1,bottom_up,independent,,,,,,,,4778,32,5000,2,-0.0678200004909336,-0.009681133929051,0.8619293246865776,0.7941093241956438,-0.0786839460597247,-0.1277432606537507,-0.0316498563876759,0.9996,0.0008,False,False,,,,,,,,,,,,,,,,,,,final-robustness-analysis-freeze-v2,cpu_lightgbm_reconciliation,lightgbm,lightgbm,0.0,0.7941093241956438,0.8619293246865776,-0.1138551670536344,-0.026147801171338
cpu_core_weighted,weighted_mean_pct,,16,1,bottom_up,independent,,,,,,,,4317,32,5000,0,-0.0654562628541001,-0.0103113394336098,0.8648501103571508,0.7993938475030506,-0.0756850951051728,-0.1259852105611831,-0.0293450914674387,0.9982,0.0036,False,False,,,,,,,,,,,,,,,,,,,final-robustness-analysis-freeze-v2,cpu_lightgbm_reconciliation,lightgbm,lightgbm,0.0,0.7993938475030506,0.8648501103571508,-0.1120852435163558,-0.0242951806895541
cpu_core_weighted,weighted_mean_pct,,16,1,bottom_up,independent,,,,,,,,4317,32,5000,1,-0.0654562628541001,-0.0103113394336098,0.8648501103571508,0.7993938475030506,-0.0756850951051728,-0.1259852105611831,-0.0293450914674387,0.9982,0.0036,False,False,,,,,,,,,,,,,,,,,,,final-robustness-analysis-freeze-v2,cpu_lightgbm_reconciliation,lightgbm,lightgbm,0.0,0.7993938475030506,0.8648501103571508,-0.1120852435163558,-0.0242951806895541
cpu_core_weighted,weighted_mean_pct,,16,1,bottom_up,independent,,,,,,,,4317,32,5000,2,-0.0654562628541001,-0.0103113394336098,0.8648501103571508,0.7993938475030506,-0.0756850951051728,-0.1259852105611831,-0.0293450914674387,0.9982,0.0036,False,False,,,,,,,,,,,,,,,,,,,final-robustness-analysis-freeze-v2,cpu_lightgbm_reconciliation,lightgbm,lightgbm,0.0,0.7993938475030506,0.8648501103571508,-0.1120852435163558,-0.0242951806895541
cpu_core_weighted,weighted_mean_pct,,1,2,bottom_up,independent,,,,,,,,4852,32,5000,0,-0.1286618105462562,-0.0141873842509341,1.1492168649705437,1.0205550544242874,-0.1119560758878647,-0.145297733150471,-0.0749104121211508,1.0,0.0,False,False,,,,,,,,,,,,,,,,,,,final-robustness-analysis-freeze-v2,cpu_lightgbm_reconciliation,lightgbm,lightgbm,0.0,1.0205550544242874,1.1492168649705437,-0.179835682015236,-0.0804367914151986
cpu_core_weighted,weighted_mean_pct,,1,2,bottom_up,independent,,,,,,,,4852,32,5000,1,-0.1286618105462562,-0.0141873842509341,1.1492168649705437,1.0205550544242874,-0.1119560758878647,-0.145297733150471,-0.0749104121211508,1.0,0.0,False,False,,,,,,,,,,,,,,,,,,,final-robustness-analysis-freeze-v2,cpu_lightgbm_reconciliation,lightgbm,lightgbm,0.0,1.0205550544242874,1.1492168649705437,-0.179835682015236,-0.0804367914151986
cpu_core_weighted,weighted_mean_pct,,1,2,bottom_up,independent,,,,,,,,4852,32,5000,2,-0.1286618105462562,-0.0141873842509341,1.1492168649705437,1.0205550544242874,-0.1119560758878647,-0.145297733150471,-0.0749104121211508,1.0,0.0,False,False,,,,,,,,,,,,,,,,,,,final-robustness-analysis-freeze-v2,cpu_lightgbm_reconciliation,lightgbm,lightgbm,0.0,1.0205550544242874,1.1492168649705437,-0.179835682015236,-0.0804367914151986
cpu_core_weighted,weighted_mean_pct,,8,2,bottom_up,independent,,,,,,,,4341,32,5000,0,-0.1110586588156043,-0.0093205339489896,1.132114434314775,1.0210557754991707,-0.098098439035294,-0.1342768797523754,-0.0581835382237925,1.0,0.0,False,False,,,,,,,,,,,,,,,,,,,final-robustness-analysis-freeze-v2,cpu_lightgbm_reconciliation,lightgbm,lightgbm,0.0,1.0210557754991707,1.132114434314775,-0.162002686459015,-0.0624451721186704
cpu_core_weighted,weighted_mean_pct,,8,2,bottom_up,independent,,,,,,,,4341,32,5000,1,-0.1110586588156043,-0.0093205339489896,1.132114434314775,1.0210557754991707,-0.098098439035294,-0.1342768797523754,-0.0581835382237925,1.0,0.0,False,False,,,,,,,,,,,,,,,,,,,final-robustness-analysis-freeze-v2,cpu_lightgbm_reconciliation,lightgbm,lightgbm,0.0,1.0210557754991707,1.132114434314775,-0.162002686459015,-0.0624451721186704
cpu_core_weighted,weighted_mean_pct,,8,2,bottom_up,independent,,,,,,,,4341,32,5000,2,-0.1110586588156043,-0.0093205339489896,1.132114434314775,1.0210557754991707,-0.098098439035294,-0.1342768797523754,-0.0581835382237925,1.0,0.0,False,False,,,,,,,,,,,,,,,,,,,final-robustness-analysis-freeze-v2,cpu_lightgbm_reconciliation,lightgbm,lightgbm,0.0,1.0210557754991707,1.132114434314775,-0.162002686459015,-0.0624451721186704
cpu_core_weighted,weighted_mean_pct,,16,2,bottom_up,independent,,,,,,,,3798,32,5000,0,-0.1283625479828249,-0.0090667756048576,1.1549701444181844,1.0266075964353596,-0.1111392780178638,-0.1452707527418825,-0.0751490293441645,1.0,0.0,False,False,,,,,,,,,,,,,,,,,,,final-robustness-analysis-freeze-v2,cpu_lightgbm_reconciliation,lightgbm,lightgbm,0.0,1.0266075964353596,1.1549701444181844,-0.1796598338927887,-0.0806174041679265
cpu_core_weighted,weighted_mean_pct,,16,2,bottom_up,independent,,,,,,,,3798,32,5000,1,-0.1283625479828249,-0.0090667756048576,1.1549701444181844,1.0266075964353596,-0.1111392780178638,-0.1452707527418825,-0.0751490293441645,1.0,0.0,False,False,,,,,,,,,,,,,,,,,,,final-robustness-analysis-freeze-v2,cpu_lightgbm_reconciliation,lightgbm,lightgbm,0.0,1.0266075964353596,1.1549701444181844,-0.1796598338927887,-0.0806174041679265
cpu_core_weighted,weighted_mean_pct,,16,2,bottom_up,independent,,,,,,,,3798,32,5000,2,-0.1283625479828249,-0.0090667756048576,1.1549701444181844,1.0266075964353596,-0.1111392780178638,-0.1452707527418825,-0.0751490293441645,1.0,0.0,False,False,,,,,,,,,,,,,,,,,,,final-robustness-analysis-freeze-v2,cpu_lightgbm_reconciliation,lightgbm,lightgbm,0.0,1.0266075964353596,1.1549701444181844,-0.1796598338927887,-0.0806174041679265
cpu_core_weighted,weighted_mean_pct,,1,0,wls,independent,,,,,,,,4847,32,5000,0,-0.1095806061780735,-0.0285099793382568,1.1094787687062335,0.9998981625281598,-0.0987676459152578,-0.1195181678929536,-0.0783225367280908,1.0,0.0,False,False,,,,,,,,,,,,,,,,,,,final-robustness-analysis-freeze-v2,cpu_lightgbm_reconciliation,lightgbm,lightgbm,0.0,0.9998981625281598,1.1094787687062335,-0.1383671791749797,-0.0833653134973768
cpu_core_weighted,weighted_mean_pct,,1,0,wls,independent,,,,,,,,4847,32,5000,1,-0.1095806061780735,-0.0285099793382568,1.1094787687062335,0.9998981625281598,-0.0987676459152578,-0.1195181678929536,-0.0783225367280908,1.0,0.0,False,False,,,,,,,,,,,,,,,,,,,final-robustness-analysis-freeze-v2,cpu_lightgbm_reconciliation,lightgbm,lightgbm,0.0,0.9998981625281598,1.1094787687062335,-0.1383671791749797,-0.0833653134973768
cpu_core_weighted,weighted_mean_pct,,1,0,wls,independent,,,,,,,,4847,32,5000,2,-0.1095806061780735,-0.0285099793382568,1.1094787687062335,0.9998981625281598,-0.0987676459152578,-0.1195181678929536,-0.0783225367280908,1.0,0.0,False,False,,,,,,,,,,,,,,,,,,,final-robustness-analysis-freeze-v2,cpu_lightgbm_reconciliation,lightgbm,lightgbm,0.0,0.9998981625281598,1.1094787687062335,-0.1383671791749797,-0.0833653134973768
cpu_core_weighted,weighted_mean_pct,,8,0,wls,independent,,,,,,,,4295,32,5000,0,-0.1034151076909682,-0.0278568644632075,1.08977444725631,0.986359339565342,-0.0948958823097138,-0.115982088493064,-0.0756753271843489,1.0,0.0,False,False,,,,,,,,,,,,,,,,,,,final-robustness-analysis-freeze-v2,cpu_lightgbm_reconciliation,lightgbm,lightgbm,0.0,0.986359339565342,1.08977444725631,-0.132496896704907,-0.0787747390543191
cpu_core_weighted,weighted_mean_pct,,8,0,wls,independent,,,,,,,,4295,32,5000,1,-0.1034151076909682,-0.0278568644632075,1.08977444725631,0.986359339565342,-0.0948958823097138,-0.115982088493064,-0.0756753271843489,1.0,0.0,False,False,,,,,,,,,,,,,,,,,,,final-robustness-analysis-freeze-v2,cpu_lightgbm_reconciliation,lightgbm,lightgbm,0.0,0.986359339565342,1.08977444725631,-0.132496896704907,-0.0787747390543191
cpu_core_weighted,weighted_mean_pct,,8,0,wls,independent,,,,,,,,4295,32,5000,2,-0.1034151076909682,-0.0278568644632075,1.08977444725631,0.986359339565342,-0.0948958823097138,-0.115982088493064,-0.0756753271843489,1.0,0.0,False,False,,,,,,,,,,,,,,,,,,,final-robustness-analysis-freeze-v2,cpu_lightgbm_reconciliation,lightgbm,lightgbm,0.0,0.986359339565342,1.08977444725631,-0.132496896704907,-0.0787747390543191
cpu_core_weighted,weighted_mean_pct,,16,0,wls,independent,,,,,,,,3707,32,5000,0,-0.0991239466887497,-0.0267559440092446,1.117143297745833,1.0180193510570834,-0.0887298405573946,-0.1133702849308594,-0.0645821817750423,1.0,0.0,False,False,,,,,,,,,,,,,,,,,,,final-robustness-analysis-freeze-v2,cpu_lightgbm_reconciliation,lightgbm,lightgbm,0.0,1.0180193510570834,1.117143297745833,-0.1295540358314892,-0.0695111489560033
cpu_core_weighted,weighted_mean_pct,,16,0,wls,independent,,,,,,,,3707,32,5000,1,-0.0991239466887497,-0.0267559440092446,1.117143297745833,1.0180193510570834,-0.0887298405573946,-0.1133702849308594,-0.0645821817750423,1.0,0.0,False,False,,,,,,,,,,,,,,,,,,,final-robustness-analysis-freeze-v2,cpu_lightgbm_reconciliation,lightgbm,lightgbm,0.0,1.0180193510570834,1.117143297745833,-0.1295540358314892,-0.0695111489560033
cpu_core_weighted,weighted_mean_pct,,16,0,wls,independent,,,,,,,,3707,32,5000,2,-0.0991239466887497,-0.0267559440092446,1.117143297745833,1.0180193510570834,-0.0887298405573946,-0.1133702849308594,-0.0645821817750423,1.0,0.0,False,False,,,,,,,,,,,,,,,,,,,final-robustness-analysis-freeze-v2,cpu_lightgbm_reconciliation,lightgbm,lightgbm,0.0,1.0180193510570834,1.117143297745833,-0.1295540358314892,-0.0695111489560033
cpu_core_weighted,weighted_mean_pct,,1,1,wls,independent,,,,,,,,5261,32,5000,0,-0.0724601135073435,-0.0140685356697622,0.8458250834966149,0.7733649699892712,-0.0856679648323926,-0.1132795903294471,-0.0573357563217711,1.0,0.0,False,False,,,,,,,,,,,,,,,,,,,final-robustness-analysis-freeze-v2,cpu_lightgbm_reconciliation,lightgbm,lightgbm,0.0,0.7733649699892712,0.8458250834966149,-0.0999114826741998,-0.0455963212286852
cpu_core_weighted,weighted_mean_pct,,1,1,wls,independent,,,,,,,,5261,32,5000,1,-0.0724601135073435,-0.0140685356697622,0.8458250834966149,0.7733649699892712,-0.0856679648323926,-0.1132795903294471,-0.0573357563217711,1.0,0.0,False,False,,,,,,,,,,,,,,,,,,,final-robustness-analysis-freeze-v2,cpu_lightgbm_reconciliation,lightgbm,lightgbm,0.0,0.7733649699892712,0.8458250834966149,-0.0999114826741998,-0.0455963212286852
cpu_core_weighted,weighted_mean_pct,,1,1,wls,independent,,,,,,,,5261,32,5000,2,-0.0724601135073435,-0.0140685356697622,0.8458250834966149,0.7733649699892712,-0.0856679648323926,-0.1132795903294471,-0.0573357563217711,1.0,0.0,False,False,,,,,,,,,,,,,,,,,,,final-robustness-analysis-freeze-v2,cpu_lightgbm_reconciliation,lightgbm,lightgbm,0.0,0.7733649699892712,0.8458250834966149,-0.0999114826741998,-0.0455963212286852
cpu_core_weighted,weighted_mean_pct,,8,1,wls,independent,,,,,,,,4778,32,5000,0,-0.07453490339261,-0.0149818786254225,0.8619293246865776,0.7873944212939674,-0.0864744953650499,-0.1154364023734721,-0.0573598877861618,1.0,0.0,False,False,,,,,,,,,,,,,,,,,,,final-robustness-analysis-freeze-v2,cpu_lightgbm_reconciliation,lightgbm,lightgbm,0.0,0.7873944212939674,0.8619293246865776,-0.1053253905169001,-0.046209618794169
cpu_core_weighted,weighted_mean_pct,,8,1,wls,independent,,,,,,,,4778,32,5000,1,-0.07453490339261,-0.0149818786254225,0.8619293246865776,0.7873944212939674,-0.0864744953650499,-0.1154364023734721,-0.0573598877861618,1.0,0.0,False,False,,,,,,,,,,,,,,,,,,,final-robustness-analysis-freeze-v2,cpu_lightgbm_reconciliation,lightgbm,lightgbm,0.0,0.7873944212939674,0.8619293246865776,-0.1053253905169001,-0.046209618794169
cpu_core_weighted,weighted_mean_pct,,8,1,wls,independent,,,,,,,,4778,32,5000,2,-0.07453490339261,-0.0149818786254225,0.8619293246865776,0.7873944212939674,-0.0864744953650499,-0.1154364023734721,-0.0573598877861618,1.0,0.0,False,False,,,,,,,,,,,,,,,,,,,final-robustness-analysis-freeze-v2,cpu_lightgbm_reconciliation,lightgbm,lightgbm,0.0,0.7873944212939674,0.8619293246865776,-0.1053253905169001,-0.046209618794169
cpu_core_weighted,weighted_mean_pct,,16,1,wls,independent,,,,,,,,4317,32,5000,0,-0.0755769849061497,-0.0143991285671596,0.8648501103571508,0.7892731254510011,-0.0873873796176533,-0.1179393047631855,-0.0570130200043684,1.0,0.0,False,False,,,,,,,,,,,,,,,,,,,final-robustness-analysis-freeze-v2,cpu_lightgbm_reconciliation,lightgbm,lightgbm,0.0,0.7892731254510011,0.8648501103571508,-0.1070181996595857,-0.0467951577832807
cpu_core_weighted,weighted_mean_pct,,16,1,wls,independent,,,,,,,,4317,32,5000,1,-0.0755769849061497,-0.0143991285671596,0.8648501103571508,0.7892731254510011,-0.0873873796176533,-0.1179393047631855,-0.0570130200043684,1.0,0.0,False,False,,,,,,,,,,,,,,,,,,,final-robustness-analysis-freeze-v2,cpu_lightgbm_reconciliation,lightgbm,lightgbm,0.0,0.7892731254510011,0.8648501103571508,-0.1070181996595857,-0.0467951577832807
cpu_core_weighted,weighted_mean_pct,,16,1,wls,independent,,,,,,,,4317,32,5000,2,-0.0755769849061497,-0.0143991285671596,0.8648501103571508,0.7892731254510011,-0.0873873796176533,-0.1179393047631855,-0.0570130200043684,1.0,0.0,False,False,,,,,,,,,,,,,,,,,,,final-robustness-analysis-freeze-v2,cpu_lightgbm_reconciliation,lightgbm,lightgbm,0.0,0.7892731254510011,0.8648501103571508,-0.1070181996595857,-0.0467951577832807
cpu_core_weighted,weighted_mean_pct,,1,2,wls,independent,,,,,,,,4852,32,5000,0,-0.132715741700876,-0.0190909894941846,1.1492168649705437,1.0165011232696677,-0.1154836356358882,-0.1384426837120964,-0.0913178054419174,1.0,0.0,False,False,,,,,,,,,,,,,,,,,,,final-robustness-analysis-freeze-v2,cpu_lightgbm_reconciliation,lightgbm,lightgbm,0.0,1.0165011232696677,1.1492168649705437,-0.1733234307381416,-0.0965816061729379
cpu_core_weighted,weighted_mean_pct,,1,2,wls,independent,,,,,,,,4852,32,5000,1,-0.132715741700876,-0.0190909894941846,1.1492168649705437,1.0165011232696677,-0.1154836356358882,-0.1384426837120964,-0.0913178054419174,1.0,0.0,False,False,,,,,,,,,,,,,,,,,,,final-robustness-analysis-freeze-v2,cpu_lightgbm_reconciliation,lightgbm,lightgbm,0.0,1.0165011232696677,1.1492168649705437,-0.1733234307381416,-0.0965816061729379
cpu_core_weighted,weighted_mean_pct,,1,2,wls,independent,,,,,,,,4852,32,5000,2,-0.132715741700876,-0.0190909894941846,1.1492168649705437,1.0165011232696677,-0.1154836356358882,-0.1384426837120964,-0.0913178054419174,1.0,0.0,False,False,,,,,,,,,,,,,,,,,,,final-robustness-analysis-freeze-v2,cpu_lightgbm_reconciliation,lightgbm,lightgbm,0.0,1.0165011232696677,1.1492168649705437,-0.1733234307381416,-0.0965816061729379
cpu_core_weighted,weighted_mean_pct,,8,2,wls,independent,,,,,,,,4341,32,5000,0,-0.1204318715446599,-0.0177295953523191,1.132114434314775,1.0116825627701151,-0.1063778253278368,-0.1312934294556903,-0.0800199306217958,1.0,0.0,False,False,,,,,,,,,,,,,,,,,,,final-robustness-analysis-freeze-v2,cpu_lightgbm_reconciliation,lightgbm,lightgbm,0.0,1.0116825627701151,1.132114434314775,-0.1600505523053509,-0.0838382103396325
cpu_core_weighted,weighted_mean_pct,,8,2,wls,independent,,,,,,,,4341,32,5000,1,-0.1204318715446599,-0.0177295953523191,1.132114434314775,1.0116825627701151,-0.1063778253278368,-0.1312934294556903,-0.0800199306217958,1.0,0.0,False,False,,,,,,,,,,,,,,,,,,,final-robustness-analysis-freeze-v2,cpu_lightgbm_reconciliation,lightgbm,lightgbm,0.0,1.0116825627701151,1.132114434314775,-0.1600505523053509,-0.0838382103396325
cpu_core_weighted,weighted_mean_pct,,8,2,wls,independent,,,,,,,,4341,32,5000,2,-0.1204318715446599,-0.0177295953523191,1.132114434314775,1.0116825627701151,-0.1063778253278368,-0.1312934294556903,-0.0800199306217958,1.0,0.0,False,False,,,,,,,,,,,,,,,,,,,final-robustness-analysis-freeze-v2,cpu_lightgbm_reconciliation,lightgbm,lightgbm,0.0,1.0116825627701151,1.132114434314775,-0.1600505523053509,-0.0838382103396325
cpu_core_weighted,weighted_mean_pct,,16,2,wls,independent,,,,,,,,3798,32,5000,0,-0.1340013063045604,-0.0163652492907442,1.1549701444181844,1.020968838113624,-0.1160214460539701,-0.1392365366589506,-0.0912807027462387,1.0,0.0,False,False,,,,,,,,,,,,,,,,,,,final-robustness-analysis-freeze-v2,cpu_lightgbm_reconciliation,lightgbm,lightgbm,0.0,1.020968838113624,1.1549701444181844,-0.1747438014421688,-0.0964059348474036
cpu_core_weighted,weighted_mean_pct,,16,2,wls,independent,,,,,,,,3798,32,5000,1,-0.1340013063045604,-0.0163652492907442,1.1549701444181844,1.020968838113624,-0.1160214460539701,-0.1392365366589506,-0.0912807027462387,1.0,0.0,False,False,,,,,,,,,,,,,,,,,,,final-robustness-analysis-freeze-v2,cpu_lightgbm_reconciliation,lightgbm,lightgbm,0.0,1.020968838113624,1.1549701444181844,-0.1747438014421688,-0.0964059348474036
cpu_core_weighted,weighted_mean_pct,,16,2,wls,independent,,,,,,,,3798,32,5000,2,-0.1340013063045604,-0.0163652492907442,1.1549701444181844,1.020968838113624,-0.1160214460539701,-0.1392365366589506,-0.0912807027462387,1.0,0.0,False,False,,,,,,,,,,,,,,,,,,,final-robustness-analysis-freeze-v2,cpu_lightgbm_reconciliation,lightgbm,lightgbm,0.0,1.020968838113624,1.1549701444181844,-0.1747438014421688,-0.0964059348474036
cpu_core_weighted,weighted_mean_pct,,1,0,mint,independent,,,,,,,,4847,32,5000,0,-0.1117356437736901,-0.0279136684449978,1.1094787687062335,0.9977431249325432,-0.10071003332852,-0.1226906074553549,-0.0790339544839074,1.0,0.0,False,False,,,,,,,,,,,,,,,,,,,final-robustness-analysis-freeze-v2,cpu_lightgbm_reconciliation,lightgbm,lightgbm,0.0,0.9977431249325432,1.1094787687062335,-0.1416052216505287,-0.0843866848473154
cpu_core_weighted,weighted_mean_pct,,1,0,mint,independent,,,,,,,,4847,32,5000,1,-0.1117356437736901,-0.0279136684449978,1.1094787687062335,0.9977431249325432,-0.10071003332852,-0.1226906074553549,-0.0790339544839074,1.0,0.0,False,False,,,,,,,,,,,,,,,,,,,final-robustness-analysis-freeze-v2,cpu_lightgbm_reconciliation,lightgbm,lightgbm,0.0,0.9977431249325432,1.1094787687062335,-0.1416052216505287,-0.0843866848473154
cpu_core_weighted,weighted_mean_pct,,1,0,mint,independent,,,,,,,,4847,32,5000,2,-0.1117356437736901,-0.0279136684449978,1.1094787687062335,0.9977431249325432,-0.10071003332852,-0.1226906074553549,-0.0790339544839074,1.0,0.0,False,False,,,,,,,,,,,,,,,,,,,final-robustness-analysis-freeze-v2,cpu_lightgbm_reconciliation,lightgbm,lightgbm,0.0,0.9977431249325432,1.1094787687062335,-0.1416052216505287,-0.0843866848473154
cpu_core_weighted,weighted_mean_pct,,8,0,mint,independent,,,,,,,,4295,32,5000,0,-0.1096383731215997,-0.0299835887612651,1.08977444725631,0.9801360741347104,-0.1006064818253288,-0.1264103615879657,-0.077330025419469,1.0,0.0,False,False,,,,,,,,,,,,,,,,,,,final-robustness-analysis-freeze-v2,cpu_lightgbm_reconciliation,lightgbm,lightgbm,0.0,0.9801360741347104,1.08977444725631,-0.1434465722239076,-0.0810294481349385
cpu_core_weighted,weighted_mean_pct,,8,0,mint,independent,,,,,,,,4295,32,5000,1,-0.1096383731215997,-0.0299835887612651,1.08977444725631,0.9801360741347104,-0.1006064818253288,-0.1264103615879657,-0.077330025419469,1.0,0.0,False,False,,,,,,,,,,,,,,,,,,,final-robustness-analysis-freeze-v2,cpu_lightgbm_reconciliation,lightgbm,lightgbm,0.0,0.9801360741347104,1.08977444725631,-0.1434465722239076,-0.0810294481349385
cpu_core_weighted,weighted_mean_pct,,8,0,mint,independent,,,,,,,,4295,32,5000,2,-0.1096383731215997,-0.0299835887612651,1.08977444725631,0.9801360741347104,-0.1006064818253288,-0.1264103615879657,-0.077330025419469,1.0,0.0,False,False,,,,,,,,,,,,,,,,,,,final-robustness-analysis-freeze-v2,cpu_lightgbm_reconciliation,lightgbm,lightgbm,0.0,0.9801360741347104,1.08977444725631,-0.1434465722239076,-0.0810294481349385
cpu_core_weighted,weighted_mean_pct,,16,0,mint,independent,,,,,,,,3707,32,5000,0,-0.1041475203972014,-0.0280126030520562,1.117143297745833,1.0129957773486316,-0.0932266438937152,-0.1241516739287068,-0.0631819267539927,1.0,0.0,False,False,,,,,,,,,,,,,,,,,,,final-robustness-analysis-freeze-v2,cpu_lightgbm_reconciliation,lightgbm,lightgbm,0.0,1.0129957773486316,1.117143297745833,-0.1405743760164677,-0.0691525654279232
cpu_core_weighted,weighted_mean_pct,,16,0,mint,independent,,,,,,,,3707,32,5000,1,-0.1041475203972014,-0.0280126030520562,1.117143297745833,1.0129957773486316,-0.0932266438937152,-0.1241516739287068,-0.0631819267539927,1.0,0.0,False,False,,,,,,,,,,,,,,,,,,,final-robustness-analysis-freeze-v2,cpu_lightgbm_reconciliation,lightgbm,lightgbm,0.0,1.0129957773486316,1.117143297745833,-0.1405743760164677,-0.0691525654279232
cpu_core_weighted,weighted_mean_pct,,16,0,mint,independent,,,,,,,,3707,32,5000,2,-0.1041475203972014,-0.0280126030520562,1.117143297745833,1.0129957773486316,-0.0932266438937152,-0.1241516739287068,-0.0631819267539927,1.0,0.0,False,False,,,,,,,,,,,,,,,,,,,final-robustness-analysis-freeze-v2,cpu_lightgbm_reconciliation,lightgbm,lightgbm,0.0,1.0129957773486316,1.117143297745833,-0.1405743760164677,-0.0691525654279232
cpu_core_weighted,weighted_mean_pct,,1,1,mint,independent,,,,,,,,5261,32,5000,0,-0.0727388472719513,-0.0143245143424746,0.8458250834966149,0.7730862362246635,-0.0859975055022619,-0.1142343553252091,-0.0571299675355164,1.0,0.0,False,False,,,,,,,,,,,,,,,,,,,final-robustness-analysis-freeze-v2,cpu_lightgbm_reconciliation,lightgbm,lightgbm,0.0,0.7730862362246635,0.8458250834966149,-0.1007281745432358,-0.0454129190358014
cpu_core_weighted,weighted_mean_pct,,1,1,mint,independent,,,,,,,,5261,32,5000,1,-0.0727388472719513,-0.0143245143424746,0.8458250834966149,0.7730862362246635,-0.0859975055022619,-0.1142343553252091,-0.0571299675355164,1.0,0.0,False,False,,,,,,,,,,,,,,,,,,,final-robustness-analysis-freeze-v2,cpu_lightgbm_reconciliation,lightgbm,lightgbm,0.0,0.7730862362246635,0.8458250834966149,-0.1007281745432358,-0.0454129190358014
cpu_core_weighted,weighted_mean_pct,,1,1,mint,independent,,,,,,,,5261,32,5000,2,-0.0727388472719513,-0.0143245143424746,0.8458250834966149,0.7730862362246635,-0.0859975055022619,-0.1142343553252091,-0.0571299675355164,1.0,0.0,False,False,,,,,,,,,,,,,,,,,,,final-robustness-analysis-freeze-v2,cpu_lightgbm_reconciliation,lightgbm,lightgbm,0.0,0.7730862362246635,0.8458250834966149,-0.1007281745432358,-0.0454129190358014
cpu_core_weighted,weighted_mean_pct,,8,1,mint,independent,,,,,,,,4778,32,5000,0,-0.0741397743284676,-0.0150713398087507,0.8619293246865776,0.7877895503581098,-0.0860160713935878,-0.1143907180204396,-0.0574906125679923,1.0,0.0,False,False,,,,,,,,,,,,,,,,,,,final-robustness-analysis-freeze-v2,cpu_lightgbm_reconciliation,lightgbm,lightgbm,0.0,0.7877895503581098,0.8619293246865776,-0.1044057528322032,-0.0461972662761804
cpu_core_weighted,weighted_mean_pct,,8,1,mint,independent,,,,,,,,4778,32,5000,1,-0.0741397743284676,-0.0150713398087507,0.8619293246865776,0.7877895503581098,-0.0860160713935878,-0.1143907180204396,-0.0574906125679923,1.0,0.0,False,False,,,,,,,,,,,,,,,,,,,final-robustness-analysis-freeze-v2,cpu_lightgbm_reconciliation,lightgbm,lightgbm,0.0,0.7877895503581098,0.8619293246865776,-0.1044057528322032,-0.0461972662761804
cpu_core_weighted,weighted_mean_pct,,8,1,mint,independent,,,,,,,,4778,32,5000,2,-0.0741397743284676,-0.0150713398087507,0.8619293246865776,0.7877895503581098,-0.0860160713935878,-0.1143907180204396,-0.0574906125679923,1.0,0.0,False,False,,,,,,,,,,,,,,,,,,,final-robustness-analysis-freeze-v2,cpu_lightgbm_reconciliation,lightgbm,lightgbm,0.0,0.7877895503581098,0.8619293246865776,-0.1044057528322032,-0.0461972662761804
cpu_core_weighted,weighted_mean_pct,,16,1,mint,independent,,,,,,,,4317,32,5000,0,-0.0746617754195536,-0.0148498539872088,0.8648501103571508,0.7901883349375971,-0.0863291505954958,-0.1154730413314151,-0.0572313508817904,1.0,0.0,False,False,,,,,,,,,,,,,,,,,,,final-robustness-analysis-freeze-v2,cpu_lightgbm_reconciliation,lightgbm,lightgbm,0.0,0.7901883349375971,0.8648501103571508,-0.1051504516485276,-0.0468805929232198
cpu_core_weighted,weighted_mean_pct,,16,1,mint,independent,,,,,,,,4317,32,5000,1,-0.0746617754195536,-0.0148498539872088,0.8648501103571508,0.7901883349375971,-0.0863291505954958,-0.1154730413314151,-0.0572313508817904,1.0,0.0,False,False,,,,,,,,,,,,,,,,,,,final-robustness-analysis-freeze-v2,cpu_lightgbm_reconciliation,lightgbm,lightgbm,0.0,0.7901883349375971,0.8648501103571508,-0.1051504516485276,-0.0468805929232198
cpu_core_weighted,weighted_mean_pct,,16,1,mint,independent,,,,,,,,4317,32,5000,2,-0.0746617754195536,-0.0148498539872088,0.8648501103571508,0.7901883349375971,-0.0863291505954958,-0.1154730413314151,-0.0572313508817904,1.0,0.0,False,False,,,,,,,,,,,,,,,,,,,final-robustness-analysis-freeze-v2,cpu_lightgbm_reconciliation,lightgbm,lightgbm,0.0,0.7901883349375971,0.8648501103571508,-0.1051504516485276,-0.0468805929232198
cpu_core_weighted,weighted_mean_pct,,1,2,mint,independent,,,,,,,,4852,32,5000,0,-0.1380009294507292,-0.0178546559224288,1.1492168649705437,1.0112159355198145,-0.1200825828937573,-0.1476151620794121,-0.0898174929063283,1.0,0.0,False,False,,,,,,,,,,,,,,,,,,,final-robustness-analysis-freeze-v2,cpu_lightgbm_reconciliation,lightgbm,lightgbm,0.0,1.0112159355198145,1.1492168649705437,-0.1842925429936826,-0.095803630244068
cpu_core_weighted,weighted_mean_pct,,1,2,mint,independent,,,,,,,,4852,32,5000,1,-0.1380009294507292,-0.0178546559224288,1.1492168649705437,1.0112159355198145,-0.1200825828937573,-0.1476151620794121,-0.0898174929063283,1.0,0.0,False,False,,,,,,,,,,,,,,,,,,,final-robustness-analysis-freeze-v2,cpu_lightgbm_reconciliation,lightgbm,lightgbm,0.0,1.0112159355198145,1.1492168649705437,-0.1842925429936826,-0.095803630244068
cpu_core_weighted,weighted_mean_pct,,1,2,mint,independent,,,,,,,,4852,32,5000,2,-0.1380009294507292,-0.0178546559224288,1.1492168649705437,1.0112159355198145,-0.1200825828937573,-0.1476151620794121,-0.0898174929063283,1.0,0.0,False,False,,,,,,,,,,,,,,,,,,,final-robustness-analysis-freeze-v2,cpu_lightgbm_reconciliation,lightgbm,lightgbm,0.0,1.0112159355198145,1.1492168649705437,-0.1842925429936826,-0.095803630244068
cpu_core_weighted,weighted_mean_pct,,8,2,mint,independent,,,,,,,,4341,32,5000,0,-0.1222514074072464,-0.0144045150522695,1.132114434314775,1.0098630269075288,-0.1079850266914408,-0.1380641933115599,-0.0756158153641432,1.0,0.0,False,False,,,,,,,,,,,,,,,,,,,final-robustness-analysis-freeze-v2,cpu_lightgbm_reconciliation,lightgbm,lightgbm,0.0,1.0098630269075288,1.132114434314775,-0.1681563042284186,-0.0801410663910564
cpu_core_weighted,weighted_mean_pct,,8,2,mint,independent,,,,,,,,4341,32,5000,1,-0.1222514074072464,-0.0144045150522695,1.132114434314775,1.0098630269075288,-0.1079850266914408,-0.1380641933115599,-0.0756158153641432,1.0,0.0,False,False,,,,,,,,,,,,,,,,,,,final-robustness-analysis-freeze-v2,cpu_lightgbm_reconciliation,lightgbm,lightgbm,0.0,1.0098630269075288,1.132114434314775,-0.1681563042284186,-0.0801410663910564
cpu_core_weighted,weighted_mean_pct,,8,2,mint,independent,,,,,,,,4341,32,5000,2,-0.1222514074072464,-0.0144045150522695,1.132114434314775,1.0098630269075288,-0.1079850266914408,-0.1380641933115599,-0.0756158153641432,1.0,0.0,False,False,,,,,,,,,,,,,,,,,,,final-robustness-analysis-freeze-v2,cpu_lightgbm_reconciliation,lightgbm,lightgbm,0.0,1.0098630269075288,1.132114434314775,-0.1681563042284186,-0.0801410663910564
cpu_core_weighted,weighted_mean_pct,,16,2,mint,independent,,,,,,,,3798,32,5000,0,-0.137721080323167,-0.0131266262104836,1.1549701444181844,1.0172490640950174,-0.119242112870843,-0.1475714036150374,-0.0896639937970474,1.0,0.0,False,False,,,,,,,,,,,,,,,,,,,final-robustness-analysis-freeze-v2,cpu_lightgbm_reconciliation,lightgbm,lightgbm,0.0,1.0172490640950174,1.1549701444181844,-0.1836825132260006,-0.0951492344770902
cpu_core_weighted,weighted_mean_pct,,16,2,mint,independent,,,,,,,,3798,32,5000,1,-0.137721080323167,-0.0131266262104836,1.1549701444181844,1.0172490640950174,-0.119242112870843,-0.1475714036150374,-0.0896639937970474,1.0,0.0,False,False,,,,,,,,,,,,,,,,,,,final-robustness-analysis-freeze-v2,cpu_lightgbm_reconciliation,lightgbm,lightgbm,0.0,1.0172490640950174,1.1549701444181844,-0.1836825132260006,-0.0951492344770902
cpu_core_weighted,weighted_mean_pct,,16,2,mint,independent,,,,,,,,3798,32,5000,2,-0.137721080323167,-0.0131266262104836,1.1549701444181844,1.0172490640950174,-0.119242112870843,-0.1475714036150374,-0.0896639937970474,1.0,0.0,False,False,,,,,,,,,,,,,,,,,,,final-robustness-analysis-freeze-v2,cpu_lightgbm_reconciliation,lightgbm,lightgbm,0.0,1.0172490640950174,1.1549701444181844,-0.1836825132260006,-0.0951492344770902
memory_um,native,,1,0,independent,independent,,,,,,,,8276,32,5000,0,561858643.8739183,538540358.9320526,1286777035.528772,1848635679.4026904,0.4366402479688606,0.368334193988047,0.5196930790403648,0.0,0.0,False,False,,,,,,,,,,,,,,,,,,,final-robustness-analysis-freeze-v2,memory_lightgbm_vs_ewma,lightgbm,ewma,0.0,1848635679.4026904,1286777035.528772,506829311.68537134,614606290.6004714
memory_um,native,,1,0,independent,independent,,,,,,,,8276,32,5000,1,561858643.8739183,538540358.9320526,1286777035.528772,1848635679.4026904,0.4366402479688606,0.368334193988047,0.5196930790403648,0.0,0.0,False,False,,,,,,,,,,,,,,,,,,,final-robustness-analysis-freeze-v2,memory_lightgbm_vs_ewma,lightgbm,ewma,0.0,1848635679.4026904,1286777035.528772,506829311.68537134,614606290.6004714
memory_um,native,,1,0,independent,independent,,,,,,,,8276,32,5000,2,561858643.8739183,538540358.9320526,1286777035.528772,1848635679.4026904,0.4366402479688606,0.368334193988047,0.5196930790403648,0.0,0.0,False,False,,,,,,,,,,,,,,,,,,,final-robustness-analysis-freeze-v2,memory_lightgbm_vs_ewma,lightgbm,ewma,0.0,1848635679.4026904,1286777035.528772,506829311.68537134,614606290.6004714
memory_um,native,,8,0,independent,independent,,,,,,,,8269,32,5000,0,242069405.23698103,129078212.52885436,1284254786.1130323,1526324191.3500135,0.1884901717747427,0.1472003202251103,0.2327309461047824,0.0,0.0,False,False,,,,,,,,,,,,,,,,,,,final-robustness-analysis-freeze-v2,memory_lightgbm_vs_ewma,lightgbm,ewma,0.0,1526324191.3500135,1284254786.1130323,196283167.4272805,284049940.6726573
memory_um,native,,8,0,independent,independent,,,,,,,,8269,32,5000,1,242069405.23698103,129078212.52885436,1284254786.1130323,1526324191.3500135,0.1884901717747427,0.1472003202251103,0.2327309461047824,0.0,0.0,False,False,,,,,,,,,,,,,,,,,,,final-robustness-analysis-freeze-v2,memory_lightgbm_vs_ewma,lightgbm,ewma,0.0,1526324191.3500135,1284254786.1130323,196283167.4272805,284049940.6726573
memory_um,native,,8,0,independent,independent,,,,,,,,8269,32,5000,2,242069405.23698103,129078212.52885436,1284254786.1130323,1526324191.3500135,0.1884901717747427,0.1472003202251103,0.2327309461047824,0.0,0.0,False,False,,,,,,,,,,,,,,,,,,,final-robustness-analysis-freeze-v2,memory_lightgbm_vs_ewma,lightgbm,ewma,0.0,1526324191.3500135,1284254786.1130323,196283167.4272805,284049940.6726573
memory_um,native,,16,0,independent,independent,,,,,,,,8261,32,5000,0,456881213.6135759,359318601.09051514,1278392838.9775565,1735274052.5911322,0.3573871815325437,0.2970618598847545,0.4217936134906779,0.0,0.0,False,False,,,,,,,,,,,,,,,,,,,final-robustness-analysis-freeze-v2,memory_lightgbm_vs_ewma,lightgbm,ewma,0.0,1735274052.5911322,1278392838.9775565,402230850.98313785,505237214.0311325
memory_um,native,,16,0,independent,independent,,,,,,,,8261,32,5000,1,456881213.6135759,359318601.09051514,1278392838.9775565,1735274052.5911322,0.3573871815325437,0.2970618598847545,0.4217936134906779,0.0,0.0,False,False,,,,,,,,,,,,,,,,,,,final-robustness-analysis-freeze-v2,memory_lightgbm_vs_ewma,lightgbm,ewma,0.0,1735274052.5911322,1278392838.9775565,402230850.98313785,505237214.0311325
memory_um,native,,16,0,independent,independent,,,,,,,,8261,32,5000,2,456881213.6135759,359318601.09051514,1278392838.9775565,1735274052.5911322,0.3573871815325437,0.2970618598847545,0.4217936134906779,0.0,0.0,False,False,,,,,,,,,,,,,,,,,,,final-robustness-analysis-freeze-v2,memory_lightgbm_vs_ewma,lightgbm,ewma,0.0,1735274052.5911322,1278392838.9775565,402230850.98313785,505237214.0311325
memory_um,native,,1,1,independent,independent,,,,,,,,8276,32,5000,0,518043003.3599396,554284689.4677963,834534180.4979616,1352577183.857901,0.6207570827726031,0.4704178390121603,0.8069313064893794,0.0,0.0,False,False,,,,,,,,,,,,,,,,,,,final-robustness-analysis-freeze-v2,memory_lightgbm_vs_ewma,lightgbm,ewma,0.0,1352577183.857901,834534180.4979616,453369719.3935601,572831540.1615573
memory_um,native,,1,1,independent,independent,,,,,,,,8276,32,5000,1,518043003.3599396,554284689.4677963,834534180.4979616,1352577183.857901,0.6207570827726031,0.4704178390121603,0.8069313064893794,0.0,0.0,False,False,,,,,,,,,,,,,,,,,,,final-robustness-analysis-freeze-v2,memory_lightgbm_vs_ewma,lightgbm,ewma,0.0,1352577183.857901,834534180.4979616,453369719.3935601,572831540.1615573
memory_um,native,,1,1,independent,independent,,,,,,,,8276,32,5000,2,518043003.3599396,554284689.4677963,834534180.4979616,1352577183.857901,0.6207570827726031,0.4704178390121603,0.8069313064893794,0.0,0.0,False,False,,,,,,,,,,,,,,,,,,,final-robustness-analysis-freeze-v2,memory_lightgbm_vs_ewma,lightgbm,ewma,0.0,1352577183.857901,834534180.4979616,453369719.3935601,572831540.1615573
memory_um,native,,8,1,independent,independent,,,,,,,,8269,32,5000,0,514158770.30237144,509233234.8917999,835071934.4879591,1349230704.7903304,0.6157059638432683,0.4671246480964555,0.811494139688387,0.0,0.0,False,False,,,,,,,,,,,,,,,,,,,final-robustness-analysis-freeze-v2,memory_lightgbm_vs_ewma,lightgbm,ewma,0.0,1349230704.7903304,835071934.4879591,450131474.3084612,571646070.8496507
memory_um,native,,8,1,independent,independent,,,,,,,,8269,32,5000,1,514158770.30237144,509233234.8917999,835071934.4879591,1349230704.7903304,0.6157059638432683,0.4671246480964555,0.811494139688387,0.0,0.0,False,False,,,,,,,,,,,,,,,,,,,final-robustness-analysis-freeze-v2,memory_lightgbm_vs_ewma,lightgbm,ewma,0.0,1349230704.7903304,835071934.4879591,450131474.3084612,571646070.8496507
memory_um,native,,8,1,independent,independent,,,,,,,,8269,32,5000,2,514158770.30237144,509233234.8917999,835071934.4879591,1349230704.7903304,0.6157059638432683,0.4671246480964555,0.811494139688387,0.0,0.0,False,False,,,,,,,,,,,,,,,,,,,final-robustness-analysis-freeze-v2,memory_lightgbm_vs_ewma,lightgbm,ewma,0.0,1349230704.7903304,835071934.4879591,450131474.3084612,571646070.8496507
memory_um,native,,16,1,independent,independent,,,,,,,,8261,32,5000,0,512555412.5853792,557168669.9263153,835569802.7322348,1348125215.317614,0.6134202204404361,0.4618854282118438,0.8087345981699755,0.0,0.0,False,False,,,,,,,,,,,,,,,,,,,final-robustness-analysis-freeze-v2,memory_lightgbm_vs_ewma,lightgbm,ewma,0.0,1348125215.317614,835569802.7322348,446564493.40509254,573692221.8630922
memory_um,native,,16,1,independent,independent,,,,,,,,8261,32,5000,1,512555412.5853792,557168669.9263153,835569802.7322348,1348125215.317614,0.6134202204404361,0.4618854282118438,0.8087345981699755,0.0,0.0,False,False,,,,,,,,,,,,,,,,,,,final-robustness-analysis-freeze-v2,memory_lightgbm_vs_ewma,lightgbm,ewma,0.0,1348125215.317614,835569802.7322348,446564493.40509254,573692221.8630922
memory_um,native,,16,1,independent,independent,,,,,,,,8261,32,5000,2,512555412.5853792,557168669.9263153,835569802.7322348,1348125215.317614,0.6134202204404361,0.4618854282118438,0.8087345981699755,0.0,0.0,False,False,,,,,,,,,,,,,,,,,,,final-robustness-analysis-freeze-v2,memory_lightgbm_vs_ewma,lightgbm,ewma,0.0,1348125215.317614,835569802.7322348,446564493.40509254,573692221.8630922
memory_um,native,,1,2,independent,independent,,,,,,,,8279,32,5000,0,228469563.0872697,218308337.13087463,1034898874.6414587,1263368437.7287288,0.2207651092155482,0.1469901183114762,0.3023801634089194,0.0,0.0,False,False,,,,,,,,,,,,,,,,,,,final-robustness-analysis-freeze-v2,memory_lightgbm_vs_ewma,lightgbm,ewma,0.0,1263368437.7287288,1034898874.6414587,169880696.64249206,282008514.14144963
memory_um,native,,1,2,independent,independent,,,,,,,,8279,32,5000,1,228469563.0872697,218308337.13087463,1034898874.6414587,1263368437.7287288,0.2207651092155482,0.1469901183114762,0.3023801634089194,0.0,0.0,False,False,,,,,,,,,,,,,,,,,,,final-robustness-analysis-freeze-v2,memory_lightgbm_vs_ewma,lightgbm,ewma,0.0,1263368437.7287288,1034898874.6414587,169880696.64249206,282008514.14144963
memory_um,native,,1,2,independent,independent,,,,,,,,8279,32,5000,2,228469563.0872697,218308337.13087463,1034898874.6414587,1263368437.7287288,0.2207651092155482,0.1469901183114762,0.3023801634089194,0.0,0.0,False,False,,,,,,,,,,,,,,,,,,,final-robustness-analysis-freeze-v2,memory_lightgbm_vs_ewma,lightgbm,ewma,0.0,1263368437.7287288,1034898874.6414587,169880696.64249206,282008514.14144963
memory_um,native,,8,2,independent,independent,,,,,,,,8272,32,5000,0,226703346.1014674,240325991.78420255,1035591176.3913442,1262294522.4928114,0.2189120101345837,0.1448852359792777,0.303077059085627,0.0,0.0,False,False,,,,,,,,,,,,,,,,,,,final-robustness-analysis-freeze-v2,memory_lightgbm_vs_ewma,lightgbm,ewma,0.0,1262294522.4928114,1035591176.3913442,166649945.81552342,281595568.6109182
memory_um,native,,8,2,independent,independent,,,,,,,,8272,32,5000,1,226703346.1014674,240325991.78420255,1035591176.3913442,1262294522.4928114,0.2189120101345837,0.1448852359792777,0.303077059085627,0.0,0.0,False,False,,,,,,,,,,,,,,,,,,,final-robustness-analysis-freeze-v2,memory_lightgbm_vs_ewma,lightgbm,ewma,0.0,1262294522.4928114,1035591176.3913442,166649945.81552342,281595568.6109182
memory_um,native,,8,2,independent,independent,,,,,,,,8272,32,5000,2,226703346.1014674,240325991.78420255,1035591176.3913442,1262294522.4928114,0.2189120101345837,0.1448852359792777,0.303077059085627,0.0,0.0,False,False,,,,,,,,,,,,,,,,,,,final-robustness-analysis-freeze-v2,memory_lightgbm_vs_ewma,lightgbm,ewma,0.0,1262294522.4928114,1035591176.3913442,166649945.81552342,281595568.6109182
memory_um,native,,16,2,independent,independent,,,,,,,,8264,32,5000,0,230000786.3311413,215780514.4062729,1036338955.8872705,1266339742.2184117,0.2219358685925534,0.1481683820309109,0.3048688682925994,0.0,0.0,False,False,,,,,,,,,,,,,,,,,,,final-robustness-analysis-freeze-v2,memory_lightgbm_vs_ewma,lightgbm,ewma,0.0,1266339742.2184117,1036338955.8872705,171396288.1994259,282848787.6816956
memory_um,native,,16,2,independent,independent,,,,,,,,8264,32,5000,1,230000786.3311413,215780514.4062729,1036338955.8872705,1266339742.2184117,0.2219358685925534,0.1481683820309109,0.3048688682925994,0.0,0.0,False,False,,,,,,,,,,,,,,,,,,,final-robustness-analysis-freeze-v2,memory_lightgbm_vs_ewma,lightgbm,ewma,0.0,1266339742.2184117,1036338955.8872705,171396288.1994259,282848787.6816956
memory_um,native,,16,2,independent,independent,,,,,,,,8264,32,5000,2,230000786.3311413,215780514.4062729,1036338955.8872705,1266339742.2184117,0.2219358685925534,0.1481683820309109,0.3048688682925994,0.0,0.0,False,False,,,,,,,,,,,,,,,,,,,final-robustness-analysis-freeze-v2,memory_lightgbm_vs_ewma,lightgbm,ewma,0.0,1266339742.2184117,1036338955.8872705,171396288.1994259,282848787.6816956
memory_um,native,,1,0,bottom_up,independent,,,,,,,,8276,32,5000,0,226445113.9799882,509124778.1463547,1848635679.4026904,2075080793.3826785,0.1224930993721567,0.0570980073683224,0.2080385221744598,0.0004,0.0008,False,False,,,,,,,,,,,,,,,,,,,final-robustness-analysis-freeze-v2,memory_lightgbm_reconciliation,lightgbm,lightgbm,0.0,2075080793.3826785,1848635679.4026904,113403082.64470142,352388393.56593573
memory_um,native,,1,0,bottom_up,independent,,,,,,,,8276,32,5000,1,226445113.9799882,509124778.1463547,1848635679.4026904,2075080793.3826785,0.1224930993721567,0.0570980073683224,0.2080385221744598,0.0004,0.0008,False,False,,,,,,,,,,,,,,,,,,,final-robustness-analysis-freeze-v2,memory_lightgbm_reconciliation,lightgbm,lightgbm,0.0,2075080793.3826785,1848635679.4026904,113403082.64470142,352388393.56593573
memory_um,native,,1,0,bottom_up,independent,,,,,,,,8276,32,5000,2,226445113.9799882,509124778.1463547,1848635679.4026904,2075080793.3826785,0.1224930993721567,0.0570980073683224,0.2080385221744598,0.0004,0.0008,False,False,,,,,,,,,,,,,,,,,,,final-robustness-analysis-freeze-v2,memory_lightgbm_reconciliation,lightgbm,lightgbm,0.0,2075080793.3826785,1848635679.4026904,113403082.64470142,352388393.56593573
memory_um,native,,8,0,bottom_up,independent,,,,,,,,8269,32,5000,0,482542023.82199913,600942159.2368011,1526324191.3500135,2008866215.1720128,0.3161464822196109,0.2171210264061993,0.4468664341612364,0.0,0.0,False,False,,,,,,,,,,,,,,,,,,,final-robustness-analysis-freeze-v2,memory_lightgbm_reconciliation,lightgbm,lightgbm,0.0,2008866215.1720128,1526324191.3500135,363017916.1392525,611801840.9451164
memory_um,native,,8,0,bottom_up,independent,,,,,,,,8269,32,5000,1,482542023.82199913,600942159.2368011,1526324191.3500135,2008866215.1720128,0.3161464822196109,0.2171210264061993,0.4468664341612364,0.0,0.0,False,False,,,,,,,,,,,,,,,,,,,final-robustness-analysis-freeze-v2,memory_lightgbm_reconciliation,lightgbm,lightgbm,0.0,2008866215.1720128,1526324191.3500135,363017916.1392525,611801840.9451164
memory_um,native,,8,0,bottom_up,independent,,,,,,,,8269,32,5000,2,482542023.82199913,600942159.2368011,1526324191.3500135,2008866215.1720128,0.3161464822196109,0.2171210264061993,0.4468664341612364,0.0,0.0,False,False,,,,,,,,,,,,,,,,,,,final-robustness-analysis-freeze-v2,memory_lightgbm_reconciliation,lightgbm,lightgbm,0.0,2008866215.1720128,1526324191.3500135,363017916.1392525,611801840.9451164
memory_um,native,,16,0,bottom_up,independent,,,,,,,,8261,32,5000,0,376607095.3936553,571239278.4701691,1735274052.5911322,2111881147.9847877,0.2170303271873979,0.1368238118129094,0.3213913601490045,0.0,0.0,False,False,,,,,,,,,,,,,,,,,,,final-robustness-analysis-freeze-v2,memory_lightgbm_reconciliation,lightgbm,lightgbm,0.0,2111881147.9847877,1735274052.5911322,256041707.9699265,506716327.3489141
memory_um,native,,16,0,bottom_up,independent,,,,,,,,8261,32,5000,1,376607095.3936553,571239278.4701691,1735274052.5911322,2111881147.9847877,0.2170303271873979,0.1368238118129094,0.3213913601490045,0.0,0.0,False,False,,,,,,,,,,,,,,,,,,,final-robustness-analysis-freeze-v2,memory_lightgbm_reconciliation,lightgbm,lightgbm,0.0,2111881147.9847877,1735274052.5911322,256041707.9699265,506716327.3489141
memory_um,native,,16,0,bottom_up,independent,,,,,,,,8261,32,5000,2,376607095.3936553,571239278.4701691,1735274052.5911322,2111881147.9847877,0.2170303271873979,0.1368238118129094,0.3213913601490045,0.0,0.0,False,False,,,,,,,,,,,,,,,,,,,final-robustness-analysis-freeze-v2,memory_lightgbm_reconciliation,lightgbm,lightgbm,0.0,2111881147.9847877,1735274052.5911322,256041707.9699265,506716327.3489141
memory_um,native,,1,1,bottom_up,independent,,,,,,,,8276,32,5000,0,-156277546.42076963,-34846278.145858765,1352577183.857901,1196299637.4371316,-0.11554057564022,-0.1439031340816957,-0.0876585537111385,1.0,0.0,False,False,,,,,,,,,,,,,,,,,,,final-robustness-analysis-freeze-v2,memory_lightgbm_reconciliation,lightgbm,lightgbm,0.0,1196299637.4371316,1352577183.857901,-198692654.95187083,-115521834.03366163
memory_um,native,,1,1,bottom_up,independent,,,,,,,,8276,32,5000,1,-156277546.42076963,-34846278.145858765,1352577183.857901,1196299637.4371316,-0.11554057564022,-0.1439031340816957,-0.0876585537111385,1.0,0.0,False,False,,,,,,,,,,,,,,,,,,,final-robustness-analysis-freeze-v2,memory_lightgbm_reconciliation,lightgbm,lightgbm,0.0,1196299637.4371316,1352577183.857901,-198692654.95187083,-115521834.03366163
memory_um,native,,1,1,bottom_up,independent,,,,,,,,8276,32,5000,2,-156277546.42076963,-34846278.145858765,1352577183.857901,1196299637.4371316,-0.11554057564022,-0.1439031340816957,-0.0876585537111385,1.0,0.0,False,False,,,,,,,,,,,,,,,,,,,final-robustness-analysis-freeze-v2,memory_lightgbm_reconciliation,lightgbm,lightgbm,0.0,1196299637.4371316,1352577183.857901,-198692654.95187083,-115521834.03366163
memory_um,native,,8,1,bottom_up,independent,,,,,,,,8269,32,5000,0,-8716604.176525947,86723792.38044739,1349230704.7903304,1340514100.6138046,-0.0064604252968587,-0.0389773193885029,0.0265701894075629,0.6434,0.7132,True,True,,,,,,,,,,,,,,,,,,,final-robustness-analysis-freeze-v2,memory_lightgbm_reconciliation,lightgbm,lightgbm,0.0,1340514100.6138046,1349230704.7903304,-53529911.4559443,35114470.257797085
memory_um,native,,8,1,bottom_up,independent,,,,,,,,8269,32,5000,1,-8716604.176525947,86723792.38044739,1349230704.7903304,1340514100.6138046,-0.0064604252968587,-0.0389773193885029,0.0265701894075629,0.6434,0.7132,True,True,,,,,,,,,,,,,,,,,,,final-robustness-analysis-freeze-v2,memory_lightgbm_reconciliation,lightgbm,lightgbm,0.0,1340514100.6138046,1349230704.7903304,-53529911.4559443,35114470.257797085
memory_um,native,,8,1,bottom_up,independent,,,,,,,,8269,32,5000,2,-8716604.176525947,86723792.38044739,1349230704.7903304,1340514100.6138046,-0.0064604252968587,-0.0389773193885029,0.0265701894075629,0.6434,0.7132,True,True,,,,,,,,,,,,,,,,,,,final-robustness-analysis-freeze-v2,memory_lightgbm_reconciliation,lightgbm,lightgbm,0.0,1340514100.6138046,1349230704.7903304,-53529911.4559443,35114470.257797085
memory_um,native,,16,1,bottom_up,independent,,,,,,,,8261,32,5000,0,50163258.26613721,117738796.6214447,1348125215.317614,1398288473.5837512,0.0372096432113087,0.0048992093016269,0.0704077421375394,0.011,0.022,False,False,,,,,,,,,,,,,,,,,,,final-robustness-analysis-freeze-v2,memory_lightgbm_reconciliation,lightgbm,lightgbm,0.0,1398288473.5837512,1348125215.317614,6743272.890027523,91673030.74116544
memory_um,native,,16,1,bottom_up,independent,,,,,,,,8261,32,5000,1,50163258.26613721,117738796.6214447,1348125215.317614,1398288473.5837512,0.0372096432113087,0.0048992093016269,0.0704077421375394,0.011,0.022,False,False,,,,,,,,,,,,,,,,,,,final-robustness-analysis-freeze-v2,memory_lightgbm_reconciliation,lightgbm,lightgbm,0.0,1398288473.5837512,1348125215.317614,6743272.890027523,91673030.74116544
memory_um,native,,16,1,bottom_up,independent,,,,,,,,8261,32,5000,2,50163258.26613721,117738796.6214447,1348125215.317614,1398288473.5837512,0.0372096432113087,0.0048992093016269,0.0704077421375394,0.011,0.022,False,False,,,,,,,,,,,,,,,,,,,final-robustness-analysis-freeze-v2,memory_lightgbm_reconciliation,lightgbm,lightgbm,0.0,1398288473.5837512,1348125215.317614,6743272.890027523,91673030.74116544
memory_um,native,,1,2,bottom_up,independent,,,,,,,,8279,32,5000,0,-89710532.64011082,-64563854.4067688,1263368437.7287288,1173657905.0886176,-0.0710090025688717,-0.1000128655255675,-0.041473583930767,1.0,0.0,False,False,,,,,,,,,,,,,,,,,,,final-robustness-analysis-freeze-v2,memory_lightgbm_reconciliation,lightgbm,lightgbm,0.0,1173657905.0886176,1263368437.7287288,-126703873.42109495,-52136341.10080119
memory_um,native,,1,2,bottom_up,independent,,,,,,,,8279,32,5000,1,-89710532.64011082,-64563854.4067688,1263368437.7287288,1173657905.0886176,-0.0710090025688717,-0.1000128655255675,-0.041473583930767,1.0,0.0,False,False,,,,,,,,,,,,,,,,,,,final-robustness-analysis-freeze-v2,memory_lightgbm_reconciliation,lightgbm,lightgbm,0.0,1173657905.0886176,1263368437.7287288,-126703873.42109495,-52136341.10080119
memory_um,native,,1,2,bottom_up,independent,,,,,,,,8279,32,5000,2,-89710532.64011082,-64563854.4067688,1263368437.7287288,1173657905.0886176,-0.0710090025688717,-0.1000128655255675,-0.041473583930767,1.0,0.0,False,False,,,,,,,,,,,,,,,,,,,final-robustness-analysis-freeze-v2,memory_lightgbm_reconciliation,lightgbm,lightgbm,0.0,1173657905.0886176,1263368437.7287288,-126703873.42109495,-52136341.10080119
memory_um,native,,8,2,bottom_up,independent,,,,,,,,8272,32,5000,0,-94732908.42078078,-86299620.32493591,1262294522.4928114,1167561614.072031,-0.0750481814923032,-0.105382064602441,-0.0439022421083138,1.0,0.0,False,False,,,,,,,,,,,,,,,,,,,final-robustness-analysis-freeze-v2,memory_lightgbm_reconciliation,lightgbm,lightgbm,0.0,1167561614.072031,1262294522.4928114,-132271571.14719322,-56257703.369340315
memory_um,native,,8,2,bottom_up,independent,,,,,,,,8272,32,5000,1,-94732908.42078078,-86299620.32493591,1262294522.4928114,1167561614.072031,-0.0750481814923032,-0.105382064602441,-0.0439022421083138,1.0,0.0,False,False,,,,,,,,,,,,,,,,,,,final-robustness-analysis-freeze-v2,memory_lightgbm_reconciliation,lightgbm,lightgbm,0.0,1167561614.072031,1262294522.4928114,-132271571.14719322,-56257703.369340315
memory_um,native,,8,2,bottom_up,independent,,,,,,,,8272,32,5000,2,-94732908.42078078,-86299620.32493591,1262294522.4928114,1167561614.072031,-0.0750481814923032,-0.105382064602441,-0.0439022421083138,1.0,0.0,False,False,,,,,,,,,,,,,,,,,,,final-robustness-analysis-freeze-v2,memory_lightgbm_reconciliation,lightgbm,lightgbm,0.0,1167561614.072031,1262294522.4928114,-132271571.14719322,-56257703.369340315
memory_um,native,,16,2,bottom_up,independent,,,,,,,,8264,32,5000,0,-135730365.9050015,-118923101.48039246,1266339742.2184117,1130609376.3134103,-0.1071832158305519,-0.1363158972913839,-0.0756339504674956,1.0,0.0,False,False,,,,,,,,,,,,,,,,,,,final-robustness-analysis-freeze-v2,memory_lightgbm_reconciliation,lightgbm,lightgbm,0.0,1130609376.3134103,1266339742.2184117,-171465383.57418194,-97483516.57312874
memory_um,native,,16,2,bottom_up,independent,,,,,,,,8264,32,5000,1,-135730365.9050015,-118923101.48039246,1266339742.2184117,1130609376.3134103,-0.1071832158305519,-0.1363158972913839,-0.0756339504674956,1.0,0.0,False,False,,,,,,,,,,,,,,,,,,,final-robustness-analysis-freeze-v2,memory_lightgbm_reconciliation,lightgbm,lightgbm,0.0,1130609376.3134103,1266339742.2184117,-171465383.57418194,-97483516.57312874
memory_um,native,,16,2,bottom_up,independent,,,,,,,,8264,32,5000,2,-135730365.9050015,-118923101.48039246,1266339742.2184117,1130609376.3134103,-0.1071832158305519,-0.1363158972913839,-0.0756339504674956,1.0,0.0,False,False,,,,,,,,,,,,,,,,,,,final-robustness-analysis-freeze-v2,memory_lightgbm_reconciliation,lightgbm,lightgbm,0.0,1130609376.3134103,1266339742.2184117,-171465383.57418194,-97483516.57312874
memory_um,native,,1,0,bottom_up,independent,,,,,,,,8276,32,5000,0,788303757.8539065,1228461108.2085876,1286777035.528772,2075080793.3826785,0.6126187646253501,0.4669166796485584,0.8158113812524231,0.0,0.0,False,False,,,,,,,,,,,,,,,,,,,final-robustness-analysis-freeze-v2,memory_lightgbm_reconciliation,lightgbm,ewma,0.0,2075080793.3826785,1286777035.528772,669512638.0353441,917469403.7684904
memory_um,native,,1,0,bottom_up,independent,,,,,,,,8276,32,5000,1,788303757.8539065,1228461108.2085876,1286777035.528772,2075080793.3826785,0.6126187646253501,0.4669166796485584,0.8158113812524231,0.0,0.0,False,False,,,,,,,,,,,,,,,,,,,final-robustness-analysis-freeze-v2,memory_lightgbm_reconciliation,lightgbm,ewma,0.0,2075080793.3826785,1286777035.528772,669512638.0353441,917469403.7684904
memory_um,native,,1,0,bottom_up,independent,,,,,,,,8276,32,5000,2,788303757.8539065,1228461108.2085876,1286777035.528772,2075080793.3826785,0.6126187646253501,0.4669166796485584,0.8158113812524231,0.0,0.0,False,False,,,,,,,,,,,,,,,,,,,final-robustness-analysis-freeze-v2,memory_lightgbm_reconciliation,lightgbm,ewma,0.0,2075080793.3826785,1286777035.528772,669512638.0353441,917469403.7684904
memory_um,native,,8,0,bottom_up,independent,,,,,,,,8269,32,5000,0,724611429.0589802,1096930837.376648,1284254786.1130323,2008866215.1720128,0.5642271587339089,0.4251501688081194,0.7541683157363975,0.0,0.0,False,False,,,,,,,,,,,,,,,,,,,final-robustness-analysis-freeze-v2,memory_lightgbm_reconciliation,lightgbm,ewma,0.0,2008866215.1720128,1284254786.1130323,606830530.1169112,846081461.3861538
memory_um,native,,8,0,bottom_up,independent,,,,,,,,8269,32,5000,1,724611429.0589802,1096930837.376648,1284254786.1130323,2008866215.1720128,0.5642271587339089,0.4251501688081194,0.7541683157363975,0.0,0.0,False,False,,,,,,,,,,,,,,,,,,,final-robustness-analysis-freeze-v2,memory_lightgbm_reconciliation,lightgbm,ewma,0.0,2008866215.1720128,1284254786.1130323,606830530.1169112,846081461.3861538
memory_um,native,,8,0,bottom_up,independent,,,,,,,,8269,32,5000,2,724611429.0589802,1096930837.376648,1284254786.1130323,2008866215.1720128,0.5642271587339089,0.4251501688081194,0.7541683157363975,0.0,0.0,False,False,,,,,,,,,,,,,,,,,,,final-robustness-analysis-freeze-v2,memory_lightgbm_reconciliation,lightgbm,ewma,0.0,2008866215.1720128,1284254786.1130323,606830530.1169112,846081461.3861538
memory_um,native,,16,0,bottom_up,independent,,,,,,,,8261,32,5000,0,833488309.0072311,1314268299.8962708,1278392838.9775565,2111881147.9847877,0.6519813656605314,0.4972156720425027,0.8506046717502274,0.0,0.0,False,False,,,,,,,,,,,,,,,,,,,final-robustness-analysis-freeze-v2,memory_lightgbm_reconciliation,lightgbm,ewma,0.0,2111881147.9847877,1278392838.9775565,710627873.9394931,960419521.8807442
memory_um,native,,16,0,bottom_up,independent,,,,,,,,8261,32,5000,1,833488309.0072311,1314268299.8962708,1278392838.9775565,2111881147.9847877,0.6519813656605314,0.4972156720425027,0.8506046717502274,0.0,0.0,False,False,,,,,,,,,,,,,,,,,,,final-robustness-analysis-freeze-v2,memory_lightgbm_reconciliation,lightgbm,ewma,0.0,2111881147.9847877,1278392838.9775565,710627873.9394931,960419521.8807442
memory_um,native,,16,0,bottom_up,independent,,,,,,,,8261,32,5000,2,833488309.0072311,1314268299.8962708,1278392838.9775565,2111881147.9847877,0.6519813656605314,0.4972156720425027,0.8506046717502274,0.0,0.0,False,False,,,,,,,,,,,,,,,,,,,final-robustness-analysis-freeze-v2,memory_lightgbm_reconciliation,lightgbm,ewma,0.0,2111881147.9847877,1278392838.9775565,710627873.9394931,960419521.8807442
memory_um,native,,1,1,bottom_up,independent,,,,,,,,8276,32,5000,0,361765456.93917,556296894.7317505,834534180.4979616,1196299637.4371316,0.4334938764560928,0.3069645826234912,0.5929172005907117,0.0,0.0,False,False,,,,,,,,,,,,,,,,,,,final-robustness-analysis-freeze-v2,memory_lightgbm_reconciliation,lightgbm,ewma,0.0,1196299637.4371316,834534180.4979616,293807018.4207381,419445996.17910576
memory_um,native,,1,1,bottom_up,independent,,,,,,,,8276,32,5000,1,361765456.93917,556296894.7317505,834534180.4979616,1196299637.4371316,0.4334938764560928,0.3069645826234912,0.5929172005907117,0.0,0.0,False,False,,,,,,,,,,,,,,,,,,,final-robustness-analysis-freeze-v2,memory_lightgbm_reconciliation,lightgbm,ewma,0.0,1196299637.4371316,834534180.4979616,293807018.4207381,419445996.17910576
memory_um,native,,1,1,bottom_up,independent,,,,,,,,8276,32,5000,2,361765456.93917,556296894.7317505,834534180.4979616,1196299637.4371316,0.4334938764560928,0.3069645826234912,0.5929172005907117,0.0,0.0,False,False,,,,,,,,,,,,,,,,,,,final-robustness-analysis-freeze-v2,memory_lightgbm_reconciliation,lightgbm,ewma,0.0,1196299637.4371316,834534180.4979616,293807018.4207381,419445996.17910576
memory_um,native,,8,1,bottom_up,independent,,,,,,,,8269,32,5000,0,505442166.12584543,669143118.4253998,835071934.4879591,1340514100.6138046,0.6052678161621696,0.4513568454844339,0.80503706274947,0.0,0.0,False,False,,,,,,,,,,,,,,,,,,,final-robustness-analysis-freeze-v2,memory_lightgbm_reconciliation,lightgbm,ewma,0.0,1340514100.6138046,835071934.4879591,435734234.4604252,569303558.2619435
memory_um,native,,8,1,bottom_up,independent,,,,,,,,8269,32,5000,1,505442166.12584543,669143118.4253998,835071934.4879591,1340514100.6138046,0.6052678161621696,0.4513568454844339,0.80503706274947,0.0,0.0,False,False,,,,,,,,,,,,,,,,,,,final-robustness-analysis-freeze-v2,memory_lightgbm_reconciliation,lightgbm,ewma,0.0,1340514100.6138046,835071934.4879591,435734234.4604252,569303558.2619435
memory_um,native,,8,1,bottom_up,independent,,,,,,,,8269,32,5000,2,505442166.12584543,669143118.4253998,835071934.4879591,1340514100.6138046,0.6052678161621696,0.4513568454844339,0.80503706274947,0.0,0.0,False,False,,,,,,,,,,,,,,,,,,,final-robustness-analysis-freeze-v2,memory_lightgbm_reconciliation,lightgbm,ewma,0.0,1340514100.6138046,835071934.4879591,435734234.4604252,569303558.2619435
memory_um,native,,16,1,bottom_up,independent,,,,,,,,8261,32,5000,0,562718670.8515164,730071335.8846588,835569802.7322348,1398288473.5837512,0.6734550111929358,0.5055766126335689,0.8917371368566763,0.0,0.0,False,False,,,,,,,,,,,,,,,,,,,final-robustness-analysis-freeze-v2,memory_lightgbm_reconciliation,lightgbm,ewma,0.0,1398288473.5837512,835569802.7322348,486994999.2987539,630552885.1153984
memory_um,native,,16,1,bottom_up,independent,,,,,,,,8261,32,5000,1,562718670.8515164,730071335.8846588,835569802.7322348,1398288473.5837512,0.6734550111929358,0.5055766126335689,0.8917371368566763,0.0,0.0,False,False,,,,,,,,,,,,,,,,,,,final-robustness-analysis-freeze-v2,memory_lightgbm_reconciliation,lightgbm,ewma,0.0,1398288473.5837512,835569802.7322348,486994999.2987539,630552885.1153984
memory_um,native,,16,1,bottom_up,independent,,,,,,,,8261,32,5000,2,562718670.8515164,730071335.8846588,835569802.7322348,1398288473.5837512,0.6734550111929358,0.5055766126335689,0.8917371368566763,0.0,0.0,False,False,,,,,,,,,,,,,,,,,,,final-robustness-analysis-freeze-v2,memory_lightgbm_reconciliation,lightgbm,ewma,0.0,1398288473.5837512,835569802.7322348,486994999.2987539,630552885.1153984
memory_um,native,,1,2,bottom_up,independent,,,,,,,,8279,32,5000,0,138759030.44715887,206159190.00952148,1034898874.6414587,1173657905.0886176,0.1340797964392723,0.0690682651549974,0.2081614901019357,0.0,0.0,False,False,,,,,,,,,,,,,,,,,,,final-robustness-analysis-freeze-v2,memory_lightgbm_reconciliation,lightgbm,ewma,0.0,1173657905.0886176,1034898874.6414587,78613889.50781119,192721496.15410867
memory_um,native,,1,2,bottom_up,independent,,,,,,,,8279,32,5000,1,138759030.44715887,206159190.00952148,1034898874.6414587,1173657905.0886176,0.1340797964392723,0.0690682651549974,0.2081614901019357,0.0,0.0,False,False,,,,,,,,,,,,,,,,,,,final-robustness-analysis-freeze-v2,memory_lightgbm_reconciliation,lightgbm,ewma,0.0,1173657905.0886176,1034898874.6414587,78613889.50781119,192721496.15410867
memory_um,native,,1,2,bottom_up,independent,,,,,,,,8279,32,5000,2,138759030.44715887,206159190.00952148,1034898874.6414587,1173657905.0886176,0.1340797964392723,0.0690682651549974,0.2081614901019357,0.0,0.0,False,False,,,,,,,,,,,,,,,,,,,final-robustness-analysis-freeze-v2,memory_lightgbm_reconciliation,lightgbm,ewma,0.0,1173657905.0886176,1034898874.6414587,78613889.50781119,192721496.15410867
memory_um,native,,8,2,bottom_up,independent,,,,,,,,8272,32,5000,0,131970437.6806866,197708239.5602646,1035591176.3913442,1167561614.072031,0.1274348803748552,0.0640628073074353,0.1992524414188226,0.0,0.0,False,False,,,,,,,,,,,,,,,,,,,final-robustness-analysis-freeze-v2,memory_lightgbm_reconciliation,lightgbm,ewma,0.0,1167561614.072031,1035591176.3913442,72737041.09580287,185598903.3483994
memory_um,native,,8,2,bottom_up,independent,,,,,,,,8272,32,5000,1,131970437.6806866,197708239.5602646,1035591176.3913442,1167561614.072031,0.1274348803748552,0.0640628073074353,0.1992524414188226,0.0,0.0,False,False,,,,,,,,,,,,,,,,,,,final-robustness-analysis-freeze-v2,memory_lightgbm_reconciliation,lightgbm,ewma,0.0,1167561614.072031,1035591176.3913442,72737041.09580287,185598903.3483994
memory_um,native,,8,2,bottom_up,independent,,,,,,,,8272,32,5000,2,131970437.6806866,197708239.5602646,1035591176.3913442,1167561614.072031,0.1274348803748552,0.0640628073074353,0.1992524414188226,0.0,0.0,False,False,,,,,,,,,,,,,,,,,,,final-robustness-analysis-freeze-v2,memory_lightgbm_reconciliation,lightgbm,ewma,0.0,1167561614.072031,1035591176.3913442,72737041.09580287,185598903.3483994
memory_um,native,,16,2,bottom_up,independent,,,,,,,,8264,32,5000,0,94270420.42613982,163098109.4949646,1036338955.8872705,1130609376.3134103,0.0909648526581049,0.0333225780302091,0.1557227520957052,0.0006,0.0012,False,False,,,,,,,,,,,,,,,,,,,final-robustness-analysis-freeze-v2,memory_lightgbm_reconciliation,lightgbm,ewma,0.0,1130609376.3134103,1036338955.8872705,38533539.31245053,146098731.52450535
memory_um,native,,16,2,bottom_up,independent,,,,,,,,8264,32,5000,1,94270420.42613982,163098109.4949646,1036338955.8872705,1130609376.3134103,0.0909648526581049,0.0333225780302091,0.1557227520957052,0.0006,0.0012,False,False,,,,,,,,,,,,,,,,,,,final-robustness-analysis-freeze-v2,memory_lightgbm_reconciliation,lightgbm,ewma,0.0,1130609376.3134103,1036338955.8872705,38533539.31245053,146098731.52450535
memory_um,native,,16,2,bottom_up,independent,,,,,,,,8264,32,5000,2,94270420.42613982,163098109.4949646,1036338955.8872705,1130609376.3134103,0.0909648526581049,0.0333225780302091,0.1557227520957052,0.0006,0.0012,False,False,,,,,,,,,,,,,,,,,,,final-robustness-analysis-freeze-v2,memory_lightgbm_reconciliation,lightgbm,ewma,0.0,1130609376.3134103,1036338955.8872705,38533539.31245053,146098731.52450535
memory_um,native,,1,0,wls,independent,,,,,,,,8276,32,5000,0,20209724.66580991,238483535.86486816,1848635679.4026904,1868845404.0685005,0.0109322376988525,-0.0335433905613576,0.0692068537249159,0.3062,0.6124,True,True,,,,,,,,,,,,,,,,,,,final-robustness-analysis-freeze-v2,memory_lightgbm_reconciliation,lightgbm,lightgbm,0.0,1868845404.0685005,1848635679.4026904,-66732203.88433147,117564886.0824907
memory_um,native,,1,0,wls,independent,,,,,,,,8276,32,5000,1,20209724.66580991,238483535.86486816,1848635679.4026904,1868845404.0685005,0.0109322376988525,-0.0335433905613576,0.0692068537249159,0.3062,0.6124,True,True,,,,,,,,,,,,,,,,,,,final-robustness-analysis-freeze-v2,memory_lightgbm_reconciliation,lightgbm,lightgbm,0.0,1868845404.0685005,1848635679.4026904,-66732203.88433147,117564886.0824907
memory_um,native,,1,0,wls,independent,,,,,,,,8276,32,5000,2,20209724.66580991,238483535.86486816,1848635679.4026904,1868845404.0685005,0.0109322376988525,-0.0335433905613576,0.0692068537249159,0.3062,0.6124,True,True,,,,,,,,,,,,,,,,,,,final-robustness-analysis-freeze-v2,memory_lightgbm_reconciliation,lightgbm,lightgbm,0.0,1868845404.0685005,1848635679.4026904,-66732203.88433147,117564886.0824907
memory_um,native,,8,0,wls,independent,,,,,,,,8269,32,5000,0,89859364.68377295,138378776.9590454,1526324191.3500135,1616183556.0337863,0.0588730527846076,0.0065461384930941,0.1249564136546092,0.0126,0.0252,False,False,,,,,,,,,,,,,,,,,,,final-robustness-analysis-freeze-v2,memory_lightgbm_reconciliation,lightgbm,lightgbm,0.0,1616183556.0337863,1526324191.3500135,10719696.200560205,172596219.0790501
memory_um,native,,8,0,wls,independent,,,,,,,,8269,32,5000,1,89859364.68377295,138378776.9590454,1526324191.3500135,1616183556.0337863,0.0588730527846076,0.0065461384930941,0.1249564136546092,0.0126,0.0252,False,False,,,,,,,,,,,,,,,,,,,final-robustness-analysis-freeze-v2,memory_lightgbm_reconciliation,lightgbm,lightgbm,0.0,1616183556.0337863,1526324191.3500135,10719696.200560205,172596219.0790501
memory_um,native,,8,0,wls,independent,,,,,,,,8269,32,5000,2,89859364.68377295,138378776.9590454,1526324191.3500135,1616183556.0337863,0.0588730527846076,0.0065461384930941,0.1249564136546092,0.0126,0.0252,False,False,,,,,,,,,,,,,,,,,,,final-robustness-analysis-freeze-v2,memory_lightgbm_reconciliation,lightgbm,lightgbm,0.0,1616183556.0337863,1526324191.3500135,10719696.200560205,172596219.0790501
memory_um,native,,16,0,wls,independent,,,,,,,,8261,32,5000,0,106346573.04819909,239053898.62568665,1735274052.5911322,1841620625.639331,0.0612851744595622,0.0120696093583165,0.1247657983777197,0.0072,0.0144,False,False,,,,,,,,,,,,,,,,,,,final-robustness-analysis-freeze-v2,memory_lightgbm_reconciliation,lightgbm,lightgbm,0.0,1841620625.639331,1735274052.5911322,22981544.278926972,197094552.14469656
memory_um,native,,16,0,wls,independent,,,,,,,,8261,32,5000,1,106346573.04819909,239053898.62568665,1735274052.5911322,1841620625.639331,0.0612851744595622,0.0120696093583165,0.1247657983777197,0.0072,0.0144,False,False,,,,,,,,,,,,,,,,,,,final-robustness-analysis-freeze-v2,memory_lightgbm_reconciliation,lightgbm,lightgbm,0.0,1841620625.639331,1735274052.5911322,22981544.278926972,197094552.14469656
memory_um,native,,16,0,wls,independent,,,,,,,,8261,32,5000,2,106346573.04819909,239053898.62568665,1735274052.5911322,1841620625.639331,0.0612851744595622,0.0120696093583165,0.1247657983777197,0.0072,0.0144,False,False,,,,,,,,,,,,,,,,,,,final-robustness-analysis-freeze-v2,memory_lightgbm_reconciliation,lightgbm,lightgbm,0.0,1841620625.639331,1735274052.5911322,22981544.278926972,197094552.14469656
memory_um,native,,1,1,wls,independent,,,,,,,,8276,32,5000,0,-130707235.72680075,-43601426.60296631,1352577183.857901,1221869948.131101,-0.0966356946477463,-0.1154605053785308,-0.0778930575854725,1.0,0.0,False,False,,,,,,,,,,,,,,,,,,,final-robustness-analysis-freeze-v2,memory_lightgbm_reconciliation,lightgbm,lightgbm,0.0,1221869948.131101,1352577183.857901,-159857688.16844055,-102214508.1948255
memory_um,native,,1,1,wls,independent,,,,,,,,8276,32,5000,1,-130707235.72680075,-43601426.60296631,1352577183.857901,1221869948.131101,-0.0966356946477463,-0.1154605053785308,-0.0778930575854725,1.0,0.0,False,False,,,,,,,,,,,,,,,,,,,final-robustness-analysis-freeze-v2,memory_lightgbm_reconciliation,lightgbm,lightgbm,0.0,1221869948.131101,1352577183.857901,-159857688.16844055,-102214508.1948255
memory_um,native,,1,1,wls,independent,,,,,,,,8276,32,5000,2,-130707235.72680075,-43601426.60296631,1352577183.857901,1221869948.131101,-0.0966356946477463,-0.1154605053785308,-0.0778930575854725,1.0,0.0,False,False,,,,,,,,,,,,,,,,,,,final-robustness-analysis-freeze-v2,memory_lightgbm_reconciliation,lightgbm,lightgbm,0.0,1221869948.131101,1352577183.857901,-159857688.16844055,-102214508.1948255
memory_um,native,,8,1,wls,independent,,,,,,,,8269,32,5000,0,-33093991.40740466,43587127.56039429,1349230704.7903304,1316136713.382926,-0.0245280449740042,-0.0463320264927278,-0.0021338644175493,0.9832,0.0336,False,False,,,,,,,,,,,,,,,,,,,final-robustness-analysis-freeze-v2,memory_lightgbm_reconciliation,lightgbm,lightgbm,0.0,1316136713.382926,1349230704.7903304,-64006650.99163358,-2802154.49291458
memory_um,native,,8,1,wls,independent,,,,,,,,8269,32,5000,1,-33093991.40740466,43587127.56039429,1349230704.7903304,1316136713.382926,-0.0245280449740042,-0.0463320264927278,-0.0021338644175493,0.9832,0.0336,False,False,,,,,,,,,,,,,,,,,,,final-robustness-analysis-freeze-v2,memory_lightgbm_reconciliation,lightgbm,lightgbm,0.0,1316136713.382926,1349230704.7903304,-64006650.99163358,-2802154.49291458
memory_um,native,,8,1,wls,independent,,,,,,,,8269,32,5000,2,-33093991.40740466,43587127.56039429,1349230704.7903304,1316136713.382926,-0.0245280449740042,-0.0463320264927278,-0.0021338644175493,0.9832,0.0336,False,False,,,,,,,,,,,,,,,,,,,final-robustness-analysis-freeze-v2,memory_lightgbm_reconciliation,lightgbm,lightgbm,0.0,1316136713.382926,1349230704.7903304,-64006650.99163358,-2802154.49291458
memory_um,native,,16,1,wls,independent,,,,,,,,8261,32,5000,0,6874502.193367428,61955319.560180664,1348125215.317614,1354999717.5109816,0.0050993054022417,-0.0170041735916592,0.02756907518913,0.339,0.678,True,True,,,,,,,,,,,,,,,,,,,final-robustness-analysis-freeze-v2,memory_lightgbm_reconciliation,lightgbm,lightgbm,0.0,1354999717.5109816,1348125215.317614,-23436633.27649024,35788567.26231463
memory_um,native,,16,1,wls,independent,,,,,,,,8261,32,5000,1,6874502.193367428,61955319.560180664,1348125215.317614,1354999717.5109816,0.0050993054022417,-0.0170041735916592,0.02756907518913,0.339,0.678,True,True,,,,,,,,,,,,,,,,,,,final-robustness-analysis-freeze-v2,memory_lightgbm_reconciliation,lightgbm,lightgbm,0.0,1354999717.5109816,1348125215.317614,-23436633.27649024,35788567.26231463
memory_um,native,,16,1,wls,independent,,,,,,,,8261,32,5000,2,6874502.193367428,61955319.560180664,1348125215.317614,1354999717.5109816,0.0050993054022417,-0.0170041735916592,0.02756907518913,0.339,0.678,True,True,,,,,,,,,,,,,,,,,,,final-robustness-analysis-freeze-v2,memory_lightgbm_reconciliation,lightgbm,lightgbm,0.0,1354999717.5109816,1348125215.317614,-23436633.27649024,35788567.26231463
memory_um,native,,1,2,wls,independent,,,,,,,,8279,32,5000,0,-95558933.11279877,-67974183.86335754,1263368437.7287288,1167809504.6159296,-0.0756382146799501,-0.0957309652374972,-0.0550457128878091,1.0,0.0,False,False,,,,,,,,,,,,,,,,,,,final-robustness-analysis-freeze-v2,memory_lightgbm_reconciliation,lightgbm,lightgbm,0.0,1167809504.6159296,1263368437.7287288,-122324631.2609714,-68907040.07665604
memory_um,native,,1,2,wls,independent,,,,,,,,8279,32,5000,1,-95558933.11279877,-67974183.86335754,1263368437.7287288,1167809504.6159296,-0.0756382146799501,-0.0957309652374972,-0.0550457128878091,1.0,0.0,False,False,,,,,,,,,,,,,,,,,,,final-robustness-analysis-freeze-v2,memory_lightgbm_reconciliation,lightgbm,lightgbm,0.0,1167809504.6159296,1263368437.7287288,-122324631.2609714,-68907040.07665604
memory_um,native,,1,2,wls,independent,,,,,,,,8279,32,5000,2,-95558933.11279877,-67974183.86335754,1263368437.7287288,1167809504.6159296,-0.0756382146799501,-0.0957309652374972,-0.0550457128878091,1.0,0.0,False,False,,,,,,,,,,,,,,,,,,,final-robustness-analysis-freeze-v2,memory_lightgbm_reconciliation,lightgbm,lightgbm,0.0,1167809504.6159296,1263368437.7287288,-122324631.2609714,-68907040.07665604
memory_um,native,,8,2,wls,independent,,,,,,,,8272,32,5000,0,-99737511.73185708,-86992319.73634338,1262294522.4928114,1162557010.7609544,-0.0790128689894755,-0.1002824583108626,-0.0578563946320046,1.0,0.0,False,False,,,,,,,,,,,,,,,,,,,final-robustness-analysis-freeze-v2,memory_lightgbm_reconciliation,lightgbm,lightgbm,0.0,1162557010.7609544,1262294522.4928114,-126363915.21159686,-73367233.96281926
memory_um,native,,8,2,wls,independent,,,,,,,,8272,32,5000,1,-99737511.73185708,-86992319.73634338,1262294522.4928114,1162557010.7609544,-0.0790128689894755,-0.1002824583108626,-0.0578563946320046,1.0,0.0,False,False,,,,,,,,,,,,,,,,,,,final-robustness-analysis-freeze-v2,memory_lightgbm_reconciliation,lightgbm,lightgbm,0.0,1162557010.7609544,1262294522.4928114,-126363915.21159686,-73367233.96281926
memory_um,native,,8,2,wls,independent,,,,,,,,8272,32,5000,2,-99737511.73185708,-86992319.73634338,1262294522.4928114,1162557010.7609544,-0.0790128689894755,-0.1002824583108626,-0.0578563946320046,1.0,0.0,False,False,,,,,,,,,,,,,,,,,,,final-robustness-analysis-freeze-v2,memory_lightgbm_reconciliation,lightgbm,lightgbm,0.0,1162557010.7609544,1262294522.4928114,-126363915.21159686,-73367233.96281926
memory_um,native,,16,2,wls,independent,,,,,,,,8264,32,5000,0,-131282397.06381798,-109736668.12836456,1266339742.2184117,1135057345.1545937,-0.1036707549222403,-0.1250874974134419,-0.0818255691970989,1.0,0.0,False,False,,,,,,,,,,,,,,,,,,,final-robustness-analysis-freeze-v2,memory_lightgbm_reconciliation,lightgbm,lightgbm,0.0,1135057345.1545937,1266339742.2184117,-156889293.92406732,-104598143.8448863
memory_um,native,,16,2,wls,independent,,,,,,,,8264,32,5000,1,-131282397.06381798,-109736668.12836456,1266339742.2184117,1135057345.1545937,-0.1036707549222403,-0.1250874974134419,-0.0818255691970989,1.0,0.0,False,False,,,,,,,,,,,,,,,,,,,final-robustness-analysis-freeze-v2,memory_lightgbm_reconciliation,lightgbm,lightgbm,0.0,1135057345.1545937,1266339742.2184117,-156889293.92406732,-104598143.8448863
memory_um,native,,16,2,wls,independent,,,,,,,,8264,32,5000,2,-131282397.06381798,-109736668.12836456,1266339742.2184117,1135057345.1545937,-0.1036707549222403,-0.1250874974134419,-0.0818255691970989,1.0,0.0,False,False,,,,,,,,,,,,,,,,,,,final-robustness-analysis-freeze-v2,memory_lightgbm_reconciliation,lightgbm,lightgbm,0.0,1135057345.1545937,1266339742.2184117,-156889293.92406732,-104598143.8448863
memory_um,native,,1,0,wls,independent,,,,,,,,8276,32,5000,0,582068368.5397283,955192722.8908234,1286777035.528772,1868845404.0685005,0.4523459406473946,0.3410047131367196,0.6075665864632446,0.0,0.0,False,False,,,,,,,,,,,,,,,,,,,final-robustness-analysis-freeze-v2,memory_lightgbm_reconciliation,lightgbm,ewma,0.0,1868845404.0685005,1286777035.528772,486669241.03145975,684069259.2664164
memory_um,native,,1,0,wls,independent,,,,,,,,8276,32,5000,1,582068368.5397283,955192722.8908234,1286777035.528772,1868845404.0685005,0.4523459406473946,0.3410047131367196,0.6075665864632446,0.0,0.0,False,False,,,,,,,,,,,,,,,,,,,final-robustness-analysis-freeze-v2,memory_lightgbm_reconciliation,lightgbm,ewma,0.0,1868845404.0685005,1286777035.528772,486669241.03145975,684069259.2664164
memory_um,native,,1,0,wls,independent,,,,,,,,8276,32,5000,2,582068368.5397283,955192722.8908234,1286777035.528772,1868845404.0685005,0.4523459406473946,0.3410047131367196,0.6075665864632446,0.0,0.0,False,False,,,,,,,,,,,,,,,,,,,final-robustness-analysis-freeze-v2,memory_lightgbm_reconciliation,lightgbm,ewma,0.0,1868845404.0685005,1286777035.528772,486669241.03145975,684069259.2664164
memory_um,native,,8,0,wls,independent,,,,,,,,8269,32,5000,0,331928769.920754,572046077.7906036,1284254786.1130323,1616183556.0337863,0.2584602163916247,0.1772780789498131,0.3655726349264676,0.0,0.0,False,False,,,,,,,,,,,,,,,,,,,final-robustness-analysis-freeze-v2,memory_lightgbm_reconciliation,lightgbm,ewma,0.0,1616183556.0337863,1284254786.1130323,255133244.16646376,409386161.1748798
memory_um,native,,8,0,wls,independent,,,,,,,,8269,32,5000,1,331928769.920754,572046077.7906036,1284254786.1130323,1616183556.0337863,0.2584602163916247,0.1772780789498131,0.3655726349264676,0.0,0.0,False,False,,,,,,,,,,,,,,,,,,,final-robustness-analysis-freeze-v2,memory_lightgbm_reconciliation,lightgbm,ewma,0.0,1616183556.0337863,1284254786.1130323,255133244.16646376,409386161.1748798
memory_um,native,,8,0,wls,independent,,,,,,,,8269,32,5000,2,331928769.920754,572046077.7906036,1284254786.1130323,1616183556.0337863,0.2584602163916247,0.1772780789498131,0.3655726349264676,0.0,0.0,False,False,,,,,,,,,,,,,,,,,,,final-robustness-analysis-freeze-v2,memory_lightgbm_reconciliation,lightgbm,ewma,0.0,1616183556.0337863,1284254786.1130323,255133244.16646376,409386161.1748798
memory_um,native,,16,0,wls,independent,,,,,,,,8261,32,5000,0,563227786.661775,917510383.957306,1278392838.9775565,1841620625.639331,0.4405748917619391,0.3327302231457207,0.5760769705651031,0.0,0.0,False,False,,,,,,,,,,,,,,,,,,,final-robustness-analysis-freeze-v2,memory_lightgbm_reconciliation,lightgbm,ewma,0.0,1841620625.639331,1278392838.9775565,477084295.73036134,650852607.7901777
memory_um,native,,16,0,wls,independent,,,,,,,,8261,32,5000,1,563227786.661775,917510383.957306,1278392838.9775565,1841620625.639331,0.4405748917619391,0.3327302231457207,0.5760769705651031,0.0,0.0,False,False,,,,,,,,,,,,,,,,,,,final-robustness-analysis-freeze-v2,memory_lightgbm_reconciliation,lightgbm,ewma,0.0,1841620625.639331,1278392838.9775565,477084295.73036134,650852607.7901777
memory_um,native,,16,0,wls,independent,,,,,,,,8261,32,5000,2,563227786.661775,917510383.957306,1278392838.9775565,1841620625.639331,0.4405748917619391,0.3327302231457207,0.5760769705651031,0.0,0.0,False,False,,,,,,,,,,,,,,,,,,,final-robustness-analysis-freeze-v2,memory_lightgbm_reconciliation,lightgbm,ewma,0.0,1841620625.639331,1278392838.9775565,477084295.73036134,650852607.7901777
memory_um,native,,1,1,wls,independent,,,,,,,,8276,32,5000,0,387335767.6331389,586508172.8410339,834534180.4979616,1221869948.131101,0.4641340962236177,0.3323599315933421,0.6288451496119997,0.0,0.0,False,False,,,,,,,,,,,,,,,,,,,final-robustness-analysis-freeze-v2,memory_lightgbm_reconciliation,lightgbm,ewma,0.0,1221869948.131101,834534180.4979616,321857328.7228399,443558964.9407581
memory_um,native,,1,1,wls,independent,,,,,,,,8276,32,5000,1,387335767.6331389,586508172.8410339,834534180.4979616,1221869948.131101,0.4641340962236177,0.3323599315933421,0.6288451496119997,0.0,0.0,False,False,,,,,,,,,,,,,,,,,,,final-robustness-analysis-freeze-v2,memory_lightgbm_reconciliation,lightgbm,ewma,0.0,1221869948.131101,834534180.4979616,321857328.7228399,443558964.9407581
memory_um,native,,1,1,wls,independent,,,,,,,,8276,32,5000,2,387335767.6331389,586508172.8410339,834534180.4979616,1221869948.131101,0.4641340962236177,0.3323599315933421,0.6288451496119997,0.0,0.0,False,False,,,,,,,,,,,,,,,,,,,final-robustness-analysis-freeze-v2,memory_lightgbm_reconciliation,lightgbm,ewma,0.0,1221869948.131101,834534180.4979616,321857328.7228399,443558964.9407581
memory_um,native,,8,1,wls,independent,,,,,,,,8269,32,5000,0,481064778.89496666,661985357.0015717,835071934.4879591,1316136713.382926,0.5760758552973535,0.4294745136111944,0.7693015082308162,0.0,0.0,False,False,,,,,,,,,,,,,,,,,,,final-robustness-analysis-freeze-v2,memory_lightgbm_reconciliation,lightgbm,ewma,0.0,1316136713.382926,835071934.4879591,413762423.02575904,542313123.6116747
memory_um,native,,8,1,wls,independent,,,,,,,,8269,32,5000,1,481064778.89496666,661985357.0015717,835071934.4879591,1316136713.382926,0.5760758552973535,0.4294745136111944,0.7693015082308162,0.0,0.0,False,False,,,,,,,,,,,,,,,,,,,final-robustness-analysis-freeze-v2,memory_lightgbm_reconciliation,lightgbm,ewma,0.0,1316136713.382926,835071934.4879591,413762423.02575904,542313123.6116747
memory_um,native,,8,1,wls,independent,,,,,,,,8269,32,5000,2,481064778.89496666,661985357.0015717,835071934.4879591,1316136713.382926,0.5760758552973535,0.4294745136111944,0.7693015082308162,0.0,0.0,False,False,,,,,,,,,,,,,,,,,,,final-robustness-analysis-freeze-v2,memory_lightgbm_reconciliation,lightgbm,ewma,0.0,1316136713.382926,835071934.4879591,413762423.02575904,542313123.6116747
memory_um,native,,16,1,wls,independent,,,,,,,,8261,32,5000,0,519429914.7787466,710557510.4730072,835569802.7322348,1354999717.5109816,0.6216475428866141,0.4600331922081365,0.8301009829504388,0.0,0.0,False,False,,,,,,,,,,,,,,,,,,,final-robustness-analysis-freeze-v2,memory_lightgbm_reconciliation,lightgbm,ewma,0.0,1354999717.5109816,835569802.7322348,447382430.40531856,584912578.8612808
memory_um,native,,16,1,wls,independent,,,,,,,,8261,32,5000,1,519429914.7787466,710557510.4730072,835569802.7322348,1354999717.5109816,0.6216475428866141,0.4600331922081365,0.8301009829504388,0.0,0.0,False,False,,,,,,,,,,,,,,,,,,,final-robustness-analysis-freeze-v2,memory_lightgbm_reconciliation,lightgbm,ewma,0.0,1354999717.5109816,835569802.7322348,447382430.40531856,584912578.8612808
memory_um,native,,16,1,wls,independent,,,,,,,,8261,32,5000,2,519429914.7787466,710557510.4730072,835569802.7322348,1354999717.5109816,0.6216475428866141,0.4600331922081365,0.8301009829504388,0.0,0.0,False,False,,,,,,,,,,,,,,,,,,,final-robustness-analysis-freeze-v2,memory_lightgbm_reconciliation,lightgbm,ewma,0.0,1354999717.5109816,835569802.7322348,447382430.40531856,584912578.8612808
memory_um,native,,1,2,wls,independent,,,,,,,,8279,32,5000,0,132910629.97447096,246003976.54022217,1034898874.6414587,1167809504.6159296,0.1284286158109099,0.0641590484406116,0.1992239737903775,0.0,0.0,False,False,,,,,,,,,,,,,,,,,,,final-robustness-analysis-freeze-v2,memory_lightgbm_reconciliation,lightgbm,ewma,0.0,1167809504.6159296,1034898874.6414587,73427636.33269128,184753271.55425343
memory_um,native,,1,2,wls,independent,,,,,,,,8279,32,5000,1,132910629.97447096,246003976.54022217,1034898874.6414587,1167809504.6159296,0.1284286158109099,0.0641590484406116,0.1992239737903775,0.0,0.0,False,False,,,,,,,,,,,,,,,,,,,final-robustness-analysis-freeze-v2,memory_lightgbm_reconciliation,lightgbm,ewma,0.0,1167809504.6159296,1034898874.6414587,73427636.33269128,184753271.55425343
memory_um,native,,1,2,wls,independent,,,,,,,,8279,32,5000,2,132910629.97447096,246003976.54022217,1034898874.6414587,1167809504.6159296,0.1284286158109099,0.0641590484406116,0.1992239737903775,0.0,0.0,False,False,,,,,,,,,,,,,,,,,,,final-robustness-analysis-freeze-v2,memory_lightgbm_reconciliation,lightgbm,ewma,0.0,1167809504.6159296,1034898874.6414587,73427636.33269128,184753271.55425343
memory_um,native,,8,2,wls,independent,,,,,,,,8272,32,5000,0,126965834.36961032,248965023.3742981,1035591176.3913442,1162557010.7609544,0.1226022751681215,0.0600763451637737,0.1943587376946906,0.0,0.0,False,False,,,,,,,,,,,,,,,,,,,final-robustness-analysis-freeze-v2,memory_lightgbm_reconciliation,lightgbm,ewma,0.0,1162557010.7609544,1035591176.3913442,69104293.3078829,179710533.704557
memory_um,native,,8,2,wls,independent,,,,,,,,8272,32,5000,1,126965834.36961032,248965023.3742981,1035591176.3913442,1162557010.7609544,0.1226022751681215,0.0600763451637737,0.1943587376946906,0.0,0.0,False,False,,,,,,,,,,,,,,,,,,,final-robustness-analysis-freeze-v2,memory_lightgbm_reconciliation,lightgbm,ewma,0.0,1162557010.7609544,1035591176.3913442,69104293.3078829,179710533.704557
memory_um,native,,8,2,wls,independent,,,,,,,,8272,32,5000,2,126965834.36961032,248965023.3742981,1035591176.3913442,1162557010.7609544,0.1226022751681215,0.0600763451637737,0.1943587376946906,0.0,0.0,False,False,,,,,,,,,,,,,,,,,,,final-robustness-analysis-freeze-v2,memory_lightgbm_reconciliation,lightgbm,ewma,0.0,1162557010.7609544,1035591176.3913442,69104293.3078829,179710533.704557
memory_um,native,,16,2,wls,independent,,,,,,,,8264,32,5000,0,98718389.26732332,210224784.4606018,1036338955.8872705,1135057345.1545937,0.0952568546289999,0.0364630085982092,0.161017635201179,0.0004,0.0008,False,False,,,,,,,,,,,,,,,,,,,final-robustness-analysis-freeze-v2,memory_lightgbm_reconciliation,lightgbm,ewma,0.0,1135057345.1545937,1036338955.8872705,42400520.30192734,149604581.83263928
memory_um,native,,16,2,wls,independent,,,,,,,,8264,32,5000,1,98718389.26732332,210224784.4606018,1036338955.8872705,1135057345.1545937,0.0952568546289999,0.0364630085982092,0.161017635201179,0.0004,0.0008,False,False,,,,,,,,,,,,,,,,,,,final-robustness-analysis-freeze-v2,memory_lightgbm_reconciliation,lightgbm,ewma,0.0,1135057345.1545937,1036338955.8872705,42400520.30192734,149604581.83263928
memory_um,native,,16,2,wls,independent,,,,,,,,8264,32,5000,2,98718389.26732332,210224784.4606018,1036338955.8872705,1135057345.1545937,0.0952568546289999,0.0364630085982092,0.161017635201179,0.0004,0.0008,False,False,,,,,,,,,,,,,,,,,,,final-robustness-analysis-freeze-v2,memory_lightgbm_reconciliation,lightgbm,ewma,0.0,1135057345.1545937,1036338955.8872705,42400520.30192734,149604581.83263928
memory_um,native,,1,0,mint,independent,,,,,,,,8276,32,5000,0,-15747713.47414698,168354206.88220978,1848635679.4026904,1832887965.928543,-0.0085185597408977,-0.0449484546892188,0.0391041783174428,0.623,0.754,True,True,,,,,,,,,,,,,,,,,,,final-robustness-analysis-freeze-v2,memory_lightgbm_reconciliation,lightgbm,lightgbm,0.0,1832887965.928543,1848635679.4026904,-89209566.47100414,65444181.17417877
memory_um,native,,1,0,mint,independent,,,,,,,,8276,32,5000,1,-15747713.47414698,168354206.88220978,1848635679.4026904,1832887965.928543,-0.0085185597408977,-0.0449484546892188,0.0391041783174428,0.623,0.754,True,True,,,,,,,,,,,,,,,,,,,final-robustness-analysis-freeze-v2,memory_lightgbm_reconciliation,lightgbm,lightgbm,0.0,1832887965.928543,1848635679.4026904,-89209566.47100414,65444181.17417877
memory_um,native,,1,0,mint,independent,,,,,,,,8276,32,5000,2,-15747713.47414698,168354206.88220978,1848635679.4026904,1832887965.928543,-0.0085185597408977,-0.0449484546892188,0.0391041783174428,0.623,0.754,True,True,,,,,,,,,,,,,,,,,,,final-robustness-analysis-freeze-v2,memory_lightgbm_reconciliation,lightgbm,lightgbm,0.0,1832887965.928543,1848635679.4026904,-89209566.47100414,65444181.17417877
memory_um,native,,8,0,mint,independent,,,,,,,,8269,32,5000,0,232248769.0694646,293231121.36291504,1526324191.3500135,1758572960.419478,0.1521621490281456,0.0808575586499652,0.2444923958790044,0.0,0.0,False,False,,,,,,,,,,,,,,,,,,,final-robustness-analysis-freeze-v2,memory_lightgbm_reconciliation,lightgbm,lightgbm,0.0,1758572960.419478,1526324191.3500135,133564483.0369304,335780015.86092645
memory_um,native,,8,0,mint,independent,,,,,,,,8269,32,5000,1,232248769.0694646,293231121.36291504,1526324191.3500135,1758572960.419478,0.1521621490281456,0.0808575586499652,0.2444923958790044,0.0,0.0,False,False,,,,,,,,,,,,,,,,,,,final-robustness-analysis-freeze-v2,memory_lightgbm_reconciliation,lightgbm,lightgbm,0.0,1758572960.419478,1526324191.3500135,133564483.0369304,335780015.86092645
memory_um,native,,8,0,mint,independent,,,,,,,,8269,32,5000,2,232248769.0694646,293231121.36291504,1526324191.3500135,1758572960.419478,0.1521621490281456,0.0808575586499652,0.2444923958790044,0.0,0.0,False,False,,,,,,,,,,,,,,,,,,,final-robustness-analysis-freeze-v2,memory_lightgbm_reconciliation,lightgbm,lightgbm,0.0,1758572960.419478,1526324191.3500135,133564483.0369304,335780015.86092645
memory_um,native,,16,0,mint,independent,,,,,,,,8261,32,5000,0,160846859.90007547,316997548.8530426,1735274052.5911322,1896120912.491208,0.09269248258504,0.0352683315046365,0.166512068550028,0.0016,0.0032,False,False,,,,,,,,,,,,,,,,,,,final-robustness-analysis-freeze-v2,memory_lightgbm_reconciliation,lightgbm,lightgbm,0.0,1896120912.491208,1735274052.5911322,65788551.15280333,262408413.08942696
memory_um,native,,16,0,mint,independent,,,,,,,,8261,32,5000,1,160846859.90007547,316997548.8530426,1735274052.5911322,1896120912.491208,0.09269248258504,0.0352683315046365,0.166512068550028,0.0016,0.0032,False,False,,,,,,,,,,,,,,,,,,,final-robustness-analysis-freeze-v2,memory_lightgbm_reconciliation,lightgbm,lightgbm,0.0,1896120912.491208,1735274052.5911322,65788551.15280333,262408413.08942696
memory_um,native,,16,0,mint,independent,,,,,,,,8261,32,5000,2,160846859.90007547,316997548.8530426,1735274052.5911322,1896120912.491208,0.09269248258504,0.0352683315046365,0.166512068550028,0.0016,0.0032,False,False,,,,,,,,,,,,,,,,,,,final-robustness-analysis-freeze-v2,memory_lightgbm_reconciliation,lightgbm,lightgbm,0.0,1896120912.491208,1735274052.5911322,65788551.15280333,262408413.08942696
memory_um,native,,1,1,mint,independent,,,,,,,,8276,32,5000,0,-132172633.37543651,-42851723.92221832,1352577183.857901,1220404550.4824648,-0.0977191061277892,-0.116903720641607,-0.078634167625184,1.0,0.0,False,False,,,,,,,,,,,,,,,,,,,final-robustness-analysis-freeze-v2,memory_lightgbm_reconciliation,lightgbm,lightgbm,0.0,1220404550.4824648,1352577183.857901,-161996082.8343094,-103118166.20459564
memory_um,native,,1,1,mint,independent,,,,,,,,8276,32,5000,1,-132172633.37543651,-42851723.92221832,1352577183.857901,1220404550.4824648,-0.0977191061277892,-0.116903720641607,-0.078634167625184,1.0,0.0,False,False,,,,,,,,,,,,,,,,,,,final-robustness-analysis-freeze-v2,memory_lightgbm_reconciliation,lightgbm,lightgbm,0.0,1220404550.4824648,1352577183.857901,-161996082.8343094,-103118166.20459564
memory_um,native,,1,1,mint,independent,,,,,,,,8276,32,5000,2,-132172633.37543651,-42851723.92221832,1352577183.857901,1220404550.4824648,-0.0977191061277892,-0.116903720641607,-0.078634167625184,1.0,0.0,False,False,,,,,,,,,,,,,,,,,,,final-robustness-analysis-freeze-v2,memory_lightgbm_reconciliation,lightgbm,lightgbm,0.0,1220404550.4824648,1352577183.857901,-161996082.8343094,-103118166.20459564
memory_um,native,,8,1,mint,independent,,,,,,,,8269,32,5000,0,-32544702.57265974,45517971.81057739,1349230704.7903304,1316686002.217671,-0.0241209323632441,-0.0463645483764846,-0.0012917501626134,0.981,0.038,False,False,,,,,,,,,,,,,,,,,,,final-robustness-analysis-freeze-v2,memory_lightgbm_reconciliation,lightgbm,lightgbm,0.0,1316686002.217671,1349230704.7903304,-63945137.76661442,-1689622.0677507063
memory_um,native,,8,1,mint,independent,,,,,,,,8269,32,5000,1,-32544702.57265974,45517971.81057739,1349230704.7903304,1316686002.217671,-0.0241209323632441,-0.0463645483764846,-0.0012917501626134,0.981,0.038,False,False,,,,,,,,,,,,,,,,,,,final-robustness-analysis-freeze-v2,memory_lightgbm_reconciliation,lightgbm,lightgbm,0.0,1316686002.217671,1349230704.7903304,-63945137.76661442,-1689622.0677507063
memory_um,native,,8,1,mint,independent,,,,,,,,8269,32,5000,2,-32544702.57265974,45517971.81057739,1349230704.7903304,1316686002.217671,-0.0241209323632441,-0.0463645483764846,-0.0012917501626134,0.981,0.038,False,False,,,,,,,,,,,,,,,,,,,final-robustness-analysis-freeze-v2,memory_lightgbm_reconciliation,lightgbm,lightgbm,0.0,1316686002.217671,1349230704.7903304,-63945137.76661442,-1689622.0677507063
memory_um,native,,16,1,mint,independent,,,,,,,,8261,32,5000,0,6935920.337753763,62029384.61062622,1348125215.317614,1355061135.6553676,0.0051448635920066,-0.016979443811528,0.0276350255688676,0.3376,0.6752,True,True,,,,,,,,,,,,,,,,,,,final-robustness-analysis-freeze-v2,memory_lightgbm_reconciliation,lightgbm,lightgbm,0.0,1355061135.6553676,1348125215.317614,-23399704.123822723,35870504.69986419
memory_um,native,,16,1,mint,independent,,,,,,,,8261,32,5000,1,6935920.337753763,62029384.61062622,1348125215.317614,1355061135.6553676,0.0051448635920066,-0.016979443811528,0.0276350255688676,0.3376,0.6752,True,True,,,,,,,,,,,,,,,,,,,final-robustness-analysis-freeze-v2,memory_lightgbm_reconciliation,lightgbm,lightgbm,0.0,1355061135.6553676,1348125215.317614,-23399704.123822723,35870504.69986419
memory_um,native,,16,1,mint,independent,,,,,,,,8261,32,5000,2,6935920.337753763,62029384.61062622,1348125215.317614,1355061135.6553676,0.0051448635920066,-0.016979443811528,0.0276350255688676,0.3376,0.6752,True,True,,,,,,,,,,,,,,,,,,,final-robustness-analysis-freeze-v2,memory_lightgbm_reconciliation,lightgbm,lightgbm,0.0,1355061135.6553676,1348125215.317614,-23399704.123822723,35870504.69986419
memory_um,native,,1,2,mint,independent,,,,,,,,8279,32,5000,0,-96896175.7973249,-68872310.45028687,1263368437.7287288,1166472261.9314036,-0.0766966887122207,-0.1008477174854872,-0.0517450411522081,1.0,0.0,False,False,,,,,,,,,,,,,,,,,,,final-robustness-analysis-freeze-v2,memory_lightgbm_reconciliation,lightgbm,lightgbm,0.0,1166472261.9314036,1263368437.7287288,-128559731.86866422,-65107316.40883017
memory_um,native,,1,2,mint,independent,,,,,,,,8279,32,5000,1,-96896175.7973249,-68872310.45028687,1263368437.7287288,1166472261.9314036,-0.0766966887122207,-0.1008477174854872,-0.0517450411522081,1.0,0.0,False,False,,,,,,,,,,,,,,,,,,,final-robustness-analysis-freeze-v2,memory_lightgbm_reconciliation,lightgbm,lightgbm,0.0,1166472261.9314036,1263368437.7287288,-128559731.86866422,-65107316.40883017
memory_um,native,,1,2,mint,independent,,,,,,,,8279,32,5000,2,-96896175.7973249,-68872310.45028687,1263368437.7287288,1166472261.9314036,-0.0766966887122207,-0.1008477174854872,-0.0517450411522081,1.0,0.0,False,False,,,,,,,,,,,,,,,,,,,final-robustness-analysis-freeze-v2,memory_lightgbm_reconciliation,lightgbm,lightgbm,0.0,1166472261.9314036,1263368437.7287288,-128559731.86866422,-65107316.40883017
memory_um,native,,8,2,mint,independent,,,,,,,,8272,32,5000,0,-102031350.1076269,-90177391.10508728,1262294522.4928114,1160263172.3851843,-0.0808300664302438,-0.1057470615748538,-0.0560629495131048,1.0,0.0,False,False,,,,,,,,,,,,,,,,,,,final-robustness-analysis-freeze-v2,memory_lightgbm_reconciliation,lightgbm,lightgbm,0.0,1160263172.3851843,1262294522.4928114,-132790265.75418995,-71223247.27359353
memory_um,native,,8,2,mint,independent,,,,,,,,8272,32,5000,1,-102031350.1076269,-90177391.10508728,1262294522.4928114,1160263172.3851843,-0.0808300664302438,-0.1057470615748538,-0.0560629495131048,1.0,0.0,False,False,,,,,,,,,,,,,,,,,,,final-robustness-analysis-freeze-v2,memory_lightgbm_reconciliation,lightgbm,lightgbm,0.0,1160263172.3851843,1262294522.4928114,-132790265.75418995,-71223247.27359353
memory_um,native,,8,2,mint,independent,,,,,,,,8272,32,5000,2,-102031350.1076269,-90177391.10508728,1262294522.4928114,1160263172.3851843,-0.0808300664302438,-0.1057470615748538,-0.0560629495131048,1.0,0.0,False,False,,,,,,,,,,,,,,,,,,,final-robustness-analysis-freeze-v2,memory_lightgbm_reconciliation,lightgbm,lightgbm,0.0,1160263172.3851843,1262294522.4928114,-132790265.75418995,-71223247.27359353
memory_um,native,,16,2,mint,independent,,,,,,,,8264,32,5000,0,-138224383.26919088,-117587498.75045776,1266339742.2184117,1128115358.949221,-0.1091526852241447,-0.1345323994971748,-0.0828440398403133,1.0,0.0,False,False,,,,,,,,,,,,,,,,,,,final-robustness-analysis-freeze-v2,memory_lightgbm_reconciliation,lightgbm,lightgbm,0.0,1128115358.949221,1266339742.2184117,-168680898.8642119,-106322713.39774162
memory_um,native,,16,2,mint,independent,,,,,,,,8264,32,5000,1,-138224383.26919088,-117587498.75045776,1266339742.2184117,1128115358.949221,-0.1091526852241447,-0.1345323994971748,-0.0828440398403133,1.0,0.0,False,False,,,,,,,,,,,,,,,,,,,final-robustness-analysis-freeze-v2,memory_lightgbm_reconciliation,lightgbm,lightgbm,0.0,1128115358.949221,1266339742.2184117,-168680898.8642119,-106322713.39774162
memory_um,native,,16,2,mint,independent,,,,,,,,8264,32,5000,2,-138224383.26919088,-117587498.75045776,1266339742.2184117,1128115358.949221,-0.1091526852241447,-0.1345323994971748,-0.0828440398403133,1.0,0.0,False,False,,,,,,,,,,,,,,,,,,,final-robustness-analysis-freeze-v2,memory_lightgbm_reconciliation,lightgbm,lightgbm,0.0,1128115358.949221,1266339742.2184117,-168680898.8642119,-106322713.39774162
memory_um,native,,1,0,mint,independent,,,,,,,,8276,32,5000,0,546110930.3997713,881922287.1193695,1286777035.528772,1832887965.928543,0.4244021421903596,0.3242508442737494,0.5624185783423125,0.0,0.0,False,False,,,,,,,,,,,,,,,,,,,final-robustness-analysis-freeze-v2,memory_lightgbm_reconciliation,lightgbm,ewma,0.0,1832887965.928543,1286777035.528772,463433766.05774194,634423477.9806932
memory_um,native,,1,0,mint,independent,,,,,,,,8276,32,5000,1,546110930.3997713,881922287.1193695,1286777035.528772,1832887965.928543,0.4244021421903596,0.3242508442737494,0.5624185783423125,0.0,0.0,False,False,,,,,,,,,,,,,,,,,,,final-robustness-analysis-freeze-v2,memory_lightgbm_reconciliation,lightgbm,ewma,0.0,1832887965.928543,1286777035.528772,463433766.05774194,634423477.9806932
memory_um,native,,1,0,mint,independent,,,,,,,,8276,32,5000,2,546110930.3997713,881922287.1193695,1286777035.528772,1832887965.928543,0.4244021421903596,0.3242508442737494,0.5624185783423125,0.0,0.0,False,False,,,,,,,,,,,,,,,,,,,final-robustness-analysis-freeze-v2,memory_lightgbm_reconciliation,lightgbm,ewma,0.0,1832887965.928543,1286777035.528772,463433766.05774194,634423477.9806932
memory_um,native,,8,0,mint,independent,,,,,,,,8269,32,5000,0,474318174.30644554,780286775.1530457,1284254786.1130323,1758572960.419478,0.3693333904108175,0.2640124906368533,0.5097408947428951,0.0,0.0,False,False,,,,,,,,,,,,,,,,,,,final-robustness-analysis-freeze-v2,memory_lightgbm_reconciliation,lightgbm,ewma,0.0,1758572960.419478,1284254786.1130323,379690279.5177866,571492888.1360619
memory_um,native,,8,0,mint,independent,,,,,,,,8269,32,5000,1,474318174.30644554,780286775.1530457,1284254786.1130323,1758572960.419478,0.3693333904108175,0.2640124906368533,0.5097408947428951,0.0,0.0,False,False,,,,,,,,,,,,,,,,,,,final-robustness-analysis-freeze-v2,memory_lightgbm_reconciliation,lightgbm,ewma,0.0,1758572960.419478,1284254786.1130323,379690279.5177866,571492888.1360619
memory_um,native,,8,0,mint,independent,,,,,,,,8269,32,5000,2,474318174.30644554,780286775.1530457,1284254786.1130323,1758572960.419478,0.3693333904108175,0.2640124906368533,0.5097408947428951,0.0,0.0,False,False,,,,,,,,,,,,,,,,,,,final-robustness-analysis-freeze-v2,memory_lightgbm_reconciliation,lightgbm,ewma,0.0,1758572960.419478,1284254786.1130323,379690279.5177866,571492888.1360619
memory_um,native,,16,0,mint,independent,,,,,,,,8261,32,5000,0,617728073.5136514,1016566067.7689056,1278392838.9775565,1896120912.491208,0.4832067692179057,0.3633562469967201,0.6348427407271338,0.0,0.0,False,False,,,,,,,,,,,,,,,,,,,final-robustness-analysis-freeze-v2,memory_lightgbm_reconciliation,lightgbm,ewma,0.0,1896120912.491208,1278392838.9775565,520664825.8484895,716374793.8744352
memory_um,native,,16,0,mint,independent,,,,,,,,8261,32,5000,1,617728073.5136514,1016566067.7689056,1278392838.9775565,1896120912.491208,0.4832067692179057,0.3633562469967201,0.6348427407271338,0.0,0.0,False,False,,,,,,,,,,,,,,,,,,,final-robustness-analysis-freeze-v2,memory_lightgbm_reconciliation,lightgbm,ewma,0.0,1896120912.491208,1278392838.9775565,520664825.8484895,716374793.8744352
memory_um,native,,16,0,mint,independent,,,,,,,,8261,32,5000,2,617728073.5136514,1016566067.7689056,1278392838.9775565,1896120912.491208,0.4832067692179057,0.3633562469967201,0.6348427407271338,0.0,0.0,False,False,,,,,,,,,,,,,,,,,,,final-robustness-analysis-freeze-v2,memory_lightgbm_reconciliation,lightgbm,ewma,0.0,1896120912.491208,1278392838.9775565,520664825.8484895,716374793.8744352
memory_um,native,,1,1,mint,independent,,,,,,,,8276,32,5000,0,385870369.98450303,586294828.5916672,834534180.4979616,1220404550.4824648,0.4623781493937809,0.3305002193034694,0.6269896055776455,0.0,0.0,False,False,,,,,,,,,,,,,,,,,,,final-robustness-analysis-freeze-v2,memory_lightgbm_reconciliation,lightgbm,ewma,0.0,1220404550.4824648,834534180.4979616,320547755.4881181,442126027.91422546
memory_um,native,,1,1,mint,independent,,,,,,,,8276,32,5000,1,385870369.98450303,586294828.5916672,834534180.4979616,1220404550.4824648,0.4623781493937809,0.3305002193034694,0.6269896055776455,0.0,0.0,False,False,,,,,,,,,,,,,,,,,,,final-robustness-analysis-freeze-v2,memory_lightgbm_reconciliation,lightgbm,ewma,0.0,1220404550.4824648,834534180.4979616,320547755.4881181,442126027.91422546
memory_um,native,,1,1,mint,independent,,,,,,,,8276,32,5000,2,385870369.98450303,586294828.5916672,834534180.4979616,1220404550.4824648,0.4623781493937809,0.3305002193034694,0.6269896055776455,0.0,0.0,False,False,,,,,,,,,,,,,,,,,,,final-robustness-analysis-freeze-v2,memory_lightgbm_reconciliation,lightgbm,ewma,0.0,1220404550.4824648,834534180.4979616,320547755.4881181,442126027.91422546
memory_um,native,,8,1,mint,independent,,,,,,,,8269,32,5000,0,481614067.7297116,662467222.0706482,835071934.4879591,1316686002.217671,0.5767336295705145,0.4300469960723251,0.7700965923137264,0.0,0.0,False,False,,,,,,,,,,,,,,,,,,,final-robustness-analysis-freeze-v2,memory_lightgbm_reconciliation,lightgbm,ewma,0.0,1316686002.217671,835071934.4879591,414374349.11617255,542769458.8722767
memory_um,native,,8,1,mint,independent,,,,,,,,8269,32,5000,1,481614067.7297116,662467222.0706482,835071934.4879591,1316686002.217671,0.5767336295705145,0.4300469960723251,0.7700965923137264,0.0,0.0,False,False,,,,,,,,,,,,,,,,,,,final-robustness-analysis-freeze-v2,memory_lightgbm_reconciliation,lightgbm,ewma,0.0,1316686002.217671,835071934.4879591,414374349.11617255,542769458.8722767
memory_um,native,,8,1,mint,independent,,,,,,,,8269,32,5000,2,481614067.7297116,662467222.0706482,835071934.4879591,1316686002.217671,0.5767336295705145,0.4300469960723251,0.7700965923137264,0.0,0.0,False,False,,,,,,,,,,,,,,,,,,,final-robustness-analysis-freeze-v2,memory_lightgbm_reconciliation,lightgbm,ewma,0.0,1316686002.217671,835071934.4879591,414374349.11617255,542769458.8722767
memory_um,native,,16,1,mint,independent,,,,,,,,8261,32,5000,0,519491332.9231329,711333020.8586884,835569802.7322348,1355061135.6553676,0.6217210473911874,0.4601005445028739,0.8301865359820504,0.0,0.0,False,False,,,,,,,,,,,,,,,,,,,final-robustness-analysis-freeze-v2,memory_lightgbm_reconciliation,lightgbm,ewma,0.0,1355061135.6553676,835569802.7322348,447428751.5940899,584988631.0821685
memory_um,native,,16,1,mint,independent,,,,,,,,8261,32,5000,1,519491332.9231329,711333020.8586884,835569802.7322348,1355061135.6553676,0.6217210473911874,0.4601005445028739,0.8301865359820504,0.0,0.0,False,False,,,,,,,,,,,,,,,,,,,final-robustness-analysis-freeze-v2,memory_lightgbm_reconciliation,lightgbm,ewma,0.0,1355061135.6553676,835569802.7322348,447428751.5940899,584988631.0821685
memory_um,native,,16,1,mint,independent,,,,,,,,8261,32,5000,2,519491332.9231329,711333020.8586884,835569802.7322348,1355061135.6553676,0.6217210473911874,0.4601005445028739,0.8301865359820504,0.0,0.0,False,False,,,,,,,,,,,,,,,,,,,final-robustness-analysis-freeze-v2,memory_lightgbm_reconciliation,lightgbm,ewma,0.0,1355061135.6553676,835569802.7322348,447428751.5940899,584988631.0821685
memory_um,native,,1,2,mint,independent,,,,,,,,8279,32,5000,0,131573387.2899448,228974257.0476685,1034898874.6414587,1166472261.9314036,0.1271364676433032,0.0640237172564317,0.1991744039845186,0.0,0.0,False,False,,,,,,,,,,,,,,,,,,,final-robustness-analysis-freeze-v2,memory_lightgbm_reconciliation,lightgbm,ewma,0.0,1166472261.9314036,1034898874.6414587,72893854.5845189,185057218.9674005
memory_um,native,,1,2,mint,independent,,,,,,,,8279,32,5000,1,131573387.2899448,228974257.0476685,1034898874.6414587,1166472261.9314036,0.1271364676433032,0.0640237172564317,0.1991744039845186,0.0,0.0,False,False,,,,,,,,,,,,,,,,,,,final-robustness-analysis-freeze-v2,memory_lightgbm_reconciliation,lightgbm,ewma,0.0,1166472261.9314036,1034898874.6414587,72893854.5845189,185057218.9674005
memory_um,native,,1,2,mint,independent,,,,,,,,8279,32,5000,2,131573387.2899448,228974257.0476685,1034898874.6414587,1166472261.9314036,0.1271364676433032,0.0640237172564317,0.1991744039845186,0.0,0.0,False,False,,,,,,,,,,,,,,,,,,,final-robustness-analysis-freeze-v2,memory_lightgbm_reconciliation,lightgbm,ewma,0.0,1166472261.9314036,1034898874.6414587,72893854.5845189,185057218.9674005
memory_um,native,,8,2,mint,independent,,,,,,,,8272,32,5000,0,124671995.99384052,228580024.0903244,1035591176.3913442,1160263172.3851843,0.1203872713827832,0.0579503524611015,0.1919289925791086,0.0,0.0,False,False,,,,,,,,,,,,,,,,,,,final-robustness-analysis-freeze-v2,memory_lightgbm_reconciliation,lightgbm,ewma,0.0,1160263172.3851843,1035591176.3913442,65968651.66324577,178048130.2201499
memory_um,native,,8,2,mint,independent,,,,,,,,8272,32,5000,1,124671995.99384052,228580024.0903244,1035591176.3913442,1160263172.3851843,0.1203872713827832,0.0579503524611015,0.1919289925791086,0.0,0.0,False,False,,,,,,,,,,,,,,,,,,,final-robustness-analysis-freeze-v2,memory_lightgbm_reconciliation,lightgbm,ewma,0.0,1160263172.3851843,1035591176.3913442,65968651.66324577,178048130.2201499
memory_um,native,,8,2,mint,independent,,,,,,,,8272,32,5000,2,124671995.99384052,228580024.0903244,1035591176.3913442,1160263172.3851843,0.1203872713827832,0.0579503524611015,0.1919289925791086,0.0,0.0,False,False,,,,,,,,,,,,,,,,,,,final-robustness-analysis-freeze-v2,memory_lightgbm_reconciliation,lightgbm,ewma,0.0,1160263172.3851843,1035591176.3913442,65968651.66324577,178048130.2201499
memory_um,native,,16,2,mint,independent,,,,,,,,8264,32,5000,0,91776403.06195042,190314521.12056732,1036338955.8872705,1128115358.949221,0.0885582873639785,0.0315840025613763,0.1533704077146807,0.001,0.002,False,False,,,,,,,,,,,,,,,,,,,final-robustness-analysis-freeze-v2,memory_lightgbm_reconciliation,lightgbm,ewma,0.0,1128115358.949221,1036338955.8872705,36043926.7032334,142564285.42235437
memory_um,native,,16,2,mint,independent,,,,,,,,8264,32,5000,1,91776403.06195042,190314521.12056732,1036338955.8872705,1128115358.949221,0.0885582873639785,0.0315840025613763,0.1533704077146807,0.001,0.002,False,False,,,,,,,,,,,,,,,,,,,final-robustness-analysis-freeze-v2,memory_lightgbm_reconciliation,lightgbm,ewma,0.0,1128115358.949221,1036338955.8872705,36043926.7032334,142564285.42235437
memory_um,native,,16,2,mint,independent,,,,,,,,8264,32,5000,2,91776403.06195042,190314521.12056732,1036338955.8872705,1128115358.949221,0.0885582873639785,0.0315840025613763,0.1533704077146807,0.001,0.002,False,False,,,,,,,,,,,,,,,,,,,final-robustness-analysis-freeze-v2,memory_lightgbm_reconciliation,lightgbm,ewma,0.0,1128115358.949221,1036338955.8872705,36043926.7032334,142564285.42235437
cpu_core_weighted,weighted_mean_pct,,1,0,independent,independent,,,,,,,,4847,32,5000,0,-0.1053591960711839,-0.061399174732601,1.4204331179186942,1.3150739218475105,-0.0741739929477022,-0.0944697410353284,-0.053929790172267,1.0,0.0,False,False,,,,,,,,,,,,,,,,,,,final-robustness-analysis-freeze-v2,cpu_dlinear_vs_deterministic,dlinear,persistence,0.0,1.3150739218475105,1.4204331179186942,-0.14073364457402,-0.0729016286479635
cpu_core_weighted,weighted_mean_pct,,1,0,independent,independent,,,,,,,,4847,32,5000,1,-0.0952224396408459,-0.0534727539419743,1.4204331179186942,1.3252106782778483,-0.0670376087684943,-0.0875402733117515,-0.0464258264488495,1.0,0.0,False,False,,,,,,,,,,,,,,,,,,,final-robustness-analysis-freeze-v2,cpu_dlinear_vs_deterministic,dlinear,persistence,0.0,1.3252106782778483,1.4204331179186942,-0.1299567785571559,-0.0627458137408821
cpu_core_weighted,weighted_mean_pct,,1,0,independent,independent,,,,,,,,4847,32,5000,2,-0.0789836103370349,-0.0703817813951062,1.4204331179186942,1.3414495075816597,-0.0556053004824096,-0.0789666407842266,-0.0326357954606079,1.0,0.0,False,False,,,,,,,,,,,,,,,,,,,final-robustness-analysis-freeze-v2,cpu_dlinear_vs_deterministic,dlinear,persistence,0.0,1.3414495075816597,1.4204331179186942,-0.1139746051690238,-0.0454775647344363
cpu_core_weighted,weighted_mean_pct,,8,0,independent,independent,,,,,,,,4295,32,5000,0,-0.093726703028386,-0.0539546609746706,1.3906675083299915,1.2969408053016054,-0.0673969172839447,-0.0905928418215091,-0.0426222448474911,1.0,0.0,False,False,,,,,,,,,,,,,,,,,,,final-robustness-analysis-freeze-v2,cpu_dlinear_vs_deterministic,dlinear,persistence,0.0,1.2969408053016054,1.3906675083299915,-0.1297659085411439,-0.0569570071759586
cpu_core_weighted,weighted_mean_pct,,8,0,independent,independent,,,,,,,,4295,32,5000,1,-0.0875747667028717,-0.0538307920064449,1.3906675083299915,1.30309274162712,-0.0629731881835921,-0.085104101003828,-0.0385556884534778,1.0,0.0,False,False,,,,,,,,,,,,,,,,,,,final-robustness-analysis-freeze-v2,cpu_dlinear_vs_deterministic,dlinear,persistence,0.0,1.30309274162712,1.3906675083299915,-0.1224954231630589,-0.0515960290850905
cpu_core_weighted,weighted_mean_pct,,8,0,independent,independent,,,,,,,,4295,32,5000,2,-0.0551147388976917,-0.0413691895279955,1.3906675083299915,1.3355527694322995,-0.0396318592097382,-0.0656302409553623,-0.0115639830461283,0.997,0.006,False,False,,,,,,,,,,,,,,,,,,,final-robustness-analysis-freeze-v2,cpu_dlinear_vs_deterministic,dlinear,persistence,0.0,1.3355527694322995,1.3906675083299915,-0.0924570945892245,-0.0158791250085906
cpu_core_weighted,weighted_mean_pct,,16,0,independent,independent,,,,,,,,3707,32,5000,0,-0.0954628971954285,-0.0670156920672448,1.4060271584162536,1.3105642612208253,-0.0678954859612795,-0.0956052179113028,-0.0457126202971184,1.0,0.0,False,False,,,,,,,,,,,,,,,,,,,final-robustness-analysis-freeze-v2,cpu_dlinear_vs_deterministic,dlinear,persistence,0.0,1.3105642612208253,1.4060271584162536,-0.1409934815922781,-0.0615346621346167
cpu_core_weighted,weighted_mean_pct,,16,0,independent,independent,,,,,,,,3707,32,5000,1,-0.0841245019407462,-0.0511316889526711,1.4060271584162536,1.3219026564755074,-0.0598313492290603,-0.0878839042681494,-0.0372235050798636,1.0,0.0,False,False,,,,,,,,,,,,,,,,,,,final-robustness-analysis-freeze-v2,cpu_dlinear_vs_deterministic,dlinear,persistence,0.0,1.3219026564755074,1.4060271584162536,-0.1308863337475226,-0.0492857175108224
cpu_core_weighted,weighted_mean_pct,,16,0,independent,independent,,,,,,,,3707,32,5000,2,-0.0791788613915859,-0.0688744554880913,1.4060271584162536,1.3268482970246676,-0.0563138918886694,-0.0852525225874897,-0.0335376767698083,1.0,0.0,False,False,,,,,,,,,,,,,,,,,,,final-robustness-analysis-freeze-v2,cpu_dlinear_vs_deterministic,dlinear,persistence,0.0,1.3268482970246676,1.4060271584162536,-0.1238849068848534,-0.0458988585123496
cpu_core_weighted,weighted_mean_pct,,1,1,independent,independent,,,,,,,,5261,32,5000,0,-0.0583744687761939,-0.0343815093755872,1.0957052557717806,1.0373307869955866,-0.053275703907322,-0.0741702397474054,-0.0280241639599176,1.0,0.0,False,False,,,,,,,,,,,,,,,,,,,final-robustness-analysis-freeze-v2,cpu_dlinear_vs_deterministic,dlinear,persistence,0.0,1.0373307869955866,1.0957052557717806,-0.083005337384965,-0.0299085624815253
cpu_core_weighted,weighted_mean_pct,,1,1,independent,independent,,,,,,,,5261,32,5000,1,-0.0675343561205664,-0.0228681588423449,1.0957052557717806,1.028170899651214,-0.0616355135332424,-0.081184604313487,-0.0369825515791052,1.0,0.0,False,False,,,,,,,,,,,,,,,,,,,final-robustness-analysis-freeze-v2,cpu_dlinear_vs_deterministic,dlinear,persistence,0.0,1.028170899651214,1.0957052557717806,-0.0928079079618872,-0.0386994321824107
cpu_core_weighted,weighted_mean_pct,,1,1,independent,independent,,,,,,,,5261,32,5000,2,-0.0659835299546087,-0.0218089998094281,1.0957052557717806,1.0297217258171718,-0.0602201455245662,-0.0797565200625889,-0.036114039733021,1.0,0.0,False,False,,,,,,,,,,,,,,,,,,,final-robustness-analysis-freeze-v2,cpu_dlinear_vs_deterministic,dlinear,persistence,0.0,1.0297217258171718,1.0957052557717806,-0.0903016965521983,-0.0378824073147228
cpu_core_weighted,weighted_mean_pct,,8,1,independent,independent,,,,,,,,4778,32,5000,0,-0.0788914751866375,-0.0325088592557822,1.1125931579402315,1.033701682753594,-0.0709077479252983,-0.0893860176545205,-0.0483697652587374,1.0,0.0,False,False,,,,,,,,,,,,,,,,,,,final-robustness-analysis-freeze-v2,cpu_dlinear_vs_deterministic,dlinear,persistence,0.0,1.033701682753594,1.1125931579402315,-0.1032584233846277,-0.0513866254373625
cpu_core_weighted,weighted_mean_pct,,8,1,independent,independent,,,,,,,,4778,32,5000,1,-0.0755128870228953,-0.0421276672895702,1.1125931579402315,1.0370802709173366,-0.0678710690282277,-0.0868502892722328,-0.0456650407839563,1.0,0.0,False,False,,,,,,,,,,,,,,,,,,,final-robustness-analysis-freeze-v2,cpu_dlinear_vs_deterministic,dlinear,persistence,0.0,1.0370802709173366,1.1125931579402315,-0.0985026841563562,-0.048541998288879
cpu_core_weighted,weighted_mean_pct,,8,1,independent,independent,,,,,,,,4778,32,5000,2,-0.0731883259517077,-0.0229693238243724,1.1125931579402315,1.039404831988524,-0.0657817508847554,-0.0832943296987357,-0.044106573709023,1.0,0.0,False,False,,,,,,,,,,,,,,,,,,,final-robustness-analysis-freeze-v2,cpu_dlinear_vs_deterministic,dlinear,persistence,0.0,1.039404831988524,1.1125931579402315,-0.0967380957354346,-0.0465965221053144
cpu_core_weighted,weighted_mean_pct,,16,1,independent,independent,,,,,,,,4317,32,5000,0,-0.074728420626803,-0.0341537940375338,1.1116127835890854,1.0368843629622824,-0.0672252260229735,-0.0896916163950046,-0.043398490604281,1.0,0.0,False,False,,,,,,,,,,,,,,,,,,,final-robustness-analysis-freeze-v2,cpu_dlinear_vs_deterministic,dlinear,persistence,0.0,1.0368843629622824,1.1116127835890854,-0.1045798502535949,-0.045745912651626
cpu_core_weighted,weighted_mean_pct,,16,1,independent,independent,,,,,,,,4317,32,5000,1,-0.0769243047922174,-0.0426251986895604,1.1116127835890854,1.034688478796868,-0.0692006298666793,-0.0903023374580285,-0.0472028062632837,1.0,0.0,False,False,,,,,,,,,,,,,,,,,,,final-robustness-analysis-freeze-v2,cpu_dlinear_vs_deterministic,dlinear,persistence,0.0,1.034688478796868,1.1116127835890854,-0.1047655162879488,-0.049797273201721
cpu_core_weighted,weighted_mean_pct,,16,1,independent,independent,,,,,,,,4317,32,5000,2,-0.0829185014511746,-0.0625126040372165,1.1116127835890854,1.0286942821379108,-0.0745929721889794,-0.0965423834491464,-0.0528678214984786,1.0,0.0,False,False,,,,,,,,,,,,,,,,,,,final-robustness-analysis-freeze-v2,cpu_dlinear_vs_deterministic,dlinear,persistence,0.0,1.0286942821379108,1.1116127835890854,-0.109210362181436,-0.0570769201429749
cpu_core_weighted,weighted_mean_pct,,1,2,independent,independent,,,,,,,,4852,32,5000,0,-0.0507111446071375,-0.0252335808064714,1.4448569341568862,1.3941457895497489,-0.0350976926561444,-0.0549393978560004,-0.0144082975502543,0.9998,0.0004,False,False,,,,,,,,,,,,,,,,,,,final-robustness-analysis-freeze-v2,cpu_dlinear_vs_deterministic,dlinear,persistence,0.0,1.3941457895497489,1.4448569341568862,-0.0809280639317555,-0.0203704001845617
cpu_core_weighted,weighted_mean_pct,,1,2,independent,independent,,,,,,,,4852,32,5000,1,-0.0598752815519986,-0.0178195853153102,1.4448569341568862,1.3849816526048877,-0.0414402839039129,-0.061615685536725,-0.0203269296119712,1.0,0.0,False,False,,,,,,,,,,,,,,,,,,,final-robustness-analysis-freeze-v2,cpu_dlinear_vs_deterministic,dlinear,persistence,0.0,1.3849816526048877,1.4448569341568862,-0.0921497232336807,-0.0282191976573044
cpu_core_weighted,weighted_mean_pct,,1,2,independent,independent,,,,,,,,4852,32,5000,2,-0.065096565138317,-0.0124003222616124,1.4448569341568862,1.3797603690185691,-0.0450539867300444,-0.0638027535273376,-0.0252040475568483,1.0,0.0,False,False,,,,,,,,,,,,,,,,,,,final-robustness-analysis-freeze-v2,cpu_dlinear_vs_deterministic,dlinear,persistence,0.0,1.3797603690185691,1.4448569341568862,-0.0964476482874804,-0.0346078007701579
cpu_core_weighted,weighted_mean_pct,,8,2,independent,independent,,,,,,,,4341,32,5000,0,-0.0579919815709578,-0.0089887124193661,1.444594921234135,1.3866029396631767,-0.0401441128710424,-0.0597448324439179,-0.0187122171356524,0.9998,0.0004,False,False,,,,,,,,,,,,,,,,,,,final-robustness-analysis-freeze-v2,cpu_dlinear_vs_deterministic,dlinear,persistence,0.0,1.3866029396631767,1.444594921234135,-0.0913010263695864,-0.0259709580054628
cpu_core_weighted,weighted_mean_pct,,8,2,independent,independent,,,,,,,,4341,32,5000,1,-0.0471946506357009,-0.0112223288788508,1.444594921234135,1.397400270598434,-0.0326698162522833,-0.0541820978269221,-0.0094982825929696,0.9946,0.0108,False,False,,,,,,,,,,,,,,,,,,,final-robustness-analysis-freeze-v2,cpu_dlinear_vs_deterministic,dlinear,persistence,0.0,1.397400270598434,1.444594921234135,-0.0824921476183737,-0.0131394051074933
cpu_core_weighted,weighted_mean_pct,,8,2,independent,independent,,,,,,,,4341,32,5000,2,-0.0471171530685466,-0.005329538193227,1.444594921234135,1.397477768165588,-0.0326161696791055,-0.053216382992791,-0.0101032342730087,0.9986,0.0028,False,False,,,,,,,,,,,,,,,,,,,final-robustness-analysis-freeze-v2,cpu_dlinear_vs_deterministic,dlinear,persistence,0.0,1.397477768165588,1.444594921234135,-0.079535367883927,-0.0140389202740819
cpu_core_weighted,weighted_mean_pct,,16,2,independent,independent,,,,,,,,3798,32,5000,0,-0.0795417460488847,-0.024547522578858,1.465749503775071,1.3862077577261862,-0.054266943870029,-0.0751075377947265,-0.0320727740434174,1.0,0.0,False,False,,,,,,,,,,,,,,,,,,,final-robustness-analysis-freeze-v2,cpu_dlinear_vs_deterministic,dlinear,persistence,0.0,1.3862077577261862,1.465749503775071,-0.1169428108075536,-0.0443336987644578
cpu_core_weighted,weighted_mean_pct,,16,2,independent,independent,,,,,,,,3798,32,5000,1,-0.0661236695363407,0.025002353550988,1.465749503775071,1.3996258342387302,-0.0451125307332785,-0.0662159471451823,-0.0217458562575258,1.0,0.0,False,False,,,,,,,,,,,,,,,,,,,final-robustness-analysis-freeze-v2,cpu_dlinear_vs_deterministic,dlinear,persistence,0.0,1.3996258342387302,1.465749503775071,-0.1056925352013467,-0.0293457672665044
cpu_core_weighted,weighted_mean_pct,,16,2,independent,independent,,,,,,,,3798,32,5000,2,-0.0603823725694534,0.0024004627452345,1.465749503775071,1.4053671312056173,-0.0411955606424817,-0.0629572382437353,-0.017725355146762,0.9998,0.0004,False,False,,,,,,,,,,,,,,,,,,,final-robustness-analysis-freeze-v2,cpu_dlinear_vs_deterministic,dlinear,persistence,0.0,1.4053671312056173,1.465749503775071,-0.0980567138957038,-0.0245765550002138
cpu_core_weighted,weighted_mean_pct,,1,0,independent,independent,,,,,,,,4847,32,5000,0,-0.1066546223498239,-0.025748701264356,1.4217285441973344,1.3150739218475105,-0.0750175712410964,-0.0965299328571363,-0.0536555527101172,1.0,0.0,False,False,,,,,,,,,,,,,,,,,,,final-robustness-analysis-freeze-v2,cpu_dlinear_vs_deterministic,dlinear,ewma,0.0,1.3150739218475105,1.4217285441973344,-0.148125286413372,-0.0703694538627712
cpu_core_weighted,weighted_mean_pct,,1,0,independent,independent,,,,,,,,4847,32,5000,1,-0.0965178659194858,-0.0197589142735767,1.4217285441973344,1.3252106782778483,-0.0678876894702687,-0.090126659617816,-0.0461580239083218,1.0,0.0,False,False,,,,,,,,,,,,,,,,,,,final-robustness-analysis-freeze-v2,cpu_dlinear_vs_deterministic,dlinear,ewma,0.0,1.3252106782778483,1.4217285441973344,-0.1371424312816828,-0.0607731701672142
cpu_core_weighted,weighted_mean_pct,,1,0,independent,independent,,,,,,,,4847,32,5000,2,-0.0802790366156748,-0.0428441012576414,1.4217285441973344,1.3414495075816597,-0.056465797879157,-0.0791680559185767,-0.0337507092948662,1.0,0.0,False,False,,,,,,,,,,,,,,,,,,,final-robustness-analysis-freeze-v2,cpu_dlinear_vs_deterministic,dlinear,ewma,0.0,1.3414495075816597,1.4217285441973344,-0.1176691735516294,-0.0454676957879428
cpu_core_weighted,weighted_mean_pct,,8,0,independent,independent,,,,,,,,4295,32,5000,0,-0.0948252397739115,-0.0200211418372293,1.391766045075517,1.2969408053016054,-0.0681330314886122,-0.0912205228224424,-0.0425326439337091,1.0,0.0,False,False,,,,,,,,,,,,,,,,,,,final-robustness-analysis-freeze-v2,cpu_dlinear_vs_deterministic,dlinear,ewma,0.0,1.2969408053016054,1.391766045075517,-0.1341948241503571,-0.0554966184790367
cpu_core_weighted,weighted_mean_pct,,8,0,independent,independent,,,,,,,,4295,32,5000,1,-0.0886733034483972,-0.018879259187762,1.391766045075517,1.30309274162712,-0.0637127940878783,-0.0865178714069374,-0.0385531761296101,1.0,0.0,False,False,,,,,,,,,,,,,,,,,,,final-robustness-analysis-freeze-v2,cpu_dlinear_vs_deterministic,dlinear,ewma,0.0,1.30309274162712,1.391766045075517,-0.1278016016832322,-0.0502824674923661
cpu_core_weighted,weighted_mean_pct,,8,0,independent,independent,,,,,,,,4295,32,5000,2,-0.0562132756432173,-0.0164341513506651,1.391766045075517,1.3355527694322995,-0.0403898886900687,-0.0658347519533226,-0.0125872713182961,0.9974,0.0052,False,False,,,,,,,,,,,,,,,,,,,final-robustness-analysis-freeze-v2,cpu_dlinear_vs_deterministic,dlinear,ewma,0.0,1.3355527694322995,1.391766045075517,-0.0946412482727813,-0.0167920454804651
cpu_core_weighted,weighted_mean_pct,,16,0,independent,independent,,,,,,,,3707,32,5000,0,-0.0944042189254187,-0.0290648615501702,1.404968480146244,1.3105642612208253,-0.0671931223080479,-0.0953397629541468,-0.0429351158245583,1.0,0.0,False,False,,,,,,,,,,,,,,,,,,,final-robustness-analysis-freeze-v2,cpu_dlinear_vs_deterministic,dlinear,ewma,0.0,1.3105642612208253,1.404968480146244,-0.1439559055657444,-0.0556269094006379
cpu_core_weighted,weighted_mean_pct,,16,0,independent,independent,,,,,,,,3707,32,5000,1,-0.0830658236707365,-0.0191623176523454,1.404968480146244,1.3219026564755074,-0.0591229090506643,-0.0880959504597874,-0.0335471021410433,0.9998,0.0004,False,False,,,,,,,,,,,,,,,,,,,final-robustness-analysis-freeze-v2,cpu_dlinear_vs_deterministic,dlinear,ewma,0.0,1.3219026564755074,1.404968480146244,-0.133549174811942,-0.0433453564068847
cpu_core_weighted,weighted_mean_pct,,16,0,independent,independent,,,,,,,,3707,32,5000,2,-0.0781201831215762,-0.0365505792022511,1.404968480146244,1.3268482970246676,-0.0556028012197431,-0.0842084710191802,-0.0318427299403627,1.0,0.0,False,False,,,,,,,,,,,,,,,,,,,final-robustness-analysis-freeze-v2,cpu_dlinear_vs_deterministic,dlinear,ewma,0.0,1.3268482970246676,1.404968480146244,-0.1254038584041862,-0.0425686970107715
cpu_core_weighted,weighted_mean_pct,,1,1,independent,independent,,,,,,,,5261,32,5000,0,-0.0500699758021933,-0.0031938158680215,1.08740076279778,1.0373307869955866,-0.0460455588364385,-0.0693212135808092,-0.016668759946648,0.9994,0.0012,False,False,,,,,,,,,,,,,,,,,,,final-robustness-analysis-freeze-v2,cpu_dlinear_vs_deterministic,dlinear,ewma,0.0,1.0373307869955866,1.08740076279778,-0.0786060741189191,-0.0171381308763946
cpu_core_weighted,weighted_mean_pct,,1,1,independent,independent,,,,,,,,5261,32,5000,1,-0.0592298631465658,0.0142287679299051,1.08740076279778,1.028170899651214,-0.0544692124310939,-0.07646857609017,-0.0258323744986816,1.0,0.0,False,False,,,,,,,,,,,,,,,,,,,final-robustness-analysis-freeze-v2,cpu_dlinear_vs_deterministic,dlinear,ewma,0.0,1.028170899651214,1.08740076279778,-0.0889417072740536,-0.0255264211141145
cpu_core_weighted,weighted_mean_pct,,1,1,independent,independent,,,,,,,,5261,32,5000,2,-0.0576790369806081,0.0138495543420309,1.08740076279778,1.0297217258171718,-0.0530430352395609,-0.074732659084338,-0.0246873361626882,1.0,0.0,False,False,,,,,,,,,,,,,,,,,,,final-robustness-analysis-freeze-v2,cpu_dlinear_vs_deterministic,dlinear,ewma,0.0,1.0297217258171718,1.08740076279778,-0.0861299280458792,-0.0248419738186019
cpu_core_weighted,weighted_mean_pct,,8,1,independent,independent,,,,,,,,4778,32,5000,0,-0.07096664242174,0.008586829716517,1.1046683251753342,1.033701682753594,-0.0642424887221022,-0.0845680993820546,-0.0380355277847854,1.0,0.0,False,False,,,,,,,,,,,,,,,,,,,final-robustness-analysis-freeze-v2,cpu_dlinear_vs_deterministic,dlinear,ewma,0.0,1.033701682753594,1.1046683251753342,-0.1006141415443886,-0.0388957330267224
cpu_core_weighted,weighted_mean_pct,,8,1,independent,independent,,,,,,,,4778,32,5000,1,-0.0675880542579978,-0.0029724399230737,1.1046683251753342,1.0370802709173366,-0.0611840248495132,-0.0816053801326536,-0.0355128855122843,1.0,0.0,False,False,,,,,,,,,,,,,,,,,,,final-robustness-analysis-freeze-v2,cpu_dlinear_vs_deterministic,dlinear,ewma,0.0,1.0370802709173366,1.1046683251753342,-0.0959548426555781,-0.0362950326951669
cpu_core_weighted,weighted_mean_pct,,8,1,independent,independent,,,,,,,,4778,32,5000,2,-0.0652634931868101,0.0222928470487699,1.1046683251753342,1.039404831988524,-0.0590797180469997,-0.0784775805612259,-0.0335953333791739,1.0,0.0,False,False,,,,,,,,,,,,,,,,,,,final-robustness-analysis-freeze-v2,cpu_dlinear_vs_deterministic,dlinear,ewma,0.0,1.039404831988524,1.1046683251753342,-0.0934480596008878,-0.0340449223220853
cpu_core_weighted,weighted_mean_pct,,16,1,independent,independent,,,,,,,,4317,32,5000,0,-0.0689911511767894,-9.68165437482682e-05,1.105875514139072,1.0368843629622824,-0.0623860012222979,-0.0868788201166773,-0.0348628064010086,1.0,0.0,False,False,,,,,,,,,,,,,,,,,,,final-robustness-analysis-freeze-v2,cpu_dlinear_vs_deterministic,dlinear,ewma,0.0,1.0368843629622824,1.105875514139072,-0.1040807088117318,-0.0351331084619225
cpu_core_weighted,weighted_mean_pct,,16,1,independent,independent,,,,,,,,4317,32,5000,1,-0.0711870353422038,-0.0067561321364482,1.105875514139072,1.034688478796868,-0.0643716534384281,-0.0871073652719656,-0.0386507985173626,1.0,0.0,False,False,,,,,,,,,,,,,,,,,,,final-robustness-analysis-freeze-v2,cpu_dlinear_vs_deterministic,dlinear,ewma,0.0,1.034688478796868,1.105875514139072,-0.1035730283281509,-0.0392721012169669
cpu_core_weighted,weighted_mean_pct,,16,1,independent,independent,,,,,,,,4317,32,5000,2,-0.077181232001161,-0.0286835099675695,1.105875514139072,1.0286942821379108,-0.0697919711706854,-0.0919644066618357,-0.0455069101428126,1.0,0.0,False,False,,,,,,,,,,,,,,,,,,,final-robustness-analysis-freeze-v2,cpu_dlinear_vs_deterministic,dlinear,ewma,0.0,1.0286942821379108,1.105875514139072,-0.1080204298940604,-0.04664855792486
cpu_core_weighted,weighted_mean_pct,,1,2,independent,independent,,,,,,,,4852,32,5000,0,-0.0546950514367529,0.0008085610286094,1.4488408409865017,1.3941457895497489,-0.0377509039567876,-0.0580625920364714,-0.0153147478348236,0.9998,0.0004,False,False,,,,,,,,,,,,,,,,,,,final-robustness-analysis-freeze-v2,cpu_dlinear_vs_deterministic,dlinear,ewma,0.0,1.3941457895497489,1.4488408409865017,-0.0885654568022433,-0.0212996298194844
cpu_core_weighted,weighted_mean_pct,,1,2,independent,independent,,,,,,,,4852,32,5000,1,-0.0638591883816139,0.005808809364822,1.4488408409865017,1.3849816526048877,-0.0440760548537083,-0.0661423325614453,-0.0201093427616979,0.9998,0.0004,False,False,,,,,,,,,,,,,,,,,,,final-robustness-analysis-freeze-v2,cpu_dlinear_vs_deterministic,dlinear,ewma,0.0,1.3849816526048877,1.4488408409865017,-0.102212322658328,-0.0271046365436228
cpu_core_weighted,weighted_mean_pct,,1,2,independent,independent,,,,,,,,4852,32,5000,2,-0.0690804719679324,0.0112118268657761,1.4488408409865017,1.3797603690185691,-0.047679821008425,-0.0682278105388841,-0.025158919008539,0.9998,0.0004,False,False,,,,,,,,,,,,,,,,,,,final-robustness-analysis-freeze-v2,cpu_dlinear_vs_deterministic,dlinear,ewma,0.0,1.3797603690185691,1.4488408409865017,-0.106966734130336,-0.033886990897221
cpu_core_weighted,weighted_mean_pct,,8,2,independent,independent,,,,,,,,4341,32,5000,0,-0.0628882114763257,0.0147660883826419,1.4494911511395023,1.3866029396631767,-0.0433864059307204,-0.0644725183352608,-0.0202370013400378,0.9996,0.0008,False,False,,,,,,,,,,,,,,,,,,,final-robustness-analysis-freeze-v2,cpu_dlinear_vs_deterministic,dlinear,ewma,0.0,1.3866029396631767,1.4494911511395023,-0.1005797741906478,-0.0266530643943178
cpu_core_weighted,weighted_mean_pct,,8,2,independent,independent,,,,,,,,4341,32,5000,1,-0.0520908805410688,0.0170333811445444,1.4494911511395023,1.397400270598434,-0.0359373567062607,-0.0599058943305289,-0.0099126213353624,0.9944,0.0112,False,False,,,,,,,,,,,,,,,,,,,final-robustness-analysis-freeze-v2,cpu_dlinear_vs_deterministic,dlinear,ewma,0.0,1.397400270598434,1.4494911511395023,-0.0931103917839675,-0.0133800375152871
cpu_core_weighted,weighted_mean_pct,,8,2,independent,independent,,,,,,,,4341,32,5000,2,-0.0520133829739145,0.0256565054332122,1.4494911511395023,1.397477768165588,-0.035883891345611,-0.0570512349233473,-0.0125559666192826,0.9988,0.0024,False,False,,,,,,,,,,,,,,,,,,,final-robustness-analysis-freeze-v2,cpu_dlinear_vs_deterministic,dlinear,ewma,0.0,1.397477768165588,1.4494911511395023,-0.0876443195414063,-0.0169078329133117
cpu_core_weighted,weighted_mean_pct,,16,2,independent,independent,,,,,,,,3798,32,5000,0,-0.0834903633912287,-0.0030095152456939,1.4696981211174147,1.3862077577261862,-0.0568078316162987,-0.0794744579989359,-0.0313587178484154,1.0,0.0,False,False,,,,,,,,,,,,,,,,,,,final-robustness-analysis-freeze-v2,cpu_dlinear_vs_deterministic,dlinear,ewma,0.0,1.3862077577261862,1.4696981211174147,-0.1274765088360769,-0.0420596535696347
cpu_core_weighted,weighted_mean_pct,,16,2,independent,independent,,,,,,,,3798,32,5000,1,-0.0700722868786846,0.0504247916904379,1.4696981211174147,1.3996258342387302,-0.0476780135130121,-0.0719742437724617,-0.0194681459716489,0.9998,0.0004,False,False,,,,,,,,,,,,,,,,,,,final-robustness-analysis-freeze-v2,cpu_dlinear_vs_deterministic,dlinear,ewma,0.0,1.3996258342387302,1.4696981211174147,-0.1166312379090929,-0.0259005183638145
cpu_core_weighted,weighted_mean_pct,,16,2,independent,independent,,,,,,,,3798,32,5000,2,-0.0643309899117973,0.0261333536175603,1.4696981211174147,1.4053671312056173,-0.0437715670908569,-0.0673242739945572,-0.0168819300305206,0.9988,0.0024,False,False,,,,,,,,,,,,,,,,,,,final-robustness-analysis-freeze-v2,cpu_dlinear_vs_deterministic,dlinear,ewma,0.0,1.4053671312056173,1.4696981211174147,-0.1087415611701206,-0.0229592898031831
cpu_core_weighted,weighted_mean_pct,,1,0,independent,independent,,,,,,,,4847,32,5000,0,-0.0216850840039665,-0.0239274088677499,1.336759005851477,1.3150739218475105,-0.0162221342134544,-0.0249601703948353,-0.0073471781988837,1.0,0.0,False,False,,,,,,,,,,,,,,,,,,,final-robustness-analysis-freeze-v2,cpu_dlinear_vs_deterministic,dlinear,ridge,0.0,1.3150739218475105,1.336759005851477,-0.0323879055702509,-0.0103056756515264
cpu_core_weighted,weighted_mean_pct,,1,0,independent,independent,,,,,,,,4847,32,5000,1,-0.0115483275736285,-0.0149449687686655,1.336759005851477,1.3252106782778483,-0.0086390497637025,-0.016961530845475,-4.842754932168799e-05,0.976,0.048,False,False,,,,,,,,,,,,,,,,,,,final-robustness-analysis-freeze-v2,cpu_dlinear_vs_deterministic,dlinear,ridge,0.0,1.3252106782778483,1.336759005851477,-0.0219599494806663,-7.260132844444325e-05
cpu_core_weighted,weighted_mean_pct,,1,0,independent,independent,,,,,,,,4847,32,5000,2,0.0046905017301824,-0.0217529928185045,1.336759005851477,1.3414495075816597,0.0035088611407519,-0.0122474793248019,0.0191591409585985,0.3076,0.6152,True,True,,,,,,,,,,,,,,,,,,,final-robustness-analysis-freeze-v2,cpu_dlinear_vs_deterministic,dlinear,ridge,0.0,1.3414495075816597,1.336759005851477,-0.0153220250725974,0.0274096988438172
cpu_core_weighted,weighted_mean_pct,,8,0,independent,independent,,,,,,,,4295,32,5000,0,-0.0088316387453274,-0.0285226177727015,1.305772444046933,1.2969408053016054,-0.0067635358561832,-0.0226368118406839,0.0086674512991249,0.7978,0.4044,True,True,,,,,,,,,,,,,,,,,,,final-robustness-analysis-freeze-v2,cpu_dlinear_vs_deterministic,dlinear,ridge,0.0,1.2969408053016054,1.305772444046933,-0.0281921654512962,0.0115838286767434
cpu_core_weighted,weighted_mean_pct,,8,0,independent,independent,,,,,,,,4295,32,5000,1,-0.0026797024198131,-0.0159059131999055,1.305772444046933,1.30309274162712,-0.0020521970976106,-0.0161540233761652,0.0120868035533653,0.5922,0.8156,True,True,,,,,,,,,,,,,,,,,,,final-robustness-analysis-freeze-v2,cpu_dlinear_vs_deterministic,dlinear,ridge,0.0,1.30309274162712,1.305772444046933,-0.0199482447851986,0.016458620470941
cpu_core_weighted,weighted_mean_pct,,8,0,independent,independent,,,,,,,,4295,32,5000,2,0.0297803253853667,-0.0090861813587128,1.305772444046933,1.3355527694322995,0.0228066731850074,0.0027636265650362,0.0423256621519893,0.0138,0.0276,False,False,,,,,,,,,,,,,,,,,,,final-robustness-analysis-freeze-v2,cpu_dlinear_vs_deterministic,dlinear,ridge,0.0,1.3355527694322995,1.305772444046933,0.0034914496100769,0.0587585473331587
cpu_core_weighted,weighted_mean_pct,,16,0,independent,independent,,,,,,,,3707,32,5000,0,-0.0202001771898661,-0.0238018073835633,1.3307644384106914,1.3105642612208253,-0.0151793785637906,-0.0263583816032618,-0.0064394911365842,0.9994,0.0012,False,False,,,,,,,,,,,,,,,,,,,final-robustness-analysis-freeze-v2,cpu_dlinear_vs_deterministic,dlinear,ridge,0.0,1.3105642612208253,1.3307644384106914,-0.0326844182320195,-0.0088842546426389
cpu_core_weighted,weighted_mean_pct,,16,0,independent,independent,,,,,,,,3707,32,5000,1,-0.0088617819351839,-0.0137921790529569,1.3307644384106914,1.3219026564755074,-0.006659166475599,-0.0158199524058978,0.0009108966906282,0.9596,0.0808,True,True,,,,,,,,,,,,,,,,,,,final-robustness-analysis-freeze-v2,cpu_dlinear_vs_deterministic,dlinear,ridge,0.0,1.3219026564755074,1.3307644384106914,-0.0203839868398941,0.0013272551885222
cpu_core_weighted,weighted_mean_pct,,16,0,independent,independent,,,,,,,,3707,32,5000,2,-0.0039161413860236,-0.0221043529532223,1.3307644384106914,1.3268482970246676,-0.0029427758008777,-0.0194616673288988,0.0103067854635363,0.6948,0.6104,True,True,,,,,,,,,,,,,,,,,,,final-robustness-analysis-freeze-v2,cpu_dlinear_vs_deterministic,dlinear,ridge,0.0,1.3268482970246676,1.3307644384106914,-0.0242709526824887,0.0145403137144737
cpu_core_weighted,weighted_mean_pct,,1,1,independent,independent,,,,,,,,5261,32,5000,0,-0.0012950312591373,-0.0151674746557128,1.038625818254724,1.0373307869955866,-0.001246869889402,-0.008035527388164,0.0047764185481233,0.6718,0.6564,True,True,,,,,,,,,,,,,,,,,,,final-robustness-analysis-freeze-v2,cpu_dlinear_vs_deterministic,dlinear,ridge,0.0,1.0373307869955866,1.038625818254724,-0.007549968511541,0.0053866741447403
cpu_core_weighted,weighted_mean_pct,,1,1,independent,independent,,,,,,,,5261,32,5000,1,-0.0104549186035098,-0.0060616525621943,1.038625818254724,1.028170899651214,-0.0100661069845904,-0.0138610691017221,-0.0059219912300267,1.0,0.0,False,False,,,,,,,,,,,,,,,,,,,final-robustness-analysis-freeze-v2,cpu_dlinear_vs_deterministic,dlinear,ridge,0.0,1.028170899651214,1.038625818254724,-0.0141715597953977,-0.00617471827618
cpu_core_weighted,weighted_mean_pct,,1,1,independent,independent,,,,,,,,5261,32,5000,2,-0.0089040924375521,-0.0085779072119871,1.038625818254724,1.0297217258171718,-0.0085729550344842,-0.0132156036758772,-0.0038689059079804,0.9996,0.0008,False,False,,,,,,,,,,,,,,,,,,,final-robustness-analysis-freeze-v2,cpu_dlinear_vs_deterministic,dlinear,ridge,0.0,1.0297217258171718,1.038625818254724,-0.0129457937587757,-0.0042110518352448
cpu_core_weighted,weighted_mean_pct,,8,1,independent,independent,,,,,,,,4778,32,5000,0,-0.0184076533142999,-0.0121313337566595,1.052109336067894,1.033701682753594,-0.0174959509275869,-0.0258793678068032,-0.0092036956074327,0.9998,0.0004,False,False,,,,,,,,,,,,,,,,,,,final-robustness-analysis-freeze-v2,cpu_dlinear_vs_deterministic,dlinear,ridge,0.0,1.033701682753594,1.052109336067894,-0.0269597722935389,-0.0096190424985071
cpu_core_weighted,weighted_mean_pct,,8,1,independent,independent,,,,,,,,4778,32,5000,1,-0.0150290651505577,-0.0153691261511519,1.052109336067894,1.0370802709173366,-0.0142846989712368,-0.0226802153940475,-0.0065406444959189,0.9994,0.0012,False,False,,,,,,,,,,,,,,,,,,,final-robustness-analysis-freeze-v2,cpu_dlinear_vs_deterministic,dlinear,ridge,0.0,1.0370802709173366,1.052109336067894,-0.0224822477503746,-0.0072519601669845
cpu_core_weighted,weighted_mean_pct,,8,1,independent,independent,,,,,,,,4778,32,5000,2,-0.01270450407937,-0.0062308664739401,1.052109336067894,1.039404831988524,-0.0120752697878827,-0.0220301007642729,-0.0020807548203527,0.9896,0.0208,False,False,,,,,,,,,,,,,,,,,,,final-robustness-analysis-freeze-v2,cpu_dlinear_vs_deterministic,dlinear,ridge,0.0,1.039404831988524,1.052109336067894,-0.0229858445721357,-0.0021991107974925
cpu_core_weighted,weighted_mean_pct,,16,1,independent,independent,,,,,,,,4317,32,5000,0,-0.0104559954152506,-0.0111414691865081,1.047340358377533,1.0368843629622824,-0.0099833786902362,-0.0157998742267495,-0.0048997749744076,1.0,0.0,False,False,,,,,,,,,,,,,,,,,,,final-robustness-analysis-freeze-v2,cpu_dlinear_vs_deterministic,dlinear,ridge,0.0,1.0368843629622824,1.047340358377533,-0.0152817195616147,-0.0054713296616454
cpu_core_weighted,weighted_mean_pct,,16,1,independent,independent,,,,,,,,4317,32,5000,1,-0.012651879580665,-0.0138611876209346,1.047340358377533,1.034688478796868,-0.0120800076875338,-0.0213603067453799,-0.0034059829072375,0.9954,0.0092,False,False,,,,,,,,,,,,,,,,,,,final-robustness-analysis-freeze-v2,cpu_dlinear_vs_deterministic,dlinear,ridge,0.0,1.034688478796868,1.047340358377533,-0.0208947672798998,-0.0037305175950901
cpu_core_weighted,weighted_mean_pct,,16,1,independent,independent,,,,,,,,4317,32,5000,2,-0.0186460762396222,-0.0265108896453387,1.047340358377533,1.0286942821379108,-0.0178032633713337,-0.0313845728609282,-0.0064100236601693,0.9986,0.0028,False,False,,,,,,,,,,,,,,,,,,,final-robustness-analysis-freeze-v2,cpu_dlinear_vs_deterministic,dlinear,ridge,0.0,1.0286942821379108,1.047340358377533,-0.0294599194812024,-0.0072280763708919
cpu_core_weighted,weighted_mean_pct,,1,2,independent,independent,,,,,,,,4852,32,5000,0,0.0093634797767652,-0.0173278444298121,1.3847823097729834,1.3941457895497489,0.0067616980016882,-0.0035058043459165,0.0166376802623426,0.0988,0.1976,True,True,,,,,,,,,,,,,,,,,,,final-robustness-analysis-freeze-v2,cpu_dlinear_vs_deterministic,dlinear,ridge,0.0,1.3941457895497489,1.3847823097729834,-0.0045293773632934,0.0250317841105027
cpu_core_weighted,weighted_mean_pct,,1,2,independent,independent,,,,,,,,4852,32,5000,1,0.0001993428319042,-0.0188475642633458,1.3847823097729834,1.3849816526048877,0.0001439524685557,-0.0051419949246182,0.005155574791929,0.4706,0.9412,True,True,,,,,,,,,,,,,,,,,,,final-robustness-analysis-freeze-v2,cpu_dlinear_vs_deterministic,dlinear,ridge,0.0,1.3849816526048877,1.3847823097729834,-0.0065626880919947,0.0076675010209558
cpu_core_weighted,weighted_mean_pct,,1,2,independent,independent,,,,,,,,4852,32,5000,2,-0.0050219407544142,-0.0147728243534326,1.3847823097729834,1.3797603690185691,-0.0036265200089373,-0.0087573109361298,0.0011965528654308,0.9304,0.1392,True,True,,,,,,,,,,,,,,,,,,,final-robustness-analysis-freeze-v2,cpu_dlinear_vs_deterministic,dlinear,ridge,0.0,1.3797603690185691,1.3847823097729834,-0.0113043641465013,0.0017820829897382
cpu_core_weighted,weighted_mean_pct,,8,2,independent,independent,,,,,,,,4341,32,5000,0,0.0041833703547796,-0.0131767948223973,1.382419569308397,1.3866029396631767,0.0030261220599419,-0.0063251332193467,0.0122174911621335,0.2592,0.5184,True,True,,,,,,,,,,,,,,,,,,,final-robustness-analysis-freeze-v2,cpu_dlinear_vs_deterministic,dlinear,ridge,0.0,1.3866029396631767,1.382419569308397,-0.008242844347979,0.0180576084584515
cpu_core_weighted,weighted_mean_pct,,8,2,independent,independent,,,,,,,,4341,32,5000,1,0.0149807012900365,-0.0085867174085447,1.382419569308397,1.397400270598434,0.0108365807477184,0.0048713374674069,0.0166351340601437,0.0004,0.0008,False,False,,,,,,,,,,,,,,,,,,,final-robustness-analysis-freeze-v2,cpu_dlinear_vs_deterministic,dlinear,ridge,0.0,1.397400270598434,1.382419569308397,0.0061867245792625,0.0249154934812945
cpu_core_weighted,weighted_mean_pct,,8,2,independent,independent,,,,,,,,4341,32,5000,2,0.0150581988571908,-0.0151544678184265,1.382419569308397,1.397477768165588,0.010892640115565,-0.003770621374544,0.0255674385567632,0.0738,0.1476,True,True,,,,,,,,,,,,,,,,,,,final-robustness-analysis-freeze-v2,cpu_dlinear_vs_deterministic,dlinear,ridge,0.0,1.397477768165588,1.382419569308397,-0.0048866598213806,0.0373552049232737
cpu_core_weighted,weighted_mean_pct,,16,2,independent,independent,,,,,,,,3798,32,5000,0,-0.0102265496403755,-0.0210073597072375,1.3964343073665615,1.3862077577261862,-0.0073233302751356,-0.0142047432852677,-0.0009036466743298,0.9882,0.0236,False,False,,,,,,,,,,,,,,,,,,,final-robustness-analysis-freeze-v2,cpu_dlinear_vs_deterministic,dlinear,ridge,0.0,1.3862077577261862,1.3964343073665615,-0.0182263895526058,-0.0014010203598434
cpu_core_weighted,weighted_mean_pct,,16,2,independent,independent,,,,,,,,3798,32,5000,1,0.0031915268721684,0.0155477135482646,1.3964343073665615,1.3996258342387302,0.002285483001479,-0.0007178564243899,0.0054725189224941,0.0692,0.1384,True,True,,,,,,,,,,,,,,,,,,,final-robustness-analysis-freeze-v2,cpu_dlinear_vs_deterministic,dlinear,ridge,0.0,1.3996258342387302,1.3964343073665615,-0.0010335365071247,0.0075694742904694
cpu_core_weighted,weighted_mean_pct,,16,2,independent,independent,,,,,,,,3798,32,5000,2,0.0089328238390557,-0.0037967983626827,1.3964343073665615,1.4053671312056173,0.006396880821341,-0.0008061333148659,0.013695667302135,0.0404,0.0808,True,True,,,,,,,,,,,,,,,,,,,final-robustness-analysis-freeze-v2,cpu_dlinear_vs_deterministic,dlinear,ridge,0.0,1.4053671312056173,1.3964343073665615,-0.0010436826765319,0.0201942962507919
cpu_core_weighted,weighted_mean_pct,,1,0,bottom_up,independent,,,,,,,,4847,32,5000,0,-0.0940648191289511,-0.0466765579979089,1.3150739218475105,1.2210091027185592,-0.0715281609392741,-0.0926037780892894,-0.0512135325400868,1.0,0.0,False,False,,,,,,,,,,,,,,,,,,,final-robustness-analysis-freeze-v2,cpu_dlinear_reconciliation,dlinear,dlinear,0.0,1.2210091027185592,1.3150739218475105,-0.1142925633231398,-0.0718930532395526
cpu_core_weighted,weighted_mean_pct,,1,0,bottom_up,independent,,,,,,,,4847,32,5000,1,-0.1050942871187522,-0.0567706861706378,1.3252106782778483,1.2201163911590962,-0.0793038336027638,-0.1009878799615181,-0.0584647760713558,1.0,0.0,False,False,,,,,,,,,,,,,,,,,,,final-robustness-analysis-freeze-v2,cpu_dlinear_reconciliation,dlinear,dlinear,0.0,1.2201163911590962,1.3252106782778483,-0.1254052284556184,-0.0823663645451677
cpu_core_weighted,weighted_mean_pct,,1,0,bottom_up,independent,,,,,,,,4847,32,5000,2,-0.0967416525855819,-0.0553664785385801,1.3414495075816597,1.2447078549960775,-0.0721172522997052,-0.0912882497090588,-0.0538123071909764,1.0,0.0,False,False,,,,,,,,,,,,,,,,,,,final-robustness-analysis-freeze-v2,cpu_dlinear_reconciliation,dlinear,dlinear,0.0,1.2447078549960775,1.3414495075816597,-0.1177713305533875,-0.0749208218484729
cpu_core_weighted,weighted_mean_pct,,8,0,bottom_up,independent,,,,,,,,4295,32,5000,0,-0.0928081073776647,-0.0608441986909769,1.2969408053016054,1.2041326979239406,-0.0715592469589096,-0.093180931300903,-0.0529676083188324,1.0,0.0,False,False,,,,,,,,,,,,,,,,,,,final-robustness-analysis-freeze-v2,cpu_dlinear_reconciliation,dlinear,dlinear,0.0,1.2041326979239406,1.2969408053016054,-0.1134564277329454,-0.0724325848797561
cpu_core_weighted,weighted_mean_pct,,8,0,bottom_up,independent,,,,,,,,4295,32,5000,1,-0.0747025964818906,-0.0527547871224363,1.30309274162712,1.228390145145229,-0.0573271526235442,-0.0791879950617712,-0.0381932939981114,1.0,0.0,False,False,,,,,,,,,,,,,,,,,,,final-robustness-analysis-freeze-v2,cpu_dlinear_reconciliation,dlinear,dlinear,0.0,1.228390145145229,1.30309274162712,-0.096710256152982,-0.052618785551035
cpu_core_weighted,weighted_mean_pct,,8,0,bottom_up,independent,,,,,,,,4295,32,5000,2,-0.0704427781811727,-0.0562561879261456,1.3355527694322995,1.265109991251127,-0.0527442867054333,-0.0731418593012165,-0.0347937158172322,1.0,0.0,False,False,,,,,,,,,,,,,,,,,,,final-robustness-analysis-freeze-v2,cpu_dlinear_reconciliation,dlinear,dlinear,0.0,1.265109991251127,1.3355527694322995,-0.0917656636268395,-0.0495487090703584
cpu_core_weighted,weighted_mean_pct,,16,0,bottom_up,independent,,,,,,,,3707,32,5000,0,-0.0907162597861748,-0.0416165439774456,1.3105642612208253,1.2198480014346502,-0.0692192382094032,-0.0959015286795559,-0.0482581618228772,1.0,0.0,False,False,,,,,,,,,,,,,,,,,,,final-robustness-analysis-freeze-v2,cpu_dlinear_reconciliation,dlinear,dlinear,0.0,1.2198480014346502,1.3105642612208253,-0.1164408105839221,-0.0660339768327981
cpu_core_weighted,weighted_mean_pct,,16,0,bottom_up,independent,,,,,,,,3707,32,5000,1,-0.1003219913660537,-0.0532677864618555,1.3219026564755074,1.2215806651094538,-0.0758921172255867,-0.1033075901935824,-0.0534980655193713,1.0,0.0,False,False,,,,,,,,,,,,,,,,,,,final-robustness-analysis-freeze-v2,cpu_dlinear_reconciliation,dlinear,dlinear,0.0,1.2215806651094538,1.3219026564755074,-0.1272245320252378,-0.0739251371592213
cpu_core_weighted,weighted_mean_pct,,16,0,bottom_up,independent,,,,,,,,3707,32,5000,2,-0.0613260940052097,-0.0362082196251503,1.3268482970246676,1.2655222030194575,-0.0462193712293468,-0.0718136871864934,-0.0254271912112292,1.0,0.0,False,False,,,,,,,,,,,,,,,,,,,final-robustness-analysis-freeze-v2,cpu_dlinear_reconciliation,dlinear,dlinear,0.0,1.2655222030194575,1.3268482970246676,-0.088738155226432,-0.0356776511855303
cpu_core_weighted,weighted_mean_pct,,1,1,bottom_up,independent,,,,,,,,5261,32,5000,0,-0.1226226373279124,-0.0580406775619652,1.0373307869955866,0.914708149667674,-0.1182097734542936,-0.1417521841265584,-0.0990523134123308,1.0,0.0,False,False,,,,,,,,,,,,,,,,,,,final-robustness-analysis-freeze-v2,cpu_dlinear_reconciliation,dlinear,dlinear,0.0,0.914708149667674,1.0373307869955866,-0.1453050778688273,-0.1022787036828998
cpu_core_weighted,weighted_mean_pct,,1,1,bottom_up,independent,,,,,,,,5261,32,5000,1,-0.1109854018320061,-0.0571707978620259,1.028170899651214,0.917185497819208,-0.1079445079311772,-0.1340020877577057,-0.0870567100970159,1.0,0.0,False,False,,,,,,,,,,,,,,,,,,,final-robustness-analysis-freeze-v2,cpu_dlinear_reconciliation,dlinear,dlinear,0.0,0.917185497819208,1.028170899651214,-0.1316299210573011,-0.0924693983431382
cpu_core_weighted,weighted_mean_pct,,1,1,bottom_up,independent,,,,,,,,5261,32,5000,2,-0.1017774537743311,-0.0369247437548869,1.0297217258171718,0.9279442720428408,-0.0988397653682232,-0.1220677291589475,-0.0793452680524238,1.0,0.0,False,False,,,,,,,,,,,,,,,,,,,final-robustness-analysis-freeze-v2,cpu_dlinear_reconciliation,dlinear,dlinear,0.0,0.9279442720428408,1.0297217258171718,-0.1237480399506198,-0.0820588427592404
cpu_core_weighted,weighted_mean_pct,,8,1,bottom_up,independent,,,,,,,,4778,32,5000,0,-0.0975036787432677,-0.0521321926790079,1.033701682753594,0.9361980040103264,-0.0943247750971397,-0.1250371004729721,-0.0713517890697219,1.0,0.0,False,False,,,,,,,,,,,,,,,,,,,final-robustness-analysis-freeze-v2,cpu_dlinear_reconciliation,dlinear,dlinear,0.0,0.9361980040103264,1.033701682753594,-0.1203147407225019,-0.0784630423596545
cpu_core_weighted,weighted_mean_pct,,8,1,bottom_up,independent,,,,,,,,4778,32,5000,1,-0.0969573956035067,-0.0399650020090502,1.0370802709173366,0.9401228753138297,-0.0934907338635844,-0.1190461173148713,-0.0731157413396545,1.0,0.0,False,False,,,,,,,,,,,,,,,,,,,final-robustness-analysis-freeze-v2,cpu_dlinear_reconciliation,dlinear,dlinear,0.0,0.9401228753138297,1.0370802709173366,-0.1195970982841169,-0.0768330627048762
cpu_core_weighted,weighted_mean_pct,,8,1,bottom_up,independent,,,,,,,,4778,32,5000,2,-0.1045305002577429,-0.0566447329805466,1.039404831988524,0.9348743317307808,-0.1005676489474864,-0.1282658417441087,-0.0795521309283284,1.0,0.0,False,False,,,,,,,,,,,,,,,,,,,final-robustness-analysis-freeze-v2,cpu_dlinear_reconciliation,dlinear,dlinear,0.0,0.9348743317307808,1.039404831988524,-0.1253813630751263,-0.0865300970606269
cpu_core_weighted,weighted_mean_pct,,16,1,bottom_up,independent,,,,,,,,4317,32,5000,0,-0.1077071227014425,-0.0447156406345561,1.0368843629622824,0.9291772402608398,-0.1038757324816176,-0.1308228949972756,-0.0821352786721621,1.0,0.0,False,False,,,,,,,,,,,,,,,,,,,final-robustness-analysis-freeze-v2,cpu_dlinear_reconciliation,dlinear,dlinear,0.0,0.9291772402608398,1.0368843629622824,-0.1308802681659429,-0.0863539972761048
cpu_core_weighted,weighted_mean_pct,,16,1,bottom_up,independent,,,,,,,,4317,32,5000,1,-0.1012216682323012,-0.0446124282909758,1.034688478796868,0.9334668105645666,-0.0978281582394746,-0.1250078658724882,-0.0757171399449925,1.0,0.0,False,False,,,,,,,,,,,,,,,,,,,final-robustness-analysis-freeze-v2,cpu_dlinear_reconciliation,dlinear,dlinear,0.0,0.9334668105645666,1.034688478796868,-0.1236668531164381,-0.080759226062374
cpu_core_weighted,weighted_mean_pct,,16,1,bottom_up,independent,,,,,,,,4317,32,5000,2,-0.0846455658099946,-0.0260481116859758,1.0286942821379108,0.944048716327916,-0.0822844719561168,-0.1062027613733583,-0.0616946450525756,1.0,0.0,False,False,,,,,,,,,,,,,,,,,,,final-robustness-analysis-freeze-v2,cpu_dlinear_reconciliation,dlinear,dlinear,0.0,0.944048716327916,1.0286942821379108,-0.1087067857954412,-0.0622903637369898
cpu_core_weighted,weighted_mean_pct,,1,2,bottom_up,independent,,,,,,,,4852,32,5000,0,-0.0714616857010923,-0.0136543468312626,1.3941457895497489,1.3226841038486563,-0.0512584022680809,-0.0663028130968989,-0.03515283190027,1.0,0.0,False,False,,,,,,,,,,,,,,,,,,,final-robustness-analysis-freeze-v2,cpu_dlinear_reconciliation,dlinear,dlinear,0.0,1.3226841038486563,1.3941457895497489,-0.0938337144808434,-0.0489963793376937
cpu_core_weighted,weighted_mean_pct,,1,2,bottom_up,independent,,,,,,,,4852,32,5000,1,-0.0629590921582029,-0.0120712476194011,1.3849816526048877,1.3220225604466844,-0.0454584304707494,-0.0630752238751433,-0.0269700935759689,1.0,0.0,False,False,,,,,,,,,,,,,,,,,,,final-robustness-analysis-freeze-v2,cpu_dlinear_reconciliation,dlinear,dlinear,0.0,1.3220225604466844,1.3849816526048877,-0.0871941057220455,-0.0381912351022268
cpu_core_weighted,weighted_mean_pct,,1,2,bottom_up,independent,,,,,,,,4852,32,5000,2,-0.0839989333445502,-0.0375632127221166,1.3797603690185691,1.295761435674019,-0.0608793637146565,-0.078823520787459,-0.0425826701556003,1.0,0.0,False,False,,,,,,,,,,,,,,,,,,,final-robustness-analysis-freeze-v2,cpu_dlinear_reconciliation,dlinear,dlinear,0.0,1.295761435674019,1.3797603690185691,-0.1063975878228037,-0.0603856558536591
cpu_core_weighted,weighted_mean_pct,,8,2,bottom_up,independent,,,,,,,,4341,32,5000,0,-0.0511926216775908,-0.0059155024980954,1.3866029396631767,1.335410317985586,-0.0369194527238101,-0.0540225896545446,-0.0191844877194259,1.0,0.0,False,False,,,,,,,,,,,,,,,,,,,final-robustness-analysis-freeze-v2,cpu_dlinear_reconciliation,dlinear,dlinear,0.0,1.335410317985586,1.3866029396631767,-0.0716946747548025,-0.027346269089056
cpu_core_weighted,weighted_mean_pct,,8,2,bottom_up,independent,,,,,,,,4341,32,5000,1,-0.0710256907343937,-0.0097703950888154,1.397400270598434,1.3263745798640398,-0.0508270194508958,-0.069108066925742,-0.0302196979383737,1.0,0.0,False,False,,,,,,,,,,,,,,,,,,,final-robustness-analysis-freeze-v2,cpu_dlinear_reconciliation,dlinear,dlinear,0.0,1.3263745798640398,1.397400270598434,-0.0983764808725274,-0.0415287493554728
cpu_core_weighted,weighted_mean_pct,,8,2,bottom_up,independent,,,,,,,,4341,32,5000,2,-0.0603321005452427,-0.0133014547472749,1.397477768165588,1.3371456676203453,-0.0431721362010919,-0.0579287280847663,-0.027259098627529,1.0,0.0,False,False,,,,,,,,,,,,,,,,,,,final-robustness-analysis-freeze-v2,cpu_dlinear_reconciliation,dlinear,dlinear,0.0,1.3371456676203453,1.397477768165588,-0.0818955830994938,-0.0374696756999716
cpu_core_weighted,weighted_mean_pct,,16,2,bottom_up,independent,,,,,,,,3798,32,5000,0,-0.0606507073101677,-0.0200581983296199,1.3862077577261862,1.3255570504160183,-0.0437529706294919,-0.0654471480395372,-0.0229377895411908,1.0,0.0,False,False,,,,,,,,,,,,,,,,,,,final-robustness-analysis-freeze-v2,cpu_dlinear_reconciliation,dlinear,dlinear,0.0,1.3255570504160183,1.3862077577261862,-0.0868903038337504,-0.0332715120002044
cpu_core_weighted,weighted_mean_pct,,16,2,bottom_up,independent,,,,,,,,3798,32,5000,1,-0.0586314054374638,-0.0031723803354541,1.3996258342387302,1.3409944288012663,-0.041890771092657,-0.0638773987938089,-0.0204515954437618,1.0,0.0,False,False,,,,,,,,,,,,,,,,,,,final-robustness-analysis-freeze-v2,cpu_dlinear_reconciliation,dlinear,dlinear,0.0,1.3409944288012663,1.3996258342387302,-0.0857505457601037,-0.0294954417860478
cpu_core_weighted,weighted_mean_pct,,16,2,bottom_up,independent,,,,,,,,3798,32,5000,2,-0.0732232384269618,-0.0091357016456039,1.4053671312056173,1.3321438927786555,-0.0521025693579058,-0.0728155350333213,-0.0313801219104602,1.0,0.0,False,False,,,,,,,,,,,,,,,,,,,final-robustness-analysis-freeze-v2,cpu_dlinear_reconciliation,dlinear,dlinear,0.0,1.3321438927786555,1.4053671312056173,-0.1015988681291603,-0.044729338309762
cpu_core_weighted,weighted_mean_pct,,1,0,wls,independent,,,,,,,,4847,32,5000,0,-0.0830129452042945,-0.0562021772223024,1.3150739218475105,1.2320609766432158,-0.0631241665013568,-0.0778468978828488,-0.0493755496784983,1.0,0.0,False,False,,,,,,,,,,,,,,,,,,,final-robustness-analysis-freeze-v2,cpu_dlinear_reconciliation,dlinear,dlinear,0.0,1.2320609766432158,1.3150739218475105,-0.095867883463565,-0.0693168686398366
cpu_core_weighted,weighted_mean_pct,,1,0,wls,independent,,,,,,,,4847,32,5000,1,-0.090337164178245,-0.0631870048682485,1.3252106782778483,1.2348735140996032,-0.0681681529276846,-0.0835231351598736,-0.0541201366828423,1.0,0.0,False,False,,,,,,,,,,,,,,,,,,,final-robustness-analysis-freeze-v2,cpu_dlinear_reconciliation,dlinear,dlinear,0.0,1.2348735140996032,1.3252106782778483,-0.1033715119047024,-0.0763830899728876
cpu_core_weighted,weighted_mean_pct,,1,0,wls,independent,,,,,,,,4847,32,5000,2,-0.084645633965922,-0.0569140550352216,1.3414495075816597,1.2568038736157374,-0.0631001267565558,-0.0765054870620883,-0.0501579063883187,1.0,0.0,False,False,,,,,,,,,,,,,,,,,,,final-robustness-analysis-freeze-v2,cpu_dlinear_reconciliation,dlinear,dlinear,0.0,1.2568038736157374,1.3414495075816597,-0.0977667791519887,-0.070553127422458
cpu_core_weighted,weighted_mean_pct,,8,0,wls,independent,,,,,,,,4295,32,5000,0,-0.0753597334581577,-0.0516581611805215,1.2969408053016054,1.221581071843448,-0.0581057617665385,-0.0726744225440897,-0.0457793323424481,1.0,0.0,False,False,,,,,,,,,,,,,,,,,,,final-robustness-analysis-freeze-v2,cpu_dlinear_reconciliation,dlinear,dlinear,0.0,1.221581071843448,1.2969408053016054,-0.0884065669323514,-0.0627082821800518
cpu_core_weighted,weighted_mean_pct,,8,0,wls,independent,,,,,,,,4295,32,5000,1,-0.0667765603348748,-0.0529112037217727,1.30309274162712,1.2363161812922452,-0.0512446721570205,-0.0662552487981267,-0.03849093202558,1.0,0.0,False,False,,,,,,,,,,,,,,,,,,,final-robustness-analysis-freeze-v2,cpu_dlinear_reconciliation,dlinear,dlinear,0.0,1.2363161812922452,1.30309274162712,-0.0807334518966286,-0.0530004258039074
cpu_core_weighted,weighted_mean_pct,,8,0,wls,independent,,,,,,,,4295,32,5000,2,-0.0639011865904084,-0.0547438891491545,1.3355527694322995,1.2716515828418913,-0.0478462461783301,-0.0615866459006309,-0.0358132008322023,1.0,0.0,False,False,,,,,,,,,,,,,,,,,,,final-robustness-analysis-freeze-v2,cpu_dlinear_reconciliation,dlinear,dlinear,0.0,1.2716515828418913,1.3355527694322995,-0.0768483503128698,-0.0504570140247243
cpu_core_weighted,weighted_mean_pct,,16,0,wls,independent,,,,,,,,3707,32,5000,0,-0.0794298596506946,-0.0529263518908162,1.3105642612208253,1.2311344015701309,-0.0606073750070855,-0.0784825561810929,-0.0466848169505852,1.0,0.0,False,False,,,,,,,,,,,,,,,,,,,final-robustness-analysis-freeze-v2,cpu_dlinear_reconciliation,dlinear,dlinear,0.0,1.2311344015701309,1.3105642612208253,-0.0951395998756073,-0.0651891188615522
cpu_core_weighted,weighted_mean_pct,,16,0,wls,independent,,,,,,,,3707,32,5000,1,-0.0868785410984802,-0.0615617171716582,1.3219026564755074,1.2350241153770274,-0.0657223439811507,-0.084084654132165,-0.0510906581185176,1.0,0.0,False,False,,,,,,,,,,,,,,,,,,,final-robustness-analysis-freeze-v2,cpu_dlinear_reconciliation,dlinear,dlinear,0.0,1.2350241153770274,1.3219026564755074,-0.1034202612461193,-0.0712640864409147
cpu_core_weighted,weighted_mean_pct,,16,0,wls,independent,,,,,,,,3707,32,5000,2,-0.0612675195342497,-0.0444201000112771,1.3268482970246676,1.2655807774904178,-0.0461752256619211,-0.063479305840328,-0.0328422480881114,1.0,0.0,False,False,,,,,,,,,,,,,,,,,,,final-robustness-analysis-freeze-v2,cpu_dlinear_reconciliation,dlinear,dlinear,0.0,1.2655807774904178,1.3268482970246676,-0.0779767326472326,-0.0456493018212961
cpu_core_weighted,weighted_mean_pct,,1,1,wls,independent,,,,,,,,5261,32,5000,0,-0.1014427878259858,-0.0716289071261568,1.0373307869955866,0.9358879991696007,-0.0977921306276794,-0.1144078431824921,-0.0847649545963958,1.0,0.0,False,False,,,,,,,,,,,,,,,,,,,final-robustness-analysis-freeze-v2,cpu_dlinear_reconciliation,dlinear,dlinear,0.0,0.9358879991696007,1.0373307869955866,-0.1158436515670386,-0.0885895104216631
cpu_core_weighted,weighted_mean_pct,,1,1,wls,independent,,,,,,,,5261,32,5000,1,-0.0925789064136183,-0.0634076663392995,1.028170899651214,0.9355919932375956,-0.090042332889429,-0.108024324316936,-0.0758295559308608,1.0,0.0,False,False,,,,,,,,,,,,,,,,,,,final-robustness-analysis-freeze-v2,cpu_dlinear_reconciliation,dlinear,dlinear,0.0,0.9355919932375956,1.028170899651214,-0.1057051904012938,-0.0806769395457074
cpu_core_weighted,weighted_mean_pct,,1,1,wls,independent,,,,,,,,5261,32,5000,2,-0.0887522325002757,-0.0588899779394727,1.0297217258171718,0.940969493316896,-0.0861905020308698,-0.1022507331329654,-0.0730721063839145,1.0,0.0,False,False,,,,,,,,,,,,,,,,,,,final-robustness-analysis-freeze-v2,cpu_dlinear_reconciliation,dlinear,dlinear,0.0,0.940969493316896,1.0297217258171718,-0.1029337507040506,-0.0761857701965511
cpu_core_weighted,weighted_mean_pct,,8,1,wls,independent,,,,,,,,4778,32,5000,0,-0.0785583906164662,-0.0500475495199794,1.033701682753594,0.9551432921371278,-0.0759971584908335,-0.0969265897763357,-0.060633278083209,1.0,0.0,False,False,,,,,,,,,,,,,,,,,,,final-robustness-analysis-freeze-v2,cpu_dlinear_reconciliation,dlinear,dlinear,0.0,0.9551432921371278,1.033701682753594,-0.0930537485425874,-0.0663701011201701
cpu_core_weighted,weighted_mean_pct,,8,1,wls,independent,,,,,,,,4778,32,5000,1,-0.0828730395389451,-0.0540137618835696,1.0370802709173366,0.9542072313783913,-0.0799099566956768,-0.0971201899437387,-0.0661492567486263,1.0,0.0,False,False,,,,,,,,,,,,,,,,,,,final-robustness-analysis-freeze-v2,cpu_dlinear_reconciliation,dlinear,dlinear,0.0,0.9542072313783913,1.0370802709173366,-0.0968785454784771,-0.0699336971272671
cpu_core_weighted,weighted_mean_pct,,8,1,wls,independent,,,,,,,,4778,32,5000,2,-0.0824453519662143,-0.0501710752929707,1.039404831988524,0.9569594800223096,-0.0793197697652463,-0.0977022279778213,-0.0652455784139424,1.0,0.0,False,False,,,,,,,,,,,,,,,,,,,final-robustness-analysis-freeze-v2,cpu_dlinear_reconciliation,dlinear,dlinear,0.0,0.9569594800223096,1.039404831988524,-0.0956879867175616,-0.0709330890993455
cpu_core_weighted,weighted_mean_pct,,16,1,wls,independent,,,,,,,,4317,32,5000,0,-0.0899768493965253,-0.0591920358877473,1.0368843629622824,0.946907513565757,-0.0867761658006586,-0.1053579461997127,-0.0723190453858994,1.0,0.0,False,False,,,,,,,,,,,,,,,,,,,final-robustness-analysis-freeze-v2,cpu_dlinear_reconciliation,dlinear,dlinear,0.0,0.946907513565757,1.0368843629622824,-0.1051172561674865,-0.0762519029913789
cpu_core_weighted,weighted_mean_pct,,16,1,wls,independent,,,,,,,,4317,32,5000,1,-0.084347213598393,-0.0531475517107375,1.034688478796868,0.950341265198475,-0.0815194286269348,-0.1002152630207027,-0.0671521471763167,1.0,0.0,False,False,,,,,,,,,,,,,,,,,,,final-robustness-analysis-freeze-v2,cpu_dlinear_reconciliation,dlinear,dlinear,0.0,0.950341265198475,1.034688478796868,-0.098824689888332,-0.0712182351499829
cpu_core_weighted,weighted_mean_pct,,16,1,wls,independent,,,,,,,,4317,32,5000,2,-0.0774102525720082,-0.0487052258933471,1.0286942821379108,0.9512840295659024,-0.0752509797285237,-0.0911702619166284,-0.0619513394589161,1.0,0.0,False,False,,,,,,,,,,,,,,,,,,,final-robustness-analysis-freeze-v2,cpu_dlinear_reconciliation,dlinear,dlinear,0.0,0.9512840295659024,1.0286942821379108,-0.0931863967367837,-0.0628294922348065
cpu_core_weighted,weighted_mean_pct,,1,2,wls,independent,,,,,,,,4852,32,5000,0,-0.0728274877982108,-0.0353323318748635,1.3941457895497489,1.321318301751538,-0.0522380717598631,-0.0616923302336848,-0.0426257974291498,1.0,0.0,False,False,,,,,,,,,,,,,,,,,,,final-robustness-analysis-freeze-v2,cpu_dlinear_reconciliation,dlinear,dlinear,0.0,1.321318301751538,1.3941457895497489,-0.0862120871962442,-0.0594600562261849
cpu_core_weighted,weighted_mean_pct,,1,2,wls,independent,,,,,,,,4852,32,5000,1,-0.0779310110556825,-0.0531584911856237,1.3849816526048877,1.3070506415492051,-0.0562686234211904,-0.0679480093694743,-0.0445302089101169,1.0,0.0,False,False,,,,,,,,,,,,,,,,,,,final-robustness-analysis-freeze-v2,cpu_dlinear_reconciliation,dlinear,dlinear,0.0,1.3070506415492051,1.3849816526048877,-0.0925995355413641,-0.0629798750221704
cpu_core_weighted,weighted_mean_pct,,1,2,wls,independent,,,,,,,,4852,32,5000,2,-0.0826334560793024,-0.0538656778052828,1.3797603690185691,1.2971269129392666,-0.0598897155874103,-0.071655024149271,-0.0484401634061871,1.0,0.0,False,False,,,,,,,,,,,,,,,,,,,final-robustness-analysis-freeze-v2,cpu_dlinear_reconciliation,dlinear,dlinear,0.0,1.2971269129392666,1.3797603690185691,-0.0959350033050924,-0.0685660930622016
cpu_core_weighted,weighted_mean_pct,,8,2,wls,independent,,,,,,,,4341,32,5000,0,-0.0570250299602386,-0.031468437811462,1.3866029396631767,1.329577909702938,-0.0411257096960221,-0.0522046776975686,-0.0294604489197636,1.0,0.0,False,False,,,,,,,,,,,,,,,,,,,final-robustness-analysis-freeze-v2,cpu_dlinear_reconciliation,dlinear,dlinear,0.0,1.329577909702938,1.3866029396631767,-0.0699050344812386,-0.0423096142509793
cpu_core_weighted,weighted_mean_pct,,8,2,wls,independent,,,,,,,,4341,32,5000,1,-0.0801976732137117,-0.0465648555941058,1.397400270598434,1.317202597384722,-0.0573906237898231,-0.0693032814080632,-0.0443106780898044,1.0,0.0,False,False,,,,,,,,,,,,,,,,,,,final-robustness-analysis-freeze-v2,cpu_dlinear_reconciliation,dlinear,dlinear,0.0,1.317202597384722,1.397400270598434,-0.0976517141421392,-0.0612202879383087
cpu_core_weighted,weighted_mean_pct,,8,2,wls,independent,,,,,,,,4341,32,5000,2,-0.0618036095057401,-0.0271179181887606,1.397477768165588,1.335674158659848,-0.0442251110633889,-0.053408632782524,-0.0345393211345576,1.0,0.0,False,False,,,,,,,,,,,,,,,,,,,final-robustness-analysis-freeze-v2,cpu_dlinear_reconciliation,dlinear,dlinear,0.0,1.335674158659848,1.397477768165588,-0.0761473748978947,-0.0468627997844403
cpu_core_weighted,weighted_mean_pct,,16,2,wls,independent,,,,,,,,3798,32,5000,0,-0.0660054021792278,-0.0466451845716431,1.3862077577261862,1.3202023555469582,-0.0476158078118804,-0.0626471733849135,-0.0341616893474007,1.0,0.0,False,False,,,,,,,,,,,,,,,,,,,final-robustness-analysis-freeze-v2,cpu_dlinear_reconciliation,dlinear,dlinear,0.0,1.3202023555469582,1.3862077577261862,-0.0817493527597624,-0.0495576593847505
cpu_core_weighted,weighted_mean_pct,,16,2,wls,independent,,,,,,,,3798,32,5000,1,-0.0674900361158117,-0.0281218662242253,1.3996258342387302,1.3321357981229185,-0.0482200560069828,-0.0622793616653416,-0.0344057128844246,1.0,0.0,False,False,,,,,,,,,,,,,,,,,,,final-robustness-analysis-freeze-v2,cpu_dlinear_reconciliation,dlinear,dlinear,0.0,1.3321357981229185,1.3996258342387302,-0.0843962080676255,-0.0495767205303282
cpu_core_weighted,weighted_mean_pct,,16,2,wls,independent,,,,,,,,3798,32,5000,2,-0.0739197307898215,-0.0348141850420136,1.4053671312056173,1.331447400415796,-0.0525981639590562,-0.0658172657675044,-0.0395252607871167,1.0,0.0,False,False,,,,,,,,,,,,,,,,,,,final-robustness-analysis-freeze-v2,cpu_dlinear_reconciliation,dlinear,dlinear,0.0,1.331447400415796,1.4053671312056173,-0.0914652866550638,-0.0561938655732569
cpu_core_weighted,weighted_mean_pct,,1,0,mint,independent,,,,,,,,4847,32,5000,0,-0.0908326723899763,-0.0555062846217238,1.3150739218475105,1.224241249457534,-0.0690703928356879,-0.0864047933760045,-0.0528877970871683,1.0,0.0,False,False,,,,,,,,,,,,,,,,,,,final-robustness-analysis-freeze-v2,cpu_dlinear_reconciliation,dlinear,dlinear,0.0,1.224241249457534,1.3150739218475105,-0.1062382474147356,-0.0744324100554801
cpu_core_weighted,weighted_mean_pct,,1,0,mint,independent,,,,,,,,4847,32,5000,1,-0.1001346589131724,-0.0655267022908487,1.3252106782778483,1.225076019364676,-0.075561313045938,-0.093517612074684,-0.0587504716002025,1.0,0.0,False,False,,,,,,,,,,,,,,,,,,,final-robustness-analysis-freeze-v2,cpu_dlinear_reconciliation,dlinear,dlinear,0.0,1.225076019364676,1.3252106782778483,-0.1160660639934515,-0.0829369365160612
cpu_core_weighted,weighted_mean_pct,,1,0,mint,independent,,,,,,,,4847,32,5000,2,-0.0928192805438189,-0.0572707312483067,1.3414495075816597,1.2486302270378404,-0.0691932719190838,-0.0847397854255051,-0.054185968995392,1.0,0.0,False,False,,,,,,,,,,,,,,,,,,,final-robustness-analysis-freeze-v2,cpu_dlinear_reconciliation,dlinear,dlinear,0.0,1.2486302270378404,1.3414495075816597,-0.1090256950298833,-0.0759389684477956
cpu_core_weighted,weighted_mean_pct,,8,0,mint,independent,,,,,,,,4295,32,5000,0,-0.0874158436001785,-0.0566386180288267,1.2969408053016054,1.209524961701427,-0.067401567783851,-0.0857304073806907,-0.0518560273201706,1.0,0.0,False,False,,,,,,,,,,,,,,,,,,,final-robustness-analysis-freeze-v2,cpu_dlinear_reconciliation,dlinear,dlinear,0.0,1.209524961701427,1.2969408053016054,-0.1042100138194281,-0.0707898628442058
cpu_core_weighted,weighted_mean_pct,,8,0,mint,independent,,,,,,,,4295,32,5000,1,-0.0743529781514837,-0.0542247922443182,1.30309274162712,1.2287397634756363,-0.0570588537379481,-0.0759396779530583,-0.0408564223568658,1.0,0.0,False,False,,,,,,,,,,,,,,,,,,,final-robustness-analysis-freeze-v2,cpu_dlinear_reconciliation,dlinear,dlinear,0.0,1.2287397634756363,1.30309274162712,-0.0921957320869743,-0.0562821722772082
cpu_core_weighted,weighted_mean_pct,,8,0,mint,independent,,,,,,,,4295,32,5000,2,-0.0704161929058318,-0.0585978937574038,1.3355527694322995,1.2651365765264675,-0.0527243808837021,-0.0691863992943312,-0.0381709905852085,1.0,0.0,False,False,,,,,,,,,,,,,,,,,,,final-robustness-analysis-freeze-v2,cpu_dlinear_reconciliation,dlinear,dlinear,0.0,1.2651365765264675,1.3355527694322995,-0.086033724346996,-0.0541529648915762
cpu_core_weighted,weighted_mean_pct,,16,0,mint,independent,,,,,,,,3707,32,5000,0,-0.0883834427723296,-0.0543792134362068,1.3105642612208253,1.2221808184484957,-0.0674392285731934,-0.0886453171569947,-0.050830434191578,1.0,0.0,False,False,,,,,,,,,,,,,,,,,,,final-robustness-analysis-freeze-v2,cpu_dlinear_reconciliation,dlinear,dlinear,0.0,1.2221808184484957,1.3105642612208253,-0.1078556974136193,-0.0704752085329494
cpu_core_weighted,weighted_mean_pct,,16,0,mint,independent,,,,,,,,3707,32,5000,1,-0.0972722859893226,-0.0605466996282317,1.3219026564755074,1.2246303704861847,-0.0735850597718539,-0.0962410505666782,-0.0554209363650995,1.0,0.0,False,False,,,,,,,,,,,,,,,,,,,final-robustness-analysis-freeze-v2,cpu_dlinear_reconciliation,dlinear,dlinear,0.0,1.2246303704861847,1.3219026564755074,-0.1181082851262971,-0.077069954413987
cpu_core_weighted,weighted_mean_pct,,16,0,mint,independent,,,,,,,,3707,32,5000,2,-0.0651746975335083,-0.0468813894653705,1.3268482970246676,1.2616735994911594,-0.0491199315548405,-0.0689128607131652,-0.0335956904540904,1.0,0.0,False,False,,,,,,,,,,,,,,,,,,,final-robustness-analysis-freeze-v2,cpu_dlinear_reconciliation,dlinear,dlinear,0.0,1.2616735994911594,1.3268482970246676,-0.0847722757788402,-0.0469965636081196
cpu_core_weighted,weighted_mean_pct,,1,1,mint,independent,,,,,,,,5261,32,5000,0,-0.1031646033681778,-0.0723800817511395,1.0373307869955866,0.9341661836274088,-0.0994519825898281,-0.1164579481685014,-0.0861665613225491,1.0,0.0,False,False,,,,,,,,,,,,,,,,,,,final-robustness-analysis-freeze-v2,cpu_dlinear_reconciliation,dlinear,dlinear,0.0,0.9341661836274088,1.0373307869955866,-0.1179748049257479,-0.089995738696495
cpu_core_weighted,weighted_mean_pct,,1,1,mint,independent,,,,,,,,5261,32,5000,1,-0.093861731632595,-0.0635799947282027,1.028170899651214,0.934309168018619,-0.0912900099238713,-0.1095450642883449,-0.0768288180900468,1.0,0.0,False,False,,,,,,,,,,,,,,,,,,,final-robustness-analysis-freeze-v2,cpu_dlinear_reconciliation,dlinear,dlinear,0.0,0.934309168018619,1.028170899651214,-0.1072719552904427,-0.0817027850499867
cpu_core_weighted,weighted_mean_pct,,1,1,mint,independent,,,,,,,,5261,32,5000,2,-0.0892928719598955,-0.058677227788582,1.0297217258171718,0.9404288538572764,-0.0867155365582231,-0.1028795394863758,-0.0734794241579237,1.0,0.0,False,False,,,,,,,,,,,,,,,,,,,final-robustness-analysis-freeze-v2,cpu_dlinear_reconciliation,dlinear,dlinear,0.0,0.9404288538572764,1.0297217258171718,-0.1036804798483736,-0.0765695858540285
cpu_core_weighted,weighted_mean_pct,,8,1,mint,independent,,,,,,,,4778,32,5000,0,-0.0799972858081454,-0.0500914905484712,1.033701682753594,0.9537043969454486,-0.0773891415123241,-0.098796255067812,-0.061616991619573,1.0,0.0,False,False,,,,,,,,,,,,,,,,,,,final-robustness-analysis-freeze-v2,cpu_dlinear_reconciliation,dlinear,dlinear,0.0,0.9537043969454486,1.033701682753594,-0.0948621414367904,-0.0674535835758509
cpu_core_weighted,weighted_mean_pct,,8,1,mint,independent,,,,,,,,4778,32,5000,1,-0.0835409138734741,-0.0527646497870346,1.0370802709173366,0.9535393570438622,-0.0805539515273769,-0.0979436235098664,-0.0665994438707611,1.0,0.0,False,False,,,,,,,,,,,,,,,,,,,final-robustness-analysis-freeze-v2,cpu_dlinear_reconciliation,dlinear,dlinear,0.0,0.9535393570438622,1.0370802709173366,-0.0977554223050642,-0.070419386610277
cpu_core_weighted,weighted_mean_pct,,8,1,mint,independent,,,,,,,,4778,32,5000,2,-0.0841672319299583,-0.0509147730443473,1.039404831988524,0.9552376000585656,-0.0809763716115643,-0.0998578023796823,-0.0664809817210672,1.0,0.0,False,False,,,,,,,,,,,,,,,,,,,final-robustness-analysis-freeze-v2,cpu_dlinear_reconciliation,dlinear,dlinear,0.0,0.9552376000585656,1.039404831988524,-0.0978288962600322,-0.0723352554962922
cpu_core_weighted,weighted_mean_pct,,16,1,mint,independent,,,,,,,,4317,32,5000,0,-0.0923425160681351,-0.0605587047224185,1.0368843629622824,0.9445418468941472,-0.089057680264674,-0.1082896723110663,-0.0740674396438175,1.0,0.0,False,False,,,,,,,,,,,,,,,,,,,final-robustness-analysis-freeze-v2,cpu_dlinear_reconciliation,dlinear,dlinear,0.0,0.9445418468941472,1.0368843629622824,-0.108094553645229,-0.0780344776108791
cpu_core_weighted,weighted_mean_pct,,16,1,mint,independent,,,,,,,,4317,32,5000,1,-0.0855106016720981,-0.0542924414642325,1.034688478796868,0.94917787712477,-0.0826438134998173,-0.1016809551753923,-0.068002090799405,1.0,0.0,False,False,,,,,,,,,,,,,,,,,,,final-robustness-analysis-freeze-v2,cpu_dlinear_reconciliation,dlinear,dlinear,0.0,0.94917787712477,1.034688478796868,-0.100323589347812,-0.0720830346463433
cpu_core_weighted,weighted_mean_pct,,16,1,mint,independent,,,,,,,,4317,32,5000,2,-0.0787829646933293,-0.0478046919836026,1.0286942821379108,0.9499113174445812,-0.0765854015729499,-0.0929691435384783,-0.0627976072375372,1.0,0.0,False,False,,,,,,,,,,,,,,,,,,,final-robustness-analysis-freeze-v2,cpu_dlinear_reconciliation,dlinear,dlinear,0.0,0.9499113174445812,1.0286942821379108,-0.0951702580794669,-0.0636175164015856
cpu_core_weighted,weighted_mean_pct,,1,2,mint,independent,,,,,,,,4852,32,5000,0,-0.0758724688818445,-0.0339383816948724,1.3941457895497489,1.318273320667904,-0.0544221913164104,-0.0652267031087855,-0.0429063234970355,1.0,0.0,False,False,,,,,,,,,,,,,,,,,,,final-robustness-analysis-freeze-v2,cpu_dlinear_reconciliation,dlinear,dlinear,0.0,1.318273320667904,1.3941457895497489,-0.091805522134433,-0.0599199768304743
cpu_core_weighted,weighted_mean_pct,,1,2,mint,independent,,,,,,,,4852,32,5000,1,-0.0780460376460179,-0.0397436544167788,1.3849816526048877,1.3069356149588696,-0.0563516762111817,-0.0697389733488339,-0.042702489438664,1.0,0.0,False,False,,,,,,,,,,,,,,,,,,,final-robustness-analysis-freeze-v2,cpu_dlinear_reconciliation,dlinear,dlinear,0.0,1.3069356149588696,1.3849816526048877,-0.0953896020527003,-0.0599877121518779
cpu_core_weighted,weighted_mean_pct,,1,2,mint,independent,,,,,,,,4852,32,5000,2,-0.0868585310056907,-0.0529854050334459,1.3797603690185691,1.2929018380128785,-0.0629518958190353,-0.0766522731311325,-0.0493522480489711,1.0,0.0,False,False,,,,,,,,,,,,,,,,,,,final-robustness-analysis-freeze-v2,cpu_dlinear_reconciliation,dlinear,dlinear,0.0,1.2929018380128785,1.3797603690185691,-0.1028633294373984,-0.0698642774491174
cpu_core_weighted,weighted_mean_pct,,8,2,mint,independent,,,,,,,,4341,32,5000,0,-0.0584466456971075,-0.028423617169087,1.3866029396631767,1.3281562939660692,-0.0421509604698407,-0.0546634291292575,-0.0290547153008005,1.0,0.0,False,False,,,,,,,,,,,,,,,,,,,final-robustness-analysis-freeze-v2,cpu_dlinear_reconciliation,dlinear,dlinear,0.0,1.3281562939660692,1.3866029396631767,-0.0732128344578258,-0.0418503639719811
cpu_core_weighted,weighted_mean_pct,,8,2,mint,independent,,,,,,,,4341,32,5000,1,-0.082026134943125,-0.0408467976887343,1.397400270598434,1.3153741356553086,-0.0586990976522407,-0.0722044133904976,-0.0434788264542152,1.0,0.0,False,False,,,,,,,,,,,,,,,,,,,final-robustness-analysis-freeze-v2,cpu_dlinear_reconciliation,dlinear,dlinear,0.0,1.3153741356553086,1.397400270598434,-0.1023815418449575,-0.0598883285227873
cpu_core_weighted,weighted_mean_pct,,8,2,mint,independent,,,,,,,,4341,32,5000,2,-0.0641121771214866,-0.0263407538186672,1.397477768165588,1.3333655910441014,-0.0458770640807002,-0.0563972699520878,-0.0348285613094977,1.0,0.0,False,False,,,,,,,,,,,,,,,,,,,final-robustness-analysis-freeze-v2,cpu_dlinear_reconciliation,dlinear,dlinear,0.0,1.3333655910441014,1.397477768165588,-0.0802891099418889,-0.0471730195145455
cpu_core_weighted,weighted_mean_pct,,16,2,mint,independent,,,,,,,,3798,32,5000,0,-0.067755365971614,-0.041110195345694,1.3862077577261862,1.3184523917545723,-0.0488782187186385,-0.0656306651991728,-0.033654356737889,1.0,0.0,False,False,,,,,,,,,,,,,,,,,,,final-robustness-analysis-freeze-v2,cpu_dlinear_reconciliation,dlinear,dlinear,0.0,1.3184523917545723,1.3862077577261862,-0.0859633976800045,-0.0487448004691395
cpu_core_weighted,weighted_mean_pct,,16,2,mint,independent,,,,,,,,3798,32,5000,1,-0.0689179572681884,-0.0256542826249235,1.3996258342387302,1.3307078769705416,-0.0492402723515557,-0.0653234262652844,-0.0333736390671983,1.0,0.0,False,False,,,,,,,,,,,,,,,,,,,final-robustness-analysis-freeze-v2,cpu_dlinear_reconciliation,dlinear,dlinear,0.0,1.3307078769705416,1.3996258342387302,-0.0882669060274419,-0.0484196101336043
cpu_core_weighted,weighted_mean_pct,,16,2,mint,independent,,,,,,,,3798,32,5000,2,-0.0769771302611644,-0.0335443565235151,1.4053671312056173,1.3283900009444531,-0.0547736805222762,-0.0698269534967267,-0.0396927296353504,1.0,0.0,False,False,,,,,,,,,,,,,,,,,,,final-robustness-analysis-freeze-v2,cpu_dlinear_reconciliation,dlinear,dlinear,0.0,1.3283900009444531,1.4053671312056173,-0.0974543473172985,-0.0565529130240583
cpu_core_weighted,weighted_mean_pct,,1,0,independent,independent,,,,,,,,4847,32,5000,0,0.205595153141277,0.1143082444191976,1.1094787687062335,1.3150739218475105,0.1853078751394424,0.1396091759006129,0.236925603889568,0.0,0.0,False,False,,,,,,,,,,,,,,,,,,,final-robustness-analysis-freeze-v2,cpu_dlinear_vs_deterministic,dlinear,lightgbm,0.0,1.3150739218475105,1.1094787687062335,0.157856605460178,0.2554965913605349
cpu_core_weighted,weighted_mean_pct,,1,0,independent,independent,,,,,,,,4847,32,5000,1,0.2157319095716151,0.1218509503723996,1.1094787687062335,1.3252106782778483,0.194444378438337,0.1491551301466108,0.2457750965665127,0.0,0.0,False,False,,,,,,,,,,,,,,,,,,,final-robustness-analysis-freeze-v2,cpu_dlinear_vs_deterministic,dlinear,lightgbm,0.0,1.3252106782778483,1.1094787687062335,0.1679985692273402,0.2654369447077237
cpu_core_weighted,weighted_mean_pct,,1,0,independent,independent,,,,,,,,4847,32,5000,2,0.231970738875426,0.1182520666905517,1.1094787687062335,1.3414495075816597,0.2090808273383436,0.1632681271234734,0.2613019322176071,0.0,0.0,False,False,,,,,,,,,,,,,,,,,,,final-robustness-analysis-freeze-v2,cpu_dlinear_vs_deterministic,dlinear,lightgbm,0.0,1.3414495075816597,1.1094787687062335,0.1801829145252012,0.2882091596234784
cpu_core_weighted,weighted_mean_pct,,8,0,independent,independent,,,,,,,,4295,32,5000,0,0.2071663580452953,0.1330451523398998,1.08977444725631,1.2969408053016054,0.1901002162115944,0.136024609702322,0.2480256207802602,0.0,0.0,False,False,,,,,,,,,,,,,,,,,,,final-robustness-analysis-freeze-v2,cpu_dlinear_vs_deterministic,dlinear,lightgbm,0.0,1.2969408053016054,1.08977444725631,0.1528042395647206,0.2620958786061568
cpu_core_weighted,weighted_mean_pct,,8,0,independent,independent,,,,,,,,4295,32,5000,1,0.2133182943708096,0.1318566500017302,1.08977444725631,1.30309274162712,0.1957453626370798,0.1431017648356135,0.2511030311150014,0.0,0.0,False,False,,,,,,,,,,,,,,,,,,,final-robustness-analysis-freeze-v2,cpu_dlinear_vs_deterministic,dlinear,lightgbm,0.0,1.30309274162712,1.08977444725631,0.1597474423230961,0.2673604331077835
cpu_core_weighted,weighted_mean_pct,,8,0,independent,independent,,,,,,,,4295,32,5000,2,0.2457783221759895,0.1562328678826112,1.08977444725631,1.3355527694322995,0.2255313682521899,0.1694274277076377,0.285777775515933,0.0,0.0,False,False,,,,,,,,,,,,,,,,,,,final-robustness-analysis-freeze-v2,cpu_dlinear_vs_deterministic,dlinear,lightgbm,0.0,1.3355527694322995,1.08977444725631,0.1864270436624209,0.3068398111075418
cpu_core_weighted,weighted_mean_pct,,16,0,independent,independent,,,,,,,,3707,32,5000,0,0.1934209634749921,0.1078876465355018,1.117143297745833,1.3105642612208253,0.173138901576258,0.1215154601322492,0.2287423903370679,0.0,0.0,False,False,,,,,,,,,,,,,,,,,,,final-robustness-analysis-freeze-v2,cpu_dlinear_vs_deterministic,dlinear,lightgbm,0.0,1.3105642612208253,1.117143297745833,0.1378525753967651,0.2480483691405585
cpu_core_weighted,weighted_mean_pct,,16,0,independent,independent,,,,,,,,3707,32,5000,1,0.2047593587296743,0.1201218090222573,1.117143297745833,1.3219026564755074,0.1832883562411705,0.1308644193227603,0.2396978649952535,0.0,0.0,False,False,,,,,,,,,,,,,,,,,,,final-robustness-analysis-freeze-v2,cpu_dlinear_vs_deterministic,dlinear,lightgbm,0.0,1.3219026564755074,1.117143297745833,0.1492407160057739,0.2578177869958777
cpu_core_weighted,weighted_mean_pct,,16,0,independent,independent,,,,,,,,3707,32,5000,2,0.2097049992788346,0.1151420935951947,1.117143297745833,1.3268482970246676,0.1877153984649744,0.1345813196248694,0.2436373371952787,0.0,0.0,False,False,,,,,,,,,,,,,,,,,,,final-robustness-analysis-freeze-v2,cpu_dlinear_vs_deterministic,dlinear,lightgbm,0.0,1.3268482970246676,1.117143297745833,0.1505133998984187,0.2677069301025628
cpu_core_weighted,weighted_mean_pct,,1,1,independent,independent,,,,,,,,5261,32,5000,0,0.1915057034989716,0.1206112086972601,0.8458250834966149,1.0373307869955866,0.226412892258164,0.1715267148816222,0.2950542661529653,0.0,0.0,False,False,,,,,,,,,,,,,,,,,,,final-robustness-analysis-freeze-v2,cpu_dlinear_vs_deterministic,dlinear,lightgbm,0.0,1.0373307869955866,0.8458250834966149,0.1510333745187032,0.2356065451868379
cpu_core_weighted,weighted_mean_pct,,1,1,independent,independent,,,,,,,,5261,32,5000,1,0.1823458161545991,0.1236082457164124,0.8458250834966149,1.028170899651214,0.2155833631710083,0.1596516263819327,0.2878788029588352,0.0,0.0,False,False,,,,,,,,,,,,,,,,,,,final-robustness-analysis-freeze-v2,cpu_dlinear_vs_deterministic,dlinear,lightgbm,0.0,1.028170899651214,0.8458250834966149,0.1425570529382142,0.2266283774760977
cpu_core_weighted,weighted_mean_pct,,1,1,independent,independent,,,,,,,,5261,32,5000,2,0.1838966423205568,0.124052028077243,0.8458250834966149,1.0297217258171718,0.2174168701173223,0.1621783264461486,0.2881807669560682,0.0,0.0,False,False,,,,,,,,,,,,,,,,,,,final-robustness-analysis-freeze-v2,cpu_dlinear_vs_deterministic,dlinear,lightgbm,0.0,1.0297217258171718,0.8458250834966149,0.1438974866888448,0.2277079059137171
cpu_core_weighted,weighted_mean_pct,,8,1,independent,independent,,,,,,,,4778,32,5000,0,0.1717723580670165,0.1206347204599562,0.8619293246865776,1.033701682753594,0.1992882167334055,0.1404454293899332,0.2722291454457092,0.0,0.0,False,False,,,,,,,,,,,,,,,,,,,final-robustness-analysis-freeze-v2,cpu_dlinear_vs_deterministic,dlinear,lightgbm,0.0,1.033701682753594,0.8619293246865776,0.1293430331850729,0.2163079834736296
cpu_core_weighted,weighted_mean_pct,,8,1,independent,independent,,,,,,,,4778,32,5000,1,0.1751509462307587,0.1198011488573309,0.8619293246865776,1.0370802709173366,0.2032080139452834,0.1458305195501594,0.2745821932008547,0.0,0.0,False,False,,,,,,,,,,,,,,,,,,,final-robustness-analysis-freeze-v2,cpu_dlinear_vs_deterministic,dlinear,lightgbm,0.0,1.0370802709173366,0.8619293246865776,0.1329576042929359,0.2192865226597365
cpu_core_weighted,weighted_mean_pct,,8,1,independent,independent,,,,,,,,4778,32,5000,2,0.1774755073019464,0.1295851615356524,0.8619293246865776,1.039404831988524,0.2059049416452812,0.1465348524024577,0.2794414619541948,0.0,0.0,False,False,,,,,,,,,,,,,,,,,,,final-robustness-analysis-freeze-v2,cpu_dlinear_vs_deterministic,dlinear,lightgbm,0.0,1.039404831988524,0.8619293246865776,0.134882363032101,0.2225833963983659
cpu_core_weighted,weighted_mean_pct,,16,1,independent,independent,,,,,,,,4317,32,5000,0,0.1720342526051315,0.114289048154478,0.8648501103571508,1.0368843629622824,0.1989179980957484,0.1409563186630749,0.2736897937758297,0.0,0.0,False,False,,,,,,,,,,,,,,,,,,,final-robustness-analysis-freeze-v2,cpu_dlinear_vs_deterministic,dlinear,lightgbm,0.0,1.0368843629622824,0.8648501103571508,0.1297436592482959,0.2209041562721007
cpu_core_weighted,weighted_mean_pct,,16,1,independent,independent,,,,,,,,4317,32,5000,1,0.1698383684397171,0.1127968010017781,0.8648501103571508,1.034688478796868,0.1963789637138165,0.1387327642408494,0.2710303264547316,0.0,0.0,False,False,,,,,,,,,,,,,,,,,,,final-robustness-analysis-freeze-v2,cpu_dlinear_vs_deterministic,dlinear,lightgbm,0.0,1.034688478796868,0.8648501103571508,0.1263951352764161,0.2208970747789871
cpu_core_weighted,weighted_mean_pct,,16,1,independent,independent,,,,,,,,4317,32,5000,2,0.1638441717807599,0.0987683050094321,0.8648501103571508,1.0286942821379108,0.1894480555863008,0.1339566541120593,0.2613923542761986,0.0,0.0,False,False,,,,,,,,,,,,,,,,,,,final-robustness-analysis-freeze-v2,cpu_dlinear_vs_deterministic,dlinear,lightgbm,0.0,1.0286942821379108,0.8648501103571508,0.1212672959783209,0.2147839747264593
cpu_core_weighted,weighted_mean_pct,,1,2,independent,independent,,,,,,,,4852,32,5000,0,0.2449289245792049,0.0969255325909603,1.1492168649705437,1.3941457895497489,0.2131268101303777,0.1700698465938027,0.2590028317622931,0.0,0.0,False,False,,,,,,,,,,,,,,,,,,,final-robustness-analysis-freeze-v2,cpu_dlinear_vs_deterministic,dlinear,lightgbm,0.0,1.3941457895497489,1.1492168649705437,0.1949367007663254,0.2995958746996854
cpu_core_weighted,weighted_mean_pct,,1,2,independent,independent,,,,,,,,4852,32,5000,1,0.2357647876343439,0.1064931388557297,1.1492168649705437,1.3849816526048877,0.2051525650386161,0.1629331344236856,0.2500781046921519,0.0,0.0,False,False,,,,,,,,,,,,,,,,,,,final-robustness-analysis-freeze-v2,cpu_dlinear_vs_deterministic,dlinear,lightgbm,0.0,1.3849816526048877,1.1492168649705437,0.1892152998415614,0.2854402815895565
cpu_core_weighted,weighted_mean_pct,,1,2,independent,independent,,,,,,,,4852,32,5000,2,0.2305435040480255,0.1014048426697524,1.1492168649705437,1.3797603690185691,0.2006092244860457,0.1580844146673289,0.2461957599704158,0.0,0.0,False,False,,,,,,,,,,,,,,,,,,,final-robustness-analysis-freeze-v2,cpu_dlinear_vs_deterministic,dlinear,lightgbm,0.0,1.3797603690185691,1.1492168649705437,0.1843896060327405,0.2801134259554798
cpu_core_weighted,weighted_mean_pct,,8,2,independent,independent,,,,,,,,4341,32,5000,0,0.2544885053484016,0.1037780134439643,1.132114434314775,1.3866029396631767,0.2247904431166745,0.1776150939053882,0.2739843501845721,0.0,0.0,False,False,,,,,,,,,,,,,,,,,,,final-robustness-analysis-freeze-v2,cpu_dlinear_vs_deterministic,dlinear,lightgbm,0.0,1.3866029396631767,1.132114434314775,0.203180827896995,0.3106097075405721
cpu_core_weighted,weighted_mean_pct,,8,2,independent,independent,,,,,,,,4341,32,5000,1,0.2652858362836585,0.1080703453743789,1.132114434314775,1.397400270598434,0.2343277571972887,0.1876786669138959,0.2828877425728023,0.0,0.0,False,False,,,,,,,,,,,,,,,,,,,final-robustness-analysis-freeze-v2,cpu_dlinear_vs_deterministic,dlinear,lightgbm,0.0,1.397400270598434,1.132114434314775,0.2145925189818975,0.3200884832943683
cpu_core_weighted,weighted_mean_pct,,8,2,independent,independent,,,,,,,,4341,32,5000,2,0.2653633338508128,0.1195564568390232,1.132114434314775,1.397477768165588,0.2343962110256344,0.1842993010784631,0.287642913105645,0.0,0.0,False,False,,,,,,,,,,,,,,,,,,,final-robustness-analysis-freeze-v2,cpu_dlinear_vs_deterministic,dlinear,lightgbm,0.0,1.397477768165588,1.132114434314775,0.2087565166410341,0.3268411270729258
cpu_core_weighted,weighted_mean_pct,,16,2,independent,independent,,,,,,,,3798,32,5000,0,0.2312376133080017,0.0940101136174134,1.1549701444181844,1.3862077577261862,0.2002109010570897,0.1561827418354451,0.2474805620506223,0.0,0.0,False,False,,,,,,,,,,,,,,,,,,,final-robustness-analysis-freeze-v2,cpu_dlinear_vs_deterministic,dlinear,lightgbm,0.0,1.3862077577261862,1.1549701444181844,0.1791382662623009,0.2860414044156258
cpu_core_weighted,weighted_mean_pct,,16,2,independent,independent,,,,,,,,3798,32,5000,1,0.2446556898205457,0.1214176915515208,1.1549701444181844,1.3996258342387302,0.2118285836243766,0.1679571987800849,0.2606907775650006,0.0,0.0,False,False,,,,,,,,,,,,,,,,,,,final-robustness-analysis-freeze-v2,cpu_dlinear_vs_deterministic,dlinear,lightgbm,0.0,1.3996258342387302,1.1549701444181844,0.1953782711318103,0.2966692648134682
cpu_core_weighted,weighted_mean_pct,,16,2,independent,independent,,,,,,,,3798,32,5000,2,0.250396986787433,0.1095303372167644,1.1549701444181844,1.4053671312056173,0.2167995320031154,0.1722817979651929,0.2660535978775387,0.0,0.0,False,False,,,,,,,,,,,,,,,,,,,final-robustness-analysis-freeze-v2,cpu_dlinear_vs_deterministic,dlinear,lightgbm,0.0,1.4053671312056173,1.1549701444181844,0.1977783123078502,0.3065291668669724
memory_um,native,,1,0,independent,independent,,,,,,,,8276,32,5000,0,2193181.9978055996,139573343.64203644,1286777035.528772,1288970217.5265772,0.0017043993926301,-0.0280390581847107,0.0403606929319575,0.4152,0.8304,True,True,,,,,,,,,,,,,,,,,,,final-robustness-analysis-freeze-v2,memory_dlinear_vs_ewma,dlinear,ewma,0.0,1288970217.5265772,1286777035.528772,-39218743.51047634,45727324.10738588
memory_um,native,,1,0,independent,independent,,,,,,,,8276,32,5000,1,54865493.40504164,191306075.7777481,1286777035.528772,1341642528.9338136,0.0426379177512255,0.0093298731603967,0.0858986188526037,0.006,0.012,False,False,,,,,,,,,,,,,,,,,,,final-robustness-analysis-freeze-v2,memory_dlinear_vs_ewma,dlinear,ewma,0.0,1341642528.9338136,1286777035.528772,13542334.647839492,97795111.50580284
memory_um,native,,1,0,independent,independent,,,,,,,,8276,32,5000,2,55335202.57103576,162151800.46089935,1286777035.528772,1342112238.0998075,0.0430029453768554,0.0096805596687143,0.0857088634225241,0.0062,0.0124,False,False,,,,,,,,,,,,,,,,,,,final-robustness-analysis-freeze-v2,memory_dlinear_vs_ewma,dlinear,ewma,0.0,1342112238.0998075,1286777035.528772,13401403.1464662,99131298.22813009
memory_um,native,,8,0,independent,independent,,,,,,,,8269,32,5000,0,67269087.63912982,213798148.3243103,1284254786.1130323,1351523873.7521622,0.0523798613534691,0.0165566250925173,0.0980470738788839,0.0012,0.0024,False,False,,,,,,,,,,,,,,,,,,,final-robustness-analysis-freeze-v2,memory_dlinear_vs_ewma,dlinear,ewma,0.0,1351523873.7521622,1284254786.1130323,23955144.12765602,111942776.76652151
memory_um,native,,8,0,independent,independent,,,,,,,,8269,32,5000,1,84283430.65889406,248955095.8775177,1284254786.1130323,1368538216.7719264,0.0656282784150558,0.0287665863637052,0.114679846901639,0.0004,0.0008,False,False,,,,,,,,,,,,,,,,,,,final-robustness-analysis-freeze-v2,memory_dlinear_vs_ewma,dlinear,ewma,0.0,1368538216.7719264,1284254786.1130323,40792087.73339237,128852156.88352604
memory_um,native,,8,0,independent,independent,,,,,,,,8269,32,5000,2,316452950.27702713,358806813.42652893,1284254786.1130323,1600707736.3900597,0.2464097885395576,0.1975406485469439,0.3079756838665339,0.0,0.0,False,False,,,,,,,,,,,,,,,,,,,final-robustness-analysis-freeze-v2,memory_dlinear_vs_ewma,dlinear,ewma,0.0,1600707736.3900597,1284254786.1130323,275291787.734716,359321101.4291801
memory_um,native,,16,0,independent,independent,,,,,,,,8261,32,5000,0,71538532.23208962,221636015.3709564,1278392838.9775565,1349931371.2096462,0.0559597410521364,0.0185564162826448,0.1006996256531933,0.0012,0.0024,False,False,,,,,,,,,,,,,,,,,,,final-robustness-analysis-freeze-v2,memory_dlinear_vs_ewma,dlinear,ewma,0.0,1349931371.2096462,1278392838.9775565,26644767.69455031,114543739.58725011
memory_um,native,,16,0,independent,independent,,,,,,,,8261,32,5000,1,73068010.02844414,216286443.9049225,1278392838.9775565,1351460849.0060005,0.0571561477823069,0.0200324497630472,0.1017689046678747,0.001,0.002,False,False,,,,,,,,,,,,,,,,,,,final-robustness-analysis-freeze-v2,memory_dlinear_vs_ewma,dlinear,ewma,0.0,1351460849.0060005,1278392838.9775565,28522011.19856772,115165712.68555924
memory_um,native,,16,0,independent,independent,,,,,,,,8261,32,5000,2,115104181.6150212,197357730.24725345,1278392838.9775565,1393497020.5925777,0.0900381933514898,0.0521224766002752,0.1352297014589177,0.0,0.0,False,False,,,,,,,,,,,,,,,,,,,final-robustness-analysis-freeze-v2,memory_dlinear_vs_ewma,dlinear,ewma,0.0,1393497020.5925777,1278392838.9775565,72720060.8086325,156030986.1464682
memory_um,native,,1,1,independent,independent,,,,,,,,8276,32,5000,0,2055620.8106433395,30280663.965286255,834534180.4979616,836589801.3086051,0.0024631954672207,-0.0334597181355204,0.0439208495663166,0.4644,0.9288,True,True,,,,,,,,,,,,,,,,,,,final-robustness-analysis-freeze-v2,memory_dlinear_vs_ewma,dlinear,ewma,0.0,836589801.3086051,834534180.4979616,-30243031.06619686,33117246.537261385
memory_um,native,,1,1,independent,independent,,,,,,,,8276,32,5000,1,507840.4070519695,43214286.457336426,834534180.4979616,835042020.9050137,0.0006085315843491,-0.034339902724653,0.0412914746368852,0.4994,0.9988,True,True,,,,,,,,,,,,,,,,,,,final-robustness-analysis-freeze-v2,memory_dlinear_vs_ewma,dlinear,ewma,0.0,835042020.9050137,834534180.4979616,-31215998.03860156,30801408.44520243
memory_um,native,,1,1,independent,independent,,,,,,,,8276,32,5000,2,1699310.4908649707,31118401.39125824,834534180.4979616,836233490.9888268,0.0020362383357995,-0.0334243302709423,0.0430823086825439,0.4754,0.9508,True,True,,,,,,,,,,,,,,,,,,,final-robustness-analysis-freeze-v2,memory_dlinear_vs_ewma,dlinear,ewma,0.0,836233490.9888268,834534180.4979616,-30471550.54412749,32195308.988882378
memory_um,native,,8,1,independent,independent,,,,,,,,8269,32,5000,0,1042191.057105316,27526035.040878296,835071934.4879591,836114125.5450646,0.0012480254862646,-0.0343489022539677,0.0419611572008764,0.4966,0.9932,True,True,,,,,,,,,,,,,,,,,,,final-robustness-analysis-freeze-v2,memory_dlinear_vs_ewma,dlinear,ewma,0.0,836114125.5450646,835071934.4879591,-31089414.10338684,31454318.12715434
memory_um,native,,8,1,independent,independent,,,,,,,,8269,32,5000,1,11368910.751736617,28128830.87324524,835071934.4879591,846440845.2396958,0.0136142891195447,-0.0251581231724428,0.0572082062388236,0.2608,0.5216,True,True,,,,,,,,,,,,,,,,,,,final-robustness-analysis-freeze-v2,memory_dlinear_vs_ewma,dlinear,ewma,0.0,846440845.2396958,835071934.4879591,-22442771.47851593,43256377.45411384
memory_um,native,,8,1,independent,independent,,,,,,,,8269,32,5000,2,2369449.5330705126,35256657.68734741,835071934.4879591,837441384.0210297,0.0028374196703465,-0.0327482941072071,0.0442054291299499,0.458,0.916,True,True,,,,,,,,,,,,,,,,,,,final-robustness-analysis-freeze-v2,memory_dlinear_vs_ewma,dlinear,ewma,0.0,837441384.0210297,835071934.4879591,-29974451.12257857,32365032.92068027
memory_um,native,,16,1,independent,independent,,,,,,,,8261,32,5000,0,10868729.596072262,48392788.48832703,835569802.7322348,846438532.3283072,0.0130075662865418,-0.0228057522061578,0.0571366320071896,0.2564,0.5128,True,True,,,,,,,,,,,,,,,,,,,final-robustness-analysis-freeze-v2,memory_dlinear_vs_ewma,dlinear,ewma,0.0,846438532.3283072,835569802.7322348,-20492813.79758797,41748891.047471665
memory_um,native,,16,1,independent,independent,,,,,,,,8261,32,5000,1,13218465.511775684,63714933.00393677,835569802.7322348,848788268.2440104,0.0158197022780772,-0.0176701608214984,0.0587085047054421,0.2022,0.4044,True,True,,,,,,,,,,,,,,,,,,,final-robustness-analysis-freeze-v2,memory_dlinear_vs_ewma,dlinear,ewma,0.0,848788268.2440104,835569802.7322348,-16367524.371224876,43026706.97559879
memory_um,native,,16,1,independent,independent,,,,,,,,8261,32,5000,2,24616870.301186822,75872416.05892944,835569802.7322348,860186673.0334218,0.029461177535009,-0.0073761944915981,0.0756045887426953,0.067,0.134,True,True,,,,,,,,,,,,,,,,,,,final-robustness-analysis-freeze-v2,memory_dlinear_vs_ewma,dlinear,ewma,0.0,860186673.0334218,835569802.7322348,-6911155.643511164,55444331.62473291
memory_um,native,,1,2,independent,independent,,,,,,,,8279,32,5000,0,13834811.466490932,32180918.077178955,1034898874.6414587,1048733686.1079496,0.0133682737564904,-0.0246217256645951,0.0571575034389264,0.251,0.502,True,True,,,,,,,,,,,,,,,,,,,final-robustness-analysis-freeze-v2,memory_dlinear_vs_ewma,dlinear,ewma,0.0,1048733686.1079496,1034898874.6414587,-27449575.783401147,55482669.363278136
memory_um,native,,1,2,independent,independent,,,,,,,,8279,32,5000,1,25179752.84409979,40978976.272369385,1034898874.6414587,1060078627.4855586,0.0243306408588214,-0.0148221673228403,0.0692140260585575,0.1068,0.2136,True,True,,,,,,,,,,,,,,,,,,,final-robustness-analysis-freeze-v2,memory_dlinear_vs_ewma,dlinear,ewma,0.0,1060078627.4855586,1034898874.6414587,-16294068.853845423,66413489.01581964
memory_um,native,,1,2,independent,independent,,,,,,,,8279,32,5000,2,12958719.720338011,51527868.873565674,1034898874.6414587,1047857594.3617969,0.0125217255887224,-0.024975700341919,0.0556362179348046,0.2664,0.5328,True,True,,,,,,,,,,,,,,,,,,,final-robustness-analysis-freeze-v2,memory_dlinear_vs_ewma,dlinear,ewma,0.0,1047857594.3617969,1034898874.6414587,-28313938.39154669,53439370.28245068
memory_um,native,,8,2,independent,independent,,,,,,,,8272,32,5000,0,11450050.622356774,40111376.62970734,1035591176.3913442,1047041227.013701,0.0110565355165114,-0.0253040842695257,0.0533008801460773,0.2796,0.5592,True,True,,,,,,,,,,,,,,,,,,,final-robustness-analysis-freeze-v2,memory_dlinear_vs_ewma,dlinear,ewma,0.0,1047041227.013701,1035591176.3913442,-28575489.06076853,51216551.882209495
memory_um,native,,8,2,independent,independent,,,,,,,,8272,32,5000,1,7942948.029102241,49171287.08151245,1035591176.3913442,1043534124.4204464,0.0076699649535258,-0.0278352311538449,0.049082620925669,0.3414,0.6828,True,True,,,,,,,,,,,,,,,,,,,final-robustness-analysis-freeze-v2,memory_dlinear_vs_ewma,dlinear,ewma,0.0,1043534124.4204464,1035591176.3913442,-31847753.565397464,46866143.84894064
memory_um,native,,8,2,independent,independent,,,,,,,,8272,32,5000,2,29610805.55155992,49695282.42645264,1035591176.3913442,1065201981.942904,0.0285931419913625,-0.0110803552079493,0.0752251534118252,0.082,0.164,True,True,,,,,,,,,,,,,,,,,,,final-robustness-analysis-freeze-v2,memory_dlinear_vs_ewma,dlinear,ewma,0.0,1065201981.942904,1035591176.3913442,-12609968.254244408,72567394.46721442
memory_um,native,,16,2,independent,independent,,,,,,,,8264,32,5000,0,19914619.511021115,35922846.5765686,1036338955.8872705,1056253575.3982916,0.0192163185586042,-0.0193917038461612,0.0627904242937453,0.1652,0.3304,True,True,,,,,,,,,,,,,,,,,,,final-robustness-analysis-freeze-v2,memory_dlinear_vs_ewma,dlinear,ewma,0.0,1056253575.3982916,1036338955.8872705,-21105045.703140978,61384371.0353496
memory_um,native,,16,2,independent,independent,,,,,,,,8264,32,5000,1,25467523.154858775,41594349.42727661,1036338955.8872705,1061806479.0421292,0.0245745110807443,-0.0139028531513645,0.0684072393450513,0.1088,0.2176,True,True,,,,,,,,,,,,,,,,,,,final-robustness-analysis-freeze-v2,memory_dlinear_vs_ewma,dlinear,ewma,0.0,1061806479.0421292,1036338955.8872705,-15803394.852972263,66547037.08419182
memory_um,native,,16,2,independent,independent,,,,,,,,8264,32,5000,2,21608426.647398204,40635285.16279602,1036338955.8872705,1057947382.5346688,0.0208507327883838,-0.0175822916563015,0.0643320871674003,0.1464,0.2928,True,True,,,,,,,,,,,,,,,,,,,final-robustness-analysis-freeze-v2,memory_dlinear_vs_ewma,dlinear,ewma,0.0,1057947382.5346688,1036338955.8872705,-19647183.136284247,62694448.43951258
memory_um,native,,1,0,bottom_up,independent,,,,,,,,8276,32,5000,0,5618216.805273066,5173099.684234619,1288970217.5265772,1294588434.3318503,0.004358686282181,-0.0100209676486132,0.017860355653773,0.2804,0.5608,True,True,,,,,,,,,,,,,,,,,,,final-robustness-analysis-freeze-v2,memory_dlinear_reconciliation,dlinear,dlinear,0.0,1294588434.3318503,1288970217.5265772,-12574363.032415455,23284331.994573288
memory_um,native,,1,0,bottom_up,independent,,,,,,,,8276,32,5000,1,-59142193.84412232,-42495486.223335266,1341642528.9338136,1282500335.0896914,-0.0440819313406245,-0.0591749289266371,-0.0306205438869153,1.0,0.0,False,False,,,,,,,,,,,,,,,,,,,final-robustness-analysis-freeze-v2,memory_dlinear_reconciliation,dlinear,dlinear,0.0,1282500335.0896914,1341642528.9338136,-76773028.47741836,-41711578.88347136
memory_um,native,,1,0,bottom_up,independent,,,,,,,,8276,32,5000,2,-4255122.569367735,-4369046.378486633,1342112238.0998075,1337857115.53044,-0.003170467006092,-0.0193163318386431,0.0117383315119669,0.6746,0.6508,True,True,,,,,,,,,,,,,,,,,,,final-robustness-analysis-freeze-v2,memory_dlinear_reconciliation,dlinear,dlinear,0.0,1337857115.53044,1342112238.0998075,-25384989.451875824,15768826.986158594
memory_um,native,,8,0,bottom_up,independent,,,,,,,,8269,32,5000,0,-100924848.2096304,-109108667.85430908,1351523873.7521622,1250599025.5425315,-0.0746748541921336,-0.0924961549142144,-0.0596222308611886,1.0,0.0,False,False,,,,,,,,,,,,,,,,,,,final-robustness-analysis-freeze-v2,memory_dlinear_reconciliation,dlinear,dlinear,0.0,1250599025.5425315,1351523873.7521622,-117567167.97228906,-84822572.00224662
memory_um,native,,8,0,bottom_up,independent,,,,,,,,8269,32,5000,1,-113833395.11627547,-130626310.79951476,1368538216.7719264,1254704821.655651,-0.0831788208185978,-0.1032093226121532,-0.0655252113222479,1.0,0.0,False,False,,,,,,,,,,,,,,,,,,,final-robustness-analysis-freeze-v2,memory_dlinear_reconciliation,dlinear,dlinear,0.0,1254704821.655651,1368538216.7719264,-133740988.07866788,-94072406.33441363
memory_um,native,,8,0,bottom_up,independent,,,,,,,,8269,32,5000,2,-219815784.5496853,-228618729.80010983,1600707736.3900597,1380891951.8403738,-0.1373241220445508,-0.1609055345814254,-0.1176368950032372,1.0,0.0,False,False,,,,,,,,,,,,,,,,,,,final-robustness-analysis-freeze-v2,memory_dlinear_reconciliation,dlinear,dlinear,0.0,1380891951.8403738,1600707736.3900597,-243101214.8905563,-195662480.0838126
memory_um,native,,16,0,bottom_up,independent,,,,,,,,8261,32,5000,0,-104849245.6117322,-115017915.20491028,1349931371.2096462,1245082125.597914,-0.0776700563064764,-0.0958323722520203,-0.060943306769578,1.0,0.0,False,False,,,,,,,,,,,,,,,,,,,final-robustness-analysis-freeze-v2,memory_dlinear_reconciliation,dlinear,dlinear,0.0,1245082125.597914,1349931371.2096462,-121847971.98445398,-86943693.49989624
memory_um,native,,16,0,bottom_up,independent,,,,,,,,8261,32,5000,1,-59596675.580494426,-47603809.00930786,1351460849.0060005,1291864173.4255064,-0.0440979667478549,-0.0584139001288995,-0.0303919120160745,1.0,0.0,False,False,,,,,,,,,,,,,,,,,,,final-robustness-analysis-freeze-v2,memory_dlinear_reconciliation,dlinear,dlinear,0.0,1291864173.4255064,1351460849.0060005,-76373607.64660405,-42566263.04917343
memory_um,native,,16,0,bottom_up,independent,,,,,,,,8261,32,5000,2,6801285.945792118,-42054286.83538818,1393497020.5925777,1400298306.5383697,0.0048807323196858,-0.0153508260744335,0.024403314396525,0.316,0.632,True,True,,,,,,,,,,,,,,,,,,,final-robustness-analysis-freeze-v2,memory_dlinear_reconciliation,dlinear,dlinear,0.0,1400298306.5383697,1393497020.5925777,-20477506.21996045,35931569.59379102
memory_um,native,,1,1,bottom_up,independent,,,,,,,,8276,32,5000,0,-37101931.038987346,-11900938.176773071,836589801.3086051,799487870.2696177,-0.0443490118824685,-0.0606403135611069,-0.0285907373144347,1.0,0.0,False,False,,,,,,,,,,,,,,,,,,,final-robustness-analysis-freeze-v2,memory_dlinear_reconciliation,dlinear,dlinear,0.0,799487870.2696177,836589801.3086051,-50743957.11649018,-23878646.530726857
memory_um,native,,1,1,bottom_up,independent,,,,,,,,8276,32,5000,1,-45253933.08624669,-23955150.63017273,835042020.9050137,789788087.818767,-0.0541935997869912,-0.0713676036444838,-0.0378920244398545,1.0,0.0,False,False,,,,,,,,,,,,,,,,,,,final-robustness-analysis-freeze-v2,memory_dlinear_reconciliation,dlinear,dlinear,0.0,789788087.818767,835042020.9050137,-58271271.08220163,-32101928.652245272
memory_um,native,,1,1,bottom_up,independent,,,,,,,,8276,32,5000,2,-32047210.471001983,-14168892.786766052,836233490.9888268,804186280.5178248,-0.0383232802995092,-0.0546064356883913,-0.0222430686756143,1.0,0.0,False,False,,,,,,,,,,,,,,,,,,,final-robustness-analysis-freeze-v2,memory_dlinear_reconciliation,dlinear,dlinear,0.0,804186280.5178248,836233490.9888268,-44853552.3315989,-18983443.76592385
memory_um,native,,8,1,bottom_up,independent,,,,,,,,8269,32,5000,0,-37569046.84032168,-16565873.367782593,836114125.5450646,798545078.7047428,-0.0449329172806766,-0.0607328717786086,-0.0291295520992021,1.0,0.0,False,False,,,,,,,,,,,,,,,,,,,final-robustness-analysis-freeze-v2,memory_dlinear_reconciliation,dlinear,dlinear,0.0,798545078.7047428,836114125.5450646,-50906719.04108427,-24389458.49100973
memory_um,native,,8,1,bottom_up,independent,,,,,,,,8269,32,5000,1,-32305027.925698142,1171404.46244812,846440845.2396958,814135817.3139976,-0.0381657242882105,-0.0538899520373718,-0.021945470765611,1.0,0.0,False,False,,,,,,,,,,,,,,,,,,,final-robustness-analysis-freeze-v2,memory_dlinear_reconciliation,dlinear,dlinear,0.0,814135817.3139976,846440845.2396958,-47056194.42376702,-17918955.87308043
memory_um,native,,8,1,bottom_up,independent,,,,,,,,8269,32,5000,2,-27426357.21881806,-11790241.89942932,837441384.0210297,810015026.8022116,-0.0327501813764309,-0.0504207290493385,-0.0153747411804821,1.0,0.0,False,False,,,,,,,,,,,,,,,,,,,final-robustness-analysis-freeze-v2,memory_dlinear_reconciliation,dlinear,dlinear,0.0,810015026.8022116,837441384.0210297,-41675644.88803038,-12897734.6469565
memory_um,native,,16,1,bottom_up,independent,,,,,,,,8261,32,5000,0,-40818421.06281064,-29257916.57623291,846438532.3283072,805620111.2654964,-0.0482237274223929,-0.0663073923148127,-0.0318920316223034,1.0,0.0,False,False,,,,,,,,,,,,,,,,,,,final-robustness-analysis-freeze-v2,memory_dlinear_reconciliation,dlinear,dlinear,0.0,805620111.2654964,846438532.3283072,-53585792.10225793,-27939357.30374915
memory_um,native,,16,1,bottom_up,independent,,,,,,,,8261,32,5000,1,-54536922.221832305,-38419136.38272095,848788268.2440104,794251346.0221783,-0.0642526814545391,-0.083584983124143,-0.0468573113556612,1.0,0.0,False,False,,,,,,,,,,,,,,,,,,,final-robustness-analysis-freeze-v2,memory_dlinear_reconciliation,dlinear,dlinear,0.0,794251346.0221783,848788268.2440104,-67900051.24574167,-41017263.362068444
memory_um,native,,16,1,bottom_up,independent,,,,,,,,8261,32,5000,2,-53545071.01829944,-42938976.48902893,860186673.0334218,806641602.0151223,-0.0622481987886122,-0.0840806335577906,-0.042874553540569,1.0,0.0,False,False,,,,,,,,,,,,,,,,,,,final-robustness-analysis-freeze-v2,memory_dlinear_reconciliation,dlinear,dlinear,0.0,806641602.0151223,860186673.0334218,-68416154.46017194,-38679568.028148554
memory_um,native,,1,2,bottom_up,independent,,,,,,,,8279,32,5000,0,39088012.658895634,38860678.49847412,1048733686.1079496,1087821698.7668452,0.0372716288002139,0.0158999655913403,0.0586810121214407,0.0002,0.0004,False,False,,,,,,,,,,,,,,,,,,,final-robustness-analysis-freeze-v2,memory_dlinear_reconciliation,dlinear,dlinear,0.0,1087821698.7668452,1048733686.1079496,16350999.116038324,61478950.40194551
memory_um,native,,1,2,bottom_up,independent,,,,,,,,8279,32,5000,1,28892030.993129093,16436750.85244751,1060078627.4855586,1088970658.4786875,0.0272546113505365,0.0060685886749791,0.0479227375433849,0.0054,0.0108,False,False,,,,,,,,,,,,,,,,,,,final-robustness-analysis-freeze-v2,memory_dlinear_reconciliation,dlinear,dlinear,0.0,1088970658.4786875,1060078627.4855586,6149729.282754315,52118747.25940018
memory_um,native,,1,2,bottom_up,independent,,,,,,,,8279,32,5000,2,42066525.182699226,7849964.790527344,1047857594.3617969,1089924119.544496,0.0401452691749779,0.019095152585829,0.0605470222700911,0.0,0.0,False,False,,,,,,,,,,,,,,,,,,,final-robustness-analysis-freeze-v2,memory_dlinear_reconciliation,dlinear,dlinear,0.0,1089924119.544496,1047857594.3617969,19347646.29800009,66055598.848696314
memory_um,native,,8,2,bottom_up,independent,,,,,,,,8272,32,5000,0,55921437.1406579,39036925.942741394,1047041227.013701,1102962664.1543586,0.053409011696849,0.0338274502857811,0.0727872697150738,0.0,0.0,False,False,,,,,,,,,,,,,,,,,,,final-robustness-analysis-freeze-v2,memory_dlinear_reconciliation,dlinear,dlinear,0.0,1102962664.1543586,1047041227.013701,35304477.181518026,77081816.23179087
memory_um,native,,8,2,bottom_up,independent,,,,,,,,8272,32,5000,1,53301261.85944866,12967401.491722109,1043534124.4204464,1096835386.279895,0.0510776414609832,0.0300569808894186,0.0724796890172792,0.0,0.0,False,False,,,,,,,,,,,,,,,,,,,final-robustness-analysis-freeze-v2,memory_dlinear_reconciliation,dlinear,dlinear,0.0,1096835386.279895,1043534124.4204464,30404333.006079733,77833872.1889149
memory_um,native,,8,2,bottom_up,independent,,,,,,,,8272,32,5000,2,77843367.86859562,82677430.74643707,1065201981.942904,1143045349.8114996,0.0730785045354601,0.0506131392859166,0.0958691498020055,0.0,0.0,False,False,,,,,,,,,,,,,,,,,,,final-robustness-analysis-freeze-v2,memory_dlinear_reconciliation,dlinear,dlinear,0.0,1143045349.8114996,1065201981.942904,54764951.43489431,100802458.14226608
memory_um,native,,16,2,bottom_up,independent,,,,,,,,8264,32,5000,0,58015294.53876856,46727899.8031311,1056253575.3982916,1114268869.93706,0.0549255367177263,0.0340979738745372,0.0747131584752613,0.0,0.0,False,False,,,,,,,,,,,,,,,,,,,final-robustness-analysis-freeze-v2,memory_dlinear_reconciliation,dlinear,dlinear,0.0,1114268869.93706,1056253575.3982916,35752774.11623618,80085831.82523401
memory_um,native,,16,2,bottom_up,independent,,,,,,,,8264,32,5000,1,47814636.12124658,32235543.856384277,1061806479.0421292,1109621115.1633756,0.0450314036173341,0.0240628083987378,0.0656633037933836,0.0,0.0,False,False,,,,,,,,,,,,,,,,,,,final-robustness-analysis-freeze-v2,memory_dlinear_reconciliation,dlinear,dlinear,0.0,1109621115.1633756,1061806479.0421292,25503154.412840538,70363270.10927168
memory_um,native,,16,2,bottom_up,independent,,,,,,,,8264,32,5000,2,66444678.08891529,55877637.764671326,1057947382.5346688,1124392060.6235838,0.0628052766950703,0.0414634642299842,0.0837047374990274,0.0,0.0,False,False,,,,,,,,,,,,,,,,,,,final-robustness-analysis-freeze-v2,memory_dlinear_reconciliation,dlinear,dlinear,0.0,1124392060.6235838,1057947382.5346688,43941925.19061882,88992320.88430579
memory_um,native,,1,0,wls,independent,,,,,,,,8276,32,5000,0,-16348740.152555935,-3743953.434364319,1288970217.5265772,1272621477.3740215,-0.0126835670291341,-0.0227239483031103,-0.0033557826408164,0.996,0.008,False,False,,,,,,,,,,,,,,,,,,,final-robustness-analysis-freeze-v2,memory_dlinear_reconciliation,dlinear,dlinear,0.0,1272621477.3740215,1288970217.5265772,-29161792.46281955,-4319190.714430463
memory_um,native,,1,0,wls,independent,,,,,,,,8276,32,5000,1,-61334197.15805832,-37025732.45915222,1341642528.9338136,1280308331.775755,-0.0457157520243487,-0.055925431344517,-0.0366085765313911,1.0,0.0,False,False,,,,,,,,,,,,,,,,,,,final-robustness-analysis-freeze-v2,memory_dlinear_reconciliation,dlinear,dlinear,0.0,1280308331.775755,1341642528.9338136,-73618603.1543657,-49740176.85864432
memory_um,native,,1,0,wls,independent,,,,,,,,8276,32,5000,2,-25270610.22142993,-10389333.734275818,1342112238.0998075,1316841627.8783777,-0.0188289842712474,-0.0301684986388543,-0.0084413373239328,1.0,0.0,False,False,,,,,,,,,,,,,,,,,,,final-robustness-analysis-freeze-v2,memory_dlinear_reconciliation,dlinear,dlinear,0.0,1316841627.8783777,1342112238.0998075,-39864010.97913232,-11296952.152329214
memory_um,native,,8,0,wls,independent,,,,,,,,8269,32,5000,0,-78355439.79107442,-78122382.56640625,1351523873.7521622,1273168433.9610877,-0.057975623895966,-0.0691552853408673,-0.0485625070124677,1.0,0.0,False,False,,,,,,,,,,,,,,,,,,,final-robustness-analysis-freeze-v2,memory_dlinear_reconciliation,dlinear,dlinear,0.0,1273168433.9610877,1351523873.7521622,-88235601.67020836,-68734894.67774318
memory_um,native,,8,0,wls,independent,,,,,,,,8269,32,5000,1,-90163078.98617814,-89290885.41297913,1368538216.7719264,1278375137.7857482,-0.0658827629957258,-0.0782539992913382,-0.0551747593948694,1.0,0.0,False,False,,,,,,,,,,,,,,,,,,,final-robustness-analysis-freeze-v2,memory_dlinear_reconciliation,dlinear,dlinear,0.0,1278375137.7857482,1368538216.7719264,-101838969.0862696,-78340682.0170721
memory_um,native,,8,0,wls,independent,,,,,,,,8269,32,5000,2,-162355511.32607737,-160087827.1999359,1600707736.3900597,1438352225.063982,-0.1014273296961905,-0.1164140558681886,-0.0890780864125776,1.0,0.0,False,False,,,,,,,,,,,,,,,,,,,final-robustness-analysis-freeze-v2,memory_dlinear_reconciliation,dlinear,dlinear,0.0,1438352225.063982,1600707736.3900597,-176531298.15755695,-147510151.7134753
memory_um,native,,16,0,wls,independent,,,,,,,,8261,32,5000,0,-81216680.70324388,-81042474.7522583,1349931371.2096462,1268714690.5064025,-0.0601635627079821,-0.071452386535121,-0.0498047463967283,1.0,0.0,False,False,,,,,,,,,,,,,,,,,,,final-robustness-analysis-freeze-v2,memory_dlinear_reconciliation,dlinear,dlinear,0.0,1268714690.5064025,1349931371.2096462,-91061982.7500233,-70634717.1899488
memory_um,native,,16,0,wls,independent,,,,,,,,8261,32,5000,1,-54746766.97091158,-36157610.02455139,1351460849.0060005,1296714082.035089,-0.0405093251581633,-0.0493493189301658,-0.0321002932614971,1.0,0.0,False,False,,,,,,,,,,,,,,,,,,,final-robustness-analysis-freeze-v2,memory_dlinear_reconciliation,dlinear,dlinear,0.0,1296714082.035089,1351460849.0060005,-64749165.11491761,-44445642.7920133
memory_um,native,,16,0,wls,independent,,,,,,,,8261,32,5000,2,-25949950.894571654,-36006640.19758606,1393497020.5925777,1367547069.698006,-0.0186221789577537,-0.0308968462194033,-0.0071480849164164,0.999,0.002,False,False,,,,,,,,,,,,,,,,,,,final-robustness-analysis-freeze-v2,memory_dlinear_reconciliation,dlinear,dlinear,0.0,1367547069.698006,1393497020.5925777,-41093347.53865114,-10513708.12148621
memory_um,native,,1,1,wls,independent,,,,,,,,8276,32,5000,0,-43802890.246695355,-20618514.680740356,836589801.3086051,792786911.0619098,-0.0523588623458931,-0.0643274416894438,-0.0411031991422669,1.0,0.0,False,False,,,,,,,,,,,,,,,,,,,final-robustness-analysis-freeze-v2,memory_dlinear_reconciliation,dlinear,dlinear,0.0,792786911.0619098,836589801.3086051,-54052905.848248444,-33987070.27012726
memory_um,native,,1,1,wls,independent,,,,,,,,8276,32,5000,1,-50054574.62926888,-29358101.989463806,835042020.9050137,784987446.2757449,-0.0599425817817168,-0.0728896243531277,-0.0481616447590652,1.0,0.0,False,False,,,,,,,,,,,,,,,,,,,final-robustness-analysis-freeze-v2,memory_dlinear_reconciliation,dlinear,dlinear,0.0,784987446.2757449,835042020.9050137,-59584415.34072818,-40703817.49983005
memory_um,native,,1,1,wls,independent,,,,,,,,8276,32,5000,2,-39263873.5355304,-20234618.08882141,836233490.9888268,796969617.4532963,-0.0469532420772836,-0.0592044263970014,-0.0355428936240271,1.0,0.0,False,False,,,,,,,,,,,,,,,,,,,final-robustness-analysis-freeze-v2,memory_dlinear_reconciliation,dlinear,dlinear,0.0,796969617.4532963,836233490.9888268,-48677713.82584043,-29957680.377708964
memory_um,native,,8,1,wls,independent,,,,,,,,8269,32,5000,0,-41857817.941062436,-20097481.875808716,836114125.5450646,794256307.6040021,-0.0500623260177254,-0.0615215945596341,-0.0391065816835214,1.0,0.0,False,False,,,,,,,,,,,,,,,,,,,final-robustness-analysis-freeze-v2,memory_dlinear_reconciliation,dlinear,dlinear,0.0,794256307.6040021,836114125.5450646,-51683827.69400296,-32350297.83258324
memory_um,native,,8,1,wls,independent,,,,,,,,8269,32,5000,1,-41420781.167361386,-13247153.624938965,846440845.2396958,805020064.0723344,-0.0489352343997905,-0.0600140740346334,-0.0379389054692176,1.0,0.0,False,False,,,,,,,,,,,,,,,,,,,final-robustness-analysis-freeze-v2,memory_dlinear_reconciliation,dlinear,dlinear,0.0,805020064.0723344,846440845.2396958,-51957088.51413101,-31212662.81552171
memory_um,native,,8,1,wls,independent,,,,,,,,8269,32,5000,2,-38650672.25000288,-21078904.211776733,837441384.0210297,798790711.7710268,-0.0461532866508449,-0.0586901144824357,-0.0341879999280931,1.0,0.0,False,False,,,,,,,,,,,,,,,,,,,final-robustness-analysis-freeze-v2,memory_dlinear_reconciliation,dlinear,dlinear,0.0,798790711.7710268,837441384.0210297,-48912505.964481086,-28565154.902411733
memory_um,native,,16,1,wls,independent,,,,,,,,8261,32,5000,0,-45732727.68615079,-31748376.92567444,846438532.3283072,800705804.6421564,-0.0540295909737867,-0.0676328480177145,-0.0423768647874978,1.0,0.0,False,False,,,,,,,,,,,,,,,,,,,final-robustness-analysis-freeze-v2,memory_dlinear_reconciliation,dlinear,dlinear,0.0,800705804.6421564,846438532.3283072,-54996522.258145235,-36806294.53932353
memory_um,native,,16,1,wls,independent,,,,,,,,8261,32,5000,1,-57744778.48113775,-41850982.583099365,848788268.2440104,791043489.7628727,-0.0680320176910565,-0.0829270013142531,-0.0550888752778693,1.0,0.0,False,False,,,,,,,,,,,,,,,,,,,final-robustness-analysis-freeze-v2,memory_dlinear_reconciliation,dlinear,dlinear,0.0,791043489.7628727,848788268.2440104,-67416472.06344533,-48076524.15904502
memory_um,native,,16,1,wls,independent,,,,,,,,8261,32,5000,2,-55045879.45495711,-41556850.71031189,860186673.0334218,805140793.5784646,-0.0639929461599765,-0.079521896944655,-0.0501259015917698,1.0,0.0,False,False,,,,,,,,,,,,,,,,,,,final-robustness-analysis-freeze-v2,memory_dlinear_reconciliation,dlinear,dlinear,0.0,805140793.5784646,860186673.0334218,-65335029.80932643,-44685275.25043297
memory_um,native,,1,2,wls,independent,,,,,,,,8279,32,5000,0,-3707593.2297771927,9725156.523895264,1048733686.1079496,1045026092.8781724,-0.0035353047955737,-0.0180539095405167,0.0104417790069545,0.7128,0.5744,True,True,,,,,,,,,,,,,,,,,,,final-robustness-analysis-freeze-v2,memory_dlinear_reconciliation,dlinear,dlinear,0.0,1045026092.8781724,1048733686.1079496,-18640725.033477105,11204593.54894582
memory_um,native,,1,2,wls,independent,,,,,,,,8279,32,5000,1,-6535409.052084951,-247337.1244354248,1060078627.4855586,1053543218.4334736,-0.0061650229356916,-0.0205670944177309,0.0075953878540872,0.8226,0.3548,True,True,,,,,,,,,,,,,,,,,,,final-robustness-analysis-freeze-v2,memory_dlinear_reconciliation,dlinear,dlinear,0.0,1053543218.4334736,1060078627.4855586,-21328649.048060644,8136865.822843152
memory_um,native,,1,2,wls,independent,,,,,,,,8279,32,5000,2,1207716.2938230506,-2801632.854675293,1047857594.3617969,1049065310.6556196,0.0011525576569959,-0.0132069877944019,0.0148495767573265,0.45,0.9,True,True,,,,,,,,,,,,,,,,,,,final-robustness-analysis-freeze-v2,memory_dlinear_reconciliation,dlinear,dlinear,0.0,1049065310.6556196,1047857594.3617969,-13391485.531923488,16081706.327725943
memory_um,native,,8,2,wls,independent,,,,,,,,8272,32,5000,0,10483268.824582689,12902156.851287842,1047041227.013701,1057524495.8382838,0.0100122789381296,-0.0034148206018324,0.0229264654152364,0.0682,0.1364,True,True,,,,,,,,,,,,,,,,,,,final-robustness-analysis-freeze-v2,memory_dlinear_reconciliation,dlinear,dlinear,0.0,1057524495.8382838,1047041227.013701,-3584095.5217361394,24254078.520565573
memory_um,native,,8,2,wls,independent,,,,,,,,8272,32,5000,1,9261617.676384946,1611555.1677856443,1043534124.4204464,1052795742.0968314,0.0088752417957856,-0.0053163281875594,0.0230229574697928,0.1092,0.2184,True,True,,,,,,,,,,,,,,,,,,,final-robustness-analysis-freeze-v2,memory_dlinear_reconciliation,dlinear,dlinear,0.0,1052795742.0968314,1043534124.4204464,-5425497.540090749,24498302.550869968
memory_um,native,,8,2,wls,independent,,,,,,,,8272,32,5000,2,18994833.48240506,39620882.973976135,1065201981.942904,1084196815.425309,0.0178321424522313,0.0029350947512866,0.0326655834227299,0.009,0.018,False,False,,,,,,,,,,,,,,,,,,,final-robustness-analysis-freeze-v2,memory_dlinear_reconciliation,dlinear,dlinear,0.0,1084196815.425309,1065201981.942904,3265064.99310622,33953877.51107096
memory_um,native,,16,2,wls,independent,,,,,,,,8264,32,5000,0,9074359.704870036,17035112.45465851,1056253575.3982916,1065327935.1031616,0.0085910806990151,-0.0052717018245827,0.0215691533535125,0.1086,0.2172,True,True,,,,,,,,,,,,,,,,,,,final-robustness-analysis-freeze-v2,memory_dlinear_reconciliation,dlinear,dlinear,0.0,1065327935.1031616,1056253575.3982916,-5574673.536471818,22910771.81295573
memory_um,native,,16,2,wls,independent,,,,,,,,8264,32,5000,1,4699212.424713415,11414247.28591919,1061806479.0421292,1066505691.4668428,0.00442567691709,-0.009408066734814,0.0178722970127732,0.2708,0.5416,True,True,,,,,,,,,,,,,,,,,,,final-robustness-analysis-freeze-v2,memory_dlinear_reconciliation,dlinear,dlinear,0.0,1066505691.4668428,1061806479.0421292,-10142452.86083285,19004727.17715571
memory_um,native,,16,2,wls,independent,,,,,,,,8264,32,5000,2,15975987.48974894,24552586.699378967,1057947382.5346688,1073923370.0244174,0.0151009282252517,0.0010959809536533,0.0285722190854508,0.0166,0.0332,False,False,,,,,,,,,,,,,,,,,,,final-robustness-analysis-freeze-v2,memory_dlinear_reconciliation,dlinear,dlinear,0.0,1073923370.0244174,1057947382.5346688,1157167.179035573,30435431.372544702
memory_um,native,,1,0,mint,independent,,,,,,,,8276,32,5000,0,-14319060.488599485,-2833012.066421509,1288970217.5265772,1274651157.037978,-0.0111089149259604,-0.0218353607485856,-0.0011307584252048,0.9854,0.0292,False,False,,,,,,,,,,,,,,,,,,,final-robustness-analysis-freeze-v2,memory_dlinear_reconciliation,dlinear,dlinear,0.0,1274651157.037978,1288970217.5265772,-27995992.687007777,-1456829.758277405
memory_um,native,,1,0,mint,independent,,,,,,,,8276,32,5000,1,-62498852.32390922,-38404486.58821106,1341642528.9338136,1279143676.6099043,-0.0465838336040049,-0.0574908860611065,-0.0368803770236424,1.0,0.0,False,False,,,,,,,,,,,,,,,,,,,final-robustness-analysis-freeze-v2,memory_dlinear_reconciliation,dlinear,dlinear,0.0,1279143676.6099043,1341642528.9338136,-75492339.3664277,-50109976.71838602
memory_um,native,,1,0,mint,independent,,,,,,,,8276,32,5000,2,-24225627.845905133,-10317281.134613035,1342112238.0998075,1317886610.2539024,-0.0180503739986786,-0.0298833450347139,-0.0072508812489618,0.9998,0.0004,False,False,,,,,,,,,,,,,,,,,,,final-robustness-analysis-freeze-v2,memory_dlinear_reconciliation,dlinear,dlinear,0.0,1317886610.2539024,1342112238.0998075,-39588753.44094576,-9654493.256807055
memory_um,native,,8,0,mint,independent,,,,,,,,8269,32,5000,0,-85101544.87572846,-85378087.41850281,1351523873.7521622,1266422328.8764336,-0.0629671044133801,-0.0755997717230397,-0.0523684428534897,1.0,0.0,False,False,,,,,,,,,,,,,,,,,,,final-robustness-analysis-freeze-v2,memory_dlinear_reconciliation,dlinear,dlinear,0.0,1266422328.8764336,1351523873.7521622,-96256839.17370652,-74142393.25133215
memory_um,native,,8,0,mint,independent,,,,,,,,8269,32,5000,1,-97383640.94157843,-99032219.03825378,1368538216.7719264,1271154575.830348,-0.0711588757610909,-0.0849079836026096,-0.0591312804999604,1.0,0.0,False,False,,,,,,,,,,,,,,,,,,,final-robustness-analysis-freeze-v2,memory_dlinear_reconciliation,dlinear,dlinear,0.0,1271154575.830348,1368538216.7719264,-110535627.7262884,-84070400.46068344
memory_um,native,,8,0,mint,independent,,,,,,,,8269,32,5000,2,-184386686.3743578,-184442098.4875641,1600707736.3900597,1416321050.0157015,-0.1151907260660771,-0.1328927538330084,-0.1004187499145249,1.0,0.0,False,False,,,,,,,,,,,,,,,,,,,final-robustness-analysis-freeze-v2,memory_dlinear_reconciliation,dlinear,dlinear,0.0,1416321050.0157015,1600707736.3900597,-201423640.0584823,-166824153.45907182
memory_um,native,,16,0,mint,independent,,,,,,,,8261,32,5000,0,-87318675.39899747,-88396188.27670288,1349931371.2096462,1262612695.810649,-0.06468378856975,-0.0772608623479455,-0.0531189719255318,1.0,0.0,False,False,,,,,,,,,,,,,,,,,,,final-robustness-analysis-freeze-v2,memory_dlinear_reconciliation,dlinear,dlinear,0.0,1262612695.810649,1349931371.2096462,-98442004.23165306,-75366815.19197531
memory_um,native,,16,0,mint,independent,,,,,,,,8261,32,5000,1,-57653952.2003568,-38772191.05809021,1351460849.0060005,1293806896.8056438,-0.0426604679245878,-0.0524723613512818,-0.0333197650904856,1.0,0.0,False,False,,,,,,,,,,,,,,,,,,,final-robustness-analysis-freeze-v2,memory_dlinear_reconciliation,dlinear,dlinear,0.0,1293806896.8056438,1351460849.0060005,-68794930.3367496,-46316504.46262328
memory_um,native,,16,0,mint,independent,,,,,,,,8261,32,5000,2,-22394986.15530584,-38542883.5193634,1393497020.5925777,1371102034.437272,-0.0160710685594307,-0.0301485154314345,-0.0029366924804193,0.9914,0.0172,False,False,,,,,,,,,,,,,,,,,,,final-robustness-analysis-freeze-v2,memory_dlinear_reconciliation,dlinear,dlinear,0.0,1371102034.437272,1393497020.5925777,-40104077.8658818,-4341335.854684073
memory_um,native,,1,1,mint,independent,,,,,,,,8276,32,5000,0,-43699458.79789012,-20642958.541641235,836589801.3086051,792890342.5107149,-0.0522352277418811,-0.0640914209680558,-0.0411082528871014,1.0,0.0,False,False,,,,,,,,,,,,,,,,,,,final-robustness-analysis-freeze-v2,memory_dlinear_reconciliation,dlinear,dlinear,0.0,792890342.5107149,836589801.3086051,-53828730.618096046,-33961591.32330639
memory_um,native,,1,1,mint,independent,,,,,,,,8276,32,5000,1,-49868223.18753708,-29608992.427322388,835042020.9050137,785173797.7174767,-0.0597194176330074,-0.0725573042911916,-0.0480662214993125,1.0,0.0,False,False,,,,,,,,,,,,,,,,,,,final-robustness-analysis-freeze-v2,memory_dlinear_reconciliation,dlinear,dlinear,0.0,785173797.7174767,835042020.9050137,-59307702.14660284,-40619136.160070136
memory_um,native,,1,1,mint,independent,,,,,,,,8276,32,5000,2,-39145945.094404295,-20482858.478141785,836233490.9888268,797087545.8944224,-0.0468122187358403,-0.0589115275049946,-0.0355705458671819,1.0,0.0,False,False,,,,,,,,,,,,,,,,,,,final-robustness-analysis-freeze-v2,memory_dlinear_reconciliation,dlinear,dlinear,0.0,797087545.8944224,836233490.9888268,-48449948.72225016,-29977543.301349655
memory_um,native,,8,1,mint,independent,,,,,,,,8269,32,5000,0,-41699013.62582569,-20120005.15864563,836114125.5450646,794415111.9192388,-0.0498723946311061,-0.0611708773162349,-0.0390553745316488,1.0,0.0,False,False,,,,,,,,,,,,,,,,,,,final-robustness-analysis-freeze-v2,memory_dlinear_reconciliation,dlinear,dlinear,0.0,794415111.9192388,836114125.5450646,-51382276.0023649,-32323627.86612576
memory_um,native,,8,1,mint,independent,,,,,,,,8269,32,5000,1,-41396603.907067634,-13469334.38595581,846440845.2396958,805044241.3326281,-0.0489066709621567,-0.0599365847528919,-0.0379691136784752,1.0,0.0,False,False,,,,,,,,,,,,,,,,,,,final-robustness-analysis-freeze-v2,memory_dlinear_reconciliation,dlinear,dlinear,0.0,805044241.3326281,846440845.2396958,-51897453.01586746,-31229262.829414856
memory_um,native,,8,1,mint,independent,,,,,,,,8269,32,5000,2,-38560208.991512574,-21146709.593795776,837441384.0210297,798881175.0295172,-0.0460452632593378,-0.0583794137882244,-0.0343451005534048,1.0,0.0,False,False,,,,,,,,,,,,,,,,,,,final-robustness-analysis-freeze-v2,memory_dlinear_reconciliation,dlinear,dlinear,0.0,798881175.0295172,837441384.0210297,-48582548.6295917,-28682369.380789183
memory_um,native,,16,1,mint,independent,,,,,,,,8261,32,5000,0,-45494829.72673706,-31724758.04663086,846438532.3283072,800943702.60157,-0.0537485334009948,-0.067206996354761,-0.0422884335529843,1.0,0.0,False,False,,,,,,,,,,,,,,,,,,,final-robustness-analysis-freeze-v2,memory_dlinear_reconciliation,dlinear,dlinear,0.0,800943702.60157,846438532.3283072,-54651433.56430066,-36726430.61410936
memory_um,native,,16,1,mint,independent,,,,,,,,8261,32,5000,1,-57460822.16520726,-41601630.096710205,848788268.2440104,791327446.0788033,-0.0676974745233971,-0.0824475815947382,-0.0548951266021589,1.0,0.0,False,False,,,,,,,,,,,,,,,,,,,final-robustness-analysis-freeze-v2,memory_dlinear_reconciliation,dlinear,dlinear,0.0,791327446.0788033,848788268.2440104,-67014340.06685995,-47919160.482002944
memory_um,native,,16,1,mint,independent,,,,,,,,8261,32,5000,2,-54283618.26571646,-40918516.13056946,860186673.0334218,805903054.7677052,-0.0631067882908333,-0.0781116435692953,-0.0496325173514943,1.0,0.0,False,False,,,,,,,,,,,,,,,,,,,final-robustness-analysis-freeze-v2,memory_dlinear_reconciliation,dlinear,dlinear,0.0,805903054.7677052,860186673.0334218,-64228744.10874023,-44204419.77482716
memory_um,native,,1,2,mint,independent,,,,,,,,8279,32,5000,0,-4589643.904346078,9194563.932067871,1048733686.1079496,1044144042.2036036,-0.0043763673896841,-0.0186584939309386,0.0094033390603999,0.7544,0.4912,True,True,,,,,,,,,,,,,,,,,,,final-robustness-analysis-freeze-v2,memory_dlinear_reconciliation,dlinear,dlinear,0.0,1044144042.2036036,1048733686.1079496,-19314809.25236964,10040362.972717814
memory_um,native,,1,2,mint,independent,,,,,,,,8279,32,5000,1,-7227165.437605807,-649068.8605957031,1060078627.4855586,1052851462.0479528,-0.0068175748951265,-0.0210286029481562,0.0067608711097014,0.8512,0.2976,True,True,,,,,,,,,,,,,,,,,,,final-robustness-analysis-freeze-v2,memory_dlinear_reconciliation,dlinear,dlinear,0.0,1052851462.0479528,1060078627.4855586,-21829844.716652833,7251703.460995336
memory_um,native,,1,2,mint,independent,,,,,,,,8279,32,5000,2,-144644.04732325894,-3193049.845413208,1047857594.3617969,1047712950.3144736,-0.0001380378861608,-0.0141609842914874,0.0132608435573271,0.5314,0.9372,True,True,,,,,,,,,,,,,,,,,,,final-robustness-analysis-freeze-v2,memory_dlinear_reconciliation,dlinear,dlinear,0.0,1047712950.3144736,1047857594.3617969,-14304449.710991716,14332725.705395998
memory_um,native,,8,2,mint,independent,,,,,,,,8272,32,5000,0,8862225.244349942,11433647.198760986,1047041227.013701,1055903452.2580508,0.0084640652303884,-0.0046256552711941,0.0210444916461894,0.0964,0.1928,True,True,,,,,,,,,,,,,,,,,,,final-robustness-analysis-freeze-v2,memory_dlinear_reconciliation,dlinear,dlinear,0.0,1055903452.2580508,1047041227.013701,-4853094.214353905,22265111.824941
memory_um,native,,8,2,mint,independent,,,,,,,,8272,32,5000,1,7604663.346312388,1161614.9833145142,1043534124.4204464,1051138787.7667588,0.0072874122353553,-0.0065755848223786,0.021097033649342,0.1484,0.2968,True,True,,,,,,,,,,,,,,,,,,,final-robustness-analysis-freeze-v2,memory_dlinear_reconciliation,dlinear,dlinear,0.0,1051138787.7667588,1043534124.4204464,-6662127.385783743,22428484.873800185
memory_um,native,,8,2,mint,independent,,,,,,,,8272,32,5000,2,16748086.473106517,38071906.399620056,1065201981.942904,1081950068.4160104,0.0157229208704234,0.0012419729558636,0.0301291263753275,0.0156,0.0312,False,False,,,,,,,,,,,,,,,,,,,final-robustness-analysis-freeze-v2,memory_dlinear_reconciliation,dlinear,dlinear,0.0,1081950068.4160104,1065201981.942904,1400216.9568039717,31289198.83486875
memory_um,native,,16,2,mint,independent,,,,,,,,8264,32,5000,0,7586643.541257321,16075214.72505951,1056253575.3982916,1063840218.9395489,0.0071825967911129,-0.0063359186997314,0.0198379873526651,0.149,0.298,True,True,,,,,,,,,,,,,,,,,,,final-robustness-analysis-freeze-v2,memory_dlinear_reconciliation,dlinear,dlinear,0.0,1063840218.9395489,1056253575.3982916,-6709071.110526811,21092214.359912474
memory_um,native,,16,2,mint,independent,,,,,,,,8264,32,5000,1,3448058.6169889937,10644697.31865692,1061806479.0421292,1065254537.6591184,0.0032473512688484,-0.0103257759331135,0.0164083996478162,0.3266,0.6532,True,True,,,,,,,,,,,,,,,,,,,final-robustness-analysis-freeze-v2,memory_dlinear_reconciliation,dlinear,dlinear,0.0,1065254537.6591184,1061806479.0421292,-11061001.774628712,17352094.53417785
memory_um,native,,16,2,mint,independent,,,,,,,,8264,32,5000,2,14233591.767023273,23369660.04787445,1057947382.5346688,1072180974.301692,0.0134539694525467,-0.000159331975107,0.0265475177114286,0.0268,0.0536,True,True,,,,,,,,,,,,,,,,,,,final-robustness-analysis-freeze-v2,memory_dlinear_reconciliation,dlinear,dlinear,0.0,1072180974.301692,1057947382.5346688,-171171.01965883668,28279808.915715165
memory_um,native,,1,0,wls,independent,,,,,,,,8276,32,5000,0,-14155558.154750336,145321699.85224152,1286777035.528772,1272621477.3740215,-0.0110007855004448,-0.040450705806357,0.0272213031879448,0.6958,0.6084,True,True,,,,,,,,,,,,,,,,,,,final-robustness-analysis-freeze-v2,memory_dlinear_vs_ewma,dlinear,ewma,0.0,1272621477.3740215,1286777035.528772,-57740687.38307202,31599132.594330225
memory_um,native,,1,0,wls,independent,,,,,,,,8276,32,5000,1,-6468703.753016686,147567637.33333588,1286777035.528772,1280308331.775755,-0.0050270587478727,-0.0349617509846949,0.0326982759861839,0.5754,0.8492,True,True,,,,,,,,,,,,,,,,,,,final-robustness-analysis-freeze-v2,memory_dlinear_vs_ewma,dlinear,ewma,0.0,1280308331.775755,1286777035.528772,-49042162.5505201,37870558.80070795
memory_um,native,,1,0,wls,independent,,,,,,,,8276,32,5000,2,30064592.34960582,159131946.59908295,1286777035.528772,1316841627.8783777,0.0233642593234899,-0.0073944878834975,0.063630204579451,0.0786,0.1572,True,True,,,,,,,,,,,,,,,,,,,final-robustness-analysis-freeze-v2,memory_dlinear_vs_ewma,dlinear,ewma,0.0,1316841627.8783777,1286777035.528772,-10383554.032603864,73818631.64454435
memory_um,native,,8,0,wls,independent,,,,,,,,8269,32,5000,0,-11086352.151944602,146963782.6623993,1284254786.1130323,1273168433.9610877,-0.0086325176840484,-0.0374277914728254,0.0276603086509514,0.6658,0.6684,True,True,,,,,,,,,,,,,,,,,,,final-robustness-analysis-freeze-v2,memory_dlinear_vs_ewma,dlinear,ewma,0.0,1273168433.9610877,1284254786.1130323,-52711584.11241258,31626101.233326457
memory_um,native,,8,0,wls,independent,,,,,,,,8269,32,5000,1,-5879648.327284074,166450334.07920837,1284254786.1130323,1278375137.7857482,-0.0045782568933066,-0.0349354653272972,0.0341226839843619,0.5644,0.8712,True,True,,,,,,,,,,,,,,,,,,,final-robustness-analysis-freeze-v2,memory_dlinear_vs_ewma,dlinear,ewma,0.0,1278375137.7857482,1284254786.1130323,-49573048.774107985,38869524.66971408
memory_um,native,,8,0,wls,independent,,,,,,,,8269,32,5000,2,154097438.95094973,214271633.42314148,1284254786.1130323,1438352225.063982,0.1199897719807968,0.082353420634055,0.1646593307319968,0.0,0.0,False,False,,,,,,,,,,,,,,,,,,,final-robustness-analysis-freeze-v2,memory_dlinear_vs_ewma,dlinear,ewma,0.0,1438352225.063982,1284254786.1130323,113515279.1681427,195399688.0711105
memory_um,native,,16,0,wls,independent,,,,,,,,8261,32,5000,0,-9678148.47115426,148503486.55130005,1278392838.9775565,1268714690.5064025,-0.0075705590457583,-0.0378598649462531,0.0276989587128539,0.6574,0.6852,True,True,,,,,,,,,,,,,,,,,,,final-robustness-analysis-freeze-v2,memory_dlinear_vs_ewma,dlinear,ewma,0.0,1268714690.5064025,1278392838.9775565,-52627757.15337024,31853502.02947308
memory_um,native,,16,0,wls,independent,,,,,,,,8261,32,5000,1,18321243.057532553,182335798.61302185,1278392838.9775565,1296714082.035089,0.014331465648842,-0.0187900321319751,0.0535521527656869,0.2058,0.4116,True,True,,,,,,,,,,,,,,,,,,,final-robustness-analysis-freeze-v2,memory_dlinear_vs_ewma,dlinear,ewma,0.0,1296714082.035089,1278392838.9775565,-26820168.512651805,61693862.40142194
memory_um,native,,16,0,wls,independent,,,,,,,,8261,32,5000,2,89154230.72044955,169382941.74986267,1278392838.9775565,1367547069.698006,0.0697393070441117,0.0347289230863191,0.1094255438239139,0.0,0.0,False,False,,,,,,,,,,,,,,,,,,,final-robustness-analysis-freeze-v2,memory_dlinear_vs_ewma,dlinear,ewma,0.0,1367547069.698006,1278392838.9775565,48332840.07094937,128971355.4957348
memory_um,native,,1,1,wls,independent,,,,,,,,8276,32,5000,0,-41747269.43605202,12301318.185005188,834534180.4979616,792786911.0619098,-0.0500246369910716,-0.0814168472400236,-0.0136599843686073,0.9948,0.0104,False,False,,,,,,,,,,,,,,,,,,,final-robustness-analysis-freeze-v2,memory_dlinear_vs_ewma,dlinear,ewma,0.0,792786911.0619098,834534180.4979616,-74616155.68858787,-10467088.97787723
memory_um,native,,1,1,wls,independent,,,,,,,,8276,32,5000,1,-49546734.22221691,11210588.122276306,834534180.4979616,784987446.2757449,-0.0593705271516292,-0.0896926448142077,-0.0246301530469086,0.9986,0.0028,False,False,,,,,,,,,,,,,,,,,,,final-robustness-analysis-freeze-v2,memory_dlinear_vs_ewma,dlinear,ewma,0.0,784987446.2757449,834534180.4979616,-82029047.71268591,-18342051.40774818
memory_um,native,,1,1,wls,independent,,,,,,,,8276,32,5000,2,-37564563.04466543,11760352.15700531,834534180.4979616,796969617.4532963,-0.045012611732992,-0.0780308851899606,-0.0071757172499858,0.9888,0.0224,False,False,,,,,,,,,,,,,,,,,,,final-robustness-analysis-freeze-v2,memory_dlinear_vs_ewma,dlinear,ewma,0.0,796969617.4532963,834534180.4979616,-71316347.32378778,-5340252.571211882
memory_um,native,,8,1,wls,independent,,,,,,,,8269,32,5000,0,-40815626.88395711,10178534.095214844,835071934.4879591,794256307.6040021,-0.0488767795902325,-0.0818173495706507,-0.0124690608923038,0.9932,0.0136,False,False,,,,,,,,,,,,,,,,,,,final-robustness-analysis-freeze-v2,memory_dlinear_vs_ewma,dlinear,ewma,0.0,794256307.6040021,835071934.4879591,-73342213.97913614,-9159965.31616318
memory_um,native,,8,1,wls,independent,,,,,,,,8269,32,5000,1,-30051870.415624768,16471093.989608765,835071934.4879591,805020064.0723344,-0.0359871637094972,-0.0705782648424899,0.0021455915660749,0.9694,0.0612,True,True,,,,,,,,,,,,,,,,,,,final-robustness-analysis-freeze-v2,memory_dlinear_vs_ewma,dlinear,ewma,0.0,805020064.0723344,835071934.4879591,-63607288.450015664,1568671.541632784
memory_um,native,,8,1,wls,independent,,,,,,,,8269,32,5000,2,-36281222.71693237,13367057.661575316,835071934.4879591,798790711.7710268,-0.0434468232238925,-0.0773741226210175,-0.006239681551801,0.9874,0.0252,False,False,,,,,,,,,,,,,,,,,,,final-robustness-analysis-freeze-v2,memory_dlinear_vs_ewma,dlinear,ewma,0.0,798790711.7710268,835071934.4879591,-69842126.45990622,-4572513.243220162
memory_um,native,,16,1,wls,independent,,,,,,,,8261,32,5000,0,-34863998.090078525,11794461.504516602,835569802.7322348,800705804.6421564,-0.0417248181732711,-0.0750083930514877,-0.0035259376144615,0.9822,0.0356,False,False,,,,,,,,,,,,,,,,,,,final-robustness-analysis-freeze-v2,memory_dlinear_vs_ewma,dlinear,ewma,0.0,800705804.6421564,835569802.7322348,-67962619.73660213,-2703826.5370941255
memory_um,native,,16,1,wls,independent,,,,,,,,8261,32,5000,1,-44526312.969362065,12933598.049758911,835569802.7322348,791043489.7628727,-0.0532885616782286,-0.083456522002466,-0.0185283432860466,0.9982,0.0036,False,False,,,,,,,,,,,,,,,,,,,final-robustness-analysis-freeze-v2,memory_dlinear_vs_ewma,dlinear,ewma,0.0,791043489.7628727,835569802.7322348,-76061899.0120373,-13500948.739551846
memory_um,native,,16,1,wls,independent,,,,,,,,8261,32,5000,2,-30429009.153770287,23949530.066467285,835569802.7322348,805140793.5784646,-0.0364170761727748,-0.0696309875637287,0.001481212974336,0.9704,0.0592,True,True,,,,,,,,,,,,,,,,,,,final-robustness-analysis-freeze-v2,memory_dlinear_vs_ewma,dlinear,ewma,0.0,805140793.5784646,835569802.7322348,-63245019.18846983,1032641.4865870666
memory_um,native,,1,2,wls,independent,,,,,,,,8279,32,5000,0,10127218.23671374,51878313.07376099,1034898874.6414587,1045026092.8781724,0.0097857080385968,-0.0281631598810647,0.0528699569784757,0.32,0.64,True,True,,,,,,,,,,,,,,,,,,,final-robustness-analysis-freeze-v2,memory_dlinear_vs_ewma,dlinear,ewma,0.0,1045026092.8781724,1034898874.6414587,-31476010.849666473,50071314.86941325
memory_um,native,,1,2,wls,independent,,,,,,,,8279,32,5000,1,18644343.79201484,50691306.70698547,1034898874.6414587,1053543218.4334736,0.0180156189641951,-0.0213554413995199,0.0624644404165938,0.182,0.364,True,True,,,,,,,,,,,,,,,,,,,final-robustness-analysis-freeze-v2,memory_dlinear_vs_ewma,dlinear,ewma,0.0,1053543218.4334736,1034898874.6414587,-23823432.769797128,59960565.64253625
memory_um,native,,1,2,wls,independent,,,,,,,,8279,32,5000,2,14166436.014161063,47874157.99343872,1034898874.6414587,1049065310.6556196,0.0136887152564244,-0.0252445747206675,0.0573324552813678,0.25,0.5,True,True,,,,,,,,,,,,,,,,,,,final-robustness-analysis-freeze-v2,memory_dlinear_vs_ewma,dlinear,ewma,0.0,1049065310.6556196,1034898874.6414587,-28123132.67341374,55094498.38801589
memory_um,native,,8,2,wls,independent,,,,,,,,8272,32,5000,0,21933319.446939465,59303590.135513306,1035591176.3913442,1057524495.8382838,0.0211795155723217,-0.0165290747753865,0.0653070706448634,0.1444,0.2888,True,True,,,,,,,,,,,,,,,,,,,final-robustness-analysis-freeze-v2,memory_dlinear_vs_ewma,dlinear,ewma,0.0,1057524495.8382838,1035591176.3913442,-18773955.55057512,62247593.84248466
memory_um,native,,8,2,wls,independent,,,,,,,,8272,32,5000,1,17204565.705487188,50671348.374305725,1035591176.3913442,1052795742.0968314,0.0166132795428392,-0.0220469585356126,0.0607176030639298,0.2058,0.4116,True,True,,,,,,,,,,,,,,,,,,,final-robustness-analysis-freeze-v2,memory_dlinear_vs_ewma,dlinear,ewma,0.0,1052795742.0968314,1035591176.3913442,-24415484.214966223,58761169.724347375
memory_um,native,,8,2,wls,independent,,,,,,,,8272,32,5000,2,48605639.03396498,95635056.7435074,1035591176.3913442,1084196815.425309,0.0469351614247408,0.0055330504722692,0.094451612888985,0.0126,0.0252,False,False,,,,,,,,,,,,,,,,,,,final-robustness-analysis-freeze-v2,memory_dlinear_vs_ewma,dlinear,ewma,0.0,1084196815.425309,1035591176.3913442,6294235.49900081,90412438.91901214
memory_um,native,,16,2,wls,independent,,,,,,,,8264,32,5000,0,28988979.215891156,61069088.975364685,1036338955.8872705,1065327935.1031616,0.0279724882010944,-0.0113188172013619,0.0725544018614682,0.0836,0.1672,True,True,,,,,,,,,,,,,,,,,,,final-robustness-analysis-freeze-v2,memory_dlinear_vs_ewma,dlinear,ewma,0.0,1065327935.1031616,1036338955.8872705,-12674345.684309551,69400732.06664403
memory_um,native,,16,2,wls,independent,,,,,,,,8264,32,5000,1,30166735.579572193,60928087.35033417,1036338955.8872705,1066505691.4668428,0.0291089468442732,-0.0103664676162396,0.0741268180410187,0.077,0.154,True,True,,,,,,,,,,,,,,,,,,,final-robustness-analysis-freeze-v2,memory_dlinear_vs_ewma,dlinear,ewma,0.0,1066505691.4668428,1036338955.8872705,-11724817.856044974,71147575.22575118
memory_um,native,,16,2,wls,independent,,,,,,,,8264,32,5000,2,37584414.13714714,72975955.01285553,1036338955.8872705,1073923370.0244174,0.0362665264329168,-0.0043068725902133,0.0823650121436246,0.0382,0.0764,True,True,,,,,,,,,,,,,,,,,,,final-robustness-analysis-freeze-v2,memory_dlinear_vs_ewma,dlinear,ewma,0.0,1073923370.0244174,1036338955.8872705,-4623945.15846589,78804440.93268329
memory_um,native,,1,0,mint,independent,,,,,,,,8276,32,5000,0,-12125878.490793882,145273373.84432983,1286777035.528772,1274651157.037978,-0.0094234495611829,-0.039218178406765,0.0289033105861048,0.6656,0.6688,True,True,,,,,,,,,,,,,,,,,,,final-robustness-analysis-freeze-v2,memory_dlinear_vs_ewma,dlinear,ewma,0.0,1274651157.037978,1286777035.528772,-55637653.227667816,33631364.412656054
memory_um,native,,1,0,mint,independent,,,,,,,,8276,32,5000,1,-7633358.918867584,143552342.00110626,1286777035.528772,1279143676.6099043,-0.0059321535185237,-0.0356312950819329,0.031597545602771,0.595,0.81,True,True,,,,,,,,,,,,,,,,,,,final-robustness-analysis-freeze-v2,memory_dlinear_vs_ewma,dlinear,ewma,0.0,1279143676.6099043,1286777035.528772,-50305295.98307666,36672909.06576955
memory_um,native,,1,0,mint,independent,,,,,,,,8276,32,5000,2,31109574.725130618,160458385.00141907,1286777035.528772,1317886610.2539024,0.0241763521310798,-0.0066758568868461,0.0645654229424398,0.0708,0.1416,True,True,,,,,,,,,,,,,,,,,,,final-robustness-analysis-freeze-v2,memory_dlinear_vs_ewma,dlinear,ewma,0.0,1317886610.2539024,1286777035.528772,-9142512.326044932,74971178.14983527
memory_um,native,,8,0,mint,independent,,,,,,,,8269,32,5000,0,-17832457.236598644,137867335.91609192,1284254786.1130323,1266422328.8764336,-0.0138854512589133,-0.0420939492481174,0.0216697470106941,0.769,0.462,True,True,,,,,,,,,,,,,,,,,,,final-robustness-analysis-freeze-v2,memory_dlinear_vs_ewma,dlinear,ewma,0.0,1266422328.8764336,1284254786.1130323,-59108620.3993162,24792185.357695695
memory_um,native,,8,0,mint,independent,,,,,,,,8269,32,5000,1,-13100210.282684376,156353773.62809753,1284254786.1130323,1271154575.830348,-0.0102006318561863,-0.0400327786941824,0.0276899216476397,0.6892,0.6216,True,True,,,,,,,,,,,,,,,,,,,final-robustness-analysis-freeze-v2,memory_dlinear_vs_ewma,dlinear,ewma,0.0,1271154575.830348,1284254786.1130323,-56848553.65037611,31538902.2394846
memory_um,native,,8,0,mint,independent,,,,,,,,8269,32,5000,2,132066263.9026693,188991764.0132141,1284254786.1130323,1416321050.0157015,0.1028349400218202,0.0664329018471279,0.1458293231019952,0.0,0.0,False,False,,,,,,,,,,,,,,,,,,,final-robustness-analysis-freeze-v2,memory_dlinear_vs_ewma,dlinear,ewma,0.0,1416321050.0157015,1284254786.1130323,91107044.82400374,174043383.01969022
memory_um,native,,16,0,mint,independent,,,,,,,,8261,32,5000,0,-15780143.166907853,139279066.30737305,1278392838.9775565,1262612695.810649,-0.0123437355762479,-0.0422965124873166,0.0219536752621128,0.7632,0.4736,True,True,,,,,,,,,,,,,,,,,,,final-robustness-analysis-freeze-v2,memory_dlinear_vs_ewma,dlinear,ewma,0.0,1262612695.810649,1278392838.9775565,-58397370.23817682,25524212.01760676
memory_um,native,,16,0,mint,independent,,,,,,,,8261,32,5000,1,15414057.828087326,177405660.6343994,1278392838.9775565,1293806896.8056438,0.0120573718485589,-0.0208742128350896,0.0510464127039218,0.241,0.482,True,True,,,,,,,,,,,,,,,,,,,final-robustness-analysis-freeze-v2,memory_dlinear_vs_ewma,dlinear,ewma,0.0,1293806896.8056438,1278392838.9775565,-29717470.303023823,58796771.87051497
memory_um,native,,16,0,mint,independent,,,,,,,,8261,32,5000,2,92709195.45971538,167067511.75126648,1278392838.9775565,1371102034.437272,0.0725201148137399,0.0373934796652788,0.1125532839769912,0.0,0.0,False,False,,,,,,,,,,,,,,,,,,,final-robustness-analysis-freeze-v2,memory_dlinear_vs_ewma,dlinear,ewma,0.0,1371102034.437272,1278392838.9775565,51576972.782617584,132997743.04546404
memory_um,native,,1,1,mint,independent,,,,,,,,8276,32,5000,0,-41643837.98724678,12482402.6193161,834534180.4979616,792890342.5107149,-0.0499006978508635,-0.0812692077436748,-0.0136795663209821,0.9948,0.0104,False,False,,,,,,,,,,,,,,,,,,,final-robustness-analysis-freeze-v2,memory_dlinear_vs_ewma,dlinear,ewma,0.0,792890342.5107149,834534180.4979616,-74531603.38688748,-10367136.608392686
memory_um,native,,1,1,mint,independent,,,,,,,,8276,32,5000,1,-49360382.78048512,11611875.986099243,834534180.4979616,785173797.7174767,-0.0591472272004869,-0.0894518932367525,-0.0244700459845041,0.9986,0.0028,False,False,,,,,,,,,,,,,,,,,,,final-robustness-analysis-freeze-v2,memory_dlinear_vs_ewma,dlinear,ewma,0.0,785173797.7174767,834534180.4979616,-81808811.78240801,-18239817.184003703
memory_um,native,,1,1,mint,independent,,,,,,,,8276,32,5000,2,-37446634.60353932,11565725.688362122,834534180.4979616,797087545.8944224,-0.0448713012344145,-0.0778398299891408,-0.0069867057488,0.9884,0.0232,False,False,,,,,,,,,,,,,,,,,,,final-robustness-analysis-freeze-v2,memory_dlinear_vs_ewma,dlinear,ewma,0.0,797087545.8944224,834534180.4979616,-71251755.48705064,-5289088.080158663
memory_um,native,,8,1,mint,independent,,,,,,,,8269,32,5000,0,-40656822.56872038,10371815.238174438,835071934.4879591,794415111.9192388,-0.0486866111644021,-0.0816131044624331,-0.0122520116727059,0.993,0.014,False,False,,,,,,,,,,,,,,,,,,,final-robustness-analysis-freeze-v2,memory_dlinear_vs_ewma,dlinear,ewma,0.0,794415111.9192388,835071934.4879591,-73195530.81985979,-9055417.831138408
memory_um,native,,8,1,mint,independent,,,,,,,,8269,32,5000,1,-30027693.155331027,16436227.719345093,835071934.4879591,805044241.3326281,-0.0359582114009652,-0.0705467011147629,0.0021801835374304,0.9694,0.0612,True,True,,,,,,,,,,,,,,,,,,,final-robustness-analysis-freeze-v2,memory_dlinear_vs_ewma,dlinear,ewma,0.0,805044241.3326281,835071934.4879591,-63581175.54400339,1580525.5197744402
memory_um,native,,8,1,mint,independent,,,,,,,,8269,32,5000,2,-36190759.45844206,13846692.908203123,835071934.4879591,798881175.0295172,-0.0433384933246896,-0.0771738173298303,-0.0060633678009388,0.9872,0.0256,False,False,,,,,,,,,,,,,,,,,,,final-robustness-analysis-freeze-v2,memory_dlinear_vs_ewma,dlinear,ewma,0.0,798881175.0295172,835071934.4879591,-69658266.10277922,-4413485.269323728
memory_um,native,,16,1,mint,independent,,,,,,,,8261,32,5000,0,-34626100.130664796,12098851.246170044,835569802.7322348,800943702.60157,-0.0414401047254708,-0.0746695249386985,-0.0030634125973878,0.982,0.036,False,False,,,,,,,,,,,,,,,,,,,final-robustness-analysis-freeze-v2,memory_dlinear_vs_ewma,dlinear,ewma,0.0,800943702.60157,835569802.7322348,-67684503.40336165,-2461159.853411991
memory_um,native,,16,1,mint,independent,,,,,,,,8261,32,5000,1,-44242356.65343158,13352146.53742981,835569802.7322348,791327446.0788033,-0.0529487261372577,-0.0829916774353728,-0.0181742142393523,0.9982,0.0036,False,False,,,,,,,,,,,,,,,,,,,final-robustness-analysis-freeze-v2,memory_dlinear_vs_ewma,dlinear,ewma,0.0,791327446.0788033,835569802.7322348,-75775550.65563555,-13208776.393725682
memory_um,native,,16,1,mint,independent,,,,,,,,8261,32,5000,2,-29666747.964529634,25500183.48477173,835569802.7322348,805903054.7677052,-0.0355048110493248,-0.068679883925193,0.0025637640655243,0.9674,0.0652,True,True,,,,,,,,,,,,,,,,,,,final-robustness-analysis-freeze-v2,memory_dlinear_vs_ewma,dlinear,ewma,0.0,805903054.7677052,835569802.7322348,-62291360.7146332,1816632.639501989
memory_um,native,,1,2,mint,independent,,,,,,,,8279,32,5000,0,9245167.562144857,50665822.572006226,1034898874.6414587,1044144042.2036036,0.008933401889482,-0.0288762588277068,0.051996521029438,0.3324,0.6648,True,True,,,,,,,,,,,,,,,,,,,final-robustness-analysis-freeze-v2,memory_dlinear_vs_ewma,dlinear,ewma,0.0,1044144042.2036036,1034898874.6414587,-32330217.894601207,49031058.99797997
memory_um,native,,1,2,mint,independent,,,,,,,,8279,32,5000,1,17952587.40649398,49883444.83724976,1034898874.6414587,1052851462.0479528,0.0173471899973933,-0.0218318366343824,0.0617059017402699,0.1926,0.3852,True,True,,,,,,,,,,,,,,,,,,,final-robustness-analysis-freeze-v2,memory_dlinear_vs_ewma,dlinear,ewma,0.0,1052851462.0479528,1034898874.6414587,-24356011.7346136,59269503.4878661
memory_um,native,,1,2,mint,independent,,,,,,,,8279,32,5000,2,12814075.673014754,47269995.67652893,1034898874.6414587,1047712950.3144736,0.0123819592300302,-0.0264915692568504,0.0559224681706906,0.272,0.544,True,True,,,,,,,,,,,,,,,,,,,final-robustness-analysis-freeze-v2,memory_dlinear_vs_ewma,dlinear,ewma,0.0,1047712950.3144736,1034898874.6414587,-29376568.927185383,53684926.79204569
memory_um,native,,8,2,mint,independent,,,,,,,,8272,32,5000,0,20312275.86670671,57703611.89941406,1035591176.3913442,1055903452.2580508,0.0196141839847337,-0.0180600061474779,0.0635469324444579,0.164,0.328,True,True,,,,,,,,,,,,,,,,,,,final-robustness-analysis-freeze-v2,memory_dlinear_vs_ewma,dlinear,ewma,0.0,1055903452.2580508,1035591176.3913442,-20429390.958074015,60656838.45955349
memory_um,native,,8,2,mint,independent,,,,,,,,8272,32,5000,1,15547611.375414629,50024632.4050827,1035591176.3913442,1051138787.7667588,0.0150132713853282,-0.0233797894084763,0.0589453203733598,0.2274,0.4548,True,True,,,,,,,,,,,,,,,,,,,final-robustness-analysis-freeze-v2,memory_dlinear_vs_ewma,dlinear,ewma,0.0,1051138787.7667588,1035591176.3913442,-25961276.314488836,56961852.33324836
memory_um,native,,8,2,mint,independent,,,,,,,,8272,32,5000,2,46358892.02466643,93038420.38520811,1035591176.3913442,1081950068.4160104,0.044765630570753,0.0034080422301126,0.0921029798480561,0.0164,0.0328,False,False,,,,,,,,,,,,,,,,,,,final-robustness-analysis-freeze-v2,memory_dlinear_vs_ewma,dlinear,ewma,0.0,1081950068.4160104,1035591176.3913442,3889760.12131117,88116275.43003142
memory_um,native,,16,2,mint,independent,,,,,,,,8264,32,5000,0,27501263.05227844,60280530.40892792,1036338955.8872705,1063840218.9395489,0.0265369384177332,-0.0125355968316739,0.0709455553881615,0.097,0.194,True,True,,,,,,,,,,,,,,,,,,,final-robustness-analysis-freeze-v2,memory_dlinear_vs_ewma,dlinear,ewma,0.0,1063840218.9395489,1036338955.8872705,-14181234.408759644,67796753.76363921
memory_um,native,,16,2,mint,independent,,,,,,,,8264,32,5000,1,28915581.771847773,59626148.08753967,1036338955.8872705,1065254537.6591184,0.0279016644193322,-0.0115532814310738,0.0728681169732704,0.0876,0.1752,True,True,,,,,,,,,,,,,,,,,,,final-robustness-analysis-freeze-v2,memory_dlinear_vs_ewma,dlinear,ewma,0.0,1065254537.6591184,1036338955.8872705,-12764032.635194834,69896250.55987507
memory_um,native,,16,2,mint,independent,,,,,,,,8264,32,5000,2,35842018.41442148,70953653.29013824,1036338955.8872705,1072180974.301692,0.0345852273629287,-0.0058676964996981,0.080358930442449,0.045,0.09,True,True,,,,,,,,,,,,,,,,,,,final-robustness-analysis-freeze-v2,memory_dlinear_vs_ewma,dlinear,ewma,0.0,1072180974.301692,1036338955.8872705,-6224521.828132444,76950168.79592124
